  0
SECTION
  2
HEADER
  9
$ACADVER
  1
AC1018
  9
$HANDSEED
  5
FFFFFFFF
  9
$ANGBASE
  50
0.0
  9
$ANGDIR
  70
1
  9
$MEASUREMENT
  70
1
  9
$INSUNITS
  70
4
  0
ENDSEC
  0
SECTION
  2
TABLES
  0
TABLE
  2
APPID
  5
1
330
0
100
AcDbSymbolTable
 70
1
  0
APPID
  5
2
330
1
100
AcDbSymbolTableRecord
100
AcDbRegAppTableRecord
  2
ACAD
 70
0
  0
ENDTAB
  0
TABLE
  2
LTYPE
  5
3
330
0
100
AcDbSymbolTable
 70
6
  0
LTYPE
  5
4
330
3
100
AcDbSymbolTableRecord
100
AcDbLinetypeTableRecord
  2
ByBlock
 70
0
  3

 72
65
 73
0
 40
0
  0
LTYPE
  5
5
330
3
100
AcDbSymbolTableRecord
100
AcDbLinetypeTableRecord
  2
ByLayer
 70
0
  3

 72
65
 73
0
 40
0
  0
LTYPE
  5
6
330
3
100
AcDbSymbolTableRecord
100
AcDbLinetypeTableRecord
  2
CONTINUOUS
 70
0
  3
Solid line
 72
65
 73
0
 40
0
  0
LTYPE
  5
7
330
3
100
AcDbSymbolTableRecord
100
AcDbLinetypeTableRecord
  2
DASHDOT
 70
0
  3
Dash Dot ____ _ ____ _
 72
65
 73
4
 40
2
 49
1.25
 74
0
 49
-0.25
 74
0
 49
0.25
 74
0
 49
-0.25
 74
0
  0
LTYPE
  5
8
330
3
100
AcDbSymbolTableRecord
100
AcDbLinetypeTableRecord
  2
DASHED
 70
0
  3
Dashed __ __ __ __ __
 72
65
 73
2
 40
0.75
 49
0.5
 74
0
 49
-0.25
 74
0
  0
LTYPE
  5
9
330
3
100
AcDbSymbolTableRecord
100
AcDbLinetypeTableRecord
  2
DOTTED
 70
0
  3
Dotted .  .  .  .
 72
65
 73
2
 40
0.2
 49
0.0
 74
0
 49
-0.2
 74
0
  0
ENDTAB
  0
TABLE
  2
STYLE
  5
A
330
0
100
AcDbSymbolTable
 70
4
  0
STYLE
  5
B
330
A
100
AcDbSymbolTableRecord
100
AcDbTextStyleTableRecord
  2
KICAD
 70
0
 40
0
 41
1
 42
1
 50
0
 71
0
  3
isocp.shx
  0
STYLE
  5
C
330
A
100
AcDbSymbolTableRecord
100
AcDbTextStyleTableRecord
  2
KICADB
 70
0
 40
0
 41
1
 42
1
 50
0
 71
0
  3
isocp.shx
  0
STYLE
  5
D
330
A
100
AcDbSymbolTableRecord
100
AcDbTextStyleTableRecord
  2
KICADI
 70
0
 40
0
 41
1
 42
1
 50
15
 71
0
  3
isocp.shx
  0
STYLE
  5
E
330
A
100
AcDbSymbolTableRecord
100
AcDbTextStyleTableRecord
  2
KICADBI
 70
0
 40
0
 41
1
 42
1
 50
15
 71
0
  3
isocp.shx
  0
ENDTAB
  0
TABLE
  2
LAYER
  5
F
330
0
100
AcDbSymbolTable
 70
3
  0
LAYER
  5
12
330
F
100
AcDbSymbolTableRecord
100
AcDbLayerTableRecord
  2
0
 70
0
 62
7
  6
CONTINUOUS
390
10
  0
LAYER
  5
13
330
F
100
AcDbSymbolTableRecord
100
AcDbLayerTableRecord
  2
User.Drawings
 70
0
 62
9
420
12763842
  6
CONTINUOUS
390
10
  0
LAYER
  5
14
330
F
100
AcDbSymbolTableRecord
100
AcDbLayerTableRecord
  2
Edge.Cuts
 70
0
 62
254
420
13685453
  6
CONTINUOUS
390
10
  0
ENDTAB
  0
TABLE
  2
VPORT
  5
15
330
0
100
AcDbSymbolTable
 70
0
  0
ENDTAB
  0
TABLE
  2
VIEW
  5
16
330
0
100
AcDbSymbolTable
 70
0
  0
ENDTAB
  0
TABLE
  2
UCS
  5
17
330
0
100
AcDbSymbolTable
 70
0
  0
ENDTAB
  0
TABLE
  2
DIMSTYLE
  5
18
330
0
100
AcDbSymbolTable
 70
1
100
AcDbDimStyleTable
 71
0
  0
DIMSTYLE
105
19
330
18
100
AcDbSymbolTableRecord
100
AcDbDimStyleTableRecord
  2
Standard
 70
0
  0
ENDTAB
  0
TABLE
  2
BLOCK_RECORD
  5
1A
330
0
100
AcDbSymbolTable
 70
3
  0
BLOCK_RECORD
  5
1B
330
1A
100
AcDbSymbolTableRecord
100
AcDbBlockTableRecord
  2
*Model_Space
340
1E
 70
0
280
1
281
0
  0
BLOCK_RECORD
  5
1C
330
1A
100
AcDbSymbolTableRecord
100
AcDbBlockTableRecord
  2
*Paper_Space
340
1F
 70
0
280
1
281
0
  0
BLOCK_RECORD
  5
1D
330
1A
100
AcDbSymbolTableRecord
100
AcDbBlockTableRecord
  2
*Paper_Space0
340
20
 70
0
280
1
281
0
  0
ENDTAB
  0
ENDSEC
  0
SECTION
  2
BLOCKS
  0
BLOCK
  5
24
330
1B
100
AcDbEntity
  8
0
100
AcDbBlockBegin
  2
*Model_Space
 70
0
 10
0.0
 20
0.0
 30
0.0
  3
*Model_Space
  1

  0
ENDBLK
  5
23
330
1B
100
AcDbEntity
  8
0
100
AcDbBlockEnd
  0
BLOCK
  5
26
330
1C
100
AcDbEntity
 67
1
  8
0
100
AcDbBlockBegin
  2
*Paper_Space
 70
0
 10
0.0
 20
0.0
 30
0.0
  3
*Paper_Space
  1

  0
ENDBLK
  5
25
330
1C
100
AcDbEntity
 67
1
  8
0
100
AcDbBlockEnd
  0
BLOCK
  5
28
330
1D
100
AcDbEntity
 67
1
  8
0
100
AcDbBlockBegin
  2
*Paper_Space0
 70
0
 10
0.0
 20
0.0
 30
0.0
  3
*Paper_Space0
  1

  0
ENDBLK
  5
27
330
1D
100
AcDbEntity
 67
1
  8
0
100
AcDbBlockEnd
  0
ENDSEC
  0
SECTION
  2
ENTITIES
  0
LINE
  5
29
330
1B
100
AcDbEntity
  8
User.Drawings
  6
CONTINUOUS
100
AcDbLine
 10
57.4866339999999951
 20
-111.8725559999999888
 30
0
 11
57.5136939999999939
 21
-111.8996159999999946
 31
0
  0
LINE
  5
2A
330
1B
100
AcDbEntity
  8
User.Drawings
  6
CONTINUOUS
100
AcDbLine
 10
57.5136939999999939
 20
-111.8996159999999946
 30
0
 11
57.5174999999999983
 21
-111.9187499999999886
 31
0
  0
LINE
  5
2B
330
1B
100
AcDbEntity
  8
User.Drawings
  6
CONTINUOUS
100
AcDbLine
 10
57.5174999999999983
 20
-111.9187499999999886
 30
0
 11
57.5174999999999983
 21
-130.96875
 31
0
  0
LINE
  5
2C
330
1B
100
AcDbEntity
  8
User.Drawings
  6
CONTINUOUS
100
AcDbLine
 10
57.5174999999999983
 20
-130.96875
 30
0
 11
57.5174999999999983
 21
-150.0187499999999829
 31
0
  0
LINE
  5
2D
330
1B
100
AcDbEntity
  8
User.Drawings
  6
CONTINUOUS
100
AcDbLine
 10
57.5174999999999983
 20
-150.0187499999999829
 30
0
 11
57.5174999999999983
 21
-169.0687499999999943
 31
0
  0
LINE
  5
2E
330
1B
100
AcDbEntity
  8
User.Drawings
  6
CONTINUOUS
100
AcDbLine
 10
57.5174999999999983
 20
-169.0687499999999943
 30
0
 11
57.5136939999999939
 21
-169.0878840000000025
 31
0
  0
LINE
  5
2F
330
1B
100
AcDbEntity
  8
User.Drawings
  6
CONTINUOUS
100
AcDbLine
 10
57.5136939999999939
 20
-169.0878840000000025
 30
0
 11
57.4866339999999951
 21
-169.11494399999998
 31
0
  0
LINE
  5
30
330
1B
100
AcDbEntity
  8
User.Drawings
  6
CONTINUOUS
100
AcDbLine
 10
57.4866339999999951
 20
-169.11494399999998
 30
0
 11
57.467499999999994
 21
-169.1187500000000057
 31
0
  0
LINE
  5
31
330
1B
100
AcDbEntity
  8
User.Drawings
  6
CONTINUOUS
100
AcDbLine
 10
57.467499999999994
 20
-169.1187500000000057
 30
0
 11
38.4174999999999969
 21
-169.1187500000000057
 31
0
  0
LINE
  5
32
330
1B
100
AcDbEntity
  8
User.Drawings
  6
CONTINUOUS
100
AcDbLine
 10
38.4174999999999969
 20
-169.1187500000000057
 30
0
 11
38.3983659999999958
 21
-169.11494399999998
 31
0
  0
LINE
  5
33
330
1B
100
AcDbEntity
  8
User.Drawings
  6
CONTINUOUS
100
AcDbLine
 10
38.3983659999999958
 20
-169.11494399999998
 30
0
 11
38.371305999999997
 21
-169.0878840000000025
 31
0
  0
LINE
  5
34
330
1B
100
AcDbEntity
  8
User.Drawings
  6
CONTINUOUS
100
AcDbLine
 10
38.371305999999997
 20
-169.0878840000000025
 30
0
 11
38.3674999999999997
 21
-169.0687499999999943
 31
0
  0
LINE
  5
35
330
1B
100
AcDbEntity
  8
User.Drawings
  6
CONTINUOUS
100
AcDbLine
 10
38.3674999999999997
 20
-169.0687499999999943
 30
0
 11
38.3674999999999997
 21
-150.0187499999999829
 31
0
  0
LINE
  5
36
330
1B
100
AcDbEntity
  8
User.Drawings
  6
CONTINUOUS
100
AcDbLine
 10
38.3674999999999997
 20
-150.0187499999999829
 30
0
 11
38.3674999999999997
 21
-130.96875
 31
0
  0
LINE
  5
37
330
1B
100
AcDbEntity
  8
User.Drawings
  6
CONTINUOUS
100
AcDbLine
 10
38.3674999999999997
 20
-130.96875
 30
0
 11
38.3674999999999997
 21
-111.9187499999999886
 31
0
  0
LINE
  5
38
330
1B
100
AcDbEntity
  8
User.Drawings
  6
CONTINUOUS
100
AcDbLine
 10
38.3674999999999997
 20
-111.9187499999999886
 30
0
 11
38.371305999999997
 21
-111.8996159999999946
 31
0
  0
LINE
  5
39
330
1B
100
AcDbEntity
  8
User.Drawings
  6
CONTINUOUS
100
AcDbLine
 10
38.371305999999997
 20
-111.8996159999999946
 30
0
 11
38.3983659999999958
 21
-111.8725559999999888
 31
0
  0
LINE
  5
3A
330
1B
100
AcDbEntity
  8
User.Drawings
  6
CONTINUOUS
100
AcDbLine
 10
38.3983659999999958
 20
-111.8725559999999888
 30
0
 11
38.4174999999999969
 21
-111.8687499999999915
 31
0
  0
LINE
  5
3B
330
1B
100
AcDbEntity
  8
User.Drawings
  6
CONTINUOUS
100
AcDbLine
 10
38.4174999999999969
 20
-111.8687499999999915
 30
0
 11
57.467499999999994
 21
-111.8687499999999915
 31
0
  0
LINE
  5
3C
330
1B
100
AcDbEntity
  8
User.Drawings
  6
CONTINUOUS
100
AcDbLine
 10
57.467499999999994
 20
-111.8687499999999915
 30
0
 11
57.4866339999999951
 21
-111.8725559999999888
 31
0
  0
LINE
  5
3D
330
1B
100
AcDbEntity
  8
User.Drawings
  6
CONTINUOUS
100
AcDbLine
 10
38.4675000000000011
 20
-150.0687499999999943
 30
0
 11
38.4675000000000011
 21
-169.0187499999999829
 31
0
  0
LINE
  5
3E
330
1B
100
AcDbEntity
  8
User.Drawings
  6
CONTINUOUS
100
AcDbLine
 10
38.4675000000000011
 20
-169.0187499999999829
 30
0
 11
57.4174999999999969
 21
-169.0187499999999829
 31
0
  0
LINE
  5
3F
330
1B
100
AcDbEntity
  8
User.Drawings
  6
CONTINUOUS
100
AcDbLine
 10
57.4174999999999969
 20
-169.0187499999999829
 30
0
 11
57.4174999999999969
 21
-150.0687499999999943
 31
0
  0
LINE
  5
40
330
1B
100
AcDbEntity
  8
User.Drawings
  6
CONTINUOUS
100
AcDbLine
 10
57.4174999999999969
 20
-150.0687499999999943
 30
0
 11
38.4675000000000011
 21
-150.0687499999999943
 31
0
  0
LINE
  5
41
330
1B
100
AcDbEntity
  8
User.Drawings
  6
CONTINUOUS
100
AcDbLine
 10
38.4675000000000011
 20
-131.0187499999999829
 30
0
 11
38.4675000000000011
 21
-149.96875
 31
0
  0
LINE
  5
42
330
1B
100
AcDbEntity
  8
User.Drawings
  6
CONTINUOUS
100
AcDbLine
 10
38.4675000000000011
 20
-149.96875
 30
0
 11
57.4174999999999969
 21
-149.96875
 31
0
  0
LINE
  5
43
330
1B
100
AcDbEntity
  8
User.Drawings
  6
CONTINUOUS
100
AcDbLine
 10
57.4174999999999969
 20
-149.96875
 30
0
 11
57.4174999999999969
 21
-131.0187499999999829
 31
0
  0
LINE
  5
44
330
1B
100
AcDbEntity
  8
User.Drawings
  6
CONTINUOUS
100
AcDbLine
 10
57.4174999999999969
 20
-131.0187499999999829
 30
0
 11
38.4675000000000011
 21
-131.0187499999999829
 31
0
  0
LINE
  5
45
330
1B
100
AcDbEntity
  8
User.Drawings
  6
CONTINUOUS
100
AcDbLine
 10
38.4675000000000011
 20
-111.96875
 30
0
 11
38.4675000000000011
 21
-130.9187499999999886
 31
0
  0
LINE
  5
46
330
1B
100
AcDbEntity
  8
User.Drawings
  6
CONTINUOUS
100
AcDbLine
 10
38.4675000000000011
 20
-130.9187499999999886
 30
0
 11
57.4174999999999969
 21
-130.9187499999999886
 31
0
  0
LINE
  5
47
330
1B
100
AcDbEntity
  8
User.Drawings
  6
CONTINUOUS
100
AcDbLine
 10
57.4174999999999969
 20
-130.9187499999999886
 30
0
 11
57.4174999999999969
 21
-111.96875
 31
0
  0
LINE
  5
48
330
1B
100
AcDbEntity
  8
User.Drawings
  6
CONTINUOUS
100
AcDbLine
 10
57.4174999999999969
 20
-111.96875
 30
0
 11
38.4675000000000011
 21
-111.96875
 31
0
  0
LINE
  5
49
330
1B
100
AcDbEntity
  8
User.Drawings
  6
CONTINUOUS
100
AcDbLine
 10
78.8987499999999926
 20
-73.7687499999999972
 30
0
 11
97.9487499999999898
 21
-73.7687499999999972
 31
0
  0
LINE
  5
4A
330
1B
100
AcDbEntity
  8
User.Drawings
  6
CONTINUOUS
100
AcDbLine
 10
97.9487499999999898
 20
-73.7687499999999972
 30
0
 11
116.9987500000000011
 21
-73.7687499999999972
 31
0
  0
LINE
  5
4B
330
1B
100
AcDbEntity
  8
User.Drawings
  6
CONTINUOUS
100
AcDbLine
 10
116.9987500000000011
 20
-73.7687499999999972
 30
0
 11
136.0487499999999841
 21
-73.7687499999999972
 31
0
  0
LINE
  5
4C
330
1B
100
AcDbEntity
  8
User.Drawings
  6
CONTINUOUS
100
AcDbLine
 10
136.0487499999999841
 20
-73.7687499999999972
 30
0
 11
155.0987499999999955
 21
-73.7687499999999972
 31
0
  0
LINE
  5
4D
330
1B
100
AcDbEntity
  8
User.Drawings
  6
CONTINUOUS
100
AcDbLine
 10
155.0987499999999955
 20
-73.7687499999999972
 30
0
 11
174.1487499999999784
 21
-73.7687499999999972
 31
0
  0
LINE
  5
4E
330
1B
100
AcDbEntity
  8
User.Drawings
  6
CONTINUOUS
100
AcDbLine
 10
174.1487499999999784
 20
-73.7687499999999972
 30
0
 11
193.1987499999999898
 21
-73.7687499999999972
 31
0
  0
LINE
  5
4F
330
1B
100
AcDbEntity
  8
User.Drawings
  6
CONTINUOUS
100
AcDbLine
 10
193.1987499999999898
 20
-73.7687499999999972
 30
0
 11
212.2487500000000011
 21
-73.7687499999999972
 31
0
  0
LINE
  5
50
330
1B
100
AcDbEntity
  8
User.Drawings
  6
CONTINUOUS
100
AcDbLine
 10
212.2487500000000011
 20
-73.7687499999999972
 30
0
 11
212.2678839999999809
 21
-73.7725559999999945
 31
0
  0
LINE
  5
51
330
1B
100
AcDbEntity
  8
User.Drawings
  6
CONTINUOUS
100
AcDbLine
 10
212.2678839999999809
 20
-73.7725559999999945
 30
0
 11
212.2949439999999868
 21
-73.7996160000000003
 31
0
  0
LINE
  5
52
330
1B
100
AcDbEntity
  8
User.Drawings
  6
CONTINUOUS
100
AcDbLine
 10
212.2949439999999868
 20
-73.7996160000000003
 30
0
 11
212.2987499999999841
 21
-73.8187499999999943
 31
0
  0
LINE
  5
53
330
1B
100
AcDbEntity
  8
User.Drawings
  6
CONTINUOUS
100
AcDbLine
 10
212.2987499999999841
 20
-73.8187499999999943
 30
0
 11
212.2987499999999841
 21
-92.8687499999999915
 31
0
  0
LINE
  5
54
330
1B
100
AcDbEntity
  8
User.Drawings
  6
CONTINUOUS
100
AcDbLine
 10
212.2987499999999841
 20
-92.8687499999999915
 30
0
 11
212.2949439999999868
 21
-92.8878839999999997
 31
0
  0
LINE
  5
55
330
1B
100
AcDbEntity
  8
User.Drawings
  6
CONTINUOUS
100
AcDbLine
 10
212.2949439999999868
 20
-92.8878839999999997
 30
0
 11
212.2678839999999809
 21
-92.9149439999999913
 31
0
  0
LINE
  5
56
330
1B
100
AcDbEntity
  8
User.Drawings
  6
CONTINUOUS
100
AcDbLine
 10
212.2678839999999809
 20
-92.9149439999999913
 30
0
 11
212.2487500000000011
 21
-92.9187500000000028
 31
0
  0
LINE
  5
57
330
1B
100
AcDbEntity
  8
User.Drawings
  6
CONTINUOUS
100
AcDbLine
 10
212.2487500000000011
 20
-92.9187500000000028
 30
0
 11
198.0112499999999898
 21
-92.9187500000000028
 31
0
  0
LINE
  5
58
330
1B
100
AcDbEntity
  8
User.Drawings
  6
CONTINUOUS
100
AcDbLine
 10
198.0112499999999898
 20
-92.9187500000000028
 30
0
 11
198.0112499999999898
 21
-111.8687499999999915
 31
0
  0
LINE
  5
59
330
1B
100
AcDbEntity
  8
User.Drawings
  6
CONTINUOUS
100
AcDbLine
 10
198.0112499999999898
 20
-111.8687499999999915
 30
0
 11
202.7237499999999955
 21
-111.8687499999999915
 31
0
  0
LINE
  5
5A
330
1B
100
AcDbEntity
  8
User.Drawings
  6
CONTINUOUS
100
AcDbLine
 10
202.7237499999999955
 20
-111.8687499999999915
 30
0
 11
202.7428840000000037
 21
-111.8725559999999888
 31
0
  0
LINE
  5
5B
330
1B
100
AcDbEntity
  8
User.Drawings
  6
CONTINUOUS
100
AcDbLine
 10
202.7428840000000037
 20
-111.8725559999999888
 30
0
 11
202.7699439999999811
 21
-111.8996159999999946
 31
0
  0
LINE
  5
5C
330
1B
100
AcDbEntity
  8
User.Drawings
  6
CONTINUOUS
100
AcDbLine
 10
202.7699439999999811
 20
-111.8996159999999946
 30
0
 11
202.7737499999999784
 21
-111.9187499999999886
 31
0
  0
LINE
  5
5D
330
1B
100
AcDbEntity
  8
User.Drawings
  6
CONTINUOUS
100
AcDbLine
 10
202.7737499999999784
 20
-111.9187499999999886
 30
0
 11
202.7737499999999784
 21
-130.96875
 31
0
  0
LINE
  5
5E
330
1B
100
AcDbEntity
  8
User.Drawings
  6
CONTINUOUS
100
AcDbLine
 10
202.7737499999999784
 20
-130.96875
 30
0
 11
202.7699439999999811
 21
-130.9878840000000082
 31
0
  0
LINE
  5
5F
330
1B
100
AcDbEntity
  8
User.Drawings
  6
CONTINUOUS
100
AcDbLine
 10
202.7699439999999811
 20
-130.9878840000000082
 30
0
 11
202.7428840000000037
 21
-131.0149439999999856
 31
0
  0
LINE
  5
60
330
1B
100
AcDbEntity
  8
User.Drawings
  6
CONTINUOUS
100
AcDbLine
 10
202.7428840000000037
 20
-131.0149439999999856
 30
0
 11
202.7237499999999955
 21
-131.0187499999999829
 31
0
  0
LINE
  5
61
330
1B
100
AcDbEntity
  8
User.Drawings
  6
CONTINUOUS
100
AcDbLine
 10
202.7237499999999955
 20
-131.0187499999999829
 30
0
 11
188.4862499999999841
 21
-131.0187499999999829
 31
0
  0
LINE
  5
62
330
1B
100
AcDbEntity
  8
User.Drawings
  6
CONTINUOUS
100
AcDbLine
 10
188.4862499999999841
 20
-131.0187499999999829
 30
0
 11
188.4862499999999841
 21
-149.96875
 31
0
  0
LINE
  5
63
330
1B
100
AcDbEntity
  8
User.Drawings
  6
CONTINUOUS
100
AcDbLine
 10
188.4862499999999841
 20
-149.96875
 30
0
 11
212.2487500000000011
 21
-149.96875
 31
0
  0
LINE
  5
64
330
1B
100
AcDbEntity
  8
User.Drawings
  6
CONTINUOUS
100
AcDbLine
 10
212.2487500000000011
 20
-149.96875
 30
0
 11
212.2678839999999809
 21
-149.9725559999999973
 31
0
  0
LINE
  5
65
330
1B
100
AcDbEntity
  8
User.Drawings
  6
CONTINUOUS
100
AcDbLine
 10
212.2678839999999809
 20
-149.9725559999999973
 30
0
 11
212.2949439999999868
 21
-149.9996160000000032
 31
0
  0
LINE
  5
66
330
1B
100
AcDbEntity
  8
User.Drawings
  6
CONTINUOUS
100
AcDbLine
 10
212.2949439999999868
 20
-149.9996160000000032
 30
0
 11
212.2987499999999841
 21
-150.0187499999999829
 31
0
  0
LINE
  5
67
330
1B
100
AcDbEntity
  8
User.Drawings
  6
CONTINUOUS
100
AcDbLine
 10
212.2987499999999841
 20
-150.0187499999999829
 30
0
 11
212.2987499999999841
 21
-169.0687499999999943
 31
0
  0
LINE
  5
68
330
1B
100
AcDbEntity
  8
User.Drawings
  6
CONTINUOUS
100
AcDbLine
 10
212.2987499999999841
 20
-169.0687499999999943
 30
0
 11
212.2949439999999868
 21
-169.0878840000000025
 31
0
  0
LINE
  5
69
330
1B
100
AcDbEntity
  8
User.Drawings
  6
CONTINUOUS
100
AcDbLine
 10
212.2949439999999868
 20
-169.0878840000000025
 30
0
 11
212.2678839999999809
 21
-169.11494399999998
 31
0
  0
LINE
  5
6A
330
1B
100
AcDbEntity
  8
User.Drawings
  6
CONTINUOUS
100
AcDbLine
 10
212.2678839999999809
 20
-169.11494399999998
 30
0
 11
212.2487500000000011
 21
-169.1187500000000057
 31
0
  0
LINE
  5
6B
330
1B
100
AcDbEntity
  8
User.Drawings
  6
CONTINUOUS
100
AcDbLine
 10
212.2487500000000011
 20
-169.1187500000000057
 30
0
 11
178.9112499999999955
 21
-169.1187500000000057
 31
0
  0
LINE
  5
6C
330
1B
100
AcDbEntity
  8
User.Drawings
  6
CONTINUOUS
100
AcDbLine
 10
178.9112499999999955
 20
-169.1187500000000057
 30
0
 11
159.8612499999999841
 21
-169.1187500000000057
 31
0
  0
LINE
  5
6D
330
1B
100
AcDbEntity
  8
User.Drawings
  6
CONTINUOUS
100
AcDbLine
 10
159.8612499999999841
 20
-169.1187500000000057
 30
0
 11
140.8112500000000011
 21
-169.1187500000000057
 31
0
  0
LINE
  5
6E
330
1B
100
AcDbEntity
  8
User.Drawings
  6
CONTINUOUS
100
AcDbLine
 10
140.8112500000000011
 20
-169.1187500000000057
 30
0
 11
121.7612499999999898
 21
-169.1187500000000057
 31
0
  0
LINE
  5
6F
330
1B
100
AcDbEntity
  8
User.Drawings
  6
CONTINUOUS
100
AcDbLine
 10
121.7612499999999898
 20
-169.1187500000000057
 30
0
 11
102.7112499999999926
 21
-169.1187500000000057
 31
0
  0
LINE
  5
70
330
1B
100
AcDbEntity
  8
User.Drawings
  6
CONTINUOUS
100
AcDbLine
 10
102.7112499999999926
 20
-169.1187500000000057
 30
0
 11
102.6921159999999986
 21
-169.11494399999998
 31
0
  0
LINE
  5
71
330
1B
100
AcDbEntity
  8
User.Drawings
  6
CONTINUOUS
100
AcDbLine
 10
102.6921159999999986
 20
-169.11494399999998
 30
0
 11
102.6650559999999928
 21
-169.0878840000000025
 31
0
  0
LINE
  5
72
330
1B
100
AcDbEntity
  8
User.Drawings
  6
CONTINUOUS
100
AcDbLine
 10
102.6650559999999928
 20
-169.0878840000000025
 30
0
 11
102.6612499999999955
 21
-169.0687499999999943
 31
0
  0
LINE
  5
73
330
1B
100
AcDbEntity
  8
User.Drawings
  6
CONTINUOUS
100
AcDbLine
 10
102.6612499999999955
 20
-169.0687499999999943
 30
0
 11
102.6612499999999955
 21
-150.0687499999999943
 31
0
  0
LINE
  5
74
330
1B
100
AcDbEntity
  8
User.Drawings
  6
CONTINUOUS
100
AcDbLine
 10
102.6612499999999955
 20
-150.0687499999999943
 30
0
 11
93.1862500000000011
 21
-150.0687499999999943
 31
0
  0
LINE
  5
75
330
1B
100
AcDbEntity
  8
User.Drawings
  6
CONTINUOUS
100
AcDbLine
 10
93.1862500000000011
 20
-150.0687499999999943
 30
0
 11
59.8487499999999955
 21
-150.0687499999999943
 31
0
  0
LINE
  5
76
330
1B
100
AcDbEntity
  8
User.Drawings
  6
CONTINUOUS
100
AcDbLine
 10
59.8487499999999955
 20
-150.0687499999999943
 30
0
 11
59.8296159999999944
 21
-150.064943999999997
 31
0
  0
LINE
  5
77
330
1B
100
AcDbEntity
  8
User.Drawings
  6
CONTINUOUS
100
AcDbLine
 10
59.8296159999999944
 20
-150.064943999999997
 30
0
 11
59.8025559999999956
 21
-150.0378839999999911
 31
0
  0
LINE
  5
78
330
1B
100
AcDbEntity
  8
User.Drawings
  6
CONTINUOUS
100
AcDbLine
 10
59.8025559999999956
 20
-150.0378839999999911
 30
0
 11
59.7987499999999983
 21
-150.0187499999999829
 31
0
  0
LINE
  5
79
330
1B
100
AcDbEntity
  8
User.Drawings
  6
CONTINUOUS
100
AcDbLine
 10
59.7987499999999983
 20
-150.0187499999999829
 30
0
 11
59.7987499999999983
 21
-130.96875
 31
0
  0
LINE
  5
7A
330
1B
100
AcDbEntity
  8
User.Drawings
  6
CONTINUOUS
100
AcDbLine
 10
59.7987499999999983
 20
-130.96875
 30
0
 11
59.7987499999999983
 21
-111.9187499999999886
 31
0
  0
LINE
  5
7B
330
1B
100
AcDbEntity
  8
User.Drawings
  6
CONTINUOUS
100
AcDbLine
 10
59.7987499999999983
 20
-111.9187499999999886
 30
0
 11
59.7987499999999983
 21
-92.8687499999999915
 31
0
  0
LINE
  5
7C
330
1B
100
AcDbEntity
  8
User.Drawings
  6
CONTINUOUS
100
AcDbLine
 10
59.7987499999999983
 20
-92.8687499999999915
 30
0
 11
59.7987499999999983
 21
-73.8187499999999943
 31
0
  0
LINE
  5
7D
330
1B
100
AcDbEntity
  8
User.Drawings
  6
CONTINUOUS
100
AcDbLine
 10
59.7987499999999983
 20
-73.8187499999999943
 30
0
 11
59.8025559999999956
 21
-73.7996160000000003
 31
0
  0
LINE
  5
7E
330
1B
100
AcDbEntity
  8
User.Drawings
  6
CONTINUOUS
100
AcDbLine
 10
59.8025559999999956
 20
-73.7996160000000003
 30
0
 11
59.8296159999999944
 21
-73.7725559999999945
 31
0
  0
LINE
  5
7F
330
1B
100
AcDbEntity
  8
User.Drawings
  6
CONTINUOUS
100
AcDbLine
 10
59.8296159999999944
 20
-73.7725559999999945
 30
0
 11
59.8487499999999955
 21
-73.7687499999999972
 31
0
  0
LINE
  5
80
330
1B
100
AcDbEntity
  8
User.Drawings
  6
CONTINUOUS
100
AcDbLine
 10
59.8487499999999955
 20
-73.7687499999999972
 30
0
 11
78.8987499999999926
 21
-73.7687499999999972
 31
0
  0
LINE
  5
81
330
1B
100
AcDbEntity
  8
User.Drawings
  6
CONTINUOUS
100
AcDbLine
 10
178.9612499999999784
 20
-150.0687499999999943
 30
0
 11
178.9612499999999784
 21
-169.0187499999999829
 31
0
  0
LINE
  5
82
330
1B
100
AcDbEntity
  8
User.Drawings
  6
CONTINUOUS
100
AcDbLine
 10
178.9612499999999784
 20
-169.0187499999999829
 30
0
 11
212.1987499999999898
 21
-169.0187499999999829
 31
0
  0
LINE
  5
83
330
1B
100
AcDbEntity
  8
User.Drawings
  6
CONTINUOUS
100
AcDbLine
 10
212.1987499999999898
 20
-169.0187499999999829
 30
0
 11
212.1987499999999898
 21
-150.0687499999999943
 31
0
  0
LINE
  5
84
330
1B
100
AcDbEntity
  8
User.Drawings
  6
CONTINUOUS
100
AcDbLine
 10
212.1987499999999898
 20
-150.0687499999999943
 30
0
 11
178.9612499999999784
 21
-150.0687499999999943
 31
0
  0
LINE
  5
85
330
1B
100
AcDbEntity
  8
User.Drawings
  6
CONTINUOUS
100
AcDbLine
 10
159.9112499999999955
 20
-150.0687499999999943
 30
0
 11
159.9112499999999955
 21
-169.0187499999999829
 31
0
  0
LINE
  5
86
330
1B
100
AcDbEntity
  8
User.Drawings
  6
CONTINUOUS
100
AcDbLine
 10
159.9112499999999955
 20
-169.0187499999999829
 30
0
 11
178.8612499999999841
 21
-169.0187499999999829
 31
0
  0
LINE
  5
87
330
1B
100
AcDbEntity
  8
User.Drawings
  6
CONTINUOUS
100
AcDbLine
 10
178.8612499999999841
 20
-169.0187499999999829
 30
0
 11
178.8612499999999841
 21
-150.0687499999999943
 31
0
  0
LINE
  5
88
330
1B
100
AcDbEntity
  8
User.Drawings
  6
CONTINUOUS
100
AcDbLine
 10
178.8612499999999841
 20
-150.0687499999999943
 30
0
 11
169.3862499999999898
 21
-150.0687499999999943
 31
0
  0
LINE
  5
89
330
1B
100
AcDbEntity
  8
User.Drawings
  6
CONTINUOUS
100
AcDbLine
 10
169.3862499999999898
 20
-150.0687499999999943
 30
0
 11
159.9112499999999955
 21
-150.0687499999999943
 31
0
  0
LINE
  5
8A
330
1B
100
AcDbEntity
  8
User.Drawings
  6
CONTINUOUS
100
AcDbLine
 10
140.8612499999999841
 20
-150.0687499999999943
 30
0
 11
140.8612499999999841
 21
-169.0187499999999829
 31
0
  0
LINE
  5
8B
330
1B
100
AcDbEntity
  8
User.Drawings
  6
CONTINUOUS
100
AcDbLine
 10
140.8612499999999841
 20
-169.0187499999999829
 30
0
 11
159.8112500000000011
 21
-169.0187499999999829
 31
0
  0
LINE
  5
8C
330
1B
100
AcDbEntity
  8
User.Drawings
  6
CONTINUOUS
100
AcDbLine
 10
159.8112500000000011
 20
-169.0187499999999829
 30
0
 11
159.8112500000000011
 21
-150.0687499999999943
 31
0
  0
LINE
  5
8D
330
1B
100
AcDbEntity
  8
User.Drawings
  6
CONTINUOUS
100
AcDbLine
 10
159.8112500000000011
 20
-150.0687499999999943
 30
0
 11
150.3362500000000068
 21
-150.0687499999999943
 31
0
  0
LINE
  5
8E
330
1B
100
AcDbEntity
  8
User.Drawings
  6
CONTINUOUS
100
AcDbLine
 10
150.3362500000000068
 20
-150.0687499999999943
 30
0
 11
140.8612499999999841
 21
-150.0687499999999943
 31
0
  0
LINE
  5
8F
330
1B
100
AcDbEntity
  8
User.Drawings
  6
CONTINUOUS
100
AcDbLine
 10
121.8112500000000011
 20
-150.0687499999999943
 30
0
 11
121.8112500000000011
 21
-169.0187499999999829
 31
0
  0
LINE
  5
90
330
1B
100
AcDbEntity
  8
User.Drawings
  6
CONTINUOUS
100
AcDbLine
 10
121.8112500000000011
 20
-169.0187499999999829
 30
0
 11
140.7612499999999898
 21
-169.0187499999999829
 31
0
  0
LINE
  5
91
330
1B
100
AcDbEntity
  8
User.Drawings
  6
CONTINUOUS
100
AcDbLine
 10
140.7612499999999898
 20
-169.0187499999999829
 30
0
 11
140.7612499999999898
 21
-150.0687499999999943
 31
0
  0
LINE
  5
92
330
1B
100
AcDbEntity
  8
User.Drawings
  6
CONTINUOUS
100
AcDbLine
 10
140.7612499999999898
 20
-150.0687499999999943
 30
0
 11
131.2862499999999955
 21
-150.0687499999999943
 31
0
  0
LINE
  5
93
330
1B
100
AcDbEntity
  8
User.Drawings
  6
CONTINUOUS
100
AcDbLine
 10
131.2862499999999955
 20
-150.0687499999999943
 30
0
 11
121.8112500000000011
 21
-150.0687499999999943
 31
0
  0
LINE
  5
94
330
1B
100
AcDbEntity
  8
User.Drawings
  6
CONTINUOUS
100
AcDbLine
 10
102.7612499999999898
 20
-150.0687499999999943
 30
0
 11
102.7612499999999898
 21
-169.0187499999999829
 31
0
  0
LINE
  5
95
330
1B
100
AcDbEntity
  8
User.Drawings
  6
CONTINUOUS
100
AcDbLine
 10
102.7612499999999898
 20
-169.0187499999999829
 30
0
 11
121.7112499999999926
 21
-169.0187499999999829
 31
0
  0
LINE
  5
96
330
1B
100
AcDbEntity
  8
User.Drawings
  6
CONTINUOUS
100
AcDbLine
 10
121.7112499999999926
 20
-169.0187499999999829
 30
0
 11
121.7112499999999926
 21
-150.0687499999999943
 31
0
  0
LINE
  5
97
330
1B
100
AcDbEntity
  8
User.Drawings
  6
CONTINUOUS
100
AcDbLine
 10
121.7112499999999926
 20
-150.0687499999999943
 30
0
 11
112.2362499999999983
 21
-150.0687499999999943
 31
0
  0
LINE
  5
98
330
1B
100
AcDbEntity
  8
User.Drawings
  6
CONTINUOUS
100
AcDbLine
 10
112.2362499999999983
 20
-150.0687499999999943
 30
0
 11
102.7612499999999898
 21
-150.0687499999999943
 31
0
  0
LINE
  5
99
330
1B
100
AcDbEntity
  8
User.Drawings
  6
CONTINUOUS
100
AcDbLine
 10
169.4362500000000011
 20
-131.0187499999999829
 30
0
 11
169.4362500000000011
 21
-149.96875
 31
0
  0
LINE
  5
9A
330
1B
100
AcDbEntity
  8
User.Drawings
  6
CONTINUOUS
100
AcDbLine
 10
169.4362500000000011
 20
-149.96875
 30
0
 11
178.9112499999999955
 21
-149.96875
 31
0
  0
LINE
  5
9B
330
1B
100
AcDbEntity
  8
User.Drawings
  6
CONTINUOUS
100
AcDbLine
 10
178.9112499999999955
 20
-149.96875
 30
0
 11
188.3862499999999898
 21
-149.96875
 31
0
  0
LINE
  5
9C
330
1B
100
AcDbEntity
  8
User.Drawings
  6
CONTINUOUS
100
AcDbLine
 10
188.3862499999999898
 20
-149.96875
 30
0
 11
188.3862499999999898
 21
-131.0187499999999829
 31
0
  0
LINE
  5
9D
330
1B
100
AcDbEntity
  8
User.Drawings
  6
CONTINUOUS
100
AcDbLine
 10
188.3862499999999898
 20
-131.0187499999999829
 30
0
 11
183.6737499999999841
 21
-131.0187499999999829
 31
0
  0
LINE
  5
9E
330
1B
100
AcDbEntity
  8
User.Drawings
  6
CONTINUOUS
100
AcDbLine
 10
183.6737499999999841
 20
-131.0187499999999829
 30
0
 11
169.4362500000000011
 21
-131.0187499999999829
 31
0
  0
LINE
  5
9F
330
1B
100
AcDbEntity
  8
User.Drawings
  6
CONTINUOUS
100
AcDbLine
 10
150.3862499999999898
 20
-131.0187499999999829
 30
0
 11
150.3862499999999898
 21
-149.96875
 31
0
  0
LINE
  5
A0
330
1B
100
AcDbEntity
  8
User.Drawings
  6
CONTINUOUS
100
AcDbLine
 10
150.3862499999999898
 20
-149.96875
 30
0
 11
159.8612499999999841
 21
-149.96875
 31
0
  0
LINE
  5
A1
330
1B
100
AcDbEntity
  8
User.Drawings
  6
CONTINUOUS
100
AcDbLine
 10
159.8612499999999841
 20
-149.96875
 30
0
 11
169.3362499999999784
 21
-149.96875
 31
0
  0
LINE
  5
A2
330
1B
100
AcDbEntity
  8
User.Drawings
  6
CONTINUOUS
100
AcDbLine
 10
169.3362499999999784
 20
-149.96875
 30
0
 11
169.3362499999999784
 21
-131.0187499999999829
 31
0
  0
LINE
  5
A3
330
1B
100
AcDbEntity
  8
User.Drawings
  6
CONTINUOUS
100
AcDbLine
 10
169.3362499999999784
 20
-131.0187499999999829
 30
0
 11
164.6237500000000011
 21
-131.0187499999999829
 31
0
  0
LINE
  5
A4
330
1B
100
AcDbEntity
  8
User.Drawings
  6
CONTINUOUS
100
AcDbLine
 10
164.6237500000000011
 20
-131.0187499999999829
 30
0
 11
150.3862499999999898
 21
-131.0187499999999829
 31
0
  0
LINE
  5
A5
330
1B
100
AcDbEntity
  8
User.Drawings
  6
CONTINUOUS
100
AcDbLine
 10
131.3362500000000068
 20
-131.0187499999999829
 30
0
 11
131.3362500000000068
 21
-149.96875
 31
0
  0
LINE
  5
A6
330
1B
100
AcDbEntity
  8
User.Drawings
  6
CONTINUOUS
100
AcDbLine
 10
131.3362500000000068
 20
-149.96875
 30
0
 11
140.8112500000000011
 21
-149.96875
 31
0
  0
LINE
  5
A7
330
1B
100
AcDbEntity
  8
User.Drawings
  6
CONTINUOUS
100
AcDbLine
 10
140.8112500000000011
 20
-149.96875
 30
0
 11
150.2862499999999955
 21
-149.96875
 31
0
  0
LINE
  5
A8
330
1B
100
AcDbEntity
  8
User.Drawings
  6
CONTINUOUS
100
AcDbLine
 10
150.2862499999999955
 20
-149.96875
 30
0
 11
150.2862499999999955
 21
-131.0187499999999829
 31
0
  0
LINE
  5
A9
330
1B
100
AcDbEntity
  8
User.Drawings
  6
CONTINUOUS
100
AcDbLine
 10
150.2862499999999955
 20
-131.0187499999999829
 30
0
 11
145.5737499999999898
 21
-131.0187499999999829
 31
0
  0
LINE
  5
AA
330
1B
100
AcDbEntity
  8
User.Drawings
  6
CONTINUOUS
100
AcDbLine
 10
145.5737499999999898
 20
-131.0187499999999829
 30
0
 11
131.3362500000000068
 21
-131.0187499999999829
 31
0
  0
LINE
  5
AB
330
1B
100
AcDbEntity
  8
User.Drawings
  6
CONTINUOUS
100
AcDbLine
 10
112.2862499999999955
 20
-131.0187499999999829
 30
0
 11
112.2862499999999955
 21
-149.96875
 31
0
  0
LINE
  5
AC
330
1B
100
AcDbEntity
  8
User.Drawings
  6
CONTINUOUS
100
AcDbLine
 10
112.2862499999999955
 20
-149.96875
 30
0
 11
121.7612499999999898
 21
-149.96875
 31
0
  0
LINE
  5
AD
330
1B
100
AcDbEntity
  8
User.Drawings
  6
CONTINUOUS
100
AcDbLine
 10
121.7612499999999898
 20
-149.96875
 30
0
 11
131.2362499999999841
 21
-149.96875
 31
0
  0
LINE
  5
AE
330
1B
100
AcDbEntity
  8
User.Drawings
  6
CONTINUOUS
100
AcDbLine
 10
131.2362499999999841
 20
-149.96875
 30
0
 11
131.2362499999999841
 21
-131.0187499999999829
 31
0
  0
LINE
  5
AF
330
1B
100
AcDbEntity
  8
User.Drawings
  6
CONTINUOUS
100
AcDbLine
 10
131.2362499999999841
 20
-131.0187499999999829
 30
0
 11
126.5237499999999926
 21
-131.0187499999999829
 31
0
  0
LINE
  5
B0
330
1B
100
AcDbEntity
  8
User.Drawings
  6
CONTINUOUS
100
AcDbLine
 10
126.5237499999999926
 20
-131.0187499999999829
 30
0
 11
112.2862499999999955
 21
-131.0187499999999829
 31
0
  0
LINE
  5
B1
330
1B
100
AcDbEntity
  8
User.Drawings
  6
CONTINUOUS
100
AcDbLine
 10
93.2362499999999983
 20
-131.0187499999999829
 30
0
 11
93.2362499999999983
 21
-149.96875
 31
0
  0
LINE
  5
B2
330
1B
100
AcDbEntity
  8
User.Drawings
  6
CONTINUOUS
100
AcDbLine
 10
93.2362499999999983
 20
-149.96875
 30
0
 11
112.1862500000000011
 21
-149.96875
 31
0
  0
LINE
  5
B3
330
1B
100
AcDbEntity
  8
User.Drawings
  6
CONTINUOUS
100
AcDbLine
 10
112.1862500000000011
 20
-149.96875
 30
0
 11
112.1862500000000011
 21
-131.0187499999999829
 31
0
  0
LINE
  5
B4
330
1B
100
AcDbEntity
  8
User.Drawings
  6
CONTINUOUS
100
AcDbLine
 10
112.1862500000000011
 20
-131.0187499999999829
 30
0
 11
107.4737499999999955
 21
-131.0187499999999829
 31
0
  0
LINE
  5
B5
330
1B
100
AcDbEntity
  8
User.Drawings
  6
CONTINUOUS
100
AcDbLine
 10
107.4737499999999955
 20
-131.0187499999999829
 30
0
 11
93.2362499999999983
 21
-131.0187499999999829
 31
0
  0
LINE
  5
B6
330
1B
100
AcDbEntity
  8
User.Drawings
  6
CONTINUOUS
100
AcDbLine
 10
59.8987499999999997
 20
-131.0187499999999829
 30
0
 11
59.8987499999999997
 21
-149.96875
 31
0
  0
LINE
  5
B7
330
1B
100
AcDbEntity
  8
User.Drawings
  6
CONTINUOUS
100
AcDbLine
 10
59.8987499999999997
 20
-149.96875
 30
0
 11
93.1362499999999898
 21
-149.96875
 31
0
  0
LINE
  5
B8
330
1B
100
AcDbEntity
  8
User.Drawings
  6
CONTINUOUS
100
AcDbLine
 10
93.1362499999999898
 20
-149.96875
 30
0
 11
93.1362499999999898
 21
-131.0187499999999829
 31
0
  0
LINE
  5
B9
330
1B
100
AcDbEntity
  8
User.Drawings
  6
CONTINUOUS
100
AcDbLine
 10
93.1362499999999898
 20
-131.0187499999999829
 30
0
 11
88.4237499999999983
 21
-131.0187499999999829
 31
0
  0
LINE
  5
BA
330
1B
100
AcDbEntity
  8
User.Drawings
  6
CONTINUOUS
100
AcDbLine
 10
88.4237499999999983
 20
-131.0187499999999829
 30
0
 11
59.8987499999999997
 21
-131.0187499999999829
 31
0
  0
LINE
  5
BB
330
1B
100
AcDbEntity
  8
User.Drawings
  6
CONTINUOUS
100
AcDbLine
 10
183.7237499999999955
 20
-111.96875
 30
0
 11
183.7237499999999955
 21
-130.9187499999999886
 31
0
  0
LINE
  5
BC
330
1B
100
AcDbEntity
  8
User.Drawings
  6
CONTINUOUS
100
AcDbLine
 10
183.7237499999999955
 20
-130.9187499999999886
 30
0
 11
188.4362500000000011
 21
-130.9187499999999886
 31
0
  0
LINE
  5
BD
330
1B
100
AcDbEntity
  8
User.Drawings
  6
CONTINUOUS
100
AcDbLine
 10
188.4362500000000011
 20
-130.9187499999999886
 30
0
 11
202.6737499999999841
 21
-130.9187499999999886
 31
0
  0
LINE
  5
BE
330
1B
100
AcDbEntity
  8
User.Drawings
  6
CONTINUOUS
100
AcDbLine
 10
202.6737499999999841
 20
-130.9187499999999886
 30
0
 11
202.6737499999999841
 21
-111.96875
 31
0
  0
LINE
  5
BF
330
1B
100
AcDbEntity
  8
User.Drawings
  6
CONTINUOUS
100
AcDbLine
 10
202.6737499999999841
 20
-111.96875
 30
0
 11
183.7237499999999955
 21
-111.96875
 31
0
  0
LINE
  5
C0
330
1B
100
AcDbEntity
  8
User.Drawings
  6
CONTINUOUS
100
AcDbLine
 10
164.6737499999999841
 20
-111.96875
 30
0
 11
164.6737499999999841
 21
-130.9187499999999886
 31
0
  0
LINE
  5
C1
330
1B
100
AcDbEntity
  8
User.Drawings
  6
CONTINUOUS
100
AcDbLine
 10
164.6737499999999841
 20
-130.9187499999999886
 30
0
 11
169.3862499999999898
 21
-130.9187499999999886
 31
0
  0
LINE
  5
C2
330
1B
100
AcDbEntity
  8
User.Drawings
  6
CONTINUOUS
100
AcDbLine
 10
169.3862499999999898
 20
-130.9187499999999886
 30
0
 11
183.6237500000000011
 21
-130.9187499999999886
 31
0
  0
LINE
  5
C3
330
1B
100
AcDbEntity
  8
User.Drawings
  6
CONTINUOUS
100
AcDbLine
 10
183.6237500000000011
 20
-130.9187499999999886
 30
0
 11
183.6237500000000011
 21
-111.96875
 31
0
  0
LINE
  5
C4
330
1B
100
AcDbEntity
  8
User.Drawings
  6
CONTINUOUS
100
AcDbLine
 10
183.6237500000000011
 20
-111.96875
 30
0
 11
178.9112499999999955
 21
-111.96875
 31
0
  0
LINE
  5
C5
330
1B
100
AcDbEntity
  8
User.Drawings
  6
CONTINUOUS
100
AcDbLine
 10
178.9112499999999955
 20
-111.96875
 30
0
 11
164.6737499999999841
 21
-111.96875
 31
0
  0
LINE
  5
C6
330
1B
100
AcDbEntity
  8
User.Drawings
  6
CONTINUOUS
100
AcDbLine
 10
145.6237500000000011
 20
-111.96875
 30
0
 11
145.6237500000000011
 21
-130.9187499999999886
 31
0
  0
LINE
  5
C7
330
1B
100
AcDbEntity
  8
User.Drawings
  6
CONTINUOUS
100
AcDbLine
 10
145.6237500000000011
 20
-130.9187499999999886
 30
0
 11
150.3362500000000068
 21
-130.9187499999999886
 31
0
  0
LINE
  5
C8
330
1B
100
AcDbEntity
  8
User.Drawings
  6
CONTINUOUS
100
AcDbLine
 10
150.3362500000000068
 20
-130.9187499999999886
 30
0
 11
164.5737499999999898
 21
-130.9187499999999886
 31
0
  0
LINE
  5
C9
330
1B
100
AcDbEntity
  8
User.Drawings
  6
CONTINUOUS
100
AcDbLine
 10
164.5737499999999898
 20
-130.9187499999999886
 30
0
 11
164.5737499999999898
 21
-111.96875
 31
0
  0
LINE
  5
CA
330
1B
100
AcDbEntity
  8
User.Drawings
  6
CONTINUOUS
100
AcDbLine
 10
164.5737499999999898
 20
-111.96875
 30
0
 11
159.8612499999999841
 21
-111.96875
 31
0
  0
LINE
  5
CB
330
1B
100
AcDbEntity
  8
User.Drawings
  6
CONTINUOUS
100
AcDbLine
 10
159.8612499999999841
 20
-111.96875
 30
0
 11
145.6237500000000011
 21
-111.96875
 31
0
  0
LINE
  5
CC
330
1B
100
AcDbEntity
  8
User.Drawings
  6
CONTINUOUS
100
AcDbLine
 10
126.5737499999999898
 20
-111.96875
 30
0
 11
126.5737499999999898
 21
-130.9187499999999886
 31
0
  0
LINE
  5
CD
330
1B
100
AcDbEntity
  8
User.Drawings
  6
CONTINUOUS
100
AcDbLine
 10
126.5737499999999898
 20
-130.9187499999999886
 30
0
 11
131.2862499999999955
 21
-130.9187499999999886
 31
0
  0
LINE
  5
CE
330
1B
100
AcDbEntity
  8
User.Drawings
  6
CONTINUOUS
100
AcDbLine
 10
131.2862499999999955
 20
-130.9187499999999886
 30
0
 11
145.5237500000000068
 21
-130.9187499999999886
 31
0
  0
LINE
  5
CF
330
1B
100
AcDbEntity
  8
User.Drawings
  6
CONTINUOUS
100
AcDbLine
 10
145.5237500000000068
 20
-130.9187499999999886
 30
0
 11
145.5237500000000068
 21
-111.96875
 31
0
  0
LINE
  5
D0
330
1B
100
AcDbEntity
  8
User.Drawings
  6
CONTINUOUS
100
AcDbLine
 10
145.5237500000000068
 20
-111.96875
 30
0
 11
140.8112500000000011
 21
-111.96875
 31
0
  0
LINE
  5
D1
330
1B
100
AcDbEntity
  8
User.Drawings
  6
CONTINUOUS
100
AcDbLine
 10
140.8112500000000011
 20
-111.96875
 30
0
 11
126.5737499999999898
 21
-111.96875
 31
0
  0
LINE
  5
D2
330
1B
100
AcDbEntity
  8
User.Drawings
  6
CONTINUOUS
100
AcDbLine
 10
107.5237499999999926
 20
-111.96875
 30
0
 11
107.5237499999999926
 21
-130.9187499999999886
 31
0
  0
LINE
  5
D3
330
1B
100
AcDbEntity
  8
User.Drawings
  6
CONTINUOUS
100
AcDbLine
 10
107.5237499999999926
 20
-130.9187499999999886
 30
0
 11
112.2362499999999983
 21
-130.9187499999999886
 31
0
  0
LINE
  5
D4
330
1B
100
AcDbEntity
  8
User.Drawings
  6
CONTINUOUS
100
AcDbLine
 10
112.2362499999999983
 20
-130.9187499999999886
 30
0
 11
126.4737499999999955
 21
-130.9187499999999886
 31
0
  0
LINE
  5
D5
330
1B
100
AcDbEntity
  8
User.Drawings
  6
CONTINUOUS
100
AcDbLine
 10
126.4737499999999955
 20
-130.9187499999999886
 30
0
 11
126.4737499999999955
 21
-111.96875
 31
0
  0
LINE
  5
D6
330
1B
100
AcDbEntity
  8
User.Drawings
  6
CONTINUOUS
100
AcDbLine
 10
126.4737499999999955
 20
-111.96875
 30
0
 11
121.7612499999999898
 21
-111.96875
 31
0
  0
LINE
  5
D7
330
1B
100
AcDbEntity
  8
User.Drawings
  6
CONTINUOUS
100
AcDbLine
 10
121.7612499999999898
 20
-111.96875
 30
0
 11
107.5237499999999926
 21
-111.96875
 31
0
  0
LINE
  5
D8
330
1B
100
AcDbEntity
  8
User.Drawings
  6
CONTINUOUS
100
AcDbLine
 10
88.4737499999999955
 20
-111.96875
 30
0
 11
88.4737499999999955
 21
-130.9187499999999886
 31
0
  0
LINE
  5
D9
330
1B
100
AcDbEntity
  8
User.Drawings
  6
CONTINUOUS
100
AcDbLine
 10
88.4737499999999955
 20
-130.9187499999999886
 30
0
 11
93.1862500000000011
 21
-130.9187499999999886
 31
0
  0
LINE
  5
DA
330
1B
100
AcDbEntity
  8
User.Drawings
  6
CONTINUOUS
100
AcDbLine
 10
93.1862500000000011
 20
-130.9187499999999886
 30
0
 11
107.4237499999999983
 21
-130.9187499999999886
 31
0
  0
LINE
  5
DB
330
1B
100
AcDbEntity
  8
User.Drawings
  6
CONTINUOUS
100
AcDbLine
 10
107.4237499999999983
 20
-130.9187499999999886
 30
0
 11
107.4237499999999983
 21
-111.96875
 31
0
  0
LINE
  5
DC
330
1B
100
AcDbEntity
  8
User.Drawings
  6
CONTINUOUS
100
AcDbLine
 10
107.4237499999999983
 20
-111.96875
 30
0
 11
102.7112499999999926
 21
-111.96875
 31
0
  0
LINE
  5
DD
330
1B
100
AcDbEntity
  8
User.Drawings
  6
CONTINUOUS
100
AcDbLine
 10
102.7112499999999926
 20
-111.96875
 30
0
 11
88.4737499999999955
 21
-111.96875
 31
0
  0
LINE
  5
DE
330
1B
100
AcDbEntity
  8
User.Drawings
  6
CONTINUOUS
100
AcDbLine
 10
59.8987499999999997
 20
-111.96875
 30
0
 11
59.8987499999999997
 21
-130.9187499999999886
 31
0
  0
LINE
  5
DF
330
1B
100
AcDbEntity
  8
User.Drawings
  6
CONTINUOUS
100
AcDbLine
 10
59.8987499999999997
 20
-130.9187499999999886
 30
0
 11
88.3737500000000011
 21
-130.9187499999999886
 31
0
  0
LINE
  5
E0
330
1B
100
AcDbEntity
  8
User.Drawings
  6
CONTINUOUS
100
AcDbLine
 10
88.3737500000000011
 20
-130.9187499999999886
 30
0
 11
88.3737500000000011
 21
-111.96875
 31
0
  0
LINE
  5
E1
330
1B
100
AcDbEntity
  8
User.Drawings
  6
CONTINUOUS
100
AcDbLine
 10
88.3737500000000011
 20
-111.96875
 30
0
 11
83.6612499999999955
 21
-111.96875
 31
0
  0
LINE
  5
E2
330
1B
100
AcDbEntity
  8
User.Drawings
  6
CONTINUOUS
100
AcDbLine
 10
83.6612499999999955
 20
-111.96875
 30
0
 11
59.8987499999999997
 21
-111.96875
 31
0
  0
LINE
  5
E3
330
1B
100
AcDbEntity
  8
User.Drawings
  6
CONTINUOUS
100
AcDbLine
 10
178.9612499999999784
 20
-92.9187500000000028
 30
0
 11
178.9612499999999784
 21
-111.8687499999999915
 31
0
  0
LINE
  5
E4
330
1B
100
AcDbEntity
  8
User.Drawings
  6
CONTINUOUS
100
AcDbLine
 10
178.9612499999999784
 20
-111.8687499999999915
 30
0
 11
183.6737499999999841
 21
-111.8687499999999915
 31
0
  0
LINE
  5
E5
330
1B
100
AcDbEntity
  8
User.Drawings
  6
CONTINUOUS
100
AcDbLine
 10
183.6737499999999841
 20
-111.8687499999999915
 30
0
 11
197.9112499999999955
 21
-111.8687499999999915
 31
0
  0
LINE
  5
E6
330
1B
100
AcDbEntity
  8
User.Drawings
  6
CONTINUOUS
100
AcDbLine
 10
197.9112499999999955
 20
-111.8687499999999915
 30
0
 11
197.9112499999999955
 21
-92.9187500000000028
 31
0
  0
LINE
  5
E7
330
1B
100
AcDbEntity
  8
User.Drawings
  6
CONTINUOUS
100
AcDbLine
 10
197.9112499999999955
 20
-92.9187500000000028
 30
0
 11
193.1987499999999898
 21
-92.9187500000000028
 31
0
  0
LINE
  5
E8
330
1B
100
AcDbEntity
  8
User.Drawings
  6
CONTINUOUS
100
AcDbLine
 10
193.1987499999999898
 20
-92.9187500000000028
 30
0
 11
178.9612499999999784
 21
-92.9187500000000028
 31
0
  0
LINE
  5
E9
330
1B
100
AcDbEntity
  8
User.Drawings
  6
CONTINUOUS
100
AcDbLine
 10
159.9112499999999955
 20
-92.9187500000000028
 30
0
 11
159.9112499999999955
 21
-111.8687499999999915
 31
0
  0
LINE
  5
EA
330
1B
100
AcDbEntity
  8
User.Drawings
  6
CONTINUOUS
100
AcDbLine
 10
159.9112499999999955
 20
-111.8687499999999915
 30
0
 11
164.6237500000000011
 21
-111.8687499999999915
 31
0
  0
LINE
  5
EB
330
1B
100
AcDbEntity
  8
User.Drawings
  6
CONTINUOUS
100
AcDbLine
 10
164.6237500000000011
 20
-111.8687499999999915
 30
0
 11
178.8612499999999841
 21
-111.8687499999999915
 31
0
  0
LINE
  5
EC
330
1B
100
AcDbEntity
  8
User.Drawings
  6
CONTINUOUS
100
AcDbLine
 10
178.8612499999999841
 20
-111.8687499999999915
 30
0
 11
178.8612499999999841
 21
-92.9187500000000028
 31
0
  0
LINE
  5
ED
330
1B
100
AcDbEntity
  8
User.Drawings
  6
CONTINUOUS
100
AcDbLine
 10
178.8612499999999841
 20
-92.9187500000000028
 30
0
 11
174.1487499999999784
 21
-92.9187500000000028
 31
0
  0
LINE
  5
EE
330
1B
100
AcDbEntity
  8
User.Drawings
  6
CONTINUOUS
100
AcDbLine
 10
174.1487499999999784
 20
-92.9187500000000028
 30
0
 11
159.9112499999999955
 21
-92.9187500000000028
 31
0
  0
LINE
  5
EF
330
1B
100
AcDbEntity
  8
User.Drawings
  6
CONTINUOUS
100
AcDbLine
 10
140.8612499999999841
 20
-92.9187500000000028
 30
0
 11
140.8612499999999841
 21
-111.8687499999999915
 31
0
  0
LINE
  5
F0
330
1B
100
AcDbEntity
  8
User.Drawings
  6
CONTINUOUS
100
AcDbLine
 10
140.8612499999999841
 20
-111.8687499999999915
 30
0
 11
145.5737499999999898
 21
-111.8687499999999915
 31
0
  0
LINE
  5
F1
330
1B
100
AcDbEntity
  8
User.Drawings
  6
CONTINUOUS
100
AcDbLine
 10
145.5737499999999898
 20
-111.8687499999999915
 30
0
 11
159.8112500000000011
 21
-111.8687499999999915
 31
0
  0
LINE
  5
F2
330
1B
100
AcDbEntity
  8
User.Drawings
  6
CONTINUOUS
100
AcDbLine
 10
159.8112500000000011
 20
-111.8687499999999915
 30
0
 11
159.8112500000000011
 21
-92.9187500000000028
 31
0
  0
LINE
  5
F3
330
1B
100
AcDbEntity
  8
User.Drawings
  6
CONTINUOUS
100
AcDbLine
 10
159.8112500000000011
 20
-92.9187500000000028
 30
0
 11
155.0987499999999955
 21
-92.9187500000000028
 31
0
  0
LINE
  5
F4
330
1B
100
AcDbEntity
  8
User.Drawings
  6
CONTINUOUS
100
AcDbLine
 10
155.0987499999999955
 20
-92.9187500000000028
 30
0
 11
140.8612499999999841
 21
-92.9187500000000028
 31
0
  0
LINE
  5
F5
330
1B
100
AcDbEntity
  8
User.Drawings
  6
CONTINUOUS
100
AcDbLine
 10
121.8112500000000011
 20
-92.9187500000000028
 30
0
 11
121.8112500000000011
 21
-111.8687499999999915
 31
0
  0
LINE
  5
F6
330
1B
100
AcDbEntity
  8
User.Drawings
  6
CONTINUOUS
100
AcDbLine
 10
121.8112500000000011
 20
-111.8687499999999915
 30
0
 11
126.5237499999999926
 21
-111.8687499999999915
 31
0
  0
LINE
  5
F7
330
1B
100
AcDbEntity
  8
User.Drawings
  6
CONTINUOUS
100
AcDbLine
 10
126.5237499999999926
 20
-111.8687499999999915
 30
0
 11
140.7612499999999898
 21
-111.8687499999999915
 31
0
  0
LINE
  5
F8
330
1B
100
AcDbEntity
  8
User.Drawings
  6
CONTINUOUS
100
AcDbLine
 10
140.7612499999999898
 20
-111.8687499999999915
 30
0
 11
140.7612499999999898
 21
-92.9187500000000028
 31
0
  0
LINE
  5
F9
330
1B
100
AcDbEntity
  8
User.Drawings
  6
CONTINUOUS
100
AcDbLine
 10
140.7612499999999898
 20
-92.9187500000000028
 30
0
 11
136.0487499999999841
 21
-92.9187500000000028
 31
0
  0
LINE
  5
FA
330
1B
100
AcDbEntity
  8
User.Drawings
  6
CONTINUOUS
100
AcDbLine
 10
136.0487499999999841
 20
-92.9187500000000028
 30
0
 11
121.8112500000000011
 21
-92.9187500000000028
 31
0
  0
LINE
  5
FB
330
1B
100
AcDbEntity
  8
User.Drawings
  6
CONTINUOUS
100
AcDbLine
 10
102.7612499999999898
 20
-92.9187500000000028
 30
0
 11
102.7612499999999898
 21
-111.8687499999999915
 31
0
  0
LINE
  5
FC
330
1B
100
AcDbEntity
  8
User.Drawings
  6
CONTINUOUS
100
AcDbLine
 10
102.7612499999999898
 20
-111.8687499999999915
 30
0
 11
107.4737499999999955
 21
-111.8687499999999915
 31
0
  0
LINE
  5
FD
330
1B
100
AcDbEntity
  8
User.Drawings
  6
CONTINUOUS
100
AcDbLine
 10
107.4737499999999955
 20
-111.8687499999999915
 30
0
 11
121.7112499999999926
 21
-111.8687499999999915
 31
0
  0
LINE
  5
FE
330
1B
100
AcDbEntity
  8
User.Drawings
  6
CONTINUOUS
100
AcDbLine
 10
121.7112499999999926
 20
-111.8687499999999915
 30
0
 11
121.7112499999999926
 21
-92.9187500000000028
 31
0
  0
LINE
  5
FF
330
1B
100
AcDbEntity
  8
User.Drawings
  6
CONTINUOUS
100
AcDbLine
 10
121.7112499999999926
 20
-92.9187500000000028
 30
0
 11
116.9987500000000011
 21
-92.9187500000000028
 31
0
  0
LINE
  5
100
330
1B
100
AcDbEntity
  8
User.Drawings
  6
CONTINUOUS
100
AcDbLine
 10
116.9987500000000011
 20
-92.9187500000000028
 30
0
 11
102.7612499999999898
 21
-92.9187500000000028
 31
0
  0
LINE
  5
101
330
1B
100
AcDbEntity
  8
User.Drawings
  6
CONTINUOUS
100
AcDbLine
 10
83.7112499999999926
 20
-92.9187500000000028
 30
0
 11
83.7112499999999926
 21
-111.8687499999999915
 31
0
  0
LINE
  5
102
330
1B
100
AcDbEntity
  8
User.Drawings
  6
CONTINUOUS
100
AcDbLine
 10
83.7112499999999926
 20
-111.8687499999999915
 30
0
 11
88.4237499999999983
 21
-111.8687499999999915
 31
0
  0
LINE
  5
103
330
1B
100
AcDbEntity
  8
User.Drawings
  6
CONTINUOUS
100
AcDbLine
 10
88.4237499999999983
 20
-111.8687499999999915
 30
0
 11
102.6612499999999955
 21
-111.8687499999999915
 31
0
  0
LINE
  5
104
330
1B
100
AcDbEntity
  8
User.Drawings
  6
CONTINUOUS
100
AcDbLine
 10
102.6612499999999955
 20
-111.8687499999999915
 30
0
 11
102.6612499999999955
 21
-92.9187500000000028
 31
0
  0
LINE
  5
105
330
1B
100
AcDbEntity
  8
User.Drawings
  6
CONTINUOUS
100
AcDbLine
 10
102.6612499999999955
 20
-92.9187500000000028
 30
0
 11
97.9487499999999898
 21
-92.9187500000000028
 31
0
  0
LINE
  5
106
330
1B
100
AcDbEntity
  8
User.Drawings
  6
CONTINUOUS
100
AcDbLine
 10
97.9487499999999898
 20
-92.9187500000000028
 30
0
 11
83.7112499999999926
 21
-92.9187500000000028
 31
0
  0
LINE
  5
107
330
1B
100
AcDbEntity
  8
User.Drawings
  6
CONTINUOUS
100
AcDbLine
 10
59.8987499999999997
 20
-92.9187500000000028
 30
0
 11
59.8987499999999997
 21
-111.8687499999999915
 31
0
  0
LINE
  5
108
330
1B
100
AcDbEntity
  8
User.Drawings
  6
CONTINUOUS
100
AcDbLine
 10
59.8987499999999997
 20
-111.8687499999999915
 30
0
 11
83.6112499999999983
 21
-111.8687499999999915
 31
0
  0
LINE
  5
109
330
1B
100
AcDbEntity
  8
User.Drawings
  6
CONTINUOUS
100
AcDbLine
 10
83.6112499999999983
 20
-111.8687499999999915
 30
0
 11
83.6112499999999983
 21
-92.9187500000000028
 31
0
  0
LINE
  5
10A
330
1B
100
AcDbEntity
  8
User.Drawings
  6
CONTINUOUS
100
AcDbLine
 10
83.6112499999999983
 20
-92.9187500000000028
 30
0
 11
78.8987499999999926
 21
-92.9187500000000028
 31
0
  0
LINE
  5
10B
330
1B
100
AcDbEntity
  8
User.Drawings
  6
CONTINUOUS
100
AcDbLine
 10
78.8987499999999926
 20
-92.9187500000000028
 30
0
 11
59.8987499999999997
 21
-92.9187500000000028
 31
0
  0
LINE
  5
10C
330
1B
100
AcDbEntity
  8
User.Drawings
  6
CONTINUOUS
100
AcDbLine
 10
193.2487500000000011
 20
-73.8687499999999915
 30
0
 11
193.2487500000000011
 21
-92.8187499999999943
 31
0
  0
LINE
  5
10D
330
1B
100
AcDbEntity
  8
User.Drawings
  6
CONTINUOUS
100
AcDbLine
 10
193.2487500000000011
 20
-92.8187499999999943
 30
0
 11
197.9612499999999784
 21
-92.8187499999999943
 31
0
  0
LINE
  5
10E
330
1B
100
AcDbEntity
  8
User.Drawings
  6
CONTINUOUS
100
AcDbLine
 10
197.9612499999999784
 20
-92.8187499999999943
 30
0
 11
212.1987499999999898
 21
-92.8187499999999943
 31
0
  0
LINE
  5
10F
330
1B
100
AcDbEntity
  8
User.Drawings
  6
CONTINUOUS
100
AcDbLine
 10
212.1987499999999898
 20
-92.8187499999999943
 30
0
 11
212.1987499999999898
 21
-73.8687499999999915
 31
0
  0
LINE
  5
110
330
1B
100
AcDbEntity
  8
User.Drawings
  6
CONTINUOUS
100
AcDbLine
 10
212.1987499999999898
 20
-73.8687499999999915
 30
0
 11
193.2487500000000011
 21
-73.8687499999999915
 31
0
  0
LINE
  5
111
330
1B
100
AcDbEntity
  8
User.Drawings
  6
CONTINUOUS
100
AcDbLine
 10
174.1987499999999898
 20
-73.8687499999999915
 30
0
 11
174.1987499999999898
 21
-92.8187499999999943
 31
0
  0
LINE
  5
112
330
1B
100
AcDbEntity
  8
User.Drawings
  6
CONTINUOUS
100
AcDbLine
 10
174.1987499999999898
 20
-92.8187499999999943
 30
0
 11
178.9112499999999955
 21
-92.8187499999999943
 31
0
  0
LINE
  5
113
330
1B
100
AcDbEntity
  8
User.Drawings
  6
CONTINUOUS
100
AcDbLine
 10
178.9112499999999955
 20
-92.8187499999999943
 30
0
 11
193.1487499999999784
 21
-92.8187499999999943
 31
0
  0
LINE
  5
114
330
1B
100
AcDbEntity
  8
User.Drawings
  6
CONTINUOUS
100
AcDbLine
 10
193.1487499999999784
 20
-92.8187499999999943
 30
0
 11
193.1487499999999784
 21
-73.8687499999999915
 31
0
  0
LINE
  5
115
330
1B
100
AcDbEntity
  8
User.Drawings
  6
CONTINUOUS
100
AcDbLine
 10
193.1487499999999784
 20
-73.8687499999999915
 30
0
 11
174.1987499999999898
 21
-73.8687499999999915
 31
0
  0
LINE
  5
116
330
1B
100
AcDbEntity
  8
User.Drawings
  6
CONTINUOUS
100
AcDbLine
 10
155.1487500000000068
 20
-73.8687499999999915
 30
0
 11
155.1487500000000068
 21
-92.8187499999999943
 31
0
  0
LINE
  5
117
330
1B
100
AcDbEntity
  8
User.Drawings
  6
CONTINUOUS
100
AcDbLine
 10
155.1487500000000068
 20
-92.8187499999999943
 30
0
 11
159.8612499999999841
 21
-92.8187499999999943
 31
0
  0
LINE
  5
118
330
1B
100
AcDbEntity
  8
User.Drawings
  6
CONTINUOUS
100
AcDbLine
 10
159.8612499999999841
 20
-92.8187499999999943
 30
0
 11
174.0987499999999955
 21
-92.8187499999999943
 31
0
  0
LINE
  5
119
330
1B
100
AcDbEntity
  8
User.Drawings
  6
CONTINUOUS
100
AcDbLine
 10
174.0987499999999955
 20
-92.8187499999999943
 30
0
 11
174.0987499999999955
 21
-73.8687499999999915
 31
0
  0
LINE
  5
11A
330
1B
100
AcDbEntity
  8
User.Drawings
  6
CONTINUOUS
100
AcDbLine
 10
174.0987499999999955
 20
-73.8687499999999915
 30
0
 11
155.1487500000000068
 21
-73.8687499999999915
 31
0
  0
LINE
  5
11B
330
1B
100
AcDbEntity
  8
User.Drawings
  6
CONTINUOUS
100
AcDbLine
 10
136.0987499999999955
 20
-73.8687499999999915
 30
0
 11
136.0987499999999955
 21
-92.8187499999999943
 31
0
  0
LINE
  5
11C
330
1B
100
AcDbEntity
  8
User.Drawings
  6
CONTINUOUS
100
AcDbLine
 10
136.0987499999999955
 20
-92.8187499999999943
 30
0
 11
140.8112500000000011
 21
-92.8187499999999943
 31
0
  0
LINE
  5
11D
330
1B
100
AcDbEntity
  8
User.Drawings
  6
CONTINUOUS
100
AcDbLine
 10
140.8112500000000011
 20
-92.8187499999999943
 30
0
 11
155.0487499999999841
 21
-92.8187499999999943
 31
0
  0
LINE
  5
11E
330
1B
100
AcDbEntity
  8
User.Drawings
  6
CONTINUOUS
100
AcDbLine
 10
155.0487499999999841
 20
-92.8187499999999943
 30
0
 11
155.0487499999999841
 21
-73.8687499999999915
 31
0
  0
LINE
  5
11F
330
1B
100
AcDbEntity
  8
User.Drawings
  6
CONTINUOUS
100
AcDbLine
 10
155.0487499999999841
 20
-73.8687499999999915
 30
0
 11
136.0987499999999955
 21
-73.8687499999999915
 31
0
  0
LINE
  5
120
330
1B
100
AcDbEntity
  8
User.Drawings
  6
CONTINUOUS
100
AcDbLine
 10
117.0487499999999983
 20
-73.8687499999999915
 30
0
 11
117.0487499999999983
 21
-92.8187499999999943
 31
0
  0
LINE
  5
121
330
1B
100
AcDbEntity
  8
User.Drawings
  6
CONTINUOUS
100
AcDbLine
 10
117.0487499999999983
 20
-92.8187499999999943
 30
0
 11
121.7612499999999898
 21
-92.8187499999999943
 31
0
  0
LINE
  5
122
330
1B
100
AcDbEntity
  8
User.Drawings
  6
CONTINUOUS
100
AcDbLine
 10
121.7612499999999898
 20
-92.8187499999999943
 30
0
 11
135.9987500000000011
 21
-92.8187499999999943
 31
0
  0
LINE
  5
123
330
1B
100
AcDbEntity
  8
User.Drawings
  6
CONTINUOUS
100
AcDbLine
 10
135.9987500000000011
 20
-92.8187499999999943
 30
0
 11
135.9987500000000011
 21
-73.8687499999999915
 31
0
  0
LINE
  5
124
330
1B
100
AcDbEntity
  8
User.Drawings
  6
CONTINUOUS
100
AcDbLine
 10
135.9987500000000011
 20
-73.8687499999999915
 30
0
 11
117.0487499999999983
 21
-73.8687499999999915
 31
0
  0
LINE
  5
125
330
1B
100
AcDbEntity
  8
User.Drawings
  6
CONTINUOUS
100
AcDbLine
 10
97.9987500000000011
 20
-73.8687499999999915
 30
0
 11
97.9987500000000011
 21
-92.8187499999999943
 31
0
  0
LINE
  5
126
330
1B
100
AcDbEntity
  8
User.Drawings
  6
CONTINUOUS
100
AcDbLine
 10
97.9987500000000011
 20
-92.8187499999999943
 30
0
 11
102.7112499999999926
 21
-92.8187499999999943
 31
0
  0
LINE
  5
127
330
1B
100
AcDbEntity
  8
User.Drawings
  6
CONTINUOUS
100
AcDbLine
 10
102.7112499999999926
 20
-92.8187499999999943
 30
0
 11
116.9487499999999898
 21
-92.8187499999999943
 31
0
  0
LINE
  5
128
330
1B
100
AcDbEntity
  8
User.Drawings
  6
CONTINUOUS
100
AcDbLine
 10
116.9487499999999898
 20
-92.8187499999999943
 30
0
 11
116.9487499999999898
 21
-73.8687499999999915
 31
0
  0
LINE
  5
129
330
1B
100
AcDbEntity
  8
User.Drawings
  6
CONTINUOUS
100
AcDbLine
 10
116.9487499999999898
 20
-73.8687499999999915
 30
0
 11
97.9987500000000011
 21
-73.8687499999999915
 31
0
  0
LINE
  5
12A
330
1B
100
AcDbEntity
  8
User.Drawings
  6
CONTINUOUS
100
AcDbLine
 10
78.9487499999999898
 20
-73.8687499999999915
 30
0
 11
78.9487499999999898
 21
-92.8187499999999943
 31
0
  0
LINE
  5
12B
330
1B
100
AcDbEntity
  8
User.Drawings
  6
CONTINUOUS
100
AcDbLine
 10
78.9487499999999898
 20
-92.8187499999999943
 30
0
 11
83.6612499999999955
 21
-92.8187499999999943
 31
0
  0
LINE
  5
12C
330
1B
100
AcDbEntity
  8
User.Drawings
  6
CONTINUOUS
100
AcDbLine
 10
83.6612499999999955
 20
-92.8187499999999943
 30
0
 11
97.8987499999999926
 21
-92.8187499999999943
 31
0
  0
LINE
  5
12D
330
1B
100
AcDbEntity
  8
User.Drawings
  6
CONTINUOUS
100
AcDbLine
 10
97.8987499999999926
 20
-92.8187499999999943
 30
0
 11
97.8987499999999926
 21
-73.8687499999999915
 31
0
  0
LINE
  5
12E
330
1B
100
AcDbEntity
  8
User.Drawings
  6
CONTINUOUS
100
AcDbLine
 10
97.8987499999999926
 20
-73.8687499999999915
 30
0
 11
78.9487499999999898
 21
-73.8687499999999915
 31
0
  0
LINE
  5
12F
330
1B
100
AcDbEntity
  8
User.Drawings
  6
CONTINUOUS
100
AcDbLine
 10
59.8987499999999997
 20
-73.8687499999999915
 30
0
 11
59.8987499999999997
 21
-92.8187499999999943
 31
0
  0
LINE
  5
130
330
1B
100
AcDbEntity
  8
User.Drawings
  6
CONTINUOUS
100
AcDbLine
 10
59.8987499999999997
 20
-92.8187499999999943
 30
0
 11
78.8487499999999955
 21
-92.8187499999999943
 31
0
  0
LINE
  5
131
330
1B
100
AcDbEntity
  8
User.Drawings
  6
CONTINUOUS
100
AcDbLine
 10
78.8487499999999955
 20
-92.8187499999999943
 30
0
 11
78.8487499999999955
 21
-73.8687499999999915
 31
0
  0
LINE
  5
132
330
1B
100
AcDbEntity
  8
User.Drawings
  6
CONTINUOUS
100
AcDbLine
 10
78.8487499999999955
 20
-73.8687499999999915
 30
0
 11
59.8987499999999997
 21
-73.8687499999999915
 31
0
  0
LINE
  5
133
330
1B
100
AcDbEntity
  8
User.Drawings
  6
CONTINUOUS
100
AcDbLine
 10
243.2049999999999841
 20
-73.7687499999999972
 30
0
 11
262.2549999999999955
 21
-73.7687499999999972
 31
0
  0
LINE
  5
134
330
1B
100
AcDbEntity
  8
User.Drawings
  6
CONTINUOUS
100
AcDbLine
 10
262.2549999999999955
 20
-73.7687499999999972
 30
0
 11
281.3050000000000068
 21
-73.7687499999999972
 31
0
  0
LINE
  5
135
330
1B
100
AcDbEntity
  8
User.Drawings
  6
CONTINUOUS
100
AcDbLine
 10
281.3050000000000068
 20
-73.7687499999999972
 30
0
 11
300.3549999999999613
 21
-73.7687499999999972
 31
0
  0
LINE
  5
136
330
1B
100
AcDbEntity
  8
User.Drawings
  6
CONTINUOUS
100
AcDbLine
 10
300.3549999999999613
 20
-73.7687499999999972
 30
0
 11
319.4049999999999727
 21
-73.7687499999999972
 31
0
  0
LINE
  5
137
330
1B
100
AcDbEntity
  8
User.Drawings
  6
CONTINUOUS
100
AcDbLine
 10
319.4049999999999727
 20
-73.7687499999999972
 30
0
 11
338.4549999999999841
 21
-73.7687499999999972
 31
0
  0
LINE
  5
138
330
1B
100
AcDbEntity
  8
User.Drawings
  6
CONTINUOUS
100
AcDbLine
 10
338.4549999999999841
 20
-73.7687499999999972
 30
0
 11
367.0299999999999727
 21
-73.7687499999999972
 31
0
  0
LINE
  5
139
330
1B
100
AcDbEntity
  8
User.Drawings
  6
CONTINUOUS
100
AcDbLine
 10
367.0299999999999727
 20
-73.7687499999999972
 30
0
 11
367.0491339999999809
 21
-73.7725559999999945
 31
0
  0
LINE
  5
13A
330
1B
100
AcDbEntity
  8
User.Drawings
  6
CONTINUOUS
100
AcDbLine
 10
367.0491339999999809
 20
-73.7725559999999945
 30
0
 11
367.0761939999999868
 21
-73.7996160000000003
 31
0
  0
LINE
  5
13B
330
1B
100
AcDbEntity
  8
User.Drawings
  6
CONTINUOUS
100
AcDbLine
 10
367.0761939999999868
 20
-73.7996160000000003
 30
0
 11
367.0799999999999841
 21
-73.8187499999999943
 31
0
  0
LINE
  5
13C
330
1B
100
AcDbEntity
  8
User.Drawings
  6
CONTINUOUS
100
AcDbLine
 10
367.0799999999999841
 20
-73.8187499999999943
 30
0
 11
367.0799999999999841
 21
-92.8687499999999915
 31
0
  0
LINE
  5
13D
330
1B
100
AcDbEntity
  8
User.Drawings
  6
CONTINUOUS
100
AcDbLine
 10
367.0799999999999841
 20
-92.8687499999999915
 30
0
 11
367.0799999999999841
 21
-111.9187499999999886
 31
0
  0
LINE
  5
13E
330
1B
100
AcDbEntity
  8
User.Drawings
  6
CONTINUOUS
100
AcDbLine
 10
367.0799999999999841
 20
-111.9187499999999886
 30
0
 11
367.0799999999999841
 21
-130.96875
 31
0
  0
LINE
  5
13F
330
1B
100
AcDbEntity
  8
User.Drawings
  6
CONTINUOUS
100
AcDbLine
 10
367.0799999999999841
 20
-130.96875
 30
0
 11
367.0761939999999868
 21
-130.9878840000000082
 31
0
  0
LINE
  5
140
330
1B
100
AcDbEntity
  8
User.Drawings
  6
CONTINUOUS
100
AcDbLine
 10
367.0761939999999868
 20
-130.9878840000000082
 30
0
 11
367.0491339999999809
 21
-131.0149439999999856
 31
0
  0
LINE
  5
141
330
1B
100
AcDbEntity
  8
User.Drawings
  6
CONTINUOUS
100
AcDbLine
 10
367.0491339999999809
 20
-131.0149439999999856
 30
0
 11
367.0299999999999727
 21
-131.0187499999999829
 31
0
  0
LINE
  5
142
330
1B
100
AcDbEntity
  8
User.Drawings
  6
CONTINUOUS
100
AcDbLine
 10
367.0299999999999727
 20
-131.0187499999999829
 30
0
 11
352.7924999999999613
 21
-131.0187499999999829
 31
0
  0
LINE
  5
143
330
1B
100
AcDbEntity
  8
User.Drawings
  6
CONTINUOUS
100
AcDbLine
 10
352.7924999999999613
 20
-131.0187499999999829
 30
0
 11
352.7924999999999613
 21
-149.96875
 31
0
  0
LINE
  5
144
330
1B
100
AcDbEntity
  8
User.Drawings
  6
CONTINUOUS
100
AcDbLine
 10
352.7924999999999613
 20
-149.96875
 30
0
 11
367.0299999999999727
 21
-149.96875
 31
0
  0
LINE
  5
145
330
1B
100
AcDbEntity
  8
User.Drawings
  6
CONTINUOUS
100
AcDbLine
 10
367.0299999999999727
 20
-149.96875
 30
0
 11
367.0491339999999809
 21
-149.9725559999999973
 31
0
  0
LINE
  5
146
330
1B
100
AcDbEntity
  8
User.Drawings
  6
CONTINUOUS
100
AcDbLine
 10
367.0491339999999809
 20
-149.9725559999999973
 30
0
 11
367.0761939999999868
 21
-149.9996160000000032
 31
0
  0
LINE
  5
147
330
1B
100
AcDbEntity
  8
User.Drawings
  6
CONTINUOUS
100
AcDbLine
 10
367.0761939999999868
 20
-149.9996160000000032
 30
0
 11
367.0799999999999841
 21
-150.0187499999999829
 31
0
  0
LINE
  5
148
330
1B
100
AcDbEntity
  8
User.Drawings
  6
CONTINUOUS
100
AcDbLine
 10
367.0799999999999841
 20
-150.0187499999999829
 30
0
 11
367.0799999999999841
 21
-169.0687499999999943
 31
0
  0
LINE
  5
149
330
1B
100
AcDbEntity
  8
User.Drawings
  6
CONTINUOUS
100
AcDbLine
 10
367.0799999999999841
 20
-169.0687499999999943
 30
0
 11
367.0761939999999868
 21
-169.0878840000000025
 31
0
  0
LINE
  5
14A
330
1B
100
AcDbEntity
  8
User.Drawings
  6
CONTINUOUS
100
AcDbLine
 10
367.0761939999999868
 20
-169.0878840000000025
 30
0
 11
367.0491339999999809
 21
-169.11494399999998
 31
0
  0
LINE
  5
14B
330
1B
100
AcDbEntity
  8
User.Drawings
  6
CONTINUOUS
100
AcDbLine
 10
367.0491339999999809
 20
-169.11494399999998
 30
0
 11
367.0299999999999727
 21
-169.1187500000000057
 31
0
  0
LINE
  5
14C
330
1B
100
AcDbEntity
  8
User.Drawings
  6
CONTINUOUS
100
AcDbLine
 10
367.0299999999999727
 20
-169.1187500000000057
 30
0
 11
347.9799999999999613
 21
-169.1187500000000057
 31
0
  0
LINE
  5
14D
330
1B
100
AcDbEntity
  8
User.Drawings
  6
CONTINUOUS
100
AcDbLine
 10
347.9799999999999613
 20
-169.1187500000000057
 30
0
 11
328.9300000000000068
 21
-169.1187500000000057
 31
0
  0
LINE
  5
14E
330
1B
100
AcDbEntity
  8
User.Drawings
  6
CONTINUOUS
100
AcDbLine
 10
328.9300000000000068
 20
-169.1187500000000057
 30
0
 11
309.8799999999999955
 21
-169.1187500000000057
 31
0
  0
LINE
  5
14F
330
1B
100
AcDbEntity
  8
User.Drawings
  6
CONTINUOUS
100
AcDbLine
 10
309.8799999999999955
 20
-169.1187500000000057
 30
0
 11
309.8608659999999873
 21
-169.11494399999998
 31
0
  0
LINE
  5
150
330
1B
100
AcDbEntity
  8
User.Drawings
  6
CONTINUOUS
100
AcDbLine
 10
309.8608659999999873
 20
-169.11494399999998
 30
0
 11
309.8338059999999814
 21
-169.0878840000000025
 31
0
  0
LINE
  5
151
330
1B
100
AcDbEntity
  8
User.Drawings
  6
CONTINUOUS
100
AcDbLine
 10
309.8338059999999814
 20
-169.0878840000000025
 30
0
 11
309.8299999999999841
 21
-169.0687499999999943
 31
0
  0
LINE
  5
152
330
1B
100
AcDbEntity
  8
User.Drawings
  6
CONTINUOUS
100
AcDbLine
 10
309.8299999999999841
 20
-169.0687499999999943
 30
0
 11
309.8299999999999841
 21
-150.0687499999999943
 31
0
  0
LINE
  5
153
330
1B
100
AcDbEntity
  8
User.Drawings
  6
CONTINUOUS
100
AcDbLine
 10
309.8299999999999841
 20
-150.0687499999999943
 30
0
 11
295.6424999999999841
 21
-150.0687499999999943
 31
0
  0
LINE
  5
154
330
1B
100
AcDbEntity
  8
User.Drawings
  6
CONTINUOUS
100
AcDbLine
 10
295.6424999999999841
 20
-150.0687499999999943
 30
0
 11
295.6424999999999841
 21
-169.0687499999999943
 31
0
  0
LINE
  5
155
330
1B
100
AcDbEntity
  8
User.Drawings
  6
CONTINUOUS
100
AcDbLine
 10
295.6424999999999841
 20
-169.0687499999999943
 30
0
 11
295.6386939999999868
 21
-169.0878840000000025
 31
0
  0
LINE
  5
156
330
1B
100
AcDbEntity
  8
User.Drawings
  6
CONTINUOUS
100
AcDbLine
 10
295.6386939999999868
 20
-169.0878840000000025
 30
0
 11
295.6116339999999809
 21
-169.11494399999998
 31
0
  0
LINE
  5
157
330
1B
100
AcDbEntity
  8
User.Drawings
  6
CONTINUOUS
100
AcDbLine
 10
295.6116339999999809
 20
-169.11494399999998
 30
0
 11
295.5924999999999727
 21
-169.1187500000000057
 31
0
  0
LINE
  5
158
330
1B
100
AcDbEntity
  8
User.Drawings
  6
CONTINUOUS
100
AcDbLine
 10
295.5924999999999727
 20
-169.1187500000000057
 30
0
 11
276.5424999999999613
 21
-169.1187500000000057
 31
0
  0
LINE
  5
159
330
1B
100
AcDbEntity
  8
User.Drawings
  6
CONTINUOUS
100
AcDbLine
 10
276.5424999999999613
 20
-169.1187500000000057
 30
0
 11
257.4925000000000068
 21
-169.1187500000000057
 31
0
  0
LINE
  5
15A
330
1B
100
AcDbEntity
  8
User.Drawings
  6
CONTINUOUS
100
AcDbLine
 10
257.4925000000000068
 20
-169.1187500000000057
 30
0
 11
224.1550000000000011
 21
-169.1187500000000057
 31
0
  0
LINE
  5
15B
330
1B
100
AcDbEntity
  8
User.Drawings
  6
CONTINUOUS
100
AcDbLine
 10
224.1550000000000011
 20
-169.1187500000000057
 30
0
 11
224.1358659999999929
 21
-169.11494399999998
 31
0
  0
LINE
  5
15C
330
1B
100
AcDbEntity
  8
User.Drawings
  6
CONTINUOUS
100
AcDbLine
 10
224.1358659999999929
 20
-169.11494399999998
 30
0
 11
224.1088059999999871
 21
-169.0878840000000025
 31
0
  0
LINE
  5
15D
330
1B
100
AcDbEntity
  8
User.Drawings
  6
CONTINUOUS
100
AcDbLine
 10
224.1088059999999871
 20
-169.0878840000000025
 30
0
 11
224.1049999999999898
 21
-169.0687499999999943
 31
0
  0
LINE
  5
15E
330
1B
100
AcDbEntity
  8
User.Drawings
  6
CONTINUOUS
100
AcDbLine
 10
224.1049999999999898
 20
-169.0687499999999943
 30
0
 11
224.1049999999999898
 21
-150.0187499999999829
 31
0
  0
LINE
  5
15F
330
1B
100
AcDbEntity
  8
User.Drawings
  6
CONTINUOUS
100
AcDbLine
 10
224.1049999999999898
 20
-150.0187499999999829
 30
0
 11
224.1088059999999871
 21
-149.9996160000000032
 31
0
  0
LINE
  5
160
330
1B
100
AcDbEntity
  8
User.Drawings
  6
CONTINUOUS
100
AcDbLine
 10
224.1088059999999871
 20
-149.9996160000000032
 30
0
 11
224.1358659999999929
 21
-149.9725559999999973
 31
0
  0
LINE
  5
161
330
1B
100
AcDbEntity
  8
User.Drawings
  6
CONTINUOUS
100
AcDbLine
 10
224.1358659999999929
 20
-149.9725559999999973
 30
0
 11
224.1550000000000011
 21
-149.96875
 31
0
  0
LINE
  5
162
330
1B
100
AcDbEntity
  8
User.Drawings
  6
CONTINUOUS
100
AcDbLine
 10
224.1550000000000011
 20
-149.96875
 30
0
 11
238.3924999999999841
 21
-149.96875
 31
0
  0
LINE
  5
163
330
1B
100
AcDbEntity
  8
User.Drawings
  6
CONTINUOUS
100
AcDbLine
 10
238.3924999999999841
 20
-149.96875
 30
0
 11
238.3924999999999841
 21
-130.96875
 31
0
  0
LINE
  5
164
330
1B
100
AcDbEntity
  8
User.Drawings
  6
CONTINUOUS
100
AcDbLine
 10
238.3924999999999841
 20
-130.96875
 30
0
 11
238.3924999999999841
 21
-111.96875
 31
0
  0
LINE
  5
165
330
1B
100
AcDbEntity
  8
User.Drawings
  6
CONTINUOUS
100
AcDbLine
 10
238.3924999999999841
 20
-111.96875
 30
0
 11
228.9174999999999898
 21
-111.96875
 31
0
  0
LINE
  5
166
330
1B
100
AcDbEntity
  8
User.Drawings
  6
CONTINUOUS
100
AcDbLine
 10
228.9174999999999898
 20
-111.96875
 30
0
 11
228.8983659999999816
 21
-111.9649439999999885
 31
0
  0
LINE
  5
167
330
1B
100
AcDbEntity
  8
User.Drawings
  6
CONTINUOUS
100
AcDbLine
 10
228.8983659999999816
 20
-111.9649439999999885
 30
0
 11
228.8713059999999757
 21
-111.9378839999999968
 31
0
  0
LINE
  5
168
330
1B
100
AcDbEntity
  8
User.Drawings
  6
CONTINUOUS
100
AcDbLine
 10
228.8713059999999757
 20
-111.9378839999999968
 30
0
 11
228.8674999999999784
 21
-111.9187499999999886
 31
0
  0
LINE
  5
169
330
1B
100
AcDbEntity
  8
User.Drawings
  6
CONTINUOUS
100
AcDbLine
 10
228.8674999999999784
 20
-111.9187499999999886
 30
0
 11
228.8674999999999784
 21
-92.9187500000000028
 31
0
  0
LINE
  5
16A
330
1B
100
AcDbEntity
  8
User.Drawings
  6
CONTINUOUS
100
AcDbLine
 10
228.8674999999999784
 20
-92.9187500000000028
 30
0
 11
224.1550000000000011
 21
-92.9187500000000028
 31
0
  0
LINE
  5
16B
330
1B
100
AcDbEntity
  8
User.Drawings
  6
CONTINUOUS
100
AcDbLine
 10
224.1550000000000011
 20
-92.9187500000000028
 30
0
 11
224.1358659999999929
 21
-92.9149439999999913
 31
0
  0
LINE
  5
16C
330
1B
100
AcDbEntity
  8
User.Drawings
  6
CONTINUOUS
100
AcDbLine
 10
224.1358659999999929
 20
-92.9149439999999913
 30
0
 11
224.1088059999999871
 21
-92.8878839999999997
 31
0
  0
LINE
  5
16D
330
1B
100
AcDbEntity
  8
User.Drawings
  6
CONTINUOUS
100
AcDbLine
 10
224.1088059999999871
 20
-92.8878839999999997
 30
0
 11
224.1049999999999898
 21
-92.8687499999999915
 31
0
  0
LINE
  5
16E
330
1B
100
AcDbEntity
  8
User.Drawings
  6
CONTINUOUS
100
AcDbLine
 10
224.1049999999999898
 20
-92.8687499999999915
 30
0
 11
224.1049999999999898
 21
-73.8187499999999943
 31
0
  0
LINE
  5
16F
330
1B
100
AcDbEntity
  8
User.Drawings
  6
CONTINUOUS
100
AcDbLine
 10
224.1049999999999898
 20
-73.8187499999999943
 30
0
 11
224.1088059999999871
 21
-73.7996160000000003
 31
0
  0
LINE
  5
170
330
1B
100
AcDbEntity
  8
User.Drawings
  6
CONTINUOUS
100
AcDbLine
 10
224.1088059999999871
 20
-73.7996160000000003
 30
0
 11
224.1358659999999929
 21
-73.7725559999999945
 31
0
  0
LINE
  5
171
330
1B
100
AcDbEntity
  8
User.Drawings
  6
CONTINUOUS
100
AcDbLine
 10
224.1358659999999929
 20
-73.7725559999999945
 30
0
 11
224.1550000000000011
 21
-73.7687499999999972
 31
0
  0
LINE
  5
172
330
1B
100
AcDbEntity
  8
User.Drawings
  6
CONTINUOUS
100
AcDbLine
 10
224.1550000000000011
 20
-73.7687499999999972
 30
0
 11
243.2049999999999841
 21
-73.7687499999999972
 31
0
  0
LINE
  5
173
330
1B
100
AcDbEntity
  8
User.Drawings
  6
CONTINUOUS
100
AcDbLine
 10
348.0299999999999727
 20
-150.0687499999999943
 30
0
 11
348.0299999999999727
 21
-169.0187499999999829
 31
0
  0
LINE
  5
174
330
1B
100
AcDbEntity
  8
User.Drawings
  6
CONTINUOUS
100
AcDbLine
 10
348.0299999999999727
 20
-169.0187499999999829
 30
0
 11
366.9799999999999613
 21
-169.0187499999999829
 31
0
  0
LINE
  5
175
330
1B
100
AcDbEntity
  8
User.Drawings
  6
CONTINUOUS
100
AcDbLine
 10
366.9799999999999613
 20
-169.0187499999999829
 30
0
 11
366.9799999999999613
 21
-150.0687499999999943
 31
0
  0
LINE
  5
176
330
1B
100
AcDbEntity
  8
User.Drawings
  6
CONTINUOUS
100
AcDbLine
 10
366.9799999999999613
 20
-150.0687499999999943
 30
0
 11
348.0299999999999727
 21
-150.0687499999999943
 31
0
  0
LINE
  5
177
330
1B
100
AcDbEntity
  8
User.Drawings
  6
CONTINUOUS
100
AcDbLine
 10
328.9799999999999613
 20
-150.0687499999999943
 30
0
 11
328.9799999999999613
 21
-169.0187499999999829
 31
0
  0
LINE
  5
178
330
1B
100
AcDbEntity
  8
User.Drawings
  6
CONTINUOUS
100
AcDbLine
 10
328.9799999999999613
 20
-169.0187499999999829
 30
0
 11
347.9300000000000068
 21
-169.0187499999999829
 31
0
  0
LINE
  5
179
330
1B
100
AcDbEntity
  8
User.Drawings
  6
CONTINUOUS
100
AcDbLine
 10
347.9300000000000068
 20
-169.0187499999999829
 30
0
 11
347.9300000000000068
 21
-150.0687499999999943
 31
0
  0
LINE
  5
17A
330
1B
100
AcDbEntity
  8
User.Drawings
  6
CONTINUOUS
100
AcDbLine
 10
347.9300000000000068
 20
-150.0687499999999943
 30
0
 11
333.6924999999999955
 21
-150.0687499999999943
 31
0
  0
LINE
  5
17B
330
1B
100
AcDbEntity
  8
User.Drawings
  6
CONTINUOUS
100
AcDbLine
 10
333.6924999999999955
 20
-150.0687499999999943
 30
0
 11
328.9799999999999613
 21
-150.0687499999999943
 31
0
  0
LINE
  5
17C
330
1B
100
AcDbEntity
  8
User.Drawings
  6
CONTINUOUS
100
AcDbLine
 10
309.9300000000000068
 20
-150.0687499999999943
 30
0
 11
309.9300000000000068
 21
-169.0187499999999829
 31
0
  0
LINE
  5
17D
330
1B
100
AcDbEntity
  8
User.Drawings
  6
CONTINUOUS
100
AcDbLine
 10
309.9300000000000068
 20
-169.0187499999999829
 30
0
 11
328.8799999999999955
 21
-169.0187499999999829
 31
0
  0
LINE
  5
17E
330
1B
100
AcDbEntity
  8
User.Drawings
  6
CONTINUOUS
100
AcDbLine
 10
328.8799999999999955
 20
-169.0187499999999829
 30
0
 11
328.8799999999999955
 21
-150.0687499999999943
 31
0
  0
LINE
  5
17F
330
1B
100
AcDbEntity
  8
User.Drawings
  6
CONTINUOUS
100
AcDbLine
 10
328.8799999999999955
 20
-150.0687499999999943
 30
0
 11
314.6424999999999841
 21
-150.0687499999999943
 31
0
  0
LINE
  5
180
330
1B
100
AcDbEntity
  8
User.Drawings
  6
CONTINUOUS
100
AcDbLine
 10
314.6424999999999841
 20
-150.0687499999999943
 30
0
 11
309.9300000000000068
 21
-150.0687499999999943
 31
0
  0
LINE
  5
181
330
1B
100
AcDbEntity
  8
User.Drawings
  6
CONTINUOUS
100
AcDbLine
 10
276.5924999999999727
 20
-150.0687499999999943
 30
0
 11
276.5924999999999727
 21
-169.0187499999999829
 31
0
  0
LINE
  5
182
330
1B
100
AcDbEntity
  8
User.Drawings
  6
CONTINUOUS
100
AcDbLine
 10
276.5924999999999727
 20
-169.0187499999999829
 30
0
 11
295.5424999999999613
 21
-169.0187499999999829
 31
0
  0
LINE
  5
183
330
1B
100
AcDbEntity
  8
User.Drawings
  6
CONTINUOUS
100
AcDbLine
 10
295.5424999999999613
 20
-169.0187499999999829
 30
0
 11
295.5424999999999613
 21
-150.0687499999999943
 31
0
  0
LINE
  5
184
330
1B
100
AcDbEntity
  8
User.Drawings
  6
CONTINUOUS
100
AcDbLine
 10
295.5424999999999613
 20
-150.0687499999999943
 30
0
 11
276.5924999999999727
 21
-150.0687499999999943
 31
0
  0
LINE
  5
185
330
1B
100
AcDbEntity
  8
User.Drawings
  6
CONTINUOUS
100
AcDbLine
 10
257.5424999999999613
 20
-150.0687499999999943
 30
0
 11
257.5424999999999613
 21
-169.0187499999999829
 31
0
  0
LINE
  5
186
330
1B
100
AcDbEntity
  8
User.Drawings
  6
CONTINUOUS
100
AcDbLine
 10
257.5424999999999613
 20
-169.0187499999999829
 30
0
 11
276.4925000000000068
 21
-169.0187499999999829
 31
0
  0
LINE
  5
187
330
1B
100
AcDbEntity
  8
User.Drawings
  6
CONTINUOUS
100
AcDbLine
 10
276.4925000000000068
 20
-169.0187499999999829
 30
0
 11
276.4925000000000068
 21
-150.0687499999999943
 31
0
  0
LINE
  5
188
330
1B
100
AcDbEntity
  8
User.Drawings
  6
CONTINUOUS
100
AcDbLine
 10
276.4925000000000068
 20
-150.0687499999999943
 30
0
 11
257.5424999999999613
 21
-150.0687499999999943
 31
0
  0
LINE
  5
189
330
1B
100
AcDbEntity
  8
User.Drawings
  6
CONTINUOUS
100
AcDbLine
 10
224.2049999999999841
 20
-150.0687499999999943
 30
0
 11
224.2049999999999841
 21
-169.0187499999999829
 31
0
  0
LINE
  5
18A
330
1B
100
AcDbEntity
  8
User.Drawings
  6
CONTINUOUS
100
AcDbLine
 10
224.2049999999999841
 20
-169.0187499999999829
 30
0
 11
257.4424999999999955
 21
-169.0187499999999829
 31
0
  0
LINE
  5
18B
330
1B
100
AcDbEntity
  8
User.Drawings
  6
CONTINUOUS
100
AcDbLine
 10
257.4424999999999955
 20
-169.0187499999999829
 30
0
 11
257.4424999999999955
 21
-150.0687499999999943
 31
0
  0
LINE
  5
18C
330
1B
100
AcDbEntity
  8
User.Drawings
  6
CONTINUOUS
100
AcDbLine
 10
257.4424999999999955
 20
-150.0687499999999943
 30
0
 11
238.4424999999999955
 21
-150.0687499999999943
 31
0
  0
LINE
  5
18D
330
1B
100
AcDbEntity
  8
User.Drawings
  6
CONTINUOUS
100
AcDbLine
 10
238.4424999999999955
 20
-150.0687499999999943
 30
0
 11
224.2049999999999841
 21
-150.0687499999999943
 31
0
  0
LINE
  5
18E
330
1B
100
AcDbEntity
  8
User.Drawings
  6
CONTINUOUS
100
AcDbLine
 10
333.7425000000000068
 20
-131.0187499999999829
 30
0
 11
333.7425000000000068
 21
-149.96875
 31
0
  0
LINE
  5
18F
330
1B
100
AcDbEntity
  8
User.Drawings
  6
CONTINUOUS
100
AcDbLine
 10
333.7425000000000068
 20
-149.96875
 30
0
 11
347.9799999999999613
 21
-149.96875
 31
0
  0
LINE
  5
190
330
1B
100
AcDbEntity
  8
User.Drawings
  6
CONTINUOUS
100
AcDbLine
 10
347.9799999999999613
 20
-149.96875
 30
0
 11
352.6924999999999955
 21
-149.96875
 31
0
  0
LINE
  5
191
330
1B
100
AcDbEntity
  8
User.Drawings
  6
CONTINUOUS
100
AcDbLine
 10
352.6924999999999955
 20
-149.96875
 30
0
 11
352.6924999999999955
 21
-131.0187499999999829
 31
0
  0
LINE
  5
192
330
1B
100
AcDbEntity
  8
User.Drawings
  6
CONTINUOUS
100
AcDbLine
 10
352.6924999999999955
 20
-131.0187499999999829
 30
0
 11
333.7425000000000068
 21
-131.0187499999999829
 31
0
  0
LINE
  5
193
330
1B
100
AcDbEntity
  8
User.Drawings
  6
CONTINUOUS
100
AcDbLine
 10
314.6924999999999955
 20
-131.0187499999999829
 30
0
 11
314.6924999999999955
 21
-149.96875
 31
0
  0
LINE
  5
194
330
1B
100
AcDbEntity
  8
User.Drawings
  6
CONTINUOUS
100
AcDbLine
 10
314.6924999999999955
 20
-149.96875
 30
0
 11
328.9300000000000068
 21
-149.96875
 31
0
  0
LINE
  5
195
330
1B
100
AcDbEntity
  8
User.Drawings
  6
CONTINUOUS
100
AcDbLine
 10
328.9300000000000068
 20
-149.96875
 30
0
 11
333.6424999999999841
 21
-149.96875
 31
0
  0
LINE
  5
196
330
1B
100
AcDbEntity
  8
User.Drawings
  6
CONTINUOUS
100
AcDbLine
 10
333.6424999999999841
 20
-149.96875
 30
0
 11
333.6424999999999841
 21
-131.0187499999999829
 31
0
  0
LINE
  5
197
330
1B
100
AcDbEntity
  8
User.Drawings
  6
CONTINUOUS
100
AcDbLine
 10
333.6424999999999841
 20
-131.0187499999999829
 30
0
 11
314.6924999999999955
 21
-131.0187499999999829
 31
0
  0
LINE
  5
198
330
1B
100
AcDbEntity
  8
User.Drawings
  6
CONTINUOUS
100
AcDbLine
 10
295.6424999999999841
 20
-131.0187499999999829
 30
0
 11
295.6424999999999841
 21
-149.96875
 31
0
  0
LINE
  5
199
330
1B
100
AcDbEntity
  8
User.Drawings
  6
CONTINUOUS
100
AcDbLine
 10
295.6424999999999841
 20
-149.96875
 30
0
 11
314.5924999999999727
 21
-149.96875
 31
0
  0
LINE
  5
19A
330
1B
100
AcDbEntity
  8
User.Drawings
  6
CONTINUOUS
100
AcDbLine
 10
314.5924999999999727
 20
-149.96875
 30
0
 11
314.5924999999999727
 21
-131.0187499999999829
 31
0
  0
LINE
  5
19B
330
1B
100
AcDbEntity
  8
User.Drawings
  6
CONTINUOUS
100
AcDbLine
 10
314.5924999999999727
 20
-131.0187499999999829
 30
0
 11
295.6424999999999841
 21
-131.0187499999999829
 31
0
  0
LINE
  5
19C
330
1B
100
AcDbEntity
  8
User.Drawings
  6
CONTINUOUS
100
AcDbLine
 10
276.5924999999999727
 20
-131.0187499999999829
 30
0
 11
276.5924999999999727
 21
-149.96875
 31
0
  0
LINE
  5
19D
330
1B
100
AcDbEntity
  8
User.Drawings
  6
CONTINUOUS
100
AcDbLine
 10
276.5924999999999727
 20
-149.96875
 30
0
 11
295.5424999999999613
 21
-149.96875
 31
0
  0
LINE
  5
19E
330
1B
100
AcDbEntity
  8
User.Drawings
  6
CONTINUOUS
100
AcDbLine
 10
295.5424999999999613
 20
-149.96875
 30
0
 11
295.5424999999999613
 21
-131.0187499999999829
 31
0
  0
LINE
  5
19F
330
1B
100
AcDbEntity
  8
User.Drawings
  6
CONTINUOUS
100
AcDbLine
 10
295.5424999999999613
 20
-131.0187499999999829
 30
0
 11
276.5924999999999727
 21
-131.0187499999999829
 31
0
  0
LINE
  5
1A0
330
1B
100
AcDbEntity
  8
User.Drawings
  6
CONTINUOUS
100
AcDbLine
 10
257.5424999999999613
 20
-131.0187499999999829
 30
0
 11
257.5424999999999613
 21
-149.96875
 31
0
  0
LINE
  5
1A1
330
1B
100
AcDbEntity
  8
User.Drawings
  6
CONTINUOUS
100
AcDbLine
 10
257.5424999999999613
 20
-149.96875
 30
0
 11
276.4925000000000068
 21
-149.96875
 31
0
  0
LINE
  5
1A2
330
1B
100
AcDbEntity
  8
User.Drawings
  6
CONTINUOUS
100
AcDbLine
 10
276.4925000000000068
 20
-149.96875
 30
0
 11
276.4925000000000068
 21
-131.0187499999999829
 31
0
  0
LINE
  5
1A3
330
1B
100
AcDbEntity
  8
User.Drawings
  6
CONTINUOUS
100
AcDbLine
 10
276.4925000000000068
 20
-131.0187499999999829
 30
0
 11
257.5424999999999613
 21
-131.0187499999999829
 31
0
  0
LINE
  5
1A4
330
1B
100
AcDbEntity
  8
User.Drawings
  6
CONTINUOUS
100
AcDbLine
 10
238.4924999999999784
 20
-131.0187499999999829
 30
0
 11
238.4924999999999784
 21
-149.96875
 31
0
  0
LINE
  5
1A5
330
1B
100
AcDbEntity
  8
User.Drawings
  6
CONTINUOUS
100
AcDbLine
 10
238.4924999999999784
 20
-149.96875
 30
0
 11
257.4424999999999955
 21
-149.96875
 31
0
  0
LINE
  5
1A6
330
1B
100
AcDbEntity
  8
User.Drawings
  6
CONTINUOUS
100
AcDbLine
 10
257.4424999999999955
 20
-149.96875
 30
0
 11
257.4424999999999955
 21
-131.0187499999999829
 31
0
  0
LINE
  5
1A7
330
1B
100
AcDbEntity
  8
User.Drawings
  6
CONTINUOUS
100
AcDbLine
 10
257.4424999999999955
 20
-131.0187499999999829
 30
0
 11
238.4924999999999784
 21
-131.0187499999999829
 31
0
  0
LINE
  5
1A8
330
1B
100
AcDbEntity
  8
User.Drawings
  6
CONTINUOUS
100
AcDbLine
 10
333.7425000000000068
 20
-111.96875
 30
0
 11
333.7425000000000068
 21
-130.9187499999999886
 31
0
  0
LINE
  5
1A9
330
1B
100
AcDbEntity
  8
User.Drawings
  6
CONTINUOUS
100
AcDbLine
 10
333.7425000000000068
 20
-130.9187499999999886
 30
0
 11
352.7425000000000068
 21
-130.9187499999999886
 31
0
  0
LINE
  5
1AA
330
1B
100
AcDbEntity
  8
User.Drawings
  6
CONTINUOUS
100
AcDbLine
 10
352.7425000000000068
 20
-130.9187499999999886
 30
0
 11
366.9799999999999613
 21
-130.9187499999999886
 31
0
  0
LINE
  5
1AB
330
1B
100
AcDbEntity
  8
User.Drawings
  6
CONTINUOUS
100
AcDbLine
 10
366.9799999999999613
 20
-130.9187499999999886
 30
0
 11
366.9799999999999613
 21
-111.96875
 31
0
  0
LINE
  5
1AC
330
1B
100
AcDbEntity
  8
User.Drawings
  6
CONTINUOUS
100
AcDbLine
 10
366.9799999999999613
 20
-111.96875
 30
0
 11
343.2174999999999727
 21
-111.96875
 31
0
  0
LINE
  5
1AD
330
1B
100
AcDbEntity
  8
User.Drawings
  6
CONTINUOUS
100
AcDbLine
 10
343.2174999999999727
 20
-111.96875
 30
0
 11
333.7425000000000068
 21
-111.96875
 31
0
  0
LINE
  5
1AE
330
1B
100
AcDbEntity
  8
User.Drawings
  6
CONTINUOUS
100
AcDbLine
 10
314.6924999999999955
 20
-111.96875
 30
0
 11
314.6924999999999955
 21
-130.9187499999999886
 31
0
  0
LINE
  5
1AF
330
1B
100
AcDbEntity
  8
User.Drawings
  6
CONTINUOUS
100
AcDbLine
 10
314.6924999999999955
 20
-130.9187499999999886
 30
0
 11
333.6424999999999841
 21
-130.9187499999999886
 31
0
  0
LINE
  5
1B0
330
1B
100
AcDbEntity
  8
User.Drawings
  6
CONTINUOUS
100
AcDbLine
 10
333.6424999999999841
 20
-130.9187499999999886
 30
0
 11
333.6424999999999841
 21
-111.96875
 31
0
  0
LINE
  5
1B1
330
1B
100
AcDbEntity
  8
User.Drawings
  6
CONTINUOUS
100
AcDbLine
 10
333.6424999999999841
 20
-111.96875
 30
0
 11
324.1674999999999613
 21
-111.96875
 31
0
  0
LINE
  5
1B2
330
1B
100
AcDbEntity
  8
User.Drawings
  6
CONTINUOUS
100
AcDbLine
 10
324.1674999999999613
 20
-111.96875
 30
0
 11
314.6924999999999955
 21
-111.96875
 31
0
  0
LINE
  5
1B3
330
1B
100
AcDbEntity
  8
User.Drawings
  6
CONTINUOUS
100
AcDbLine
 10
295.6424999999999841
 20
-111.96875
 30
0
 11
295.6424999999999841
 21
-130.9187499999999886
 31
0
  0
LINE
  5
1B4
330
1B
100
AcDbEntity
  8
User.Drawings
  6
CONTINUOUS
100
AcDbLine
 10
295.6424999999999841
 20
-130.9187499999999886
 30
0
 11
314.5924999999999727
 21
-130.9187499999999886
 31
0
  0
LINE
  5
1B5
330
1B
100
AcDbEntity
  8
User.Drawings
  6
CONTINUOUS
100
AcDbLine
 10
314.5924999999999727
 20
-130.9187499999999886
 30
0
 11
314.5924999999999727
 21
-111.96875
 31
0
  0
LINE
  5
1B6
330
1B
100
AcDbEntity
  8
User.Drawings
  6
CONTINUOUS
100
AcDbLine
 10
314.5924999999999727
 20
-111.96875
 30
0
 11
305.1175000000000068
 21
-111.96875
 31
0
  0
LINE
  5
1B7
330
1B
100
AcDbEntity
  8
User.Drawings
  6
CONTINUOUS
100
AcDbLine
 10
305.1175000000000068
 20
-111.96875
 30
0
 11
295.6424999999999841
 21
-111.96875
 31
0
  0
LINE
  5
1B8
330
1B
100
AcDbEntity
  8
User.Drawings
  6
CONTINUOUS
100
AcDbLine
 10
276.5924999999999727
 20
-111.96875
 30
0
 11
276.5924999999999727
 21
-130.9187499999999886
 31
0
  0
LINE
  5
1B9
330
1B
100
AcDbEntity
  8
User.Drawings
  6
CONTINUOUS
100
AcDbLine
 10
276.5924999999999727
 20
-130.9187499999999886
 30
0
 11
295.5424999999999613
 21
-130.9187499999999886
 31
0
  0
LINE
  5
1BA
330
1B
100
AcDbEntity
  8
User.Drawings
  6
CONTINUOUS
100
AcDbLine
 10
295.5424999999999613
 20
-130.9187499999999886
 30
0
 11
295.5424999999999613
 21
-111.96875
 31
0
  0
LINE
  5
1BB
330
1B
100
AcDbEntity
  8
User.Drawings
  6
CONTINUOUS
100
AcDbLine
 10
295.5424999999999613
 20
-111.96875
 30
0
 11
286.0674999999999955
 21
-111.96875
 31
0
  0
LINE
  5
1BC
330
1B
100
AcDbEntity
  8
User.Drawings
  6
CONTINUOUS
100
AcDbLine
 10
286.0674999999999955
 20
-111.96875
 30
0
 11
276.5924999999999727
 21
-111.96875
 31
0
  0
LINE
  5
1BD
330
1B
100
AcDbEntity
  8
User.Drawings
  6
CONTINUOUS
100
AcDbLine
 10
257.5424999999999613
 20
-111.96875
 30
0
 11
257.5424999999999613
 21
-130.9187499999999886
 31
0
  0
LINE
  5
1BE
330
1B
100
AcDbEntity
  8
User.Drawings
  6
CONTINUOUS
100
AcDbLine
 10
257.5424999999999613
 20
-130.9187499999999886
 30
0
 11
276.4925000000000068
 21
-130.9187499999999886
 31
0
  0
LINE
  5
1BF
330
1B
100
AcDbEntity
  8
User.Drawings
  6
CONTINUOUS
100
AcDbLine
 10
276.4925000000000068
 20
-130.9187499999999886
 30
0
 11
276.4925000000000068
 21
-111.96875
 31
0
  0
LINE
  5
1C0
330
1B
100
AcDbEntity
  8
User.Drawings
  6
CONTINUOUS
100
AcDbLine
 10
276.4925000000000068
 20
-111.96875
 30
0
 11
267.0174999999999841
 21
-111.96875
 31
0
  0
LINE
  5
1C1
330
1B
100
AcDbEntity
  8
User.Drawings
  6
CONTINUOUS
100
AcDbLine
 10
267.0174999999999841
 20
-111.96875
 30
0
 11
257.5424999999999613
 21
-111.96875
 31
0
  0
LINE
  5
1C2
330
1B
100
AcDbEntity
  8
User.Drawings
  6
CONTINUOUS
100
AcDbLine
 10
238.4924999999999784
 20
-111.96875
 30
0
 11
238.4924999999999784
 21
-130.9187499999999886
 31
0
  0
LINE
  5
1C3
330
1B
100
AcDbEntity
  8
User.Drawings
  6
CONTINUOUS
100
AcDbLine
 10
238.4924999999999784
 20
-130.9187499999999886
 30
0
 11
257.4424999999999955
 21
-130.9187499999999886
 31
0
  0
LINE
  5
1C4
330
1B
100
AcDbEntity
  8
User.Drawings
  6
CONTINUOUS
100
AcDbLine
 10
257.4424999999999955
 20
-130.9187499999999886
 30
0
 11
257.4424999999999955
 21
-111.96875
 31
0
  0
LINE
  5
1C5
330
1B
100
AcDbEntity
  8
User.Drawings
  6
CONTINUOUS
100
AcDbLine
 10
257.4424999999999955
 20
-111.96875
 30
0
 11
247.9675000000000011
 21
-111.96875
 31
0
  0
LINE
  5
1C6
330
1B
100
AcDbEntity
  8
User.Drawings
  6
CONTINUOUS
100
AcDbLine
 10
247.9675000000000011
 20
-111.96875
 30
0
 11
238.4924999999999784
 21
-111.96875
 31
0
  0
LINE
  5
1C7
330
1B
100
AcDbEntity
  8
User.Drawings
  6
CONTINUOUS
100
AcDbLine
 10
343.2674999999999841
 20
-92.9187500000000028
 30
0
 11
343.2674999999999841
 21
-111.8687499999999915
 31
0
  0
LINE
  5
1C8
330
1B
100
AcDbEntity
  8
User.Drawings
  6
CONTINUOUS
100
AcDbLine
 10
343.2674999999999841
 20
-111.8687499999999915
 30
0
 11
366.9799999999999613
 21
-111.8687499999999915
 31
0
  0
LINE
  5
1C9
330
1B
100
AcDbEntity
  8
User.Drawings
  6
CONTINUOUS
100
AcDbLine
 10
366.9799999999999613
 20
-111.8687499999999915
 30
0
 11
366.9799999999999613
 21
-92.9187500000000028
 31
0
  0
LINE
  5
1CA
330
1B
100
AcDbEntity
  8
User.Drawings
  6
CONTINUOUS
100
AcDbLine
 10
366.9799999999999613
 20
-92.9187500000000028
 30
0
 11
343.2674999999999841
 21
-92.9187500000000028
 31
0
  0
LINE
  5
1CB
330
1B
100
AcDbEntity
  8
User.Drawings
  6
CONTINUOUS
100
AcDbLine
 10
324.2174999999999727
 20
-92.9187500000000028
 30
0
 11
324.2174999999999727
 21
-111.8687499999999915
 31
0
  0
LINE
  5
1CC
330
1B
100
AcDbEntity
  8
User.Drawings
  6
CONTINUOUS
100
AcDbLine
 10
324.2174999999999727
 20
-111.8687499999999915
 30
0
 11
333.6924999999999955
 21
-111.8687499999999915
 31
0
  0
LINE
  5
1CD
330
1B
100
AcDbEntity
  8
User.Drawings
  6
CONTINUOUS
100
AcDbLine
 10
333.6924999999999955
 20
-111.8687499999999915
 30
0
 11
343.1674999999999613
 21
-111.8687499999999915
 31
0
  0
LINE
  5
1CE
330
1B
100
AcDbEntity
  8
User.Drawings
  6
CONTINUOUS
100
AcDbLine
 10
343.1674999999999613
 20
-111.8687499999999915
 30
0
 11
343.1674999999999613
 21
-92.9187500000000028
 31
0
  0
LINE
  5
1CF
330
1B
100
AcDbEntity
  8
User.Drawings
  6
CONTINUOUS
100
AcDbLine
 10
343.1674999999999613
 20
-92.9187500000000028
 30
0
 11
338.4549999999999841
 21
-92.9187500000000028
 31
0
  0
LINE
  5
1D0
330
1B
100
AcDbEntity
  8
User.Drawings
  6
CONTINUOUS
100
AcDbLine
 10
338.4549999999999841
 20
-92.9187500000000028
 30
0
 11
324.2174999999999727
 21
-92.9187500000000028
 31
0
  0
LINE
  5
1D1
330
1B
100
AcDbEntity
  8
User.Drawings
  6
CONTINUOUS
100
AcDbLine
 10
305.1674999999999613
 20
-92.9187500000000028
 30
0
 11
305.1674999999999613
 21
-111.8687499999999915
 31
0
  0
LINE
  5
1D2
330
1B
100
AcDbEntity
  8
User.Drawings
  6
CONTINUOUS
100
AcDbLine
 10
305.1674999999999613
 20
-111.8687499999999915
 30
0
 11
314.6424999999999841
 21
-111.8687499999999915
 31
0
  0
LINE
  5
1D3
330
1B
100
AcDbEntity
  8
User.Drawings
  6
CONTINUOUS
100
AcDbLine
 10
314.6424999999999841
 20
-111.8687499999999915
 30
0
 11
324.1175000000000068
 21
-111.8687499999999915
 31
0
  0
LINE
  5
1D4
330
1B
100
AcDbEntity
  8
User.Drawings
  6
CONTINUOUS
100
AcDbLine
 10
324.1175000000000068
 20
-111.8687499999999915
 30
0
 11
324.1175000000000068
 21
-92.9187500000000028
 31
0
  0
LINE
  5
1D5
330
1B
100
AcDbEntity
  8
User.Drawings
  6
CONTINUOUS
100
AcDbLine
 10
324.1175000000000068
 20
-92.9187500000000028
 30
0
 11
319.4049999999999727
 21
-92.9187500000000028
 31
0
  0
LINE
  5
1D6
330
1B
100
AcDbEntity
  8
User.Drawings
  6
CONTINUOUS
100
AcDbLine
 10
319.4049999999999727
 20
-92.9187500000000028
 30
0
 11
305.1674999999999613
 21
-92.9187500000000028
 31
0
  0
LINE
  5
1D7
330
1B
100
AcDbEntity
  8
User.Drawings
  6
CONTINUOUS
100
AcDbLine
 10
286.1175000000000068
 20
-92.9187500000000028
 30
0
 11
286.1175000000000068
 21
-111.8687499999999915
 31
0
  0
LINE
  5
1D8
330
1B
100
AcDbEntity
  8
User.Drawings
  6
CONTINUOUS
100
AcDbLine
 10
286.1175000000000068
 20
-111.8687499999999915
 30
0
 11
295.5924999999999727
 21
-111.8687499999999915
 31
0
  0
LINE
  5
1D9
330
1B
100
AcDbEntity
  8
User.Drawings
  6
CONTINUOUS
100
AcDbLine
 10
295.5924999999999727
 20
-111.8687499999999915
 30
0
 11
305.0674999999999955
 21
-111.8687499999999915
 31
0
  0
LINE
  5
1DA
330
1B
100
AcDbEntity
  8
User.Drawings
  6
CONTINUOUS
100
AcDbLine
 10
305.0674999999999955
 20
-111.8687499999999915
 30
0
 11
305.0674999999999955
 21
-92.9187500000000028
 31
0
  0
LINE
  5
1DB
330
1B
100
AcDbEntity
  8
User.Drawings
  6
CONTINUOUS
100
AcDbLine
 10
305.0674999999999955
 20
-92.9187500000000028
 30
0
 11
300.3549999999999613
 21
-92.9187500000000028
 31
0
  0
LINE
  5
1DC
330
1B
100
AcDbEntity
  8
User.Drawings
  6
CONTINUOUS
100
AcDbLine
 10
300.3549999999999613
 20
-92.9187500000000028
 30
0
 11
286.1175000000000068
 21
-92.9187500000000028
 31
0
  0
LINE
  5
1DD
330
1B
100
AcDbEntity
  8
User.Drawings
  6
CONTINUOUS
100
AcDbLine
 10
267.0674999999999955
 20
-92.9187500000000028
 30
0
 11
267.0674999999999955
 21
-111.8687499999999915
 31
0
  0
LINE
  5
1DE
330
1B
100
AcDbEntity
  8
User.Drawings
  6
CONTINUOUS
100
AcDbLine
 10
267.0674999999999955
 20
-111.8687499999999915
 30
0
 11
276.5424999999999613
 21
-111.8687499999999915
 31
0
  0
LINE
  5
1DF
330
1B
100
AcDbEntity
  8
User.Drawings
  6
CONTINUOUS
100
AcDbLine
 10
276.5424999999999613
 20
-111.8687499999999915
 30
0
 11
286.0174999999999841
 21
-111.8687499999999915
 31
0
  0
LINE
  5
1E0
330
1B
100
AcDbEntity
  8
User.Drawings
  6
CONTINUOUS
100
AcDbLine
 10
286.0174999999999841
 20
-111.8687499999999915
 30
0
 11
286.0174999999999841
 21
-92.9187500000000028
 31
0
  0
LINE
  5
1E1
330
1B
100
AcDbEntity
  8
User.Drawings
  6
CONTINUOUS
100
AcDbLine
 10
286.0174999999999841
 20
-92.9187500000000028
 30
0
 11
281.3050000000000068
 21
-92.9187500000000028
 31
0
  0
LINE
  5
1E2
330
1B
100
AcDbEntity
  8
User.Drawings
  6
CONTINUOUS
100
AcDbLine
 10
281.3050000000000068
 20
-92.9187500000000028
 30
0
 11
267.0674999999999955
 21
-92.9187500000000028
 31
0
  0
LINE
  5
1E3
330
1B
100
AcDbEntity
  8
User.Drawings
  6
CONTINUOUS
100
AcDbLine
 10
248.0174999999999841
 20
-92.9187500000000028
 30
0
 11
248.0174999999999841
 21
-111.8687499999999915
 31
0
  0
LINE
  5
1E4
330
1B
100
AcDbEntity
  8
User.Drawings
  6
CONTINUOUS
100
AcDbLine
 10
248.0174999999999841
 20
-111.8687499999999915
 30
0
 11
257.4925000000000068
 21
-111.8687499999999915
 31
0
  0
LINE
  5
1E5
330
1B
100
AcDbEntity
  8
User.Drawings
  6
CONTINUOUS
100
AcDbLine
 10
257.4925000000000068
 20
-111.8687499999999915
 30
0
 11
266.9674999999999727
 21
-111.8687499999999915
 31
0
  0
LINE
  5
1E6
330
1B
100
AcDbEntity
  8
User.Drawings
  6
CONTINUOUS
100
AcDbLine
 10
266.9674999999999727
 20
-111.8687499999999915
 30
0
 11
266.9674999999999727
 21
-92.9187500000000028
 31
0
  0
LINE
  5
1E7
330
1B
100
AcDbEntity
  8
User.Drawings
  6
CONTINUOUS
100
AcDbLine
 10
266.9674999999999727
 20
-92.9187500000000028
 30
0
 11
262.2549999999999955
 21
-92.9187500000000028
 31
0
  0
LINE
  5
1E8
330
1B
100
AcDbEntity
  8
User.Drawings
  6
CONTINUOUS
100
AcDbLine
 10
262.2549999999999955
 20
-92.9187500000000028
 30
0
 11
248.0174999999999841
 21
-92.9187500000000028
 31
0
  0
LINE
  5
1E9
330
1B
100
AcDbEntity
  8
User.Drawings
  6
CONTINUOUS
100
AcDbLine
 10
228.9675000000000011
 20
-92.9187500000000028
 30
0
 11
228.9675000000000011
 21
-111.8687499999999915
 31
0
  0
LINE
  5
1EA
330
1B
100
AcDbEntity
  8
User.Drawings
  6
CONTINUOUS
100
AcDbLine
 10
228.9675000000000011
 20
-111.8687499999999915
 30
0
 11
247.9174999999999898
 21
-111.8687499999999915
 31
0
  0
LINE
  5
1EB
330
1B
100
AcDbEntity
  8
User.Drawings
  6
CONTINUOUS
100
AcDbLine
 10
247.9174999999999898
 20
-111.8687499999999915
 30
0
 11
247.9174999999999898
 21
-92.9187500000000028
 31
0
  0
LINE
  5
1EC
330
1B
100
AcDbEntity
  8
User.Drawings
  6
CONTINUOUS
100
AcDbLine
 10
247.9174999999999898
 20
-92.9187500000000028
 30
0
 11
243.2049999999999841
 21
-92.9187500000000028
 31
0
  0
LINE
  5
1ED
330
1B
100
AcDbEntity
  8
User.Drawings
  6
CONTINUOUS
100
AcDbLine
 10
243.2049999999999841
 20
-92.9187500000000028
 30
0
 11
228.9675000000000011
 21
-92.9187500000000028
 31
0
  0
LINE
  5
1EE
330
1B
100
AcDbEntity
  8
User.Drawings
  6
CONTINUOUS
100
AcDbLine
 10
338.5049999999999955
 20
-73.8687499999999915
 30
0
 11
338.5049999999999955
 21
-92.8187499999999943
 31
0
  0
LINE
  5
1EF
330
1B
100
AcDbEntity
  8
User.Drawings
  6
CONTINUOUS
100
AcDbLine
 10
338.5049999999999955
 20
-92.8187499999999943
 30
0
 11
343.2174999999999727
 21
-92.8187499999999943
 31
0
  0
LINE
  5
1F0
330
1B
100
AcDbEntity
  8
User.Drawings
  6
CONTINUOUS
100
AcDbLine
 10
343.2174999999999727
 20
-92.8187499999999943
 30
0
 11
366.9799999999999613
 21
-92.8187499999999943
 31
0
  0
LINE
  5
1F1
330
1B
100
AcDbEntity
  8
User.Drawings
  6
CONTINUOUS
100
AcDbLine
 10
366.9799999999999613
 20
-92.8187499999999943
 30
0
 11
366.9799999999999613
 21
-73.8687499999999915
 31
0
  0
LINE
  5
1F2
330
1B
100
AcDbEntity
  8
User.Drawings
  6
CONTINUOUS
100
AcDbLine
 10
366.9799999999999613
 20
-73.8687499999999915
 30
0
 11
338.5049999999999955
 21
-73.8687499999999915
 31
0
  0
LINE
  5
1F3
330
1B
100
AcDbEntity
  8
User.Drawings
  6
CONTINUOUS
100
AcDbLine
 10
319.4549999999999841
 20
-73.8687499999999915
 30
0
 11
319.4549999999999841
 21
-92.8187499999999943
 31
0
  0
LINE
  5
1F4
330
1B
100
AcDbEntity
  8
User.Drawings
  6
CONTINUOUS
100
AcDbLine
 10
319.4549999999999841
 20
-92.8187499999999943
 30
0
 11
324.1674999999999613
 21
-92.8187499999999943
 31
0
  0
LINE
  5
1F5
330
1B
100
AcDbEntity
  8
User.Drawings
  6
CONTINUOUS
100
AcDbLine
 10
324.1674999999999613
 20
-92.8187499999999943
 30
0
 11
338.4049999999999727
 21
-92.8187499999999943
 31
0
  0
LINE
  5
1F6
330
1B
100
AcDbEntity
  8
User.Drawings
  6
CONTINUOUS
100
AcDbLine
 10
338.4049999999999727
 20
-92.8187499999999943
 30
0
 11
338.4049999999999727
 21
-73.8687499999999915
 31
0
  0
LINE
  5
1F7
330
1B
100
AcDbEntity
  8
User.Drawings
  6
CONTINUOUS
100
AcDbLine
 10
338.4049999999999727
 20
-73.8687499999999915
 30
0
 11
319.4549999999999841
 21
-73.8687499999999915
 31
0
  0
LINE
  5
1F8
330
1B
100
AcDbEntity
  8
User.Drawings
  6
CONTINUOUS
100
AcDbLine
 10
300.4049999999999727
 20
-73.8687499999999915
 30
0
 11
300.4049999999999727
 21
-92.8187499999999943
 31
0
  0
LINE
  5
1F9
330
1B
100
AcDbEntity
  8
User.Drawings
  6
CONTINUOUS
100
AcDbLine
 10
300.4049999999999727
 20
-92.8187499999999943
 30
0
 11
305.1175000000000068
 21
-92.8187499999999943
 31
0
  0
LINE
  5
1FA
330
1B
100
AcDbEntity
  8
User.Drawings
  6
CONTINUOUS
100
AcDbLine
 10
305.1175000000000068
 20
-92.8187499999999943
 30
0
 11
319.3549999999999613
 21
-92.8187499999999943
 31
0
  0
LINE
  5
1FB
330
1B
100
AcDbEntity
  8
User.Drawings
  6
CONTINUOUS
100
AcDbLine
 10
319.3549999999999613
 20
-92.8187499999999943
 30
0
 11
319.3549999999999613
 21
-73.8687499999999915
 31
0
  0
LINE
  5
1FC
330
1B
100
AcDbEntity
  8
User.Drawings
  6
CONTINUOUS
100
AcDbLine
 10
319.3549999999999613
 20
-73.8687499999999915
 30
0
 11
300.4049999999999727
 21
-73.8687499999999915
 31
0
  0
LINE
  5
1FD
330
1B
100
AcDbEntity
  8
User.Drawings
  6
CONTINUOUS
100
AcDbLine
 10
281.3549999999999613
 20
-73.8687499999999915
 30
0
 11
281.3549999999999613
 21
-92.8187499999999943
 31
0
  0
LINE
  5
1FE
330
1B
100
AcDbEntity
  8
User.Drawings
  6
CONTINUOUS
100
AcDbLine
 10
281.3549999999999613
 20
-92.8187499999999943
 30
0
 11
286.0674999999999955
 21
-92.8187499999999943
 31
0
  0
LINE
  5
1FF
330
1B
100
AcDbEntity
  8
User.Drawings
  6
CONTINUOUS
100
AcDbLine
 10
286.0674999999999955
 20
-92.8187499999999943
 30
0
 11
300.3050000000000068
 21
-92.8187499999999943
 31
0
  0
LINE
  5
200
330
1B
100
AcDbEntity
  8
User.Drawings
  6
CONTINUOUS
100
AcDbLine
 10
300.3050000000000068
 20
-92.8187499999999943
 30
0
 11
300.3050000000000068
 21
-73.8687499999999915
 31
0
  0
LINE
  5
201
330
1B
100
AcDbEntity
  8
User.Drawings
  6
CONTINUOUS
100
AcDbLine
 10
300.3050000000000068
 20
-73.8687499999999915
 30
0
 11
281.3549999999999613
 21
-73.8687499999999915
 31
0
  0
LINE
  5
202
330
1B
100
AcDbEntity
  8
User.Drawings
  6
CONTINUOUS
100
AcDbLine
 10
262.3050000000000068
 20
-73.8687499999999915
 30
0
 11
262.3050000000000068
 21
-92.8187499999999943
 31
0
  0
LINE
  5
203
330
1B
100
AcDbEntity
  8
User.Drawings
  6
CONTINUOUS
100
AcDbLine
 10
262.3050000000000068
 20
-92.8187499999999943
 30
0
 11
267.0174999999999841
 21
-92.8187499999999943
 31
0
  0
LINE
  5
204
330
1B
100
AcDbEntity
  8
User.Drawings
  6
CONTINUOUS
100
AcDbLine
 10
267.0174999999999841
 20
-92.8187499999999943
 30
0
 11
281.2549999999999955
 21
-92.8187499999999943
 31
0
  0
LINE
  5
205
330
1B
100
AcDbEntity
  8
User.Drawings
  6
CONTINUOUS
100
AcDbLine
 10
281.2549999999999955
 20
-92.8187499999999943
 30
0
 11
281.2549999999999955
 21
-73.8687499999999915
 31
0
  0
LINE
  5
206
330
1B
100
AcDbEntity
  8
User.Drawings
  6
CONTINUOUS
100
AcDbLine
 10
281.2549999999999955
 20
-73.8687499999999915
 30
0
 11
262.3050000000000068
 21
-73.8687499999999915
 31
0
  0
LINE
  5
207
330
1B
100
AcDbEntity
  8
User.Drawings
  6
CONTINUOUS
100
AcDbLine
 10
243.2549999999999955
 20
-73.8687499999999915
 30
0
 11
243.2549999999999955
 21
-92.8187499999999943
 31
0
  0
LINE
  5
208
330
1B
100
AcDbEntity
  8
User.Drawings
  6
CONTINUOUS
100
AcDbLine
 10
243.2549999999999955
 20
-92.8187499999999943
 30
0
 11
247.9675000000000011
 21
-92.8187499999999943
 31
0
  0
LINE
  5
209
330
1B
100
AcDbEntity
  8
User.Drawings
  6
CONTINUOUS
100
AcDbLine
 10
247.9675000000000011
 20
-92.8187499999999943
 30
0
 11
262.2049999999999841
 21
-92.8187499999999943
 31
0
  0
LINE
  5
20A
330
1B
100
AcDbEntity
  8
User.Drawings
  6
CONTINUOUS
100
AcDbLine
 10
262.2049999999999841
 20
-92.8187499999999943
 30
0
 11
262.2049999999999841
 21
-73.8687499999999915
 31
0
  0
LINE
  5
20B
330
1B
100
AcDbEntity
  8
User.Drawings
  6
CONTINUOUS
100
AcDbLine
 10
262.2049999999999841
 20
-73.8687499999999915
 30
0
 11
243.2549999999999955
 21
-73.8687499999999915
 31
0
  0
LINE
  5
20C
330
1B
100
AcDbEntity
  8
User.Drawings
  6
CONTINUOUS
100
AcDbLine
 10
224.2049999999999841
 20
-73.8687499999999915
 30
0
 11
224.2049999999999841
 21
-92.8187499999999943
 31
0
  0
LINE
  5
20D
330
1B
100
AcDbEntity
  8
User.Drawings
  6
CONTINUOUS
100
AcDbLine
 10
224.2049999999999841
 20
-92.8187499999999943
 30
0
 11
243.1550000000000011
 21
-92.8187499999999943
 31
0
  0
LINE
  5
20E
330
1B
100
AcDbEntity
  8
User.Drawings
  6
CONTINUOUS
100
AcDbLine
 10
243.1550000000000011
 20
-92.8187499999999943
 30
0
 11
243.1550000000000011
 21
-73.8687499999999915
 31
0
  0
LINE
  5
20F
330
1B
100
AcDbEntity
  8
User.Drawings
  6
CONTINUOUS
100
AcDbLine
 10
243.1550000000000011
 20
-73.8687499999999915
 30
0
 11
224.2049999999999841
 21
-73.8687499999999915
 31
0
  0
LINE
  5
210
330
1B
100
AcDbEntity
  8
User.Drawings
  6
CONTINUOUS
100
AcDbLine
 10
379.9053839999999695
 20
-86.497556000000003
 30
0
 11
379.9324439999999754
 21
-86.5246159999999946
 31
0
  0
LINE
  5
211
330
1B
100
AcDbEntity
  8
User.Drawings
  6
CONTINUOUS
100
AcDbLine
 10
379.9324439999999754
 20
-86.5246159999999946
 30
0
 11
379.9362499999999727
 21
-86.5437500000000028
 31
0
  0
LINE
  5
212
330
1B
100
AcDbEntity
  8
User.Drawings
  6
CONTINUOUS
100
AcDbLine
 10
379.9362499999999727
 20
-86.5437500000000028
 30
0
 11
379.9362499999999727
 21
-89.1437499999999972
 31
0
  0
LINE
  5
213
330
1B
100
AcDbEntity
  8
User.Drawings
  6
CONTINUOUS
100
AcDbLine
 10
379.9362499999999727
 20
-89.1437499999999972
 30
0
 11
379.9324439999999754
 21
-89.1628839999999911
 31
0
  0
LINE
  5
214
330
1B
100
AcDbEntity
  8
User.Drawings
  6
CONTINUOUS
100
AcDbLine
 10
379.9324439999999754
 20
-89.1628839999999911
 30
0
 11
379.9053839999999695
 21
-89.189943999999997
 31
0
  0
LINE
  5
215
330
1B
100
AcDbEntity
  8
User.Drawings
  6
CONTINUOUS
100
AcDbLine
 10
379.9053839999999695
 20
-89.189943999999997
 30
0
 11
379.8862499999999613
 21
-89.1937499999999943
 31
0
  0
LINE
  5
216
330
1B
100
AcDbEntity
  8
User.Drawings
  6
CONTINUOUS
100
AcDbLine
 10
379.8862499999999613
 20
-89.1937499999999943
 30
0
 11
378.6362499999999613
 21
-89.1937499999999943
 31
0
  0
LINE
  5
217
330
1B
100
AcDbEntity
  8
User.Drawings
  6
CONTINUOUS
100
AcDbLine
 10
378.6362499999999613
 20
-89.1937499999999943
 30
0
 11
378.61711600000001
 21
-89.189943999999997
 31
0
  0
LINE
  5
218
330
1B
100
AcDbEntity
  8
User.Drawings
  6
CONTINUOUS
100
AcDbLine
 10
378.61711600000001
 20
-89.189943999999997
 30
0
 11
378.5900560000000041
 21
-89.1628839999999911
 31
0
  0
LINE
  5
219
330
1B
100
AcDbEntity
  8
User.Drawings
  6
CONTINUOUS
100
AcDbLine
 10
378.5900560000000041
 20
-89.1628839999999911
 30
0
 11
378.5862500000000068
 21
-89.1437499999999972
 31
0
  0
LINE
  5
21A
330
1B
100
AcDbEntity
  8
User.Drawings
  6
CONTINUOUS
100
AcDbLine
 10
378.5862500000000068
 20
-89.1437499999999972
 30
0
 11
378.5862500000000068
 21
-86.5437500000000028
 31
0
  0
LINE
  5
21B
330
1B
100
AcDbEntity
  8
User.Drawings
  6
CONTINUOUS
100
AcDbLine
 10
378.5862500000000068
 20
-86.5437500000000028
 30
0
 11
378.5900560000000041
 21
-86.5246159999999946
 31
0
  0
LINE
  5
21C
330
1B
100
AcDbEntity
  8
User.Drawings
  6
CONTINUOUS
100
AcDbLine
 10
378.5900560000000041
 20
-86.5246159999999946
 30
0
 11
378.61711600000001
 21
-86.497556000000003
 31
0
  0
LINE
  5
21D
330
1B
100
AcDbEntity
  8
User.Drawings
  6
CONTINUOUS
100
AcDbLine
 10
378.61711600000001
 20
-86.497556000000003
 30
0
 11
378.6362499999999613
 21
-86.4937499999999915
 31
0
  0
LINE
  5
21E
330
1B
100
AcDbEntity
  8
User.Drawings
  6
CONTINUOUS
100
AcDbLine
 10
378.6362499999999613
 20
-86.4937499999999915
 30
0
 11
379.8862499999999613
 21
-86.4937499999999915
 31
0
  0
LINE
  5
21F
330
1B
100
AcDbEntity
  8
User.Drawings
  6
CONTINUOUS
100
AcDbLine
 10
379.8862499999999613
 20
-86.4937499999999915
 30
0
 11
379.9053839999999695
 21
-86.497556000000003
 31
0
  0
LINE
  5
220
330
1B
100
AcDbEntity
  8
User.Drawings
  6
CONTINUOUS
100
AcDbLine
 10
378.6862499999999727
 20
-86.59375
 30
0
 11
378.6862499999999727
 21
-89.09375
 31
0
  0
LINE
  5
221
330
1B
100
AcDbEntity
  8
User.Drawings
  6
CONTINUOUS
100
AcDbLine
 10
378.6862499999999727
 20
-89.09375
 30
0
 11
379.8362500000000068
 21
-89.09375
 31
0
  0
LINE
  5
222
330
1B
100
AcDbEntity
  8
User.Drawings
  6
CONTINUOUS
100
AcDbLine
 10
379.8362500000000068
 20
-89.09375
 30
0
 11
379.8362500000000068
 21
-86.59375
 31
0
  0
LINE
  5
223
330
1B
100
AcDbEntity
  8
User.Drawings
  6
CONTINUOUS
100
AcDbLine
 10
379.8362500000000068
 20
-86.59375
 30
0
 11
378.6862499999999727
 21
-86.59375
 31
0
  0
LINE
  5
224
330
1B
100
AcDbEntity
  8
User.Drawings
  6
CONTINUOUS
100
AcDbLine
 10
381.7553839999999923
 20
-86.5475560000000002
 30
0
 11
381.7824439999999981
 21
-86.5746159999999918
 31
0
  0
LINE
  5
225
330
1B
100
AcDbEntity
  8
User.Drawings
  6
CONTINUOUS
100
AcDbLine
 10
381.7824439999999981
 20
-86.5746159999999918
 30
0
 11
381.7862499999999955
 21
-86.59375
 31
0
  0
LINE
  5
226
330
1B
100
AcDbEntity
  8
User.Drawings
  6
CONTINUOUS
100
AcDbLine
 10
381.7862499999999955
 20
-86.59375
 30
0
 11
381.7862499999999955
 21
-89.09375
 31
0
  0
LINE
  5
227
330
1B
100
AcDbEntity
  8
User.Drawings
  6
CONTINUOUS
100
AcDbLine
 10
381.7862499999999955
 20
-89.09375
 30
0
 11
381.7824439999999981
 21
-89.112883999999994
 31
0
  0
LINE
  5
228
330
1B
100
AcDbEntity
  8
User.Drawings
  6
CONTINUOUS
100
AcDbLine
 10
381.7824439999999981
 20
-89.112883999999994
 30
0
 11
381.7553839999999923
 21
-89.1399439999999998
 31
0
  0
LINE
  5
229
330
1B
100
AcDbEntity
  8
User.Drawings
  6
CONTINUOUS
100
AcDbLine
 10
381.7553839999999923
 20
-89.1399439999999998
 30
0
 11
381.7362499999999841
 21
-89.1437499999999972
 31
0
  0
LINE
  5
22A
330
1B
100
AcDbEntity
  8
User.Drawings
  6
CONTINUOUS
100
AcDbLine
 10
381.7362499999999841
 20
-89.1437499999999972
 30
0
 11
380.5362499999999955
 21
-89.1437499999999972
 31
0
  0
LINE
  5
22B
330
1B
100
AcDbEntity
  8
User.Drawings
  6
CONTINUOUS
100
AcDbLine
 10
380.5362499999999955
 20
-89.1437499999999972
 30
0
 11
380.5171159999999873
 21
-89.1399439999999998
 31
0
  0
LINE
  5
22C
330
1B
100
AcDbEntity
  8
User.Drawings
  6
CONTINUOUS
100
AcDbLine
 10
380.5171159999999873
 20
-89.1399439999999998
 30
0
 11
380.4900559999999814
 21
-89.112883999999994
 31
0
  0
LINE
  5
22D
330
1B
100
AcDbEntity
  8
User.Drawings
  6
CONTINUOUS
100
AcDbLine
 10
380.4900559999999814
 20
-89.112883999999994
 30
0
 11
380.4862499999999841
 21
-89.09375
 31
0
  0
LINE
  5
22E
330
1B
100
AcDbEntity
  8
User.Drawings
  6
CONTINUOUS
100
AcDbLine
 10
380.4862499999999841
 20
-89.09375
 30
0
 11
380.4862499999999841
 21
-86.59375
 31
0
  0
LINE
  5
22F
330
1B
100
AcDbEntity
  8
User.Drawings
  6
CONTINUOUS
100
AcDbLine
 10
380.4862499999999841
 20
-86.59375
 30
0
 11
380.4900559999999814
 21
-86.5746159999999918
 31
0
  0
LINE
  5
230
330
1B
100
AcDbEntity
  8
User.Drawings
  6
CONTINUOUS
100
AcDbLine
 10
380.4900559999999814
 20
-86.5746159999999918
 30
0
 11
380.5171159999999873
 21
-86.5475560000000002
 31
0
  0
LINE
  5
231
330
1B
100
AcDbEntity
  8
User.Drawings
  6
CONTINUOUS
100
AcDbLine
 10
380.5171159999999873
 20
-86.5475560000000002
 30
0
 11
380.5362499999999955
 21
-86.5437500000000028
 31
0
  0
LINE
  5
232
330
1B
100
AcDbEntity
  8
User.Drawings
  6
CONTINUOUS
100
AcDbLine
 10
380.5362499999999955
 20
-86.5437500000000028
 30
0
 11
381.7362499999999841
 21
-86.5437500000000028
 31
0
  0
LINE
  5
233
330
1B
100
AcDbEntity
  8
User.Drawings
  6
CONTINUOUS
100
AcDbLine
 10
381.7362499999999841
 20
-86.5437500000000028
 30
0
 11
381.7553839999999923
 21
-86.5475560000000002
 31
0
  0
LINE
  5
234
330
1B
100
AcDbEntity
  8
User.Drawings
  6
CONTINUOUS
100
AcDbLine
 10
380.5862500000000068
 20
-86.6437499999999972
 30
0
 11
380.5862500000000068
 21
-89.0437500000000028
 31
0
  0
LINE
  5
235
330
1B
100
AcDbEntity
  8
User.Drawings
  6
CONTINUOUS
100
AcDbLine
 10
380.5862500000000068
 20
-89.0437500000000028
 30
0
 11
381.6862499999999727
 21
-89.0437500000000028
 31
0
  0
LINE
  5
236
330
1B
100
AcDbEntity
  8
User.Drawings
  6
CONTINUOUS
100
AcDbLine
 10
381.6862499999999727
 20
-89.0437500000000028
 30
0
 11
381.6862499999999727
 21
-86.6437499999999972
 31
0
  0
LINE
  5
237
330
1B
100
AcDbEntity
  8
User.Drawings
  6
CONTINUOUS
100
AcDbLine
 10
381.6862499999999727
 20
-86.6437499999999972
 30
0
 11
380.5862500000000068
 21
-86.6437499999999972
 31
0
  0
LINE
  5
238
330
1B
100
AcDbEntity
  8
User.Drawings
  6
CONTINUOUS
100
AcDbLine
 10
48.2616340000000008
 20
-77.497556000000003
 30
0
 11
48.2886939999999996
 21
-77.5246159999999946
 31
0
  0
LINE
  5
239
330
1B
100
AcDbEntity
  8
User.Drawings
  6
CONTINUOUS
100
AcDbLine
 10
48.2886939999999996
 20
-77.5246159999999946
 30
0
 11
48.2924999999999969
 21
-77.5437500000000028
 31
0
  0
LINE
  5
23A
330
1B
100
AcDbEntity
  8
User.Drawings
  6
CONTINUOUS
100
AcDbLine
 10
48.2924999999999969
 20
-77.5437500000000028
 30
0
 11
48.2924999999999969
 21
-80.1437499999999972
 31
0
  0
LINE
  5
23B
330
1B
100
AcDbEntity
  8
User.Drawings
  6
CONTINUOUS
100
AcDbLine
 10
48.2924999999999969
 20
-80.1437499999999972
 30
0
 11
48.2886939999999996
 21
-80.1628839999999911
 31
0
  0
LINE
  5
23C
330
1B
100
AcDbEntity
  8
User.Drawings
  6
CONTINUOUS
100
AcDbLine
 10
48.2886939999999996
 20
-80.1628839999999911
 30
0
 11
48.2616340000000008
 21
-80.189943999999997
 31
0
  0
LINE
  5
23D
330
1B
100
AcDbEntity
  8
User.Drawings
  6
CONTINUOUS
100
AcDbLine
 10
48.2616340000000008
 20
-80.189943999999997
 30
0
 11
48.2424999999999997
 21
-80.1937499999999943
 31
0
  0
LINE
  5
23E
330
1B
100
AcDbEntity
  8
User.Drawings
  6
CONTINUOUS
100
AcDbLine
 10
48.2424999999999997
 20
-80.1937499999999943
 30
0
 11
46.9924999999999997
 21
-80.1937499999999943
 31
0
  0
LINE
  5
23F
330
1B
100
AcDbEntity
  8
User.Drawings
  6
CONTINUOUS
100
AcDbLine
 10
46.9924999999999997
 20
-80.1937499999999943
 30
0
 11
46.9733659999999986
 21
-80.189943999999997
 31
0
  0
LINE
  5
240
330
1B
100
AcDbEntity
  8
User.Drawings
  6
CONTINUOUS
100
AcDbLine
 10
46.9733659999999986
 20
-80.189943999999997
 30
0
 11
46.9463059999999999
 21
-80.1628839999999911
 31
0
  0
LINE
  5
241
330
1B
100
AcDbEntity
  8
User.Drawings
  6
CONTINUOUS
100
AcDbLine
 10
46.9463059999999999
 20
-80.1628839999999911
 30
0
 11
46.9424999999999955
 21
-80.1437499999999972
 31
0
  0
LINE
  5
242
330
1B
100
AcDbEntity
  8
User.Drawings
  6
CONTINUOUS
100
AcDbLine
 10
46.9424999999999955
 20
-80.1437499999999972
 30
0
 11
46.9424999999999955
 21
-77.5437500000000028
 31
0
  0
LINE
  5
243
330
1B
100
AcDbEntity
  8
User.Drawings
  6
CONTINUOUS
100
AcDbLine
 10
46.9424999999999955
 20
-77.5437500000000028
 30
0
 11
46.9463059999999999
 21
-77.5246159999999946
 31
0
  0
LINE
  5
244
330
1B
100
AcDbEntity
  8
User.Drawings
  6
CONTINUOUS
100
AcDbLine
 10
46.9463059999999999
 20
-77.5246159999999946
 30
0
 11
46.9733659999999986
 21
-77.497556000000003
 31
0
  0
LINE
  5
245
330
1B
100
AcDbEntity
  8
User.Drawings
  6
CONTINUOUS
100
AcDbLine
 10
46.9733659999999986
 20
-77.497556000000003
 30
0
 11
46.9924999999999997
 21
-77.4937499999999915
 31
0
  0
LINE
  5
246
330
1B
100
AcDbEntity
  8
User.Drawings
  6
CONTINUOUS
100
AcDbLine
 10
46.9924999999999997
 20
-77.4937499999999915
 30
0
 11
48.2424999999999997
 21
-77.4937499999999915
 31
0
  0
LINE
  5
247
330
1B
100
AcDbEntity
  8
User.Drawings
  6
CONTINUOUS
100
AcDbLine
 10
48.2424999999999997
 20
-77.4937499999999915
 30
0
 11
48.2616340000000008
 21
-77.497556000000003
 31
0
  0
LINE
  5
248
330
1B
100
AcDbEntity
  8
User.Drawings
  6
CONTINUOUS
100
AcDbLine
 10
47.0424999999999969
 20
-77.59375
 30
0
 11
47.0424999999999969
 21
-80.09375
 31
0
  0
LINE
  5
249
330
1B
100
AcDbEntity
  8
User.Drawings
  6
CONTINUOUS
100
AcDbLine
 10
47.0424999999999969
 20
-80.09375
 30
0
 11
48.1924999999999955
 21
-80.09375
 31
0
  0
LINE
  5
24A
330
1B
100
AcDbEntity
  8
User.Drawings
  6
CONTINUOUS
100
AcDbLine
 10
48.1924999999999955
 20
-80.09375
 30
0
 11
48.1924999999999955
 21
-77.59375
 31
0
  0
LINE
  5
24B
330
1B
100
AcDbEntity
  8
User.Drawings
  6
CONTINUOUS
100
AcDbLine
 10
48.1924999999999955
 20
-77.59375
 30
0
 11
47.0424999999999969
 21
-77.59375
 31
0
  0
LINE
  5
24C
330
1B
100
AcDbEntity
  8
User.Drawings
  6
CONTINUOUS
100
AcDbLine
 10
46.3616339999999951
 20
-77.5475560000000002
 30
0
 11
46.388694000000001
 21
-77.5746159999999918
 31
0
  0
LINE
  5
24D
330
1B
100
AcDbEntity
  8
User.Drawings
  6
CONTINUOUS
100
AcDbLine
 10
46.388694000000001
 20
-77.5746159999999918
 30
0
 11
46.3924999999999983
 21
-77.59375
 31
0
  0
LINE
  5
24E
330
1B
100
AcDbEntity
  8
User.Drawings
  6
CONTINUOUS
100
AcDbLine
 10
46.3924999999999983
 20
-77.59375
 30
0
 11
46.3924999999999983
 21
-80.09375
 31
0
  0
LINE
  5
24F
330
1B
100
AcDbEntity
  8
User.Drawings
  6
CONTINUOUS
100
AcDbLine
 10
46.3924999999999983
 20
-80.09375
 30
0
 11
46.388694000000001
 21
-80.112883999999994
 31
0
  0
LINE
  5
250
330
1B
100
AcDbEntity
  8
User.Drawings
  6
CONTINUOUS
100
AcDbLine
 10
46.388694000000001
 20
-80.112883999999994
 30
0
 11
46.3616339999999951
 21
-80.1399439999999998
 31
0
  0
LINE
  5
251
330
1B
100
AcDbEntity
  8
User.Drawings
  6
CONTINUOUS
100
AcDbLine
 10
46.3616339999999951
 20
-80.1399439999999998
 30
0
 11
46.3425000000000011
 21
-80.1437499999999972
 31
0
  0
LINE
  5
252
330
1B
100
AcDbEntity
  8
User.Drawings
  6
CONTINUOUS
100
AcDbLine
 10
46.3425000000000011
 20
-80.1437499999999972
 30
0
 11
45.1424999999999983
 21
-80.1437499999999972
 31
0
  0
LINE
  5
253
330
1B
100
AcDbEntity
  8
User.Drawings
  6
CONTINUOUS
100
AcDbLine
 10
45.1424999999999983
 20
-80.1437499999999972
 30
0
 11
45.1233659999999972
 21
-80.1399439999999998
 31
0
  0
LINE
  5
254
330
1B
100
AcDbEntity
  8
User.Drawings
  6
CONTINUOUS
100
AcDbLine
 10
45.1233659999999972
 20
-80.1399439999999998
 30
0
 11
45.0963059999999984
 21
-80.112883999999994
 31
0
  0
LINE
  5
255
330
1B
100
AcDbEntity
  8
User.Drawings
  6
CONTINUOUS
100
AcDbLine
 10
45.0963059999999984
 20
-80.112883999999994
 30
0
 11
45.0925000000000011
 21
-80.09375
 31
0
  0
LINE
  5
256
330
1B
100
AcDbEntity
  8
User.Drawings
  6
CONTINUOUS
100
AcDbLine
 10
45.0925000000000011
 20
-80.09375
 30
0
 11
45.0925000000000011
 21
-77.59375
 31
0
  0
LINE
  5
257
330
1B
100
AcDbEntity
  8
User.Drawings
  6
CONTINUOUS
100
AcDbLine
 10
45.0925000000000011
 20
-77.59375
 30
0
 11
45.0963059999999984
 21
-77.5746159999999918
 31
0
  0
LINE
  5
258
330
1B
100
AcDbEntity
  8
User.Drawings
  6
CONTINUOUS
100
AcDbLine
 10
45.0963059999999984
 20
-77.5746159999999918
 30
0
 11
45.1233659999999972
 21
-77.5475560000000002
 31
0
  0
LINE
  5
259
330
1B
100
AcDbEntity
  8
User.Drawings
  6
CONTINUOUS
100
AcDbLine
 10
45.1233659999999972
 20
-77.5475560000000002
 30
0
 11
45.1424999999999983
 21
-77.5437500000000028
 31
0
  0
LINE
  5
25A
330
1B
100
AcDbEntity
  8
User.Drawings
  6
CONTINUOUS
100
AcDbLine
 10
45.1424999999999983
 20
-77.5437500000000028
 30
0
 11
46.3425000000000011
 21
-77.5437500000000028
 31
0
  0
LINE
  5
25B
330
1B
100
AcDbEntity
  8
User.Drawings
  6
CONTINUOUS
100
AcDbLine
 10
46.3425000000000011
 20
-77.5437500000000028
 30
0
 11
46.3616339999999951
 21
-77.5475560000000002
 31
0
  0
LINE
  5
25C
330
1B
100
AcDbEntity
  8
User.Drawings
  6
CONTINUOUS
100
AcDbLine
 10
45.1924999999999955
 20
-77.6437499999999972
 30
0
 11
45.1924999999999955
 21
-80.0437500000000028
 31
0
  0
LINE
  5
25D
330
1B
100
AcDbEntity
  8
User.Drawings
  6
CONTINUOUS
100
AcDbLine
 10
45.1924999999999955
 20
-80.0437500000000028
 30
0
 11
46.2924999999999969
 21
-80.0437500000000028
 31
0
  0
LINE
  5
25E
330
1B
100
AcDbEntity
  8
User.Drawings
  6
CONTINUOUS
100
AcDbLine
 10
46.2924999999999969
 20
-80.0437500000000028
 30
0
 11
46.2924999999999969
 21
-77.6437499999999972
 31
0
  0
LINE
  5
25F
330
1B
100
AcDbEntity
  8
User.Drawings
  6
CONTINUOUS
100
AcDbLine
 10
46.2924999999999969
 20
-77.6437499999999972
 30
0
 11
45.1924999999999955
 21
-77.6437499999999972
 31
0
  0
LINE
  5
260
330
1B
100
AcDbEntity
  8
Edge.Cuts
  6
CONTINUOUS
100
AcDbLine
 10
218.3623460000000023
 20
-151.0088329999999814
 30
0
 11
218.5430250000000001
 21
-151.0788289999999847
 31
0
  0
LINE
  5
261
330
1B
100
AcDbEntity
  8
Edge.Cuts
  6
CONTINUOUS
100
AcDbLine
 10
218.5430250000000001
 20
-151.0788289999999847
 30
0
 11
218.7077659999999923
 21
-151.180831999999981
 31
0
  0
LINE
  5
262
330
1B
100
AcDbEntity
  8
Edge.Cuts
  6
CONTINUOUS
100
AcDbLine
 10
218.7077659999999923
 20
-151.180831999999981
 30
0
 11
218.8509589999999889
 21
-151.3113699999999824
 31
0
  0
LINE
  5
263
330
1B
100
AcDbEntity
  8
Edge.Cuts
  6
CONTINUOUS
100
AcDbLine
 10
218.8509589999999889
 20
-151.3113699999999824
 30
0
 11
218.9677279999999939
 21
-151.4659959999999899
 31
0
  0
LINE
  5
264
330
1B
100
AcDbEntity
  8
Edge.Cuts
  6
CONTINUOUS
100
AcDbLine
 10
218.9677279999999939
 20
-151.4659959999999899
 30
0
 11
219.054095999999987
 21
-151.6394459999999924
 31
0
  0
LINE
  5
265
330
1B
100
AcDbEntity
  8
Edge.Cuts
  6
CONTINUOUS
100
AcDbLine
 10
219.054095999999987
 20
-151.6394459999999924
 30
0
 11
219.1071220000000039
 21
-151.8258129999999824
 31
0
  0
LINE
  5
266
330
1B
100
AcDbEntity
  8
Edge.Cuts
  6
CONTINUOUS
100
AcDbLine
 10
219.1071220000000039
 20
-151.8258129999999824
 30
0
 11
219.125
 21
-152.0187499999999829
 31
0
  0
LINE
  5
267
330
1B
100
AcDbEntity
  8
Edge.Cuts
  6
CONTINUOUS
100
AcDbLine
 10
219.125
 20
-152.0187499999999829
 30
0
 11
219.1154509999999789
 21
-152.0481389999999919
 31
0
  0
LINE
  5
268
330
1B
100
AcDbEntity
  8
Edge.Cuts
  6
CONTINUOUS
100
AcDbLine
 10
219.1154509999999789
 20
-152.0481389999999919
 30
0
 11
219.0999999999999943
 21
-152.0593649999999855
 31
0
  0
LINE
  5
269
330
1B
100
AcDbEntity
  8
Edge.Cuts
  6
CONTINUOUS
100
AcDbLine
 10
219.0999999999999943
 20
-152.0593649999999855
 30
0
 11
219.0999999999999943
 21
-162.2656340000000057
 31
0
  0
LINE
  5
26A
330
1B
100
AcDbEntity
  8
Edge.Cuts
  6
CONTINUOUS
100
AcDbLine
 10
219.0999999999999943
 20
-162.2656340000000057
 30
0
 11
219.1154509999999789
 21
-162.2768609999999967
 31
0
  0
LINE
  5
26B
330
1B
100
AcDbEntity
  8
Edge.Cuts
  6
CONTINUOUS
100
AcDbLine
 10
219.1154509999999789
 20
-162.2768609999999967
 30
0
 11
219.125
 21
-162.3062500000000057
 31
0
  0
LINE
  5
26C
330
1B
100
AcDbEntity
  8
Edge.Cuts
  6
CONTINUOUS
100
AcDbLine
 10
219.125
 20
-162.3062500000000057
 30
0
 11
219.1071220000000039
 21
-162.4991870000000063
 31
0
  0
LINE
  5
26D
330
1B
100
AcDbEntity
  8
Edge.Cuts
  6
CONTINUOUS
100
AcDbLine
 10
219.1071220000000039
 20
-162.4991870000000063
 30
0
 11
219.054095999999987
 21
-162.6855539999999962
 31
0
  0
LINE
  5
26E
330
1B
100
AcDbEntity
  8
Edge.Cuts
  6
CONTINUOUS
100
AcDbLine
 10
219.054095999999987
 20
-162.6855539999999962
 30
0
 11
218.9677279999999939
 21
-162.8590039999999988
 31
0
  0
LINE
  5
26F
330
1B
100
AcDbEntity
  8
Edge.Cuts
  6
CONTINUOUS
100
AcDbLine
 10
218.9677279999999939
 20
-162.8590039999999988
 30
0
 11
218.8509589999999889
 21
-163.0136300000000062
 31
0
  0
LINE
  5
270
330
1B
100
AcDbEntity
  8
Edge.Cuts
  6
CONTINUOUS
100
AcDbLine
 10
218.8509589999999889
 20
-163.0136300000000062
 30
0
 11
218.7077659999999923
 21
-163.1441679999999792
 31
0
  0
LINE
  5
271
330
1B
100
AcDbEntity
  8
Edge.Cuts
  6
CONTINUOUS
100
AcDbLine
 10
218.7077659999999923
 20
-163.1441679999999792
 30
0
 11
218.5430250000000001
 21
-163.2461710000000039
 31
0
  0
LINE
  5
272
330
1B
100
AcDbEntity
  8
Edge.Cuts
  6
CONTINUOUS
100
AcDbLine
 10
218.5430250000000001
 20
-163.2461710000000039
 30
0
 11
218.3623460000000023
 21
-163.3161669999999788
 31
0
  0
LINE
  5
273
330
1B
100
AcDbEntity
  8
Edge.Cuts
  6
CONTINUOUS
100
AcDbLine
 10
218.3623460000000023
 20
-163.3161669999999788
 30
0
 11
218.1718819999999823
 21
-163.3517709999999852
 31
0
  0
LINE
  5
274
330
1B
100
AcDbEntity
  8
Edge.Cuts
  6
CONTINUOUS
100
AcDbLine
 10
218.1718819999999823
 20
-163.3517709999999852
 30
0
 11
217.9781179999999949
 21
-163.3517709999999852
 31
0
  0
LINE
  5
275
330
1B
100
AcDbEntity
  8
Edge.Cuts
  6
CONTINUOUS
100
AcDbLine
 10
217.9781179999999949
 20
-163.3517709999999852
 30
0
 11
217.7876540000000034
 21
-163.3161669999999788
 31
0
  0
LINE
  5
276
330
1B
100
AcDbEntity
  8
Edge.Cuts
  6
CONTINUOUS
100
AcDbLine
 10
217.7876540000000034
 20
-163.3161669999999788
 30
0
 11
217.6069749999999772
 21
-163.2461710000000039
 31
0
  0
LINE
  5
277
330
1B
100
AcDbEntity
  8
Edge.Cuts
  6
CONTINUOUS
100
AcDbLine
 10
217.6069749999999772
 20
-163.2461710000000039
 30
0
 11
217.4422339999999849
 21
-163.1441679999999792
 31
0
  0
LINE
  5
278
330
1B
100
AcDbEntity
  8
Edge.Cuts
  6
CONTINUOUS
100
AcDbLine
 10
217.4422339999999849
 20
-163.1441679999999792
 30
0
 11
217.2990409999999883
 21
-163.0136300000000062
 31
0
  0
LINE
  5
279
330
1B
100
AcDbEntity
  8
Edge.Cuts
  6
CONTINUOUS
100
AcDbLine
 10
217.2990409999999883
 20
-163.0136300000000062
 30
0
 11
217.1822719999999833
 21
-162.8590039999999988
 31
0
  0
LINE
  5
27A
330
1B
100
AcDbEntity
  8
Edge.Cuts
  6
CONTINUOUS
100
AcDbLine
 10
217.1822719999999833
 20
-162.8590039999999988
 30
0
 11
217.0959039999999902
 21
-162.6855539999999962
 31
0
  0
LINE
  5
27B
330
1B
100
AcDbEntity
  8
Edge.Cuts
  6
CONTINUOUS
100
AcDbLine
 10
217.0959039999999902
 20
-162.6855539999999962
 30
0
 11
217.0428780000000017
 21
-162.4991870000000063
 31
0
  0
LINE
  5
27C
330
1B
100
AcDbEntity
  8
Edge.Cuts
  6
CONTINUOUS
100
AcDbLine
 10
217.0428780000000017
 20
-162.4991870000000063
 30
0
 11
217.0249999999999773
 21
-162.3062500000000057
 31
0
  0
LINE
  5
27D
330
1B
100
AcDbEntity
  8
Edge.Cuts
  6
CONTINUOUS
100
AcDbLine
 10
217.0249999999999773
 20
-162.3062500000000057
 30
0
 11
217.0345489999999984
 21
-162.2768609999999967
 31
0
  0
LINE
  5
27E
330
1B
100
AcDbEntity
  8
Edge.Cuts
  6
CONTINUOUS
100
AcDbLine
 10
217.0345489999999984
 20
-162.2768609999999967
 30
0
 11
217.0499999999999829
 21
-162.2656340000000057
 31
0
  0
LINE
  5
27F
330
1B
100
AcDbEntity
  8
Edge.Cuts
  6
CONTINUOUS
100
AcDbLine
 10
217.0499999999999829
 20
-162.2656340000000057
 30
0
 11
217.0499999999999829
 21
-152.0593649999999855
 31
0
  0
LINE
  5
280
330
1B
100
AcDbEntity
  8
Edge.Cuts
  6
CONTINUOUS
100
AcDbLine
 10
217.0499999999999829
 20
-152.0593649999999855
 30
0
 11
217.0345489999999984
 21
-152.0481389999999919
 31
0
  0
LINE
  5
281
330
1B
100
AcDbEntity
  8
Edge.Cuts
  6
CONTINUOUS
100
AcDbLine
 10
217.0345489999999984
 20
-152.0481389999999919
 30
0
 11
217.0249999999999773
 21
-152.0187499999999829
 31
0
  0
LINE
  5
282
330
1B
100
AcDbEntity
  8
Edge.Cuts
  6
CONTINUOUS
100
AcDbLine
 10
217.0249999999999773
 20
-152.0187499999999829
 30
0
 11
217.0428780000000017
 21
-151.8258129999999824
 31
0
  0
LINE
  5
283
330
1B
100
AcDbEntity
  8
Edge.Cuts
  6
CONTINUOUS
100
AcDbLine
 10
217.0428780000000017
 20
-151.8258129999999824
 30
0
 11
217.0959039999999902
 21
-151.6394459999999924
 31
0
  0
LINE
  5
284
330
1B
100
AcDbEntity
  8
Edge.Cuts
  6
CONTINUOUS
100
AcDbLine
 10
217.0959039999999902
 20
-151.6394459999999924
 30
0
 11
217.1822719999999833
 21
-151.4659959999999899
 31
0
  0
LINE
  5
285
330
1B
100
AcDbEntity
  8
Edge.Cuts
  6
CONTINUOUS
100
AcDbLine
 10
217.1822719999999833
 20
-151.4659959999999899
 30
0
 11
217.2990409999999883
 21
-151.3113699999999824
 31
0
  0
LINE
  5
286
330
1B
100
AcDbEntity
  8
Edge.Cuts
  6
CONTINUOUS
100
AcDbLine
 10
217.2990409999999883
 20
-151.3113699999999824
 30
0
 11
217.4422339999999849
 21
-151.180831999999981
 31
0
  0
LINE
  5
287
330
1B
100
AcDbEntity
  8
Edge.Cuts
  6
CONTINUOUS
100
AcDbLine
 10
217.4422339999999849
 20
-151.180831999999981
 30
0
 11
217.6069749999999772
 21
-151.0788289999999847
 31
0
  0
LINE
  5
288
330
1B
100
AcDbEntity
  8
Edge.Cuts
  6
CONTINUOUS
100
AcDbLine
 10
217.6069749999999772
 20
-151.0788289999999847
 30
0
 11
217.7876540000000034
 21
-151.0088329999999814
 31
0
  0
LINE
  5
289
330
1B
100
AcDbEntity
  8
Edge.Cuts
  6
CONTINUOUS
100
AcDbLine
 10
217.7876540000000034
 20
-151.0088329999999814
 30
0
 11
217.9781179999999949
 21
-150.9732290000000035
 31
0
  0
LINE
  5
28A
330
1B
100
AcDbEntity
  8
Edge.Cuts
  6
CONTINUOUS
100
AcDbLine
 10
217.9781179999999949
 20
-150.9732290000000035
 30
0
 11
218.1718819999999823
 21
-150.9732290000000035
 31
0
  0
LINE
  5
28B
330
1B
100
AcDbEntity
  8
Edge.Cuts
  6
CONTINUOUS
100
AcDbLine
 10
218.1718819999999823
 20
-150.9732290000000035
 30
0
 11
218.3623460000000023
 21
-151.0088329999999814
 31
0
  0
LINE
  5
28C
330
1B
100
AcDbEntity
  8
Edge.Cuts
  6
CONTINUOUS
100
AcDbLine
 10
217.7978949999999827
 20
-151.1052579999999921
 30
0
 11
217.6250059999999849
 21
-151.1768710000000056
 31
0
  0
LINE
  5
28D
330
1B
100
AcDbEntity
  8
Edge.Cuts
  6
CONTINUOUS
100
AcDbLine
 10
217.6250059999999849
 20
-151.1768710000000056
 30
0
 11
217.4694099999999821
 21
-151.2808369999999911
 31
0
  0
LINE
  5
28E
330
1B
100
AcDbEntity
  8
Edge.Cuts
  6
CONTINUOUS
100
AcDbLine
 10
217.4694099999999821
 20
-151.2808369999999911
 30
0
 11
217.3370869999999968
 21
-151.4131600000000049
 31
0
  0
LINE
  5
28F
330
1B
100
AcDbEntity
  8
Edge.Cuts
  6
CONTINUOUS
100
AcDbLine
 10
217.3370869999999968
 20
-151.4131600000000049
 30
0
 11
217.2331209999999828
 21
-151.5687559999999792
 31
0
  0
LINE
  5
290
330
1B
100
AcDbEntity
  8
Edge.Cuts
  6
CONTINUOUS
100
AcDbLine
 10
217.2331209999999828
 20
-151.5687559999999792
 30
0
 11
217.1615079999999978
 21
-151.7416450000000054
 31
0
  0
LINE
  5
291
330
1B
100
AcDbEntity
  8
Edge.Cuts
  6
CONTINUOUS
100
AcDbLine
 10
217.1615079999999978
 20
-151.7416450000000054
 30
0
 11
217.125
 21
-151.9251830000000041
 31
0
  0
LINE
  5
292
330
1B
100
AcDbEntity
  8
Edge.Cuts
  6
CONTINUOUS
100
AcDbLine
 10
217.125
 20
-151.9251830000000041
 30
0
 11
217.125
 21
-152.0187499999999829
 31
0
  0
LINE
  5
293
330
1B
100
AcDbEntity
  8
Edge.Cuts
  6
CONTINUOUS
100
AcDbLine
 10
217.125
 20
-152.0187499999999829
 30
0
 11
217.1154509999999789
 21
-152.0481389999999919
 31
0
  0
LINE
  5
294
330
1B
100
AcDbEntity
  8
Edge.Cuts
  6
CONTINUOUS
100
AcDbLine
 10
217.1154509999999789
 20
-152.0481389999999919
 30
0
 11
217.0999999999999943
 21
-152.0593649999999855
 31
0
  0
LINE
  5
295
330
1B
100
AcDbEntity
  8
Edge.Cuts
  6
CONTINUOUS
100
AcDbLine
 10
217.0999999999999943
 20
-152.0593649999999855
 30
0
 11
217.0999999999999943
 21
-162.2656340000000057
 31
0
  0
LINE
  5
296
330
1B
100
AcDbEntity
  8
Edge.Cuts
  6
CONTINUOUS
100
AcDbLine
 10
217.0999999999999943
 20
-162.2656340000000057
 30
0
 11
217.1154509999999789
 21
-162.2768609999999967
 31
0
  0
LINE
  5
297
330
1B
100
AcDbEntity
  8
Edge.Cuts
  6
CONTINUOUS
100
AcDbLine
 10
217.1154509999999789
 20
-162.2768609999999967
 30
0
 11
217.125
 21
-162.3062500000000057
 31
0
  0
LINE
  5
298
330
1B
100
AcDbEntity
  8
Edge.Cuts
  6
CONTINUOUS
100
AcDbLine
 10
217.125
 20
-162.3062500000000057
 30
0
 11
217.125
 21
-162.3998169999999845
 31
0
  0
LINE
  5
299
330
1B
100
AcDbEntity
  8
Edge.Cuts
  6
CONTINUOUS
100
AcDbLine
 10
217.125
 20
-162.3998169999999845
 30
0
 11
217.1615079999999978
 21
-162.5833549999999832
 31
0
  0
LINE
  5
29A
330
1B
100
AcDbEntity
  8
Edge.Cuts
  6
CONTINUOUS
100
AcDbLine
 10
217.1615079999999978
 20
-162.5833549999999832
 30
0
 11
217.2331209999999828
 21
-162.756243999999981
 31
0
  0
LINE
  5
29B
330
1B
100
AcDbEntity
  8
Edge.Cuts
  6
CONTINUOUS
100
AcDbLine
 10
217.2331209999999828
 20
-162.756243999999981
 30
0
 11
217.3370869999999968
 21
-162.9118399999999838
 31
0
  0
LINE
  5
29C
330
1B
100
AcDbEntity
  8
Edge.Cuts
  6
CONTINUOUS
100
AcDbLine
 10
217.3370869999999968
 20
-162.9118399999999838
 30
0
 11
217.4694099999999821
 21
-163.0441629999999975
 31
0
  0
LINE
  5
29D
330
1B
100
AcDbEntity
  8
Edge.Cuts
  6
CONTINUOUS
100
AcDbLine
 10
217.4694099999999821
 20
-163.0441629999999975
 30
0
 11
217.6250059999999849
 21
-163.1481289999999831
 31
0
  0
LINE
  5
29E
330
1B
100
AcDbEntity
  8
Edge.Cuts
  6
CONTINUOUS
100
AcDbLine
 10
217.6250059999999849
 20
-163.1481289999999831
 30
0
 11
217.7978949999999827
 21
-163.2197419999999966
 31
0
  0
LINE
  5
29F
330
1B
100
AcDbEntity
  8
Edge.Cuts
  6
CONTINUOUS
100
AcDbLine
 10
217.7978949999999827
 20
-163.2197419999999966
 30
0
 11
217.9814329999999813
 21
-163.2562499999999943
 31
0
  0
LINE
  5
2A0
330
1B
100
AcDbEntity
  8
Edge.Cuts
  6
CONTINUOUS
100
AcDbLine
 10
217.9814329999999813
 20
-163.2562499999999943
 30
0
 11
218.1685669999999959
 21
-163.2562499999999943
 31
0
  0
LINE
  5
2A1
330
1B
100
AcDbEntity
  8
Edge.Cuts
  6
CONTINUOUS
100
AcDbLine
 10
218.1685669999999959
 20
-163.2562499999999943
 30
0
 11
218.3521049999999946
 21
-163.2197419999999966
 31
0
  0
LINE
  5
2A2
330
1B
100
AcDbEntity
  8
Edge.Cuts
  6
CONTINUOUS
100
AcDbLine
 10
218.3521049999999946
 20
-163.2197419999999966
 30
0
 11
218.5249939999999924
 21
-163.1481289999999831
 31
0
  0
LINE
  5
2A3
330
1B
100
AcDbEntity
  8
Edge.Cuts
  6
CONTINUOUS
100
AcDbLine
 10
218.5249939999999924
 20
-163.1481289999999831
 30
0
 11
218.6805899999999951
 21
-163.0441629999999975
 31
0
  0
LINE
  5
2A4
330
1B
100
AcDbEntity
  8
Edge.Cuts
  6
CONTINUOUS
100
AcDbLine
 10
218.6805899999999951
 20
-163.0441629999999975
 30
0
 11
218.8129129999999805
 21
-162.9118399999999838
 31
0
  0
LINE
  5
2A5
330
1B
100
AcDbEntity
  8
Edge.Cuts
  6
CONTINUOUS
100
AcDbLine
 10
218.8129129999999805
 20
-162.9118399999999838
 30
0
 11
218.9168789999999944
 21
-162.756243999999981
 31
0
  0
LINE
  5
2A6
330
1B
100
AcDbEntity
  8
Edge.Cuts
  6
CONTINUOUS
100
AcDbLine
 10
218.9168789999999944
 20
-162.756243999999981
 30
0
 11
218.9884919999999795
 21
-162.5833549999999832
 31
0
  0
LINE
  5
2A7
330
1B
100
AcDbEntity
  8
Edge.Cuts
  6
CONTINUOUS
100
AcDbLine
 10
218.9884919999999795
 20
-162.5833549999999832
 30
0
 11
219.0249999999999773
 21
-162.3998169999999845
 31
0
  0
LINE
  5
2A8
330
1B
100
AcDbEntity
  8
Edge.Cuts
  6
CONTINUOUS
100
AcDbLine
 10
219.0249999999999773
 20
-162.3998169999999845
 30
0
 11
219.0249999999999773
 21
-162.3062500000000057
 31
0
  0
LINE
  5
2A9
330
1B
100
AcDbEntity
  8
Edge.Cuts
  6
CONTINUOUS
100
AcDbLine
 10
219.0249999999999773
 20
-162.3062500000000057
 30
0
 11
219.0345489999999984
 21
-162.2768609999999967
 31
0
  0
LINE
  5
2AA
330
1B
100
AcDbEntity
  8
Edge.Cuts
  6
CONTINUOUS
100
AcDbLine
 10
219.0345489999999984
 20
-162.2768609999999967
 30
0
 11
219.0499999999999829
 21
-162.2656340000000057
 31
0
  0
LINE
  5
2AB
330
1B
100
AcDbEntity
  8
Edge.Cuts
  6
CONTINUOUS
100
AcDbLine
 10
219.0499999999999829
 20
-162.2656340000000057
 30
0
 11
219.0499999999999829
 21
-152.0593649999999855
 31
0
  0
LINE
  5
2AC
330
1B
100
AcDbEntity
  8
Edge.Cuts
  6
CONTINUOUS
100
AcDbLine
 10
219.0499999999999829
 20
-152.0593649999999855
 30
0
 11
219.0345489999999984
 21
-152.0481389999999919
 31
0
  0
LINE
  5
2AD
330
1B
100
AcDbEntity
  8
Edge.Cuts
  6
CONTINUOUS
100
AcDbLine
 10
219.0345489999999984
 20
-152.0481389999999919
 30
0
 11
219.0249999999999773
 21
-152.0187499999999829
 31
0
  0
LINE
  5
2AE
330
1B
100
AcDbEntity
  8
Edge.Cuts
  6
CONTINUOUS
100
AcDbLine
 10
219.0249999999999773
 20
-152.0187499999999829
 30
0
 11
219.0249999999999773
 21
-151.9251830000000041
 31
0
  0
LINE
  5
2AF
330
1B
100
AcDbEntity
  8
Edge.Cuts
  6
CONTINUOUS
100
AcDbLine
 10
219.0249999999999773
 20
-151.9251830000000041
 30
0
 11
218.9884919999999795
 21
-151.7416450000000054
 31
0
  0
LINE
  5
2B0
330
1B
100
AcDbEntity
  8
Edge.Cuts
  6
CONTINUOUS
100
AcDbLine
 10
218.9884919999999795
 20
-151.7416450000000054
 30
0
 11
218.9168789999999944
 21
-151.5687559999999792
 31
0
  0
LINE
  5
2B1
330
1B
100
AcDbEntity
  8
Edge.Cuts
  6
CONTINUOUS
100
AcDbLine
 10
218.9168789999999944
 20
-151.5687559999999792
 30
0
 11
218.8129129999999805
 21
-151.4131600000000049
 31
0
  0
LINE
  5
2B2
330
1B
100
AcDbEntity
  8
Edge.Cuts
  6
CONTINUOUS
100
AcDbLine
 10
218.8129129999999805
 20
-151.4131600000000049
 30
0
 11
218.6805899999999951
 21
-151.2808369999999911
 31
0
  0
LINE
  5
2B3
330
1B
100
AcDbEntity
  8
Edge.Cuts
  6
CONTINUOUS
100
AcDbLine
 10
218.6805899999999951
 20
-151.2808369999999911
 30
0
 11
218.5249939999999924
 21
-151.1768710000000056
 31
0
  0
LINE
  5
2B4
330
1B
100
AcDbEntity
  8
Edge.Cuts
  6
CONTINUOUS
100
AcDbLine
 10
218.5249939999999924
 20
-151.1768710000000056
 30
0
 11
218.3521049999999946
 21
-151.1052579999999921
 31
0
  0
LINE
  5
2B5
330
1B
100
AcDbEntity
  8
Edge.Cuts
  6
CONTINUOUS
100
AcDbLine
 10
218.3521049999999946
 20
-151.1052579999999921
 30
0
 11
218.1685669999999959
 21
-151.0687499999999943
 31
0
  0
LINE
  5
2B6
330
1B
100
AcDbEntity
  8
Edge.Cuts
  6
CONTINUOUS
100
AcDbLine
 10
218.1685669999999959
 20
-151.0687499999999943
 30
0
 11
217.9814329999999813
 21
-151.0687499999999943
 31
0
  0
LINE
  5
2B7
330
1B
100
AcDbEntity
  8
Edge.Cuts
  6
CONTINUOUS
100
AcDbLine
 10
217.9814329999999813
 20
-151.0687499999999943
 30
0
 11
217.7978949999999827
 21
-151.1052579999999921
 31
0
  0
LINE
  5
2B8
330
1B
100
AcDbEntity
  8
Edge.Cuts
  6
CONTINUOUS
100
AcDbLine
 10
218.3623460000000023
 20
-134.3400829999999928
 30
0
 11
218.5430250000000001
 21
-134.4100789999999961
 31
0
  0
LINE
  5
2B9
330
1B
100
AcDbEntity
  8
Edge.Cuts
  6
CONTINUOUS
100
AcDbLine
 10
218.5430250000000001
 20
-134.4100789999999961
 30
0
 11
218.7077659999999923
 21
-134.5120819999999924
 31
0
  0
LINE
  5
2BA
330
1B
100
AcDbEntity
  8
Edge.Cuts
  6
CONTINUOUS
100
AcDbLine
 10
218.7077659999999923
 20
-134.5120819999999924
 30
0
 11
218.8509589999999889
 21
-134.6426199999999938
 31
0
  0
LINE
  5
2BB
330
1B
100
AcDbEntity
  8
Edge.Cuts
  6
CONTINUOUS
100
AcDbLine
 10
218.8509589999999889
 20
-134.6426199999999938
 30
0
 11
218.9677279999999939
 21
-134.7972460000000012
 31
0
  0
LINE
  5
2BC
330
1B
100
AcDbEntity
  8
Edge.Cuts
  6
CONTINUOUS
100
AcDbLine
 10
218.9677279999999939
 20
-134.7972460000000012
 30
0
 11
219.054095999999987
 21
-134.9706960000000038
 31
0
  0
LINE
  5
2BD
330
1B
100
AcDbEntity
  8
Edge.Cuts
  6
CONTINUOUS
100
AcDbLine
 10
219.054095999999987
 20
-134.9706960000000038
 30
0
 11
219.1071220000000039
 21
-135.1570629999999937
 31
0
  0
LINE
  5
2BE
330
1B
100
AcDbEntity
  8
Edge.Cuts
  6
CONTINUOUS
100
AcDbLine
 10
219.1071220000000039
 20
-135.1570629999999937
 30
0
 11
219.125
 21
-135.3499999999999943
 31
0
  0
LINE
  5
2BF
330
1B
100
AcDbEntity
  8
Edge.Cuts
  6
CONTINUOUS
100
AcDbLine
 10
219.125
 20
-135.3499999999999943
 30
0
 11
219.1154509999999789
 21
-135.3793890000000033
 31
0
  0
LINE
  5
2C0
330
1B
100
AcDbEntity
  8
Edge.Cuts
  6
CONTINUOUS
100
AcDbLine
 10
219.1154509999999789
 20
-135.3793890000000033
 30
0
 11
219.0999999999999943
 21
-135.3906149999999968
 31
0
  0
LINE
  5
2C1
330
1B
100
AcDbEntity
  8
Edge.Cuts
  6
CONTINUOUS
100
AcDbLine
 10
219.0999999999999943
 20
-135.3906149999999968
 30
0
 11
219.0999999999999943
 21
-147.978133999999983
 31
0
  0
LINE
  5
2C2
330
1B
100
AcDbEntity
  8
Edge.Cuts
  6
CONTINUOUS
100
AcDbLine
 10
219.0999999999999943
 20
-147.978133999999983
 30
0
 11
219.1154509999999789
 21
-147.9893610000000024
 31
0
  0
LINE
  5
2C3
330
1B
100
AcDbEntity
  8
Edge.Cuts
  6
CONTINUOUS
100
AcDbLine
 10
219.1154509999999789
 20
-147.9893610000000024
 30
0
 11
219.125
 21
-148.0187499999999829
 31
0
  0
LINE
  5
2C4
330
1B
100
AcDbEntity
  8
Edge.Cuts
  6
CONTINUOUS
100
AcDbLine
 10
219.125
 20
-148.0187499999999829
 30
0
 11
219.1071220000000039
 21
-148.2116869999999835
 31
0
  0
LINE
  5
2C5
330
1B
100
AcDbEntity
  8
Edge.Cuts
  6
CONTINUOUS
100
AcDbLine
 10
219.1071220000000039
 20
-148.2116869999999835
 30
0
 11
219.054095999999987
 21
-148.3980540000000019
 31
0
  0
LINE
  5
2C6
330
1B
100
AcDbEntity
  8
Edge.Cuts
  6
CONTINUOUS
100
AcDbLine
 10
219.054095999999987
 20
-148.3980540000000019
 30
0
 11
218.9677279999999939
 21
-148.5715040000000045
 31
0
  0
LINE
  5
2C7
330
1B
100
AcDbEntity
  8
Edge.Cuts
  6
CONTINUOUS
100
AcDbLine
 10
218.9677279999999939
 20
-148.5715040000000045
 30
0
 11
218.8509589999999889
 21
-148.7261299999999835
 31
0
  0
LINE
  5
2C8
330
1B
100
AcDbEntity
  8
Edge.Cuts
  6
CONTINUOUS
100
AcDbLine
 10
218.8509589999999889
 20
-148.7261299999999835
 30
0
 11
218.7077659999999923
 21
-148.8566679999999849
 31
0
  0
LINE
  5
2C9
330
1B
100
AcDbEntity
  8
Edge.Cuts
  6
CONTINUOUS
100
AcDbLine
 10
218.7077659999999923
 20
-148.8566679999999849
 30
0
 11
218.5430250000000001
 21
-148.9586709999999812
 31
0
  0
LINE
  5
2CA
330
1B
100
AcDbEntity
  8
Edge.Cuts
  6
CONTINUOUS
100
AcDbLine
 10
218.5430250000000001
 20
-148.9586709999999812
 30
0
 11
218.3623460000000023
 21
-149.0286669999999845
 31
0
  0
LINE
  5
2CB
330
1B
100
AcDbEntity
  8
Edge.Cuts
  6
CONTINUOUS
100
AcDbLine
 10
218.3623460000000023
 20
-149.0286669999999845
 30
0
 11
218.1718819999999823
 21
-149.0642709999999909
 31
0
  0
LINE
  5
2CC
330
1B
100
AcDbEntity
  8
Edge.Cuts
  6
CONTINUOUS
100
AcDbLine
 10
218.1718819999999823
 20
-149.0642709999999909
 30
0
 11
217.9781179999999949
 21
-149.0642709999999909
 31
0
  0
LINE
  5
2CD
330
1B
100
AcDbEntity
  8
Edge.Cuts
  6
CONTINUOUS
100
AcDbLine
 10
217.9781179999999949
 20
-149.0642709999999909
 30
0
 11
217.7876540000000034
 21
-149.0286669999999845
 31
0
  0
LINE
  5
2CE
330
1B
100
AcDbEntity
  8
Edge.Cuts
  6
CONTINUOUS
100
AcDbLine
 10
217.7876540000000034
 20
-149.0286669999999845
 30
0
 11
217.6069749999999772
 21
-148.9586709999999812
 31
0
  0
LINE
  5
2CF
330
1B
100
AcDbEntity
  8
Edge.Cuts
  6
CONTINUOUS
100
AcDbLine
 10
217.6069749999999772
 20
-148.9586709999999812
 30
0
 11
217.4422339999999849
 21
-148.8566679999999849
 31
0
  0
LINE
  5
2D0
330
1B
100
AcDbEntity
  8
Edge.Cuts
  6
CONTINUOUS
100
AcDbLine
 10
217.4422339999999849
 20
-148.8566679999999849
 30
0
 11
217.2990409999999883
 21
-148.7261299999999835
 31
0
  0
LINE
  5
2D1
330
1B
100
AcDbEntity
  8
Edge.Cuts
  6
CONTINUOUS
100
AcDbLine
 10
217.2990409999999883
 20
-148.7261299999999835
 30
0
 11
217.1822719999999833
 21
-148.5715040000000045
 31
0
  0
LINE
  5
2D2
330
1B
100
AcDbEntity
  8
Edge.Cuts
  6
CONTINUOUS
100
AcDbLine
 10
217.1822719999999833
 20
-148.5715040000000045
 30
0
 11
217.0959039999999902
 21
-148.3980540000000019
 31
0
  0
LINE
  5
2D3
330
1B
100
AcDbEntity
  8
Edge.Cuts
  6
CONTINUOUS
100
AcDbLine
 10
217.0959039999999902
 20
-148.3980540000000019
 30
0
 11
217.0428780000000017
 21
-148.2116869999999835
 31
0
  0
LINE
  5
2D4
330
1B
100
AcDbEntity
  8
Edge.Cuts
  6
CONTINUOUS
100
AcDbLine
 10
217.0428780000000017
 20
-148.2116869999999835
 30
0
 11
217.0249999999999773
 21
-148.0187499999999829
 31
0
  0
LINE
  5
2D5
330
1B
100
AcDbEntity
  8
Edge.Cuts
  6
CONTINUOUS
100
AcDbLine
 10
217.0249999999999773
 20
-148.0187499999999829
 30
0
 11
217.0345489999999984
 21
-147.9893610000000024
 31
0
  0
LINE
  5
2D6
330
1B
100
AcDbEntity
  8
Edge.Cuts
  6
CONTINUOUS
100
AcDbLine
 10
217.0345489999999984
 20
-147.9893610000000024
 30
0
 11
217.0499999999999829
 21
-147.978133999999983
 31
0
  0
LINE
  5
2D7
330
1B
100
AcDbEntity
  8
Edge.Cuts
  6
CONTINUOUS
100
AcDbLine
 10
217.0499999999999829
 20
-147.978133999999983
 30
0
 11
217.0499999999999829
 21
-135.3906149999999968
 31
0
  0
LINE
  5
2D8
330
1B
100
AcDbEntity
  8
Edge.Cuts
  6
CONTINUOUS
100
AcDbLine
 10
217.0499999999999829
 20
-135.3906149999999968
 30
0
 11
217.0345489999999984
 21
-135.3793890000000033
 31
0
  0
LINE
  5
2D9
330
1B
100
AcDbEntity
  8
Edge.Cuts
  6
CONTINUOUS
100
AcDbLine
 10
217.0345489999999984
 20
-135.3793890000000033
 30
0
 11
217.0249999999999773
 21
-135.3499999999999943
 31
0
  0
LINE
  5
2DA
330
1B
100
AcDbEntity
  8
Edge.Cuts
  6
CONTINUOUS
100
AcDbLine
 10
217.0249999999999773
 20
-135.3499999999999943
 30
0
 11
217.0428780000000017
 21
-135.1570629999999937
 31
0
  0
LINE
  5
2DB
330
1B
100
AcDbEntity
  8
Edge.Cuts
  6
CONTINUOUS
100
AcDbLine
 10
217.0428780000000017
 20
-135.1570629999999937
 30
0
 11
217.0959039999999902
 21
-134.9706960000000038
 31
0
  0
LINE
  5
2DC
330
1B
100
AcDbEntity
  8
Edge.Cuts
  6
CONTINUOUS
100
AcDbLine
 10
217.0959039999999902
 20
-134.9706960000000038
 30
0
 11
217.1822719999999833
 21
-134.7972460000000012
 31
0
  0
LINE
  5
2DD
330
1B
100
AcDbEntity
  8
Edge.Cuts
  6
CONTINUOUS
100
AcDbLine
 10
217.1822719999999833
 20
-134.7972460000000012
 30
0
 11
217.2990409999999883
 21
-134.6426199999999938
 31
0
  0
LINE
  5
2DE
330
1B
100
AcDbEntity
  8
Edge.Cuts
  6
CONTINUOUS
100
AcDbLine
 10
217.2990409999999883
 20
-134.6426199999999938
 30
0
 11
217.4422339999999849
 21
-134.5120819999999924
 31
0
  0
LINE
  5
2DF
330
1B
100
AcDbEntity
  8
Edge.Cuts
  6
CONTINUOUS
100
AcDbLine
 10
217.4422339999999849
 20
-134.5120819999999924
 30
0
 11
217.6069749999999772
 21
-134.4100789999999961
 31
0
  0
LINE
  5
2E0
330
1B
100
AcDbEntity
  8
Edge.Cuts
  6
CONTINUOUS
100
AcDbLine
 10
217.6069749999999772
 20
-134.4100789999999961
 30
0
 11
217.7876540000000034
 21
-134.3400829999999928
 31
0
  0
LINE
  5
2E1
330
1B
100
AcDbEntity
  8
Edge.Cuts
  6
CONTINUOUS
100
AcDbLine
 10
217.7876540000000034
 20
-134.3400829999999928
 30
0
 11
217.9781179999999949
 21
-134.3044789999999864
 31
0
  0
LINE
  5
2E2
330
1B
100
AcDbEntity
  8
Edge.Cuts
  6
CONTINUOUS
100
AcDbLine
 10
217.9781179999999949
 20
-134.3044789999999864
 30
0
 11
218.1718819999999823
 21
-134.3044789999999864
 31
0
  0
LINE
  5
2E3
330
1B
100
AcDbEntity
  8
Edge.Cuts
  6
CONTINUOUS
100
AcDbLine
 10
218.1718819999999823
 20
-134.3044789999999864
 30
0
 11
218.3623460000000023
 21
-134.3400829999999928
 31
0
  0
LINE
  5
2E4
330
1B
100
AcDbEntity
  8
Edge.Cuts
  6
CONTINUOUS
100
AcDbLine
 10
217.7978949999999827
 20
-134.4365080000000034
 30
0
 11
217.6250059999999849
 21
-134.5081209999999885
 31
0
  0
LINE
  5
2E5
330
1B
100
AcDbEntity
  8
Edge.Cuts
  6
CONTINUOUS
100
AcDbLine
 10
217.6250059999999849
 20
-134.5081209999999885
 30
0
 11
217.4694099999999821
 21
-134.6120870000000025
 31
0
  0
LINE
  5
2E6
330
1B
100
AcDbEntity
  8
Edge.Cuts
  6
CONTINUOUS
100
AcDbLine
 10
217.4694099999999821
 20
-134.6120870000000025
 30
0
 11
217.3370869999999968
 21
-134.7444099999999878
 31
0
  0
LINE
  5
2E7
330
1B
100
AcDbEntity
  8
Edge.Cuts
  6
CONTINUOUS
100
AcDbLine
 10
217.3370869999999968
 20
-134.7444099999999878
 30
0
 11
217.2331209999999828
 21
-134.9000059999999905
 31
0
  0
LINE
  5
2E8
330
1B
100
AcDbEntity
  8
Edge.Cuts
  6
CONTINUOUS
100
AcDbLine
 10
217.2331209999999828
 20
-134.9000059999999905
 30
0
 11
217.1615079999999978
 21
-135.0728949999999884
 31
0
  0
LINE
  5
2E9
330
1B
100
AcDbEntity
  8
Edge.Cuts
  6
CONTINUOUS
100
AcDbLine
 10
217.1615079999999978
 20
-135.0728949999999884
 30
0
 11
217.125
 21
-135.256432999999987
 31
0
  0
LINE
  5
2EA
330
1B
100
AcDbEntity
  8
Edge.Cuts
  6
CONTINUOUS
100
AcDbLine
 10
217.125
 20
-135.256432999999987
 30
0
 11
217.125
 21
-135.3499999999999943
 31
0
  0
LINE
  5
2EB
330
1B
100
AcDbEntity
  8
Edge.Cuts
  6
CONTINUOUS
100
AcDbLine
 10
217.125
 20
-135.3499999999999943
 30
0
 11
217.1154509999999789
 21
-135.3793890000000033
 31
0
  0
LINE
  5
2EC
330
1B
100
AcDbEntity
  8
Edge.Cuts
  6
CONTINUOUS
100
AcDbLine
 10
217.1154509999999789
 20
-135.3793890000000033
 30
0
 11
217.0999999999999943
 21
-135.3906149999999968
 31
0
  0
LINE
  5
2ED
330
1B
100
AcDbEntity
  8
Edge.Cuts
  6
CONTINUOUS
100
AcDbLine
 10
217.0999999999999943
 20
-135.3906149999999968
 30
0
 11
217.0999999999999943
 21
-147.978133999999983
 31
0
  0
LINE
  5
2EE
330
1B
100
AcDbEntity
  8
Edge.Cuts
  6
CONTINUOUS
100
AcDbLine
 10
217.0999999999999943
 20
-147.978133999999983
 30
0
 11
217.1154509999999789
 21
-147.9893610000000024
 31
0
  0
LINE
  5
2EF
330
1B
100
AcDbEntity
  8
Edge.Cuts
  6
CONTINUOUS
100
AcDbLine
 10
217.1154509999999789
 20
-147.9893610000000024
 30
0
 11
217.125
 21
-148.0187499999999829
 31
0
  0
LINE
  5
2F0
330
1B
100
AcDbEntity
  8
Edge.Cuts
  6
CONTINUOUS
100
AcDbLine
 10
217.125
 20
-148.0187499999999829
 30
0
 11
217.125
 21
-148.1123169999999902
 31
0
  0
LINE
  5
2F1
330
1B
100
AcDbEntity
  8
Edge.Cuts
  6
CONTINUOUS
100
AcDbLine
 10
217.125
 20
-148.1123169999999902
 30
0
 11
217.1615079999999978
 21
-148.2958549999999889
 31
0
  0
LINE
  5
2F2
330
1B
100
AcDbEntity
  8
Edge.Cuts
  6
CONTINUOUS
100
AcDbLine
 10
217.1615079999999978
 20
-148.2958549999999889
 30
0
 11
217.2331209999999828
 21
-148.4687439999999867
 31
0
  0
LINE
  5
2F3
330
1B
100
AcDbEntity
  8
Edge.Cuts
  6
CONTINUOUS
100
AcDbLine
 10
217.2331209999999828
 20
-148.4687439999999867
 30
0
 11
217.3370869999999968
 21
-148.6243399999999895
 31
0
  0
LINE
  5
2F4
330
1B
100
AcDbEntity
  8
Edge.Cuts
  6
CONTINUOUS
100
AcDbLine
 10
217.3370869999999968
 20
-148.6243399999999895
 30
0
 11
217.4694099999999821
 21
-148.7566630000000032
 31
0
  0
LINE
  5
2F5
330
1B
100
AcDbEntity
  8
Edge.Cuts
  6
CONTINUOUS
100
AcDbLine
 10
217.4694099999999821
 20
-148.7566630000000032
 30
0
 11
217.6250059999999849
 21
-148.8606289999999888
 31
0
  0
LINE
  5
2F6
330
1B
100
AcDbEntity
  8
Edge.Cuts
  6
CONTINUOUS
100
AcDbLine
 10
217.6250059999999849
 20
-148.8606289999999888
 30
0
 11
217.7978949999999827
 21
-148.9322420000000022
 31
0
  0
LINE
  5
2F7
330
1B
100
AcDbEntity
  8
Edge.Cuts
  6
CONTINUOUS
100
AcDbLine
 10
217.7978949999999827
 20
-148.9322420000000022
 30
0
 11
217.9814329999999813
 21
-148.96875
 31
0
  0
LINE
  5
2F8
330
1B
100
AcDbEntity
  8
Edge.Cuts
  6
CONTINUOUS
100
AcDbLine
 10
217.9814329999999813
 20
-148.96875
 30
0
 11
218.1685669999999959
 21
-148.96875
 31
0
  0
LINE
  5
2F9
330
1B
100
AcDbEntity
  8
Edge.Cuts
  6
CONTINUOUS
100
AcDbLine
 10
218.1685669999999959
 20
-148.96875
 30
0
 11
218.3521049999999946
 21
-148.9322420000000022
 31
0
  0
LINE
  5
2FA
330
1B
100
AcDbEntity
  8
Edge.Cuts
  6
CONTINUOUS
100
AcDbLine
 10
218.3521049999999946
 20
-148.9322420000000022
 30
0
 11
218.5249939999999924
 21
-148.8606289999999888
 31
0
  0
LINE
  5
2FB
330
1B
100
AcDbEntity
  8
Edge.Cuts
  6
CONTINUOUS
100
AcDbLine
 10
218.5249939999999924
 20
-148.8606289999999888
 30
0
 11
218.6805899999999951
 21
-148.7566630000000032
 31
0
  0
LINE
  5
2FC
330
1B
100
AcDbEntity
  8
Edge.Cuts
  6
CONTINUOUS
100
AcDbLine
 10
218.6805899999999951
 20
-148.7566630000000032
 30
0
 11
218.8129129999999805
 21
-148.6243399999999895
 31
0
  0
LINE
  5
2FD
330
1B
100
AcDbEntity
  8
Edge.Cuts
  6
CONTINUOUS
100
AcDbLine
 10
218.8129129999999805
 20
-148.6243399999999895
 30
0
 11
218.9168789999999944
 21
-148.4687439999999867
 31
0
  0
LINE
  5
2FE
330
1B
100
AcDbEntity
  8
Edge.Cuts
  6
CONTINUOUS
100
AcDbLine
 10
218.9168789999999944
 20
-148.4687439999999867
 30
0
 11
218.9884919999999795
 21
-148.2958549999999889
 31
0
  0
LINE
  5
2FF
330
1B
100
AcDbEntity
  8
Edge.Cuts
  6
CONTINUOUS
100
AcDbLine
 10
218.9884919999999795
 20
-148.2958549999999889
 30
0
 11
219.0249999999999773
 21
-148.1123169999999902
 31
0
  0
LINE
  5
300
330
1B
100
AcDbEntity
  8
Edge.Cuts
  6
CONTINUOUS
100
AcDbLine
 10
219.0249999999999773
 20
-148.1123169999999902
 30
0
 11
219.0249999999999773
 21
-148.0187499999999829
 31
0
  0
LINE
  5
301
330
1B
100
AcDbEntity
  8
Edge.Cuts
  6
CONTINUOUS
100
AcDbLine
 10
219.0249999999999773
 20
-148.0187499999999829
 30
0
 11
219.0345489999999984
 21
-147.9893610000000024
 31
0
  0
LINE
  5
302
330
1B
100
AcDbEntity
  8
Edge.Cuts
  6
CONTINUOUS
100
AcDbLine
 10
219.0345489999999984
 20
-147.9893610000000024
 30
0
 11
219.0499999999999829
 21
-147.978133999999983
 31
0
  0
LINE
  5
303
330
1B
100
AcDbEntity
  8
Edge.Cuts
  6
CONTINUOUS
100
AcDbLine
 10
219.0499999999999829
 20
-147.978133999999983
 30
0
 11
219.0499999999999829
 21
-135.3906149999999968
 31
0
  0
LINE
  5
304
330
1B
100
AcDbEntity
  8
Edge.Cuts
  6
CONTINUOUS
100
AcDbLine
 10
219.0499999999999829
 20
-135.3906149999999968
 30
0
 11
219.0345489999999984
 21
-135.3793890000000033
 31
0
  0
LINE
  5
305
330
1B
100
AcDbEntity
  8
Edge.Cuts
  6
CONTINUOUS
100
AcDbLine
 10
219.0345489999999984
 20
-135.3793890000000033
 30
0
 11
219.0249999999999773
 21
-135.3499999999999943
 31
0
  0
LINE
  5
306
330
1B
100
AcDbEntity
  8
Edge.Cuts
  6
CONTINUOUS
100
AcDbLine
 10
219.0249999999999773
 20
-135.3499999999999943
 30
0
 11
219.0249999999999773
 21
-135.256432999999987
 31
0
  0
LINE
  5
307
330
1B
100
AcDbEntity
  8
Edge.Cuts
  6
CONTINUOUS
100
AcDbLine
 10
219.0249999999999773
 20
-135.256432999999987
 30
0
 11
218.9884919999999795
 21
-135.0728949999999884
 31
0
  0
LINE
  5
308
330
1B
100
AcDbEntity
  8
Edge.Cuts
  6
CONTINUOUS
100
AcDbLine
 10
218.9884919999999795
 20
-135.0728949999999884
 30
0
 11
218.9168789999999944
 21
-134.9000059999999905
 31
0
  0
LINE
  5
309
330
1B
100
AcDbEntity
  8
Edge.Cuts
  6
CONTINUOUS
100
AcDbLine
 10
218.9168789999999944
 20
-134.9000059999999905
 30
0
 11
218.8129129999999805
 21
-134.7444099999999878
 31
0
  0
LINE
  5
30A
330
1B
100
AcDbEntity
  8
Edge.Cuts
  6
CONTINUOUS
100
AcDbLine
 10
218.8129129999999805
 20
-134.7444099999999878
 30
0
 11
218.6805899999999951
 21
-134.6120870000000025
 31
0
  0
LINE
  5
30B
330
1B
100
AcDbEntity
  8
Edge.Cuts
  6
CONTINUOUS
100
AcDbLine
 10
218.6805899999999951
 20
-134.6120870000000025
 30
0
 11
218.5249939999999924
 21
-134.5081209999999885
 31
0
  0
LINE
  5
30C
330
1B
100
AcDbEntity
  8
Edge.Cuts
  6
CONTINUOUS
100
AcDbLine
 10
218.5249939999999924
 20
-134.5081209999999885
 30
0
 11
218.3521049999999946
 21
-134.4365080000000034
 31
0
  0
LINE
  5
30D
330
1B
100
AcDbEntity
  8
Edge.Cuts
  6
CONTINUOUS
100
AcDbLine
 10
218.3521049999999946
 20
-134.4365080000000034
 30
0
 11
218.1685669999999959
 21
-134.4000000000000057
 31
0
  0
LINE
  5
30E
330
1B
100
AcDbEntity
  8
Edge.Cuts
  6
CONTINUOUS
100
AcDbLine
 10
218.1685669999999959
 20
-134.4000000000000057
 30
0
 11
217.9814329999999813
 21
-134.4000000000000057
 31
0
  0
LINE
  5
30F
330
1B
100
AcDbEntity
  8
Edge.Cuts
  6
CONTINUOUS
100
AcDbLine
 10
217.9814329999999813
 20
-134.4000000000000057
 30
0
 11
217.7978949999999827
 21
-134.4365080000000034
 31
0
  0
LINE
  5
310
330
1B
100
AcDbEntity
  8
Edge.Cuts
  6
CONTINUOUS
100
AcDbLine
 10
218.3623460000000023
 20
-117.67133299999999
 30
0
 11
218.5430250000000001
 21
-117.7413289999999932
 31
0
  0
LINE
  5
311
330
1B
100
AcDbEntity
  8
Edge.Cuts
  6
CONTINUOUS
100
AcDbLine
 10
218.5430250000000001
 20
-117.7413289999999932
 30
0
 11
218.7077659999999923
 21
-117.8433319999999895
 31
0
  0
LINE
  5
312
330
1B
100
AcDbEntity
  8
Edge.Cuts
  6
CONTINUOUS
100
AcDbLine
 10
218.7077659999999923
 20
-117.8433319999999895
 30
0
 11
218.8509589999999889
 21
-117.9738699999999909
 31
0
  0
LINE
  5
313
330
1B
100
AcDbEntity
  8
Edge.Cuts
  6
CONTINUOUS
100
AcDbLine
 10
218.8509589999999889
 20
-117.9738699999999909
 30
0
 11
218.9677279999999939
 21
-118.1284959999999984
 31
0
  0
LINE
  5
314
330
1B
100
AcDbEntity
  8
Edge.Cuts
  6
CONTINUOUS
100
AcDbLine
 10
218.9677279999999939
 20
-118.1284959999999984
 30
0
 11
219.054095999999987
 21
-118.3019460000000009
 31
0
  0
LINE
  5
315
330
1B
100
AcDbEntity
  8
Edge.Cuts
  6
CONTINUOUS
100
AcDbLine
 10
219.054095999999987
 20
-118.3019460000000009
 30
0
 11
219.1071220000000039
 21
-118.4883129999999909
 31
0
  0
LINE
  5
316
330
1B
100
AcDbEntity
  8
Edge.Cuts
  6
CONTINUOUS
100
AcDbLine
 10
219.1071220000000039
 20
-118.4883129999999909
 30
0
 11
219.125
 21
-118.6812499999999915
 31
0
  0
LINE
  5
317
330
1B
100
AcDbEntity
  8
Edge.Cuts
  6
CONTINUOUS
100
AcDbLine
 10
219.125
 20
-118.6812499999999915
 30
0
 11
219.1154509999999789
 21
-118.7106390000000005
 31
0
  0
LINE
  5
318
330
1B
100
AcDbEntity
  8
Edge.Cuts
  6
CONTINUOUS
100
AcDbLine
 10
219.1154509999999789
 20
-118.7106390000000005
 30
0
 11
219.0999999999999943
 21
-118.721864999999994
 31
0
  0
LINE
  5
319
330
1B
100
AcDbEntity
  8
Edge.Cuts
  6
CONTINUOUS
100
AcDbLine
 10
219.0999999999999943
 20
-118.721864999999994
 30
0
 11
219.0999999999999943
 21
-131.3093839999999943
 31
0
  0
LINE
  5
31A
330
1B
100
AcDbEntity
  8
Edge.Cuts
  6
CONTINUOUS
100
AcDbLine
 10
219.0999999999999943
 20
-131.3093839999999943
 30
0
 11
219.1154509999999789
 21
-131.3206109999999853
 31
0
  0
LINE
  5
31B
330
1B
100
AcDbEntity
  8
Edge.Cuts
  6
CONTINUOUS
100
AcDbLine
 10
219.1154509999999789
 20
-131.3206109999999853
 30
0
 11
219.125
 21
-131.3499999999999943
 31
0
  0
LINE
  5
31C
330
1B
100
AcDbEntity
  8
Edge.Cuts
  6
CONTINUOUS
100
AcDbLine
 10
219.125
 20
-131.3499999999999943
 30
0
 11
219.1071220000000039
 21
-131.5429369999999949
 31
0
  0
LINE
  5
31D
330
1B
100
AcDbEntity
  8
Edge.Cuts
  6
CONTINUOUS
100
AcDbLine
 10
219.1071220000000039
 20
-131.5429369999999949
 30
0
 11
219.054095999999987
 21
-131.7293039999999849
 31
0
  0
LINE
  5
31E
330
1B
100
AcDbEntity
  8
Edge.Cuts
  6
CONTINUOUS
100
AcDbLine
 10
219.054095999999987
 20
-131.7293039999999849
 30
0
 11
218.9677279999999939
 21
-131.9027539999999874
 31
0
  0
LINE
  5
31F
330
1B
100
AcDbEntity
  8
Edge.Cuts
  6
CONTINUOUS
100
AcDbLine
 10
218.9677279999999939
 20
-131.9027539999999874
 30
0
 11
218.8509589999999889
 21
-132.0573799999999949
 31
0
  0
LINE
  5
320
330
1B
100
AcDbEntity
  8
Edge.Cuts
  6
CONTINUOUS
100
AcDbLine
 10
218.8509589999999889
 20
-132.0573799999999949
 30
0
 11
218.7077659999999923
 21
-132.1879179999999963
 31
0
  0
LINE
  5
321
330
1B
100
AcDbEntity
  8
Edge.Cuts
  6
CONTINUOUS
100
AcDbLine
 10
218.7077659999999923
 20
-132.1879179999999963
 30
0
 11
218.5430250000000001
 21
-132.2899209999999925
 31
0
  0
LINE
  5
322
330
1B
100
AcDbEntity
  8
Edge.Cuts
  6
CONTINUOUS
100
AcDbLine
 10
218.5430250000000001
 20
-132.2899209999999925
 30
0
 11
218.3623460000000023
 21
-132.3599169999999958
 31
0
  0
LINE
  5
323
330
1B
100
AcDbEntity
  8
Edge.Cuts
  6
CONTINUOUS
100
AcDbLine
 10
218.3623460000000023
 20
-132.3599169999999958
 30
0
 11
218.1718819999999823
 21
-132.3955210000000022
 31
0
  0
LINE
  5
324
330
1B
100
AcDbEntity
  8
Edge.Cuts
  6
CONTINUOUS
100
AcDbLine
 10
218.1718819999999823
 20
-132.3955210000000022
 30
0
 11
217.9781179999999949
 21
-132.3955210000000022
 31
0
  0
LINE
  5
325
330
1B
100
AcDbEntity
  8
Edge.Cuts
  6
CONTINUOUS
100
AcDbLine
 10
217.9781179999999949
 20
-132.3955210000000022
 30
0
 11
217.7876540000000034
 21
-132.3599169999999958
 31
0
  0
LINE
  5
326
330
1B
100
AcDbEntity
  8
Edge.Cuts
  6
CONTINUOUS
100
AcDbLine
 10
217.7876540000000034
 20
-132.3599169999999958
 30
0
 11
217.6069749999999772
 21
-132.2899209999999925
 31
0
  0
LINE
  5
327
330
1B
100
AcDbEntity
  8
Edge.Cuts
  6
CONTINUOUS
100
AcDbLine
 10
217.6069749999999772
 20
-132.2899209999999925
 30
0
 11
217.4422339999999849
 21
-132.1879179999999963
 31
0
  0
LINE
  5
328
330
1B
100
AcDbEntity
  8
Edge.Cuts
  6
CONTINUOUS
100
AcDbLine
 10
217.4422339999999849
 20
-132.1879179999999963
 30
0
 11
217.2990409999999883
 21
-132.0573799999999949
 31
0
  0
LINE
  5
329
330
1B
100
AcDbEntity
  8
Edge.Cuts
  6
CONTINUOUS
100
AcDbLine
 10
217.2990409999999883
 20
-132.0573799999999949
 30
0
 11
217.1822719999999833
 21
-131.9027539999999874
 31
0
  0
LINE
  5
32A
330
1B
100
AcDbEntity
  8
Edge.Cuts
  6
CONTINUOUS
100
AcDbLine
 10
217.1822719999999833
 20
-131.9027539999999874
 30
0
 11
217.0959039999999902
 21
-131.7293039999999849
 31
0
  0
LINE
  5
32B
330
1B
100
AcDbEntity
  8
Edge.Cuts
  6
CONTINUOUS
100
AcDbLine
 10
217.0959039999999902
 20
-131.7293039999999849
 30
0
 11
217.0428780000000017
 21
-131.5429369999999949
 31
0
  0
LINE
  5
32C
330
1B
100
AcDbEntity
  8
Edge.Cuts
  6
CONTINUOUS
100
AcDbLine
 10
217.0428780000000017
 20
-131.5429369999999949
 30
0
 11
217.0249999999999773
 21
-131.3499999999999943
 31
0
  0
LINE
  5
32D
330
1B
100
AcDbEntity
  8
Edge.Cuts
  6
CONTINUOUS
100
AcDbLine
 10
217.0249999999999773
 20
-131.3499999999999943
 30
0
 11
217.0345489999999984
 21
-131.3206109999999853
 31
0
  0
LINE
  5
32E
330
1B
100
AcDbEntity
  8
Edge.Cuts
  6
CONTINUOUS
100
AcDbLine
 10
217.0345489999999984
 20
-131.3206109999999853
 30
0
 11
217.0499999999999829
 21
-131.3093839999999943
 31
0
  0
LINE
  5
32F
330
1B
100
AcDbEntity
  8
Edge.Cuts
  6
CONTINUOUS
100
AcDbLine
 10
217.0499999999999829
 20
-131.3093839999999943
 30
0
 11
217.0499999999999829
 21
-118.721864999999994
 31
0
  0
LINE
  5
330
330
1B
100
AcDbEntity
  8
Edge.Cuts
  6
CONTINUOUS
100
AcDbLine
 10
217.0499999999999829
 20
-118.721864999999994
 30
0
 11
217.0345489999999984
 21
-118.7106390000000005
 31
0
  0
LINE
  5
331
330
1B
100
AcDbEntity
  8
Edge.Cuts
  6
CONTINUOUS
100
AcDbLine
 10
217.0345489999999984
 20
-118.7106390000000005
 30
0
 11
217.0249999999999773
 21
-118.6812499999999915
 31
0
  0
LINE
  5
332
330
1B
100
AcDbEntity
  8
Edge.Cuts
  6
CONTINUOUS
100
AcDbLine
 10
217.0249999999999773
 20
-118.6812499999999915
 30
0
 11
217.0428780000000017
 21
-118.4883129999999909
 31
0
  0
LINE
  5
333
330
1B
100
AcDbEntity
  8
Edge.Cuts
  6
CONTINUOUS
100
AcDbLine
 10
217.0428780000000017
 20
-118.4883129999999909
 30
0
 11
217.0959039999999902
 21
-118.3019460000000009
 31
0
  0
LINE
  5
334
330
1B
100
AcDbEntity
  8
Edge.Cuts
  6
CONTINUOUS
100
AcDbLine
 10
217.0959039999999902
 20
-118.3019460000000009
 30
0
 11
217.1822719999999833
 21
-118.1284959999999984
 31
0
  0
LINE
  5
335
330
1B
100
AcDbEntity
  8
Edge.Cuts
  6
CONTINUOUS
100
AcDbLine
 10
217.1822719999999833
 20
-118.1284959999999984
 30
0
 11
217.2990409999999883
 21
-117.9738699999999909
 31
0
  0
LINE
  5
336
330
1B
100
AcDbEntity
  8
Edge.Cuts
  6
CONTINUOUS
100
AcDbLine
 10
217.2990409999999883
 20
-117.9738699999999909
 30
0
 11
217.4422339999999849
 21
-117.8433319999999895
 31
0
  0
LINE
  5
337
330
1B
100
AcDbEntity
  8
Edge.Cuts
  6
CONTINUOUS
100
AcDbLine
 10
217.4422339999999849
 20
-117.8433319999999895
 30
0
 11
217.6069749999999772
 21
-117.7413289999999932
 31
0
  0
LINE
  5
338
330
1B
100
AcDbEntity
  8
Edge.Cuts
  6
CONTINUOUS
100
AcDbLine
 10
217.6069749999999772
 20
-117.7413289999999932
 30
0
 11
217.7876540000000034
 21
-117.67133299999999
 31
0
  0
LINE
  5
339
330
1B
100
AcDbEntity
  8
Edge.Cuts
  6
CONTINUOUS
100
AcDbLine
 10
217.7876540000000034
 20
-117.67133299999999
 30
0
 11
217.9781179999999949
 21
-117.6357289999999978
 31
0
  0
LINE
  5
33A
330
1B
100
AcDbEntity
  8
Edge.Cuts
  6
CONTINUOUS
100
AcDbLine
 10
217.9781179999999949
 20
-117.6357289999999978
 30
0
 11
218.1718819999999823
 21
-117.6357289999999978
 31
0
  0
LINE
  5
33B
330
1B
100
AcDbEntity
  8
Edge.Cuts
  6
CONTINUOUS
100
AcDbLine
 10
218.1718819999999823
 20
-117.6357289999999978
 30
0
 11
218.3623460000000023
 21
-117.67133299999999
 31
0
  0
LINE
  5
33C
330
1B
100
AcDbEntity
  8
Edge.Cuts
  6
CONTINUOUS
100
AcDbLine
 10
217.7978949999999827
 20
-117.7677580000000006
 30
0
 11
217.6250059999999849
 21
-117.8393709999999999
 31
0
  0
LINE
  5
33D
330
1B
100
AcDbEntity
  8
Edge.Cuts
  6
CONTINUOUS
100
AcDbLine
 10
217.6250059999999849
 20
-117.8393709999999999
 30
0
 11
217.4694099999999821
 21
-117.9433369999999996
 31
0
  0
LINE
  5
33E
330
1B
100
AcDbEntity
  8
Edge.Cuts
  6
CONTINUOUS
100
AcDbLine
 10
217.4694099999999821
 20
-117.9433369999999996
 30
0
 11
217.3370869999999968
 21
-118.0756599999999992
 31
0
  0
LINE
  5
33F
330
1B
100
AcDbEntity
  8
Edge.Cuts
  6
CONTINUOUS
100
AcDbLine
 10
217.3370869999999968
 20
-118.0756599999999992
 30
0
 11
217.2331209999999828
 21
-118.2312559999999877
 31
0
  0
LINE
  5
340
330
1B
100
AcDbEntity
  8
Edge.Cuts
  6
CONTINUOUS
100
AcDbLine
 10
217.2331209999999828
 20
-118.2312559999999877
 30
0
 11
217.1615079999999978
 21
-118.4041449999999998
 31
0
  0
LINE
  5
341
330
1B
100
AcDbEntity
  8
Edge.Cuts
  6
CONTINUOUS
100
AcDbLine
 10
217.1615079999999978
 20
-118.4041449999999998
 30
0
 11
217.125
 21
-118.5876829999999984
 31
0
  0
LINE
  5
342
330
1B
100
AcDbEntity
  8
Edge.Cuts
  6
CONTINUOUS
100
AcDbLine
 10
217.125
 20
-118.5876829999999984
 30
0
 11
217.125
 21
-118.6812499999999915
 31
0
  0
LINE
  5
343
330
1B
100
AcDbEntity
  8
Edge.Cuts
  6
CONTINUOUS
100
AcDbLine
 10
217.125
 20
-118.6812499999999915
 30
0
 11
217.1154509999999789
 21
-118.7106390000000005
 31
0
  0
LINE
  5
344
330
1B
100
AcDbEntity
  8
Edge.Cuts
  6
CONTINUOUS
100
AcDbLine
 10
217.1154509999999789
 20
-118.7106390000000005
 30
0
 11
217.0999999999999943
 21
-118.721864999999994
 31
0
  0
LINE
  5
345
330
1B
100
AcDbEntity
  8
Edge.Cuts
  6
CONTINUOUS
100
AcDbLine
 10
217.0999999999999943
 20
-118.721864999999994
 30
0
 11
217.0999999999999943
 21
-131.3093839999999943
 31
0
  0
LINE
  5
346
330
1B
100
AcDbEntity
  8
Edge.Cuts
  6
CONTINUOUS
100
AcDbLine
 10
217.0999999999999943
 20
-131.3093839999999943
 30
0
 11
217.1154509999999789
 21
-131.3206109999999853
 31
0
  0
LINE
  5
347
330
1B
100
AcDbEntity
  8
Edge.Cuts
  6
CONTINUOUS
100
AcDbLine
 10
217.1154509999999789
 20
-131.3206109999999853
 30
0
 11
217.125
 21
-131.3499999999999943
 31
0
  0
LINE
  5
348
330
1B
100
AcDbEntity
  8
Edge.Cuts
  6
CONTINUOUS
100
AcDbLine
 10
217.125
 20
-131.3499999999999943
 30
0
 11
217.125
 21
-131.4435670000000016
 31
0
  0
LINE
  5
349
330
1B
100
AcDbEntity
  8
Edge.Cuts
  6
CONTINUOUS
100
AcDbLine
 10
217.125
 20
-131.4435670000000016
 30
0
 11
217.1615079999999978
 21
-131.6271050000000002
 31
0
  0
LINE
  5
34A
330
1B
100
AcDbEntity
  8
Edge.Cuts
  6
CONTINUOUS
100
AcDbLine
 10
217.1615079999999978
 20
-131.6271050000000002
 30
0
 11
217.2331209999999828
 21
-131.7999939999999981
 31
0
  0
LINE
  5
34B
330
1B
100
AcDbEntity
  8
Edge.Cuts
  6
CONTINUOUS
100
AcDbLine
 10
217.2331209999999828
 20
-131.7999939999999981
 30
0
 11
217.3370869999999968
 21
-131.9555900000000008
 31
0
  0
LINE
  5
34C
330
1B
100
AcDbEntity
  8
Edge.Cuts
  6
CONTINUOUS
100
AcDbLine
 10
217.3370869999999968
 20
-131.9555900000000008
 30
0
 11
217.4694099999999821
 21
-132.0879129999999861
 31
0
  0
LINE
  5
34D
330
1B
100
AcDbEntity
  8
Edge.Cuts
  6
CONTINUOUS
100
AcDbLine
 10
217.4694099999999821
 20
-132.0879129999999861
 30
0
 11
217.6250059999999849
 21
-132.1918790000000001
 31
0
  0
LINE
  5
34E
330
1B
100
AcDbEntity
  8
Edge.Cuts
  6
CONTINUOUS
100
AcDbLine
 10
217.6250059999999849
 20
-132.1918790000000001
 30
0
 11
217.7978949999999827
 21
-132.2634919999999852
 31
0
  0
LINE
  5
34F
330
1B
100
AcDbEntity
  8
Edge.Cuts
  6
CONTINUOUS
100
AcDbLine
 10
217.7978949999999827
 20
-132.2634919999999852
 30
0
 11
217.9814329999999813
 21
-132.2999999999999829
 31
0
  0
LINE
  5
350
330
1B
100
AcDbEntity
  8
Edge.Cuts
  6
CONTINUOUS
100
AcDbLine
 10
217.9814329999999813
 20
-132.2999999999999829
 30
0
 11
218.1685669999999959
 21
-132.2999999999999829
 31
0
  0
LINE
  5
351
330
1B
100
AcDbEntity
  8
Edge.Cuts
  6
CONTINUOUS
100
AcDbLine
 10
218.1685669999999959
 20
-132.2999999999999829
 30
0
 11
218.3521049999999946
 21
-132.2634919999999852
 31
0
  0
LINE
  5
352
330
1B
100
AcDbEntity
  8
Edge.Cuts
  6
CONTINUOUS
100
AcDbLine
 10
218.3521049999999946
 20
-132.2634919999999852
 30
0
 11
218.5249939999999924
 21
-132.1918790000000001
 31
0
  0
LINE
  5
353
330
1B
100
AcDbEntity
  8
Edge.Cuts
  6
CONTINUOUS
100
AcDbLine
 10
218.5249939999999924
 20
-132.1918790000000001
 30
0
 11
218.6805899999999951
 21
-132.0879129999999861
 31
0
  0
LINE
  5
354
330
1B
100
AcDbEntity
  8
Edge.Cuts
  6
CONTINUOUS
100
AcDbLine
 10
218.6805899999999951
 20
-132.0879129999999861
 30
0
 11
218.8129129999999805
 21
-131.9555900000000008
 31
0
  0
LINE
  5
355
330
1B
100
AcDbEntity
  8
Edge.Cuts
  6
CONTINUOUS
100
AcDbLine
 10
218.8129129999999805
 20
-131.9555900000000008
 30
0
 11
218.9168789999999944
 21
-131.7999939999999981
 31
0
  0
LINE
  5
356
330
1B
100
AcDbEntity
  8
Edge.Cuts
  6
CONTINUOUS
100
AcDbLine
 10
218.9168789999999944
 20
-131.7999939999999981
 30
0
 11
218.9884919999999795
 21
-131.6271050000000002
 31
0
  0
LINE
  5
357
330
1B
100
AcDbEntity
  8
Edge.Cuts
  6
CONTINUOUS
100
AcDbLine
 10
218.9884919999999795
 20
-131.6271050000000002
 30
0
 11
219.0249999999999773
 21
-131.4435670000000016
 31
0
  0
LINE
  5
358
330
1B
100
AcDbEntity
  8
Edge.Cuts
  6
CONTINUOUS
100
AcDbLine
 10
219.0249999999999773
 20
-131.4435670000000016
 30
0
 11
219.0249999999999773
 21
-131.3499999999999943
 31
0
  0
LINE
  5
359
330
1B
100
AcDbEntity
  8
Edge.Cuts
  6
CONTINUOUS
100
AcDbLine
 10
219.0249999999999773
 20
-131.3499999999999943
 30
0
 11
219.0345489999999984
 21
-131.3206109999999853
 31
0
  0
LINE
  5
35A
330
1B
100
AcDbEntity
  8
Edge.Cuts
  6
CONTINUOUS
100
AcDbLine
 10
219.0345489999999984
 20
-131.3206109999999853
 30
0
 11
219.0499999999999829
 21
-131.3093839999999943
 31
0
  0
LINE
  5
35B
330
1B
100
AcDbEntity
  8
Edge.Cuts
  6
CONTINUOUS
100
AcDbLine
 10
219.0499999999999829
 20
-131.3093839999999943
 30
0
 11
219.0499999999999829
 21
-118.721864999999994
 31
0
  0
LINE
  5
35C
330
1B
100
AcDbEntity
  8
Edge.Cuts
  6
CONTINUOUS
100
AcDbLine
 10
219.0499999999999829
 20
-118.721864999999994
 30
0
 11
219.0345489999999984
 21
-118.7106390000000005
 31
0
  0
LINE
  5
35D
330
1B
100
AcDbEntity
  8
Edge.Cuts
  6
CONTINUOUS
100
AcDbLine
 10
219.0345489999999984
 20
-118.7106390000000005
 30
0
 11
219.0249999999999773
 21
-118.6812499999999915
 31
0
  0
LINE
  5
35E
330
1B
100
AcDbEntity
  8
Edge.Cuts
  6
CONTINUOUS
100
AcDbLine
 10
219.0249999999999773
 20
-118.6812499999999915
 30
0
 11
219.0249999999999773
 21
-118.5876829999999984
 31
0
  0
LINE
  5
35F
330
1B
100
AcDbEntity
  8
Edge.Cuts
  6
CONTINUOUS
100
AcDbLine
 10
219.0249999999999773
 20
-118.5876829999999984
 30
0
 11
218.9884919999999795
 21
-118.4041449999999998
 31
0
  0
LINE
  5
360
330
1B
100
AcDbEntity
  8
Edge.Cuts
  6
CONTINUOUS
100
AcDbLine
 10
218.9884919999999795
 20
-118.4041449999999998
 30
0
 11
218.9168789999999944
 21
-118.2312559999999877
 31
0
  0
LINE
  5
361
330
1B
100
AcDbEntity
  8
Edge.Cuts
  6
CONTINUOUS
100
AcDbLine
 10
218.9168789999999944
 20
-118.2312559999999877
 30
0
 11
218.8129129999999805
 21
-118.0756599999999992
 31
0
  0
LINE
  5
362
330
1B
100
AcDbEntity
  8
Edge.Cuts
  6
CONTINUOUS
100
AcDbLine
 10
218.8129129999999805
 20
-118.0756599999999992
 30
0
 11
218.6805899999999951
 21
-117.9433369999999996
 31
0
  0
LINE
  5
363
330
1B
100
AcDbEntity
  8
Edge.Cuts
  6
CONTINUOUS
100
AcDbLine
 10
218.6805899999999951
 20
-117.9433369999999996
 30
0
 11
218.5249939999999924
 21
-117.8393709999999999
 31
0
  0
LINE
  5
364
330
1B
100
AcDbEntity
  8
Edge.Cuts
  6
CONTINUOUS
100
AcDbLine
 10
218.5249939999999924
 20
-117.8393709999999999
 30
0
 11
218.3521049999999946
 21
-117.7677580000000006
 31
0
  0
LINE
  5
365
330
1B
100
AcDbEntity
  8
Edge.Cuts
  6
CONTINUOUS
100
AcDbLine
 10
218.3521049999999946
 20
-117.7677580000000006
 30
0
 11
218.1685669999999959
 21
-117.7312499999999886
 31
0
  0
LINE
  5
366
330
1B
100
AcDbEntity
  8
Edge.Cuts
  6
CONTINUOUS
100
AcDbLine
 10
218.1685669999999959
 20
-117.7312499999999886
 30
0
 11
217.9814329999999813
 21
-117.7312499999999886
 31
0
  0
LINE
  5
367
330
1B
100
AcDbEntity
  8
Edge.Cuts
  6
CONTINUOUS
100
AcDbLine
 10
217.9814329999999813
 20
-117.7312499999999886
 30
0
 11
217.7978949999999827
 21
-117.7677580000000006
 31
0
  0
LINE
  5
368
330
1B
100
AcDbEntity
  8
Edge.Cuts
  6
CONTINUOUS
100
AcDbLine
 10
218.3623460000000023
 20
-101.0025830000000013
 30
0
 11
218.5430250000000001
 21
-101.0725789999999904
 31
0
  0
LINE
  5
369
330
1B
100
AcDbEntity
  8
Edge.Cuts
  6
CONTINUOUS
100
AcDbLine
 10
218.5430250000000001
 20
-101.0725789999999904
 30
0
 11
218.7077659999999923
 21
-101.1745820000000009
 31
0
  0
LINE
  5
36A
330
1B
100
AcDbEntity
  8
Edge.Cuts
  6
CONTINUOUS
100
AcDbLine
 10
218.7077659999999923
 20
-101.1745820000000009
 30
0
 11
218.8509589999999889
 21
-101.3051200000000023
 31
0
  0
LINE
  5
36B
330
1B
100
AcDbEntity
  8
Edge.Cuts
  6
CONTINUOUS
100
AcDbLine
 10
218.8509589999999889
 20
-101.3051200000000023
 30
0
 11
218.9677279999999939
 21
-101.4597459999999955
 31
0
  0
LINE
  5
36C
330
1B
100
AcDbEntity
  8
Edge.Cuts
  6
CONTINUOUS
100
AcDbLine
 10
218.9677279999999939
 20
-101.4597459999999955
 30
0
 11
219.054095999999987
 21
-101.6331959999999981
 31
0
  0
LINE
  5
36D
330
1B
100
AcDbEntity
  8
Edge.Cuts
  6
CONTINUOUS
100
AcDbLine
 10
219.054095999999987
 20
-101.6331959999999981
 30
0
 11
219.1071220000000039
 21
-101.8195630000000023
 31
0
  0
LINE
  5
36E
330
1B
100
AcDbEntity
  8
Edge.Cuts
  6
CONTINUOUS
100
AcDbLine
 10
219.1071220000000039
 20
-101.8195630000000023
 30
0
 11
219.125
 21
-102.0124999999999886
 31
0
  0
LINE
  5
36F
330
1B
100
AcDbEntity
  8
Edge.Cuts
  6
CONTINUOUS
100
AcDbLine
 10
219.125
 20
-102.0124999999999886
 30
0
 11
219.1154509999999789
 21
-102.0418889999999976
 31
0
  0
LINE
  5
370
330
1B
100
AcDbEntity
  8
Edge.Cuts
  6
CONTINUOUS
100
AcDbLine
 10
219.1154509999999789
 20
-102.0418889999999976
 30
0
 11
219.0999999999999943
 21
-102.0531149999999911
 31
0
  0
LINE
  5
371
330
1B
100
AcDbEntity
  8
Edge.Cuts
  6
CONTINUOUS
100
AcDbLine
 10
219.0999999999999943
 20
-102.0531149999999911
 30
0
 11
219.0999999999999943
 21
-114.6406339999999915
 31
0
  0
LINE
  5
372
330
1B
100
AcDbEntity
  8
Edge.Cuts
  6
CONTINUOUS
100
AcDbLine
 10
219.0999999999999943
 20
-114.6406339999999915
 30
0
 11
219.1154509999999789
 21
-114.6518609999999967
 31
0
  0
LINE
  5
373
330
1B
100
AcDbEntity
  8
Edge.Cuts
  6
CONTINUOUS
100
AcDbLine
 10
219.1154509999999789
 20
-114.6518609999999967
 30
0
 11
219.125
 21
-114.6812499999999915
 31
0
  0
LINE
  5
374
330
1B
100
AcDbEntity
  8
Edge.Cuts
  6
CONTINUOUS
100
AcDbLine
 10
219.125
 20
-114.6812499999999915
 30
0
 11
219.1071220000000039
 21
-114.8741869999999921
 31
0
  0
LINE
  5
375
330
1B
100
AcDbEntity
  8
Edge.Cuts
  6
CONTINUOUS
100
AcDbLine
 10
219.1071220000000039
 20
-114.8741869999999921
 30
0
 11
219.054095999999987
 21
-115.0605539999999962
 31
0
  0
LINE
  5
376
330
1B
100
AcDbEntity
  8
Edge.Cuts
  6
CONTINUOUS
100
AcDbLine
 10
219.054095999999987
 20
-115.0605539999999962
 30
0
 11
218.9677279999999939
 21
-115.2340039999999988
 31
0
  0
LINE
  5
377
330
1B
100
AcDbEntity
  8
Edge.Cuts
  6
CONTINUOUS
100
AcDbLine
 10
218.9677279999999939
 20
-115.2340039999999988
 30
0
 11
218.8509589999999889
 21
-115.388629999999992
 31
0
  0
LINE
  5
378
330
1B
100
AcDbEntity
  8
Edge.Cuts
  6
CONTINUOUS
100
AcDbLine
 10
218.8509589999999889
 20
-115.388629999999992
 30
0
 11
218.7077659999999923
 21
-115.5191679999999934
 31
0
  0
LINE
  5
379
330
1B
100
AcDbEntity
  8
Edge.Cuts
  6
CONTINUOUS
100
AcDbLine
 10
218.7077659999999923
 20
-115.5191679999999934
 30
0
 11
218.5430250000000001
 21
-115.6211709999999897
 31
0
  0
LINE
  5
37A
330
1B
100
AcDbEntity
  8
Edge.Cuts
  6
CONTINUOUS
100
AcDbLine
 10
218.5430250000000001
 20
-115.6211709999999897
 30
0
 11
218.3623460000000023
 21
-115.691166999999993
 31
0
  0
LINE
  5
37B
330
1B
100
AcDbEntity
  8
Edge.Cuts
  6
CONTINUOUS
100
AcDbLine
 10
218.3623460000000023
 20
-115.691166999999993
 30
0
 11
218.1718819999999823
 21
-115.7267709999999994
 31
0
  0
LINE
  5
37C
330
1B
100
AcDbEntity
  8
Edge.Cuts
  6
CONTINUOUS
100
AcDbLine
 10
218.1718819999999823
 20
-115.7267709999999994
 30
0
 11
217.9781179999999949
 21
-115.7267709999999994
 31
0
  0
LINE
  5
37D
330
1B
100
AcDbEntity
  8
Edge.Cuts
  6
CONTINUOUS
100
AcDbLine
 10
217.9781179999999949
 20
-115.7267709999999994
 30
0
 11
217.7876540000000034
 21
-115.691166999999993
 31
0
  0
LINE
  5
37E
330
1B
100
AcDbEntity
  8
Edge.Cuts
  6
CONTINUOUS
100
AcDbLine
 10
217.7876540000000034
 20
-115.691166999999993
 30
0
 11
217.6069749999999772
 21
-115.6211709999999897
 31
0
  0
LINE
  5
37F
330
1B
100
AcDbEntity
  8
Edge.Cuts
  6
CONTINUOUS
100
AcDbLine
 10
217.6069749999999772
 20
-115.6211709999999897
 30
0
 11
217.4422339999999849
 21
-115.5191679999999934
 31
0
  0
LINE
  5
380
330
1B
100
AcDbEntity
  8
Edge.Cuts
  6
CONTINUOUS
100
AcDbLine
 10
217.4422339999999849
 20
-115.5191679999999934
 30
0
 11
217.2990409999999883
 21
-115.388629999999992
 31
0
  0
LINE
  5
381
330
1B
100
AcDbEntity
  8
Edge.Cuts
  6
CONTINUOUS
100
AcDbLine
 10
217.2990409999999883
 20
-115.388629999999992
 30
0
 11
217.1822719999999833
 21
-115.2340039999999988
 31
0
  0
LINE
  5
382
330
1B
100
AcDbEntity
  8
Edge.Cuts
  6
CONTINUOUS
100
AcDbLine
 10
217.1822719999999833
 20
-115.2340039999999988
 30
0
 11
217.0959039999999902
 21
-115.0605539999999962
 31
0
  0
LINE
  5
383
330
1B
100
AcDbEntity
  8
Edge.Cuts
  6
CONTINUOUS
100
AcDbLine
 10
217.0959039999999902
 20
-115.0605539999999962
 30
0
 11
217.0428780000000017
 21
-114.8741869999999921
 31
0
  0
LINE
  5
384
330
1B
100
AcDbEntity
  8
Edge.Cuts
  6
CONTINUOUS
100
AcDbLine
 10
217.0428780000000017
 20
-114.8741869999999921
 30
0
 11
217.0249999999999773
 21
-114.6812499999999915
 31
0
  0
LINE
  5
385
330
1B
100
AcDbEntity
  8
Edge.Cuts
  6
CONTINUOUS
100
AcDbLine
 10
217.0249999999999773
 20
-114.6812499999999915
 30
0
 11
217.0345489999999984
 21
-114.6518609999999967
 31
0
  0
LINE
  5
386
330
1B
100
AcDbEntity
  8
Edge.Cuts
  6
CONTINUOUS
100
AcDbLine
 10
217.0345489999999984
 20
-114.6518609999999967
 30
0
 11
217.0499999999999829
 21
-114.6406339999999915
 31
0
  0
LINE
  5
387
330
1B
100
AcDbEntity
  8
Edge.Cuts
  6
CONTINUOUS
100
AcDbLine
 10
217.0499999999999829
 20
-114.6406339999999915
 30
0
 11
217.0499999999999829
 21
-102.0531149999999911
 31
0
  0
LINE
  5
388
330
1B
100
AcDbEntity
  8
Edge.Cuts
  6
CONTINUOUS
100
AcDbLine
 10
217.0499999999999829
 20
-102.0531149999999911
 30
0
 11
217.0345489999999984
 21
-102.0418889999999976
 31
0
  0
LINE
  5
389
330
1B
100
AcDbEntity
  8
Edge.Cuts
  6
CONTINUOUS
100
AcDbLine
 10
217.0345489999999984
 20
-102.0418889999999976
 30
0
 11
217.0249999999999773
 21
-102.0124999999999886
 31
0
  0
LINE
  5
38A
330
1B
100
AcDbEntity
  8
Edge.Cuts
  6
CONTINUOUS
100
AcDbLine
 10
217.0249999999999773
 20
-102.0124999999999886
 30
0
 11
217.0428780000000017
 21
-101.8195630000000023
 31
0
  0
LINE
  5
38B
330
1B
100
AcDbEntity
  8
Edge.Cuts
  6
CONTINUOUS
100
AcDbLine
 10
217.0428780000000017
 20
-101.8195630000000023
 30
0
 11
217.0959039999999902
 21
-101.6331959999999981
 31
0
  0
LINE
  5
38C
330
1B
100
AcDbEntity
  8
Edge.Cuts
  6
CONTINUOUS
100
AcDbLine
 10
217.0959039999999902
 20
-101.6331959999999981
 30
0
 11
217.1822719999999833
 21
-101.4597459999999955
 31
0
  0
LINE
  5
38D
330
1B
100
AcDbEntity
  8
Edge.Cuts
  6
CONTINUOUS
100
AcDbLine
 10
217.1822719999999833
 20
-101.4597459999999955
 30
0
 11
217.2990409999999883
 21
-101.3051200000000023
 31
0
  0
LINE
  5
38E
330
1B
100
AcDbEntity
  8
Edge.Cuts
  6
CONTINUOUS
100
AcDbLine
 10
217.2990409999999883
 20
-101.3051200000000023
 30
0
 11
217.4422339999999849
 21
-101.1745820000000009
 31
0
  0
LINE
  5
38F
330
1B
100
AcDbEntity
  8
Edge.Cuts
  6
CONTINUOUS
100
AcDbLine
 10
217.4422339999999849
 20
-101.1745820000000009
 30
0
 11
217.6069749999999772
 21
-101.0725789999999904
 31
0
  0
LINE
  5
390
330
1B
100
AcDbEntity
  8
Edge.Cuts
  6
CONTINUOUS
100
AcDbLine
 10
217.6069749999999772
 20
-101.0725789999999904
 30
0
 11
217.7876540000000034
 21
-101.0025830000000013
 31
0
  0
LINE
  5
391
330
1B
100
AcDbEntity
  8
Edge.Cuts
  6
CONTINUOUS
100
AcDbLine
 10
217.7876540000000034
 20
-101.0025830000000013
 30
0
 11
217.9781179999999949
 21
-100.9669789999999949
 31
0
  0
LINE
  5
392
330
1B
100
AcDbEntity
  8
Edge.Cuts
  6
CONTINUOUS
100
AcDbLine
 10
217.9781179999999949
 20
-100.9669789999999949
 30
0
 11
218.1718819999999823
 21
-100.9669789999999949
 31
0
  0
LINE
  5
393
330
1B
100
AcDbEntity
  8
Edge.Cuts
  6
CONTINUOUS
100
AcDbLine
 10
218.1718819999999823
 20
-100.9669789999999949
 30
0
 11
218.3623460000000023
 21
-101.0025830000000013
 31
0
  0
LINE
  5
394
330
1B
100
AcDbEntity
  8
Edge.Cuts
  6
CONTINUOUS
100
AcDbLine
 10
217.7978949999999827
 20
-101.0990079999999978
 30
0
 11
217.6250059999999849
 21
-101.170620999999997
 31
0
  0
LINE
  5
395
330
1B
100
AcDbEntity
  8
Edge.Cuts
  6
CONTINUOUS
100
AcDbLine
 10
217.6250059999999849
 20
-101.170620999999997
 30
0
 11
217.4694099999999821
 21
-101.2745869999999968
 31
0
  0
LINE
  5
396
330
1B
100
AcDbEntity
  8
Edge.Cuts
  6
CONTINUOUS
100
AcDbLine
 10
217.4694099999999821
 20
-101.2745869999999968
 30
0
 11
217.3370869999999968
 21
-101.4069099999999963
 31
0
  0
LINE
  5
397
330
1B
100
AcDbEntity
  8
Edge.Cuts
  6
CONTINUOUS
100
AcDbLine
 10
217.3370869999999968
 20
-101.4069099999999963
 30
0
 11
217.2331209999999828
 21
-101.5625059999999991
 31
0
  0
LINE
  5
398
330
1B
100
AcDbEntity
  8
Edge.Cuts
  6
CONTINUOUS
100
AcDbLine
 10
217.2331209999999828
 20
-101.5625059999999991
 30
0
 11
217.1615079999999978
 21
-101.7353949999999969
 31
0
  0
LINE
  5
399
330
1B
100
AcDbEntity
  8
Edge.Cuts
  6
CONTINUOUS
100
AcDbLine
 10
217.1615079999999978
 20
-101.7353949999999969
 30
0
 11
217.125
 21
-101.9189329999999956
 31
0
  0
LINE
  5
39A
330
1B
100
AcDbEntity
  8
Edge.Cuts
  6
CONTINUOUS
100
AcDbLine
 10
217.125
 20
-101.9189329999999956
 30
0
 11
217.125
 21
-102.0124999999999886
 31
0
  0
LINE
  5
39B
330
1B
100
AcDbEntity
  8
Edge.Cuts
  6
CONTINUOUS
100
AcDbLine
 10
217.125
 20
-102.0124999999999886
 30
0
 11
217.1154509999999789
 21
-102.0418889999999976
 31
0
  0
LINE
  5
39C
330
1B
100
AcDbEntity
  8
Edge.Cuts
  6
CONTINUOUS
100
AcDbLine
 10
217.1154509999999789
 20
-102.0418889999999976
 30
0
 11
217.0999999999999943
 21
-102.0531149999999911
 31
0
  0
LINE
  5
39D
330
1B
100
AcDbEntity
  8
Edge.Cuts
  6
CONTINUOUS
100
AcDbLine
 10
217.0999999999999943
 20
-102.0531149999999911
 30
0
 11
217.0999999999999943
 21
-114.6406339999999915
 31
0
  0
LINE
  5
39E
330
1B
100
AcDbEntity
  8
Edge.Cuts
  6
CONTINUOUS
100
AcDbLine
 10
217.0999999999999943
 20
-114.6406339999999915
 30
0
 11
217.1154509999999789
 21
-114.6518609999999967
 31
0
  0
LINE
  5
39F
330
1B
100
AcDbEntity
  8
Edge.Cuts
  6
CONTINUOUS
100
AcDbLine
 10
217.1154509999999789
 20
-114.6518609999999967
 30
0
 11
217.125
 21
-114.6812499999999915
 31
0
  0
LINE
  5
3A0
330
1B
100
AcDbEntity
  8
Edge.Cuts
  6
CONTINUOUS
100
AcDbLine
 10
217.125
 20
-114.6812499999999915
 30
0
 11
217.125
 21
-114.7748169999999988
 31
0
  0
LINE
  5
3A1
330
1B
100
AcDbEntity
  8
Edge.Cuts
  6
CONTINUOUS
100
AcDbLine
 10
217.125
 20
-114.7748169999999988
 30
0
 11
217.1615079999999978
 21
-114.9583549999999974
 31
0
  0
LINE
  5
3A2
330
1B
100
AcDbEntity
  8
Edge.Cuts
  6
CONTINUOUS
100
AcDbLine
 10
217.1615079999999978
 20
-114.9583549999999974
 30
0
 11
217.2331209999999828
 21
-115.1312439999999953
 31
0
  0
LINE
  5
3A3
330
1B
100
AcDbEntity
  8
Edge.Cuts
  6
CONTINUOUS
100
AcDbLine
 10
217.2331209999999828
 20
-115.1312439999999953
 30
0
 11
217.3370869999999968
 21
-115.286839999999998
 31
0
  0
LINE
  5
3A4
330
1B
100
AcDbEntity
  8
Edge.Cuts
  6
CONTINUOUS
100
AcDbLine
 10
217.3370869999999968
 20
-115.286839999999998
 30
0
 11
217.4694099999999821
 21
-115.4191629999999975
 31
0
  0
LINE
  5
3A5
330
1B
100
AcDbEntity
  8
Edge.Cuts
  6
CONTINUOUS
100
AcDbLine
 10
217.4694099999999821
 20
-115.4191629999999975
 30
0
 11
217.6250059999999849
 21
-115.5231289999999973
 31
0
  0
LINE
  5
3A6
330
1B
100
AcDbEntity
  8
Edge.Cuts
  6
CONTINUOUS
100
AcDbLine
 10
217.6250059999999849
 20
-115.5231289999999973
 30
0
 11
217.7978949999999827
 21
-115.5947419999999966
 31
0
  0
LINE
  5
3A7
330
1B
100
AcDbEntity
  8
Edge.Cuts
  6
CONTINUOUS
100
AcDbLine
 10
217.7978949999999827
 20
-115.5947419999999966
 30
0
 11
217.9814329999999813
 21
-115.6312499999999943
 31
0
  0
LINE
  5
3A8
330
1B
100
AcDbEntity
  8
Edge.Cuts
  6
CONTINUOUS
100
AcDbLine
 10
217.9814329999999813
 20
-115.6312499999999943
 30
0
 11
218.1685669999999959
 21
-115.6312499999999943
 31
0
  0
LINE
  5
3A9
330
1B
100
AcDbEntity
  8
Edge.Cuts
  6
CONTINUOUS
100
AcDbLine
 10
218.1685669999999959
 20
-115.6312499999999943
 30
0
 11
218.3521049999999946
 21
-115.5947419999999966
 31
0
  0
LINE
  5
3AA
330
1B
100
AcDbEntity
  8
Edge.Cuts
  6
CONTINUOUS
100
AcDbLine
 10
218.3521049999999946
 20
-115.5947419999999966
 30
0
 11
218.5249939999999924
 21
-115.5231289999999973
 31
0
  0
LINE
  5
3AB
330
1B
100
AcDbEntity
  8
Edge.Cuts
  6
CONTINUOUS
100
AcDbLine
 10
218.5249939999999924
 20
-115.5231289999999973
 30
0
 11
218.6805899999999951
 21
-115.4191629999999975
 31
0
  0
LINE
  5
3AC
330
1B
100
AcDbEntity
  8
Edge.Cuts
  6
CONTINUOUS
100
AcDbLine
 10
218.6805899999999951
 20
-115.4191629999999975
 30
0
 11
218.8129129999999805
 21
-115.286839999999998
 31
0
  0
LINE
  5
3AD
330
1B
100
AcDbEntity
  8
Edge.Cuts
  6
CONTINUOUS
100
AcDbLine
 10
218.8129129999999805
 20
-115.286839999999998
 30
0
 11
218.9168789999999944
 21
-115.1312439999999953
 31
0
  0
LINE
  5
3AE
330
1B
100
AcDbEntity
  8
Edge.Cuts
  6
CONTINUOUS
100
AcDbLine
 10
218.9168789999999944
 20
-115.1312439999999953
 30
0
 11
218.9884919999999795
 21
-114.9583549999999974
 31
0
  0
LINE
  5
3AF
330
1B
100
AcDbEntity
  8
Edge.Cuts
  6
CONTINUOUS
100
AcDbLine
 10
218.9884919999999795
 20
-114.9583549999999974
 30
0
 11
219.0249999999999773
 21
-114.7748169999999988
 31
0
  0
LINE
  5
3B0
330
1B
100
AcDbEntity
  8
Edge.Cuts
  6
CONTINUOUS
100
AcDbLine
 10
219.0249999999999773
 20
-114.7748169999999988
 30
0
 11
219.0249999999999773
 21
-114.6812499999999915
 31
0
  0
LINE
  5
3B1
330
1B
100
AcDbEntity
  8
Edge.Cuts
  6
CONTINUOUS
100
AcDbLine
 10
219.0249999999999773
 20
-114.6812499999999915
 30
0
 11
219.0345489999999984
 21
-114.6518609999999967
 31
0
  0
LINE
  5
3B2
330
1B
100
AcDbEntity
  8
Edge.Cuts
  6
CONTINUOUS
100
AcDbLine
 10
219.0345489999999984
 20
-114.6518609999999967
 30
0
 11
219.0499999999999829
 21
-114.6406339999999915
 31
0
  0
LINE
  5
3B3
330
1B
100
AcDbEntity
  8
Edge.Cuts
  6
CONTINUOUS
100
AcDbLine
 10
219.0499999999999829
 20
-114.6406339999999915
 30
0
 11
219.0499999999999829
 21
-102.0531149999999911
 31
0
  0
LINE
  5
3B4
330
1B
100
AcDbEntity
  8
Edge.Cuts
  6
CONTINUOUS
100
AcDbLine
 10
219.0499999999999829
 20
-102.0531149999999911
 30
0
 11
219.0345489999999984
 21
-102.0418889999999976
 31
0
  0
LINE
  5
3B5
330
1B
100
AcDbEntity
  8
Edge.Cuts
  6
CONTINUOUS
100
AcDbLine
 10
219.0345489999999984
 20
-102.0418889999999976
 30
0
 11
219.0249999999999773
 21
-102.0124999999999886
 31
0
  0
LINE
  5
3B6
330
1B
100
AcDbEntity
  8
Edge.Cuts
  6
CONTINUOUS
100
AcDbLine
 10
219.0249999999999773
 20
-102.0124999999999886
 30
0
 11
219.0249999999999773
 21
-101.9189329999999956
 31
0
  0
LINE
  5
3B7
330
1B
100
AcDbEntity
  8
Edge.Cuts
  6
CONTINUOUS
100
AcDbLine
 10
219.0249999999999773
 20
-101.9189329999999956
 30
0
 11
218.9884919999999795
 21
-101.7353949999999969
 31
0
  0
LINE
  5
3B8
330
1B
100
AcDbEntity
  8
Edge.Cuts
  6
CONTINUOUS
100
AcDbLine
 10
218.9884919999999795
 20
-101.7353949999999969
 30
0
 11
218.9168789999999944
 21
-101.5625059999999991
 31
0
  0
LINE
  5
3B9
330
1B
100
AcDbEntity
  8
Edge.Cuts
  6
CONTINUOUS
100
AcDbLine
 10
218.9168789999999944
 20
-101.5625059999999991
 30
0
 11
218.8129129999999805
 21
-101.4069099999999963
 31
0
  0
LINE
  5
3BA
330
1B
100
AcDbEntity
  8
Edge.Cuts
  6
CONTINUOUS
100
AcDbLine
 10
218.8129129999999805
 20
-101.4069099999999963
 30
0
 11
218.6805899999999951
 21
-101.2745869999999968
 31
0
  0
LINE
  5
3BB
330
1B
100
AcDbEntity
  8
Edge.Cuts
  6
CONTINUOUS
100
AcDbLine
 10
218.6805899999999951
 20
-101.2745869999999968
 30
0
 11
218.5249939999999924
 21
-101.170620999999997
 31
0
  0
LINE
  5
3BC
330
1B
100
AcDbEntity
  8
Edge.Cuts
  6
CONTINUOUS
100
AcDbLine
 10
218.5249939999999924
 20
-101.170620999999997
 30
0
 11
218.3521049999999946
 21
-101.0990079999999978
 31
0
  0
LINE
  5
3BD
330
1B
100
AcDbEntity
  8
Edge.Cuts
  6
CONTINUOUS
100
AcDbLine
 10
218.3521049999999946
 20
-101.0990079999999978
 30
0
 11
218.1685669999999959
 21
-101.0625
 31
0
  0
LINE
  5
3BE
330
1B
100
AcDbEntity
  8
Edge.Cuts
  6
CONTINUOUS
100
AcDbLine
 10
218.1685669999999959
 20
-101.0625
 30
0
 11
217.9814329999999813
 21
-101.0625
 31
0
  0
LINE
  5
3BF
330
1B
100
AcDbEntity
  8
Edge.Cuts
  6
CONTINUOUS
100
AcDbLine
 10
217.9814329999999813
 20
-101.0625
 30
0
 11
217.7978949999999827
 21
-101.0990079999999978
 31
0
  0
LINE
  5
3C0
330
1B
100
AcDbEntity
  8
Edge.Cuts
  6
CONTINUOUS
100
AcDbLine
 10
218.3623460000000023
 20
-85.1838329999999928
 30
0
 11
218.5430250000000001
 21
-85.2538289999999961
 31
0
  0
LINE
  5
3C1
330
1B
100
AcDbEntity
  8
Edge.Cuts
  6
CONTINUOUS
100
AcDbLine
 10
218.5430250000000001
 20
-85.2538289999999961
 30
0
 11
218.7077659999999923
 21
-85.3558319999999924
 31
0
  0
LINE
  5
3C2
330
1B
100
AcDbEntity
  8
Edge.Cuts
  6
CONTINUOUS
100
AcDbLine
 10
218.7077659999999923
 20
-85.3558319999999924
 30
0
 11
218.8509589999999889
 21
-85.4863699999999938
 31
0
  0
LINE
  5
3C3
330
1B
100
AcDbEntity
  8
Edge.Cuts
  6
CONTINUOUS
100
AcDbLine
 10
218.8509589999999889
 20
-85.4863699999999938
 30
0
 11
218.9677279999999939
 21
-85.6409960000000012
 31
0
  0
LINE
  5
3C4
330
1B
100
AcDbEntity
  8
Edge.Cuts
  6
CONTINUOUS
100
AcDbLine
 10
218.9677279999999939
 20
-85.6409960000000012
 30
0
 11
219.054095999999987
 21
-85.8144459999999896
 31
0
  0
LINE
  5
3C5
330
1B
100
AcDbEntity
  8
Edge.Cuts
  6
CONTINUOUS
100
AcDbLine
 10
219.054095999999987
 20
-85.8144459999999896
 30
0
 11
219.1071220000000039
 21
-86.0008129999999937
 31
0
  0
LINE
  5
3C6
330
1B
100
AcDbEntity
  8
Edge.Cuts
  6
CONTINUOUS
100
AcDbLine
 10
219.1071220000000039
 20
-86.0008129999999937
 30
0
 11
219.125
 21
-86.1937499999999943
 31
0
  0
LINE
  5
3C7
330
1B
100
AcDbEntity
  8
Edge.Cuts
  6
CONTINUOUS
100
AcDbLine
 10
219.125
 20
-86.1937499999999943
 30
0
 11
219.1154509999999789
 21
-86.2231389999999891
 31
0
  0
LINE
  5
3C8
330
1B
100
AcDbEntity
  8
Edge.Cuts
  6
CONTINUOUS
100
AcDbLine
 10
219.1154509999999789
 20
-86.2231389999999891
 30
0
 11
219.0999999999999943
 21
-86.2343649999999968
 31
0
  0
LINE
  5
3C9
330
1B
100
AcDbEntity
  8
Edge.Cuts
  6
CONTINUOUS
100
AcDbLine
 10
219.0999999999999943
 20
-86.2343649999999968
 30
0
 11
219.0999999999999943
 21
-97.9718839999999886
 31
0
  0
LINE
  5
3CA
330
1B
100
AcDbEntity
  8
Edge.Cuts
  6
CONTINUOUS
100
AcDbLine
 10
219.0999999999999943
 20
-97.9718839999999886
 30
0
 11
219.1154509999999789
 21
-97.9831109999999939
 31
0
  0
LINE
  5
3CB
330
1B
100
AcDbEntity
  8
Edge.Cuts
  6
CONTINUOUS
100
AcDbLine
 10
219.1154509999999789
 20
-97.9831109999999939
 30
0
 11
219.125
 21
-98.0124999999999886
 31
0
  0
LINE
  5
3CC
330
1B
100
AcDbEntity
  8
Edge.Cuts
  6
CONTINUOUS
100
AcDbLine
 10
219.125
 20
-98.0124999999999886
 30
0
 11
219.1071220000000039
 21
-98.2054369999999892
 31
0
  0
LINE
  5
3CD
330
1B
100
AcDbEntity
  8
Edge.Cuts
  6
CONTINUOUS
100
AcDbLine
 10
219.1071220000000039
 20
-98.2054369999999892
 30
0
 11
219.054095999999987
 21
-98.3918039999999934
 31
0
  0
LINE
  5
3CE
330
1B
100
AcDbEntity
  8
Edge.Cuts
  6
CONTINUOUS
100
AcDbLine
 10
219.054095999999987
 20
-98.3918039999999934
 30
0
 11
218.9677279999999939
 21
-98.5652539999999959
 31
0
  0
LINE
  5
3CF
330
1B
100
AcDbEntity
  8
Edge.Cuts
  6
CONTINUOUS
100
AcDbLine
 10
218.9677279999999939
 20
-98.5652539999999959
 30
0
 11
218.8509589999999889
 21
-98.7198799999999892
 31
0
  0
LINE
  5
3D0
330
1B
100
AcDbEntity
  8
Edge.Cuts
  6
CONTINUOUS
100
AcDbLine
 10
218.8509589999999889
 20
-98.7198799999999892
 30
0
 11
218.7077659999999923
 21
-98.8504179999999906
 31
0
  0
LINE
  5
3D1
330
1B
100
AcDbEntity
  8
Edge.Cuts
  6
CONTINUOUS
100
AcDbLine
 10
218.7077659999999923
 20
-98.8504179999999906
 30
0
 11
218.5430250000000001
 21
-98.9524210000000011
 31
0
  0
LINE
  5
3D2
330
1B
100
AcDbEntity
  8
Edge.Cuts
  6
CONTINUOUS
100
AcDbLine
 10
218.5430250000000001
 20
-98.9524210000000011
 30
0
 11
218.3623460000000023
 21
-99.0224169999999901
 31
0
  0
LINE
  5
3D3
330
1B
100
AcDbEntity
  8
Edge.Cuts
  6
CONTINUOUS
100
AcDbLine
 10
218.3623460000000023
 20
-99.0224169999999901
 30
0
 11
218.1718819999999823
 21
-99.0580209999999965
 31
0
  0
LINE
  5
3D4
330
1B
100
AcDbEntity
  8
Edge.Cuts
  6
CONTINUOUS
100
AcDbLine
 10
218.1718819999999823
 20
-99.0580209999999965
 30
0
 11
217.9781179999999949
 21
-99.0580209999999965
 31
0
  0
LINE
  5
3D5
330
1B
100
AcDbEntity
  8
Edge.Cuts
  6
CONTINUOUS
100
AcDbLine
 10
217.9781179999999949
 20
-99.0580209999999965
 30
0
 11
217.7876540000000034
 21
-99.0224169999999901
 31
0
  0
LINE
  5
3D6
330
1B
100
AcDbEntity
  8
Edge.Cuts
  6
CONTINUOUS
100
AcDbLine
 10
217.7876540000000034
 20
-99.0224169999999901
 30
0
 11
217.6069749999999772
 21
-98.9524210000000011
 31
0
  0
LINE
  5
3D7
330
1B
100
AcDbEntity
  8
Edge.Cuts
  6
CONTINUOUS
100
AcDbLine
 10
217.6069749999999772
 20
-98.9524210000000011
 30
0
 11
217.4422339999999849
 21
-98.8504179999999906
 31
0
  0
LINE
  5
3D8
330
1B
100
AcDbEntity
  8
Edge.Cuts
  6
CONTINUOUS
100
AcDbLine
 10
217.4422339999999849
 20
-98.8504179999999906
 30
0
 11
217.2990409999999883
 21
-98.7198799999999892
 31
0
  0
LINE
  5
3D9
330
1B
100
AcDbEntity
  8
Edge.Cuts
  6
CONTINUOUS
100
AcDbLine
 10
217.2990409999999883
 20
-98.7198799999999892
 30
0
 11
217.1822719999999833
 21
-98.5652539999999959
 31
0
  0
LINE
  5
3DA
330
1B
100
AcDbEntity
  8
Edge.Cuts
  6
CONTINUOUS
100
AcDbLine
 10
217.1822719999999833
 20
-98.5652539999999959
 30
0
 11
217.0959039999999902
 21
-98.3918039999999934
 31
0
  0
LINE
  5
3DB
330
1B
100
AcDbEntity
  8
Edge.Cuts
  6
CONTINUOUS
100
AcDbLine
 10
217.0959039999999902
 20
-98.3918039999999934
 30
0
 11
217.0428780000000017
 21
-98.2054369999999892
 31
0
  0
LINE
  5
3DC
330
1B
100
AcDbEntity
  8
Edge.Cuts
  6
CONTINUOUS
100
AcDbLine
 10
217.0428780000000017
 20
-98.2054369999999892
 30
0
 11
217.0249999999999773
 21
-98.0124999999999886
 31
0
  0
LINE
  5
3DD
330
1B
100
AcDbEntity
  8
Edge.Cuts
  6
CONTINUOUS
100
AcDbLine
 10
217.0249999999999773
 20
-98.0124999999999886
 30
0
 11
217.0345489999999984
 21
-97.9831109999999939
 31
0
  0
LINE
  5
3DE
330
1B
100
AcDbEntity
  8
Edge.Cuts
  6
CONTINUOUS
100
AcDbLine
 10
217.0345489999999984
 20
-97.9831109999999939
 30
0
 11
217.0499999999999829
 21
-97.9718839999999886
 31
0
  0
LINE
  5
3DF
330
1B
100
AcDbEntity
  8
Edge.Cuts
  6
CONTINUOUS
100
AcDbLine
 10
217.0499999999999829
 20
-97.9718839999999886
 30
0
 11
217.0499999999999829
 21
-86.2343649999999968
 31
0
  0
LINE
  5
3E0
330
1B
100
AcDbEntity
  8
Edge.Cuts
  6
CONTINUOUS
100
AcDbLine
 10
217.0499999999999829
 20
-86.2343649999999968
 30
0
 11
217.0345489999999984
 21
-86.2231389999999891
 31
0
  0
LINE
  5
3E1
330
1B
100
AcDbEntity
  8
Edge.Cuts
  6
CONTINUOUS
100
AcDbLine
 10
217.0345489999999984
 20
-86.2231389999999891
 30
0
 11
217.0249999999999773
 21
-86.1937499999999943
 31
0
  0
LINE
  5
3E2
330
1B
100
AcDbEntity
  8
Edge.Cuts
  6
CONTINUOUS
100
AcDbLine
 10
217.0249999999999773
 20
-86.1937499999999943
 30
0
 11
217.0428780000000017
 21
-86.0008129999999937
 31
0
  0
LINE
  5
3E3
330
1B
100
AcDbEntity
  8
Edge.Cuts
  6
CONTINUOUS
100
AcDbLine
 10
217.0428780000000017
 20
-86.0008129999999937
 30
0
 11
217.0959039999999902
 21
-85.8144459999999896
 31
0
  0
LINE
  5
3E4
330
1B
100
AcDbEntity
  8
Edge.Cuts
  6
CONTINUOUS
100
AcDbLine
 10
217.0959039999999902
 20
-85.8144459999999896
 30
0
 11
217.1822719999999833
 21
-85.6409960000000012
 31
0
  0
LINE
  5
3E5
330
1B
100
AcDbEntity
  8
Edge.Cuts
  6
CONTINUOUS
100
AcDbLine
 10
217.1822719999999833
 20
-85.6409960000000012
 30
0
 11
217.2990409999999883
 21
-85.4863699999999938
 31
0
  0
LINE
  5
3E6
330
1B
100
AcDbEntity
  8
Edge.Cuts
  6
CONTINUOUS
100
AcDbLine
 10
217.2990409999999883
 20
-85.4863699999999938
 30
0
 11
217.4422339999999849
 21
-85.3558319999999924
 31
0
  0
LINE
  5
3E7
330
1B
100
AcDbEntity
  8
Edge.Cuts
  6
CONTINUOUS
100
AcDbLine
 10
217.4422339999999849
 20
-85.3558319999999924
 30
0
 11
217.6069749999999772
 21
-85.2538289999999961
 31
0
  0
LINE
  5
3E8
330
1B
100
AcDbEntity
  8
Edge.Cuts
  6
CONTINUOUS
100
AcDbLine
 10
217.6069749999999772
 20
-85.2538289999999961
 30
0
 11
217.7876540000000034
 21
-85.1838329999999928
 31
0
  0
LINE
  5
3E9
330
1B
100
AcDbEntity
  8
Edge.Cuts
  6
CONTINUOUS
100
AcDbLine
 10
217.7876540000000034
 20
-85.1838329999999928
 30
0
 11
217.9781179999999949
 21
-85.1482290000000006
 31
0
  0
LINE
  5
3EA
330
1B
100
AcDbEntity
  8
Edge.Cuts
  6
CONTINUOUS
100
AcDbLine
 10
217.9781179999999949
 20
-85.1482290000000006
 30
0
 11
218.1718819999999823
 21
-85.1482290000000006
 31
0
  0
LINE
  5
3EB
330
1B
100
AcDbEntity
  8
Edge.Cuts
  6
CONTINUOUS
100
AcDbLine
 10
218.1718819999999823
 20
-85.1482290000000006
 30
0
 11
218.3623460000000023
 21
-85.1838329999999928
 31
0
  0
LINE
  5
3EC
330
1B
100
AcDbEntity
  8
Edge.Cuts
  6
CONTINUOUS
100
AcDbLine
 10
217.7978949999999827
 20
-85.2802579999999892
 30
0
 11
217.6250059999999849
 21
-85.3518710000000027
 31
0
  0
LINE
  5
3ED
330
1B
100
AcDbEntity
  8
Edge.Cuts
  6
CONTINUOUS
100
AcDbLine
 10
217.6250059999999849
 20
-85.3518710000000027
 30
0
 11
217.4694099999999821
 21
-85.4558370000000025
 31
0
  0
LINE
  5
3EE
330
1B
100
AcDbEntity
  8
Edge.Cuts
  6
CONTINUOUS
100
AcDbLine
 10
217.4694099999999821
 20
-85.4558370000000025
 30
0
 11
217.3370869999999968
 21
-85.588160000000002
 31
0
  0
LINE
  5
3EF
330
1B
100
AcDbEntity
  8
Edge.Cuts
  6
CONTINUOUS
100
AcDbLine
 10
217.3370869999999968
 20
-85.588160000000002
 30
0
 11
217.2331209999999828
 21
-85.7437559999999905
 31
0
  0
LINE
  5
3F0
330
1B
100
AcDbEntity
  8
Edge.Cuts
  6
CONTINUOUS
100
AcDbLine
 10
217.2331209999999828
 20
-85.7437559999999905
 30
0
 11
217.1615079999999978
 21
-85.9166450000000026
 31
0
  0
LINE
  5
3F1
330
1B
100
AcDbEntity
  8
Edge.Cuts
  6
CONTINUOUS
100
AcDbLine
 10
217.1615079999999978
 20
-85.9166450000000026
 30
0
 11
217.125
 21
-86.1001830000000012
 31
0
  0
LINE
  5
3F2
330
1B
100
AcDbEntity
  8
Edge.Cuts
  6
CONTINUOUS
100
AcDbLine
 10
217.125
 20
-86.1001830000000012
 30
0
 11
217.125
 21
-86.1937499999999943
 31
0
  0
LINE
  5
3F3
330
1B
100
AcDbEntity
  8
Edge.Cuts
  6
CONTINUOUS
100
AcDbLine
 10
217.125
 20
-86.1937499999999943
 30
0
 11
217.1154509999999789
 21
-86.2231389999999891
 31
0
  0
LINE
  5
3F4
330
1B
100
AcDbEntity
  8
Edge.Cuts
  6
CONTINUOUS
100
AcDbLine
 10
217.1154509999999789
 20
-86.2231389999999891
 30
0
 11
217.0999999999999943
 21
-86.2343649999999968
 31
0
  0
LINE
  5
3F5
330
1B
100
AcDbEntity
  8
Edge.Cuts
  6
CONTINUOUS
100
AcDbLine
 10
217.0999999999999943
 20
-86.2343649999999968
 30
0
 11
217.0999999999999943
 21
-97.9718839999999886
 31
0
  0
LINE
  5
3F6
330
1B
100
AcDbEntity
  8
Edge.Cuts
  6
CONTINUOUS
100
AcDbLine
 10
217.0999999999999943
 20
-97.9718839999999886
 30
0
 11
217.1154509999999789
 21
-97.9831109999999939
 31
0
  0
LINE
  5
3F7
330
1B
100
AcDbEntity
  8
Edge.Cuts
  6
CONTINUOUS
100
AcDbLine
 10
217.1154509999999789
 20
-97.9831109999999939
 30
0
 11
217.125
 21
-98.0124999999999886
 31
0
  0
LINE
  5
3F8
330
1B
100
AcDbEntity
  8
Edge.Cuts
  6
CONTINUOUS
100
AcDbLine
 10
217.125
 20
-98.0124999999999886
 30
0
 11
217.125
 21
-98.1060669999999959
 31
0
  0
LINE
  5
3F9
330
1B
100
AcDbEntity
  8
Edge.Cuts
  6
CONTINUOUS
100
AcDbLine
 10
217.125
 20
-98.1060669999999959
 30
0
 11
217.1615079999999978
 21
-98.2896049999999946
 31
0
  0
LINE
  5
3FA
330
1B
100
AcDbEntity
  8
Edge.Cuts
  6
CONTINUOUS
100
AcDbLine
 10
217.1615079999999978
 20
-98.2896049999999946
 30
0
 11
217.2331209999999828
 21
-98.4624939999999924
 31
0
  0
LINE
  5
3FB
330
1B
100
AcDbEntity
  8
Edge.Cuts
  6
CONTINUOUS
100
AcDbLine
 10
217.2331209999999828
 20
-98.4624939999999924
 30
0
 11
217.3370869999999968
 21
-98.6180899999999951
 31
0
  0
LINE
  5
3FC
330
1B
100
AcDbEntity
  8
Edge.Cuts
  6
CONTINUOUS
100
AcDbLine
 10
217.3370869999999968
 20
-98.6180899999999951
 30
0
 11
217.4694099999999821
 21
-98.7504129999999947
 31
0
  0
LINE
  5
3FD
330
1B
100
AcDbEntity
  8
Edge.Cuts
  6
CONTINUOUS
100
AcDbLine
 10
217.4694099999999821
 20
-98.7504129999999947
 30
0
 11
217.6250059999999849
 21
-98.8543789999999944
 31
0
  0
LINE
  5
3FE
330
1B
100
AcDbEntity
  8
Edge.Cuts
  6
CONTINUOUS
100
AcDbLine
 10
217.6250059999999849
 20
-98.8543789999999944
 30
0
 11
217.7978949999999827
 21
-98.9259919999999937
 31
0
  0
LINE
  5
3FF
330
1B
100
AcDbEntity
  8
Edge.Cuts
  6
CONTINUOUS
100
AcDbLine
 10
217.7978949999999827
 20
-98.9259919999999937
 30
0
 11
217.9814329999999813
 21
-98.9624999999999915
 31
0
  0
LINE
  5
400
330
1B
100
AcDbEntity
  8
Edge.Cuts
  6
CONTINUOUS
100
AcDbLine
 10
217.9814329999999813
 20
-98.9624999999999915
 30
0
 11
218.1685669999999959
 21
-98.9624999999999915
 31
0
  0
LINE
  5
401
330
1B
100
AcDbEntity
  8
Edge.Cuts
  6
CONTINUOUS
100
AcDbLine
 10
218.1685669999999959
 20
-98.9624999999999915
 30
0
 11
218.3521049999999946
 21
-98.9259919999999937
 31
0
  0
LINE
  5
402
330
1B
100
AcDbEntity
  8
Edge.Cuts
  6
CONTINUOUS
100
AcDbLine
 10
218.3521049999999946
 20
-98.9259919999999937
 30
0
 11
218.5249939999999924
 21
-98.8543789999999944
 31
0
  0
LINE
  5
403
330
1B
100
AcDbEntity
  8
Edge.Cuts
  6
CONTINUOUS
100
AcDbLine
 10
218.5249939999999924
 20
-98.8543789999999944
 30
0
 11
218.6805899999999951
 21
-98.7504129999999947
 31
0
  0
LINE
  5
404
330
1B
100
AcDbEntity
  8
Edge.Cuts
  6
CONTINUOUS
100
AcDbLine
 10
218.6805899999999951
 20
-98.7504129999999947
 30
0
 11
218.8129129999999805
 21
-98.6180899999999951
 31
0
  0
LINE
  5
405
330
1B
100
AcDbEntity
  8
Edge.Cuts
  6
CONTINUOUS
100
AcDbLine
 10
218.8129129999999805
 20
-98.6180899999999951
 30
0
 11
218.9168789999999944
 21
-98.4624939999999924
 31
0
  0
LINE
  5
406
330
1B
100
AcDbEntity
  8
Edge.Cuts
  6
CONTINUOUS
100
AcDbLine
 10
218.9168789999999944
 20
-98.4624939999999924
 30
0
 11
218.9884919999999795
 21
-98.2896049999999946
 31
0
  0
LINE
  5
407
330
1B
100
AcDbEntity
  8
Edge.Cuts
  6
CONTINUOUS
100
AcDbLine
 10
218.9884919999999795
 20
-98.2896049999999946
 30
0
 11
219.0249999999999773
 21
-98.1060669999999959
 31
0
  0
LINE
  5
408
330
1B
100
AcDbEntity
  8
Edge.Cuts
  6
CONTINUOUS
100
AcDbLine
 10
219.0249999999999773
 20
-98.1060669999999959
 30
0
 11
219.0249999999999773
 21
-98.0124999999999886
 31
0
  0
LINE
  5
409
330
1B
100
AcDbEntity
  8
Edge.Cuts
  6
CONTINUOUS
100
AcDbLine
 10
219.0249999999999773
 20
-98.0124999999999886
 30
0
 11
219.0345489999999984
 21
-97.9831109999999939
 31
0
  0
LINE
  5
40A
330
1B
100
AcDbEntity
  8
Edge.Cuts
  6
CONTINUOUS
100
AcDbLine
 10
219.0345489999999984
 20
-97.9831109999999939
 30
0
 11
219.0499999999999829
 21
-97.9718839999999886
 31
0
  0
LINE
  5
40B
330
1B
100
AcDbEntity
  8
Edge.Cuts
  6
CONTINUOUS
100
AcDbLine
 10
219.0499999999999829
 20
-97.9718839999999886
 30
0
 11
219.0499999999999829
 21
-86.2343649999999968
 31
0
  0
LINE
  5
40C
330
1B
100
AcDbEntity
  8
Edge.Cuts
  6
CONTINUOUS
100
AcDbLine
 10
219.0499999999999829
 20
-86.2343649999999968
 30
0
 11
219.0345489999999984
 21
-86.2231389999999891
 31
0
  0
LINE
  5
40D
330
1B
100
AcDbEntity
  8
Edge.Cuts
  6
CONTINUOUS
100
AcDbLine
 10
219.0345489999999984
 20
-86.2231389999999891
 30
0
 11
219.0249999999999773
 21
-86.1937499999999943
 31
0
  0
LINE
  5
40E
330
1B
100
AcDbEntity
  8
Edge.Cuts
  6
CONTINUOUS
100
AcDbLine
 10
219.0249999999999773
 20
-86.1937499999999943
 30
0
 11
219.0249999999999773
 21
-86.1001830000000012
 31
0
  0
LINE
  5
40F
330
1B
100
AcDbEntity
  8
Edge.Cuts
  6
CONTINUOUS
100
AcDbLine
 10
219.0249999999999773
 20
-86.1001830000000012
 30
0
 11
218.9884919999999795
 21
-85.9166450000000026
 31
0
  0
LINE
  5
410
330
1B
100
AcDbEntity
  8
Edge.Cuts
  6
CONTINUOUS
100
AcDbLine
 10
218.9884919999999795
 20
-85.9166450000000026
 30
0
 11
218.9168789999999944
 21
-85.7437559999999905
 31
0
  0
LINE
  5
411
330
1B
100
AcDbEntity
  8
Edge.Cuts
  6
CONTINUOUS
100
AcDbLine
 10
218.9168789999999944
 20
-85.7437559999999905
 30
0
 11
218.8129129999999805
 21
-85.588160000000002
 31
0
  0
LINE
  5
412
330
1B
100
AcDbEntity
  8
Edge.Cuts
  6
CONTINUOUS
100
AcDbLine
 10
218.8129129999999805
 20
-85.588160000000002
 30
0
 11
218.6805899999999951
 21
-85.4558370000000025
 31
0
  0
LINE
  5
413
330
1B
100
AcDbEntity
  8
Edge.Cuts
  6
CONTINUOUS
100
AcDbLine
 10
218.6805899999999951
 20
-85.4558370000000025
 30
0
 11
218.5249939999999924
 21
-85.3518710000000027
 31
0
  0
LINE
  5
414
330
1B
100
AcDbEntity
  8
Edge.Cuts
  6
CONTINUOUS
100
AcDbLine
 10
218.5249939999999924
 20
-85.3518710000000027
 30
0
 11
218.3521049999999946
 21
-85.2802579999999892
 31
0
  0
LINE
  5
415
330
1B
100
AcDbEntity
  8
Edge.Cuts
  6
CONTINUOUS
100
AcDbLine
 10
218.3521049999999946
 20
-85.2802579999999892
 30
0
 11
218.1685669999999959
 21
-85.2437499999999915
 31
0
  0
LINE
  5
416
330
1B
100
AcDbEntity
  8
Edge.Cuts
  6
CONTINUOUS
100
AcDbLine
 10
218.1685669999999959
 20
-85.2437499999999915
 30
0
 11
217.9814329999999813
 21
-85.2437499999999915
 31
0
  0
LINE
  5
417
330
1B
100
AcDbEntity
  8
Edge.Cuts
  6
CONTINUOUS
100
AcDbLine
 10
217.9814329999999813
 20
-85.2437499999999915
 30
0
 11
217.7978949999999827
 21
-85.2802579999999892
 31
0
  0
LINE
  5
418
330
1B
100
AcDbEntity
  8
Edge.Cuts
  6
CONTINUOUS
100
AcDbLine
 10
215.0749999999999886
 20
-71.4124999999999943
 30
0
 11
215.3393159999999966
 21
-71.4298239999999964
 31
0
  0
LINE
  5
419
330
1B
100
AcDbEntity
  8
Edge.Cuts
  6
CONTINUOUS
100
AcDbLine
 10
215.3393159999999966
 20
-71.4298239999999964
 30
0
 11
215.5991089999999986
 21
-71.4814999999999969
 31
0
  0
LINE
  5
41A
330
1B
100
AcDbEntity
  8
Edge.Cuts
  6
CONTINUOUS
100
AcDbLine
 10
215.5991089999999986
 20
-71.4814999999999969
 30
0
 11
215.8499339999999904
 21
-71.5666439999999966
 31
0
  0
LINE
  5
41B
330
1B
100
AcDbEntity
  8
Edge.Cuts
  6
CONTINUOUS
100
AcDbLine
 10
215.8499339999999904
 20
-71.5666439999999966
 30
0
 11
216.0874999999999773
 21
-71.6837979999999959
 31
0
  0
LINE
  5
41C
330
1B
100
AcDbEntity
  8
Edge.Cuts
  6
CONTINUOUS
100
AcDbLine
 10
216.0874999999999773
 20
-71.6837979999999959
 30
0
 11
216.3077419999999904
 21
-71.8309589999999929
 31
0
  0
LINE
  5
41D
330
1B
100
AcDbEntity
  8
Edge.Cuts
  6
CONTINUOUS
100
AcDbLine
 10
216.3077419999999904
 20
-71.8309589999999929
 30
0
 11
216.5068919999999935
 21
-72.0056079999999952
 31
0
  0
LINE
  5
41E
330
1B
100
AcDbEntity
  8
Edge.Cuts
  6
CONTINUOUS
100
AcDbLine
 10
216.5068919999999935
 20
-72.0056079999999952
 30
0
 11
216.6815409999999815
 21
-72.2047579999999982
 31
0
  0
LINE
  5
41F
330
1B
100
AcDbEntity
  8
Edge.Cuts
  6
CONTINUOUS
100
AcDbLine
 10
216.6815409999999815
 20
-72.2047579999999982
 30
0
 11
216.8287019999999927
 21
-72.4249999999999972
 31
0
  0
LINE
  5
420
330
1B
100
AcDbEntity
  8
Edge.Cuts
  6
CONTINUOUS
100
AcDbLine
 10
216.8287019999999927
 20
-72.4249999999999972
 30
0
 11
216.945855999999992
 21
-72.6625659999999982
 31
0
  0
LINE
  5
421
330
1B
100
AcDbEntity
  8
Edge.Cuts
  6
CONTINUOUS
100
AcDbLine
 10
216.945855999999992
 20
-72.6625659999999982
 30
0
 11
217.0309999999999775
 21
-72.9133909999999901
 31
0
  0
LINE
  5
422
330
1B
100
AcDbEntity
  8
Edge.Cuts
  6
CONTINUOUS
100
AcDbLine
 10
217.0309999999999775
 20
-72.9133909999999901
 30
0
 11
217.0826759999999922
 21
-73.173183999999992
 31
0
  0
LINE
  5
423
330
1B
100
AcDbEntity
  8
Edge.Cuts
  6
CONTINUOUS
100
AcDbLine
 10
217.0826759999999922
 20
-73.173183999999992
 30
0
 11
217.0999999999999943
 21
-73.4375
 31
0
  0
LINE
  5
424
330
1B
100
AcDbEntity
  8
Edge.Cuts
  6
CONTINUOUS
100
AcDbLine
 10
217.0999999999999943
 20
-73.4375
 30
0
 11
217.0999999999999943
 21
-82.1531339999999943
 31
0
  0
LINE
  5
425
330
1B
100
AcDbEntity
  8
Edge.Cuts
  6
CONTINUOUS
100
AcDbLine
 10
217.0999999999999943
 20
-82.1531339999999943
 30
0
 11
217.1154509999999789
 21
-82.1643609999999995
 31
0
  0
LINE
  5
426
330
1B
100
AcDbEntity
  8
Edge.Cuts
  6
CONTINUOUS
100
AcDbLine
 10
217.1154509999999789
 20
-82.1643609999999995
 30
0
 11
217.125
 21
-82.1937499999999943
 31
0
  0
LINE
  5
427
330
1B
100
AcDbEntity
  8
Edge.Cuts
  6
CONTINUOUS
100
AcDbLine
 10
217.125
 20
-82.1937499999999943
 30
0
 11
217.125
 21
-82.2873170000000016
 31
0
  0
LINE
  5
428
330
1B
100
AcDbEntity
  8
Edge.Cuts
  6
CONTINUOUS
100
AcDbLine
 10
217.125
 20
-82.2873170000000016
 30
0
 11
217.1615079999999978
 21
-82.4708550000000002
 31
0
  0
LINE
  5
429
330
1B
100
AcDbEntity
  8
Edge.Cuts
  6
CONTINUOUS
100
AcDbLine
 10
217.1615079999999978
 20
-82.4708550000000002
 30
0
 11
217.2331209999999828
 21
-82.6437439999999981
 31
0
  0
LINE
  5
42A
330
1B
100
AcDbEntity
  8
Edge.Cuts
  6
CONTINUOUS
100
AcDbLine
 10
217.2331209999999828
 20
-82.6437439999999981
 30
0
 11
217.3370869999999968
 21
-82.7993400000000008
 31
0
  0
LINE
  5
42B
330
1B
100
AcDbEntity
  8
Edge.Cuts
  6
CONTINUOUS
100
AcDbLine
 10
217.3370869999999968
 20
-82.7993400000000008
 30
0
 11
217.4694099999999821
 21
-82.9316630000000004
 31
0
  0
LINE
  5
42C
330
1B
100
AcDbEntity
  8
Edge.Cuts
  6
CONTINUOUS
100
AcDbLine
 10
217.4694099999999821
 20
-82.9316630000000004
 30
0
 11
217.6250059999999849
 21
-83.0356290000000001
 31
0
  0
LINE
  5
42D
330
1B
100
AcDbEntity
  8
Edge.Cuts
  6
CONTINUOUS
100
AcDbLine
 10
217.6250059999999849
 20
-83.0356290000000001
 30
0
 11
217.7978949999999827
 21
-83.1072419999999994
 31
0
  0
LINE
  5
42E
330
1B
100
AcDbEntity
  8
Edge.Cuts
  6
CONTINUOUS
100
AcDbLine
 10
217.7978949999999827
 20
-83.1072419999999994
 30
0
 11
217.9814329999999813
 21
-83.1437499999999972
 31
0
  0
LINE
  5
42F
330
1B
100
AcDbEntity
  8
Edge.Cuts
  6
CONTINUOUS
100
AcDbLine
 10
217.9814329999999813
 20
-83.1437499999999972
 30
0
 11
218.1685669999999959
 21
-83.1437499999999972
 31
0
  0
LINE
  5
430
330
1B
100
AcDbEntity
  8
Edge.Cuts
  6
CONTINUOUS
100
AcDbLine
 10
218.1685669999999959
 20
-83.1437499999999972
 30
0
 11
218.3521049999999946
 21
-83.1072419999999994
 31
0
  0
LINE
  5
431
330
1B
100
AcDbEntity
  8
Edge.Cuts
  6
CONTINUOUS
100
AcDbLine
 10
218.3521049999999946
 20
-83.1072419999999994
 30
0
 11
218.5249939999999924
 21
-83.0356290000000001
 31
0
  0
LINE
  5
432
330
1B
100
AcDbEntity
  8
Edge.Cuts
  6
CONTINUOUS
100
AcDbLine
 10
218.5249939999999924
 20
-83.0356290000000001
 30
0
 11
218.6805899999999951
 21
-82.9316630000000004
 31
0
  0
LINE
  5
433
330
1B
100
AcDbEntity
  8
Edge.Cuts
  6
CONTINUOUS
100
AcDbLine
 10
218.6805899999999951
 20
-82.9316630000000004
 30
0
 11
218.8129129999999805
 21
-82.7993400000000008
 31
0
  0
LINE
  5
434
330
1B
100
AcDbEntity
  8
Edge.Cuts
  6
CONTINUOUS
100
AcDbLine
 10
218.8129129999999805
 20
-82.7993400000000008
 30
0
 11
218.9168789999999944
 21
-82.6437439999999981
 31
0
  0
LINE
  5
435
330
1B
100
AcDbEntity
  8
Edge.Cuts
  6
CONTINUOUS
100
AcDbLine
 10
218.9168789999999944
 20
-82.6437439999999981
 30
0
 11
218.9884919999999795
 21
-82.4708550000000002
 31
0
  0
LINE
  5
436
330
1B
100
AcDbEntity
  8
Edge.Cuts
  6
CONTINUOUS
100
AcDbLine
 10
218.9884919999999795
 20
-82.4708550000000002
 30
0
 11
219.0249999999999773
 21
-82.2873170000000016
 31
0
  0
LINE
  5
437
330
1B
100
AcDbEntity
  8
Edge.Cuts
  6
CONTINUOUS
100
AcDbLine
 10
219.0249999999999773
 20
-82.2873170000000016
 30
0
 11
219.0249999999999773
 21
-82.1937499999999943
 31
0
  0
LINE
  5
438
330
1B
100
AcDbEntity
  8
Edge.Cuts
  6
CONTINUOUS
100
AcDbLine
 10
219.0249999999999773
 20
-82.1937499999999943
 30
0
 11
219.0345489999999984
 21
-82.1643609999999995
 31
0
  0
LINE
  5
439
330
1B
100
AcDbEntity
  8
Edge.Cuts
  6
CONTINUOUS
100
AcDbLine
 10
219.0345489999999984
 20
-82.1643609999999995
 30
0
 11
219.0499999999999829
 21
-82.1531339999999943
 31
0
  0
LINE
  5
43A
330
1B
100
AcDbEntity
  8
Edge.Cuts
  6
CONTINUOUS
100
AcDbLine
 10
219.0499999999999829
 20
-82.1531339999999943
 30
0
 11
219.0499999999999829
 21
-73.4375
 31
0
  0
LINE
  5
43B
330
1B
100
AcDbEntity
  8
Edge.Cuts
  6
CONTINUOUS
100
AcDbLine
 10
219.0499999999999829
 20
-73.4375
 30
0
 11
219.0673239999999851
 21
-73.173183999999992
 31
0
  0
LINE
  5
43C
330
1B
100
AcDbEntity
  8
Edge.Cuts
  6
CONTINUOUS
100
AcDbLine
 10
219.0673239999999851
 20
-73.173183999999992
 30
0
 11
219.1189999999999998
 21
-72.9133909999999901
 31
0
  0
LINE
  5
43D
330
1B
100
AcDbEntity
  8
Edge.Cuts
  6
CONTINUOUS
100
AcDbLine
 10
219.1189999999999998
 20
-72.9133909999999901
 30
0
 11
219.2041439999999852
 21
-72.6625659999999982
 31
0
  0
LINE
  5
43E
330
1B
100
AcDbEntity
  8
Edge.Cuts
  6
CONTINUOUS
100
AcDbLine
 10
219.2041439999999852
 20
-72.6625659999999982
 30
0
 11
219.3212979999999845
 21
-72.4249999999999972
 31
0
  0
LINE
  5
43F
330
1B
100
AcDbEntity
  8
Edge.Cuts
  6
CONTINUOUS
100
AcDbLine
 10
219.3212979999999845
 20
-72.4249999999999972
 30
0
 11
219.4684589999999957
 21
-72.2047579999999982
 31
0
  0
LINE
  5
440
330
1B
100
AcDbEntity
  8
Edge.Cuts
  6
CONTINUOUS
100
AcDbLine
 10
219.4684589999999957
 20
-72.2047579999999982
 30
0
 11
219.6431079999999838
 21
-72.0056079999999952
 31
0
  0
LINE
  5
441
330
1B
100
AcDbEntity
  8
Edge.Cuts
  6
CONTINUOUS
100
AcDbLine
 10
219.6431079999999838
 20
-72.0056079999999952
 30
0
 11
219.8422579999999869
 21
-71.8309589999999929
 31
0
  0
LINE
  5
442
330
1B
100
AcDbEntity
  8
Edge.Cuts
  6
CONTINUOUS
100
AcDbLine
 10
219.8422579999999869
 20
-71.8309589999999929
 30
0
 11
220.0625
 21
-71.6837979999999959
 31
0
  0
LINE
  5
443
330
1B
100
AcDbEntity
  8
Edge.Cuts
  6
CONTINUOUS
100
AcDbLine
 10
220.0625
 20
-71.6837979999999959
 30
0
 11
220.3000659999999868
 21
-71.5666439999999966
 31
0
  0
LINE
  5
444
330
1B
100
AcDbEntity
  8
Edge.Cuts
  6
CONTINUOUS
100
AcDbLine
 10
220.3000659999999868
 20
-71.5666439999999966
 30
0
 11
220.5508909999999787
 21
-71.4814999999999969
 31
0
  0
LINE
  5
445
330
1B
100
AcDbEntity
  8
Edge.Cuts
  6
CONTINUOUS
100
AcDbLine
 10
220.5508909999999787
 20
-71.4814999999999969
 30
0
 11
220.8106839999999806
 21
-71.4298239999999964
 31
0
  0
LINE
  5
446
330
1B
100
AcDbEntity
  8
Edge.Cuts
  6
CONTINUOUS
100
AcDbLine
 10
220.8106839999999806
 20
-71.4298239999999964
 30
0
 11
221.0749999999999886
 21
-71.4124999999999943
 31
0
  0
LINE
  5
447
330
1B
100
AcDbEntity
  8
Edge.Cuts
  6
CONTINUOUS
100
AcDbLine
 10
221.0749999999999886
 20
-71.4124999999999943
 30
0
 11
387.6834589999999707
 21
-71.4124999999999943
 31
0
  0
LINE
  5
448
330
1B
100
AcDbEntity
  8
Edge.Cuts
  6
CONTINUOUS
100
AcDbLine
 10
387.6834589999999707
 20
-71.4124999999999943
 30
0
 11
387.9477749999999787
 21
-71.4298239999999964
 31
0
  0
LINE
  5
449
330
1B
100
AcDbEntity
  8
Edge.Cuts
  6
CONTINUOUS
100
AcDbLine
 10
387.9477749999999787
 20
-71.4298239999999964
 30
0
 11
388.2075679999999807
 21
-71.4814999999999969
 31
0
  0
LINE
  5
44A
330
1B
100
AcDbEntity
  8
Edge.Cuts
  6
CONTINUOUS
100
AcDbLine
 10
388.2075679999999807
 20
-71.4814999999999969
 30
0
 11
388.4583930000000009
 21
-71.5666439999999966
 31
0
  0
LINE
  5
44B
330
1B
100
AcDbEntity
  8
Edge.Cuts
  6
CONTINUOUS
100
AcDbLine
 10
388.4583930000000009
 20
-71.5666439999999966
 30
0
 11
388.6959589999999594
 21
-71.6837979999999959
 31
0
  0
LINE
  5
44C
330
1B
100
AcDbEntity
  8
Edge.Cuts
  6
CONTINUOUS
100
AcDbLine
 10
388.6959589999999594
 20
-71.6837979999999959
 30
0
 11
388.9162010000000009
 21
-71.8309589999999929
 31
0
  0
LINE
  5
44D
330
1B
100
AcDbEntity
  8
Edge.Cuts
  6
CONTINUOUS
100
AcDbLine
 10
388.9162010000000009
 20
-71.8309589999999929
 30
0
 11
389.1153509999999756
 21
-72.0056079999999952
 31
0
  0
LINE
  5
44E
330
1B
100
AcDbEntity
  8
Edge.Cuts
  6
CONTINUOUS
100
AcDbLine
 10
389.1153509999999756
 20
-72.0056079999999952
 30
0
 11
389.2899999999999636
 21
-72.2047579999999982
 31
0
  0
LINE
  5
44F
330
1B
100
AcDbEntity
  8
Edge.Cuts
  6
CONTINUOUS
100
AcDbLine
 10
389.2899999999999636
 20
-72.2047579999999982
 30
0
 11
389.4371610000000032
 21
-72.4249999999999972
 31
0
  0
LINE
  5
450
330
1B
100
AcDbEntity
  8
Edge.Cuts
  6
CONTINUOUS
100
AcDbLine
 10
389.4371610000000032
 20
-72.4249999999999972
 30
0
 11
389.5543149999999741
 21
-72.6625659999999982
 31
0
  0
LINE
  5
451
330
1B
100
AcDbEntity
  8
Edge.Cuts
  6
CONTINUOUS
100
AcDbLine
 10
389.5543149999999741
 20
-72.6625659999999982
 30
0
 11
389.639458999999988
 21
-72.9133909999999901
 31
0
  0
LINE
  5
452
330
1B
100
AcDbEntity
  8
Edge.Cuts
  6
CONTINUOUS
100
AcDbLine
 10
389.639458999999988
 20
-72.9133909999999901
 30
0
 11
389.6911349999999743
 21
-73.173183999999992
 31
0
  0
LINE
  5
453
330
1B
100
AcDbEntity
  8
Edge.Cuts
  6
CONTINUOUS
100
AcDbLine
 10
389.6911349999999743
 20
-73.173183999999992
 30
0
 11
389.7084590000000048
 21
-73.4375
 31
0
  0
LINE
  5
454
330
1B
100
AcDbEntity
  8
Edge.Cuts
  6
CONTINUOUS
100
AcDbLine
 10
389.7084590000000048
 20
-73.4375
 30
0
 11
389.7084590000000048
 21
-169.4499989999999912
 31
0
  0
LINE
  5
455
330
1B
100
AcDbEntity
  8
Edge.Cuts
  6
CONTINUOUS
100
AcDbLine
 10
389.7084590000000048
 20
-169.4499989999999912
 30
0
 11
389.7084590000000048
 21
-169.4499999999999886
 31
0
  0
LINE
  5
456
330
1B
100
AcDbEntity
  8
Edge.Cuts
  6
CONTINUOUS
100
AcDbLine
 10
389.7084590000000048
 20
-169.4499999999999886
 30
0
 11
389.6911349999999743
 21
-169.7143159999999966
 31
0
  0
LINE
  5
457
330
1B
100
AcDbEntity
  8
Edge.Cuts
  6
CONTINUOUS
100
AcDbLine
 10
389.6911349999999743
 20
-169.7143159999999966
 30
0
 11
389.639458999999988
 21
-169.9741089999999986
 31
0
  0
LINE
  5
458
330
1B
100
AcDbEntity
  8
Edge.Cuts
  6
CONTINUOUS
100
AcDbLine
 10
389.639458999999988
 20
-169.9741089999999986
 30
0
 11
389.5543149999999741
 21
-170.2249339999999904
 31
0
  0
LINE
  5
459
330
1B
100
AcDbEntity
  8
Edge.Cuts
  6
CONTINUOUS
100
AcDbLine
 10
389.5543149999999741
 20
-170.2249339999999904
 30
0
 11
389.4371610000000032
 21
-170.4625000000000057
 31
0
  0
LINE
  5
45A
330
1B
100
AcDbEntity
  8
Edge.Cuts
  6
CONTINUOUS
100
AcDbLine
 10
389.4371610000000032
 20
-170.4625000000000057
 30
0
 11
389.2899999999999636
 21
-170.6827419999999904
 31
0
  0
LINE
  5
45B
330
1B
100
AcDbEntity
  8
Edge.Cuts
  6
CONTINUOUS
100
AcDbLine
 10
389.2899999999999636
 20
-170.6827419999999904
 30
0
 11
389.1153509999999756
 21
-170.8818919999999935
 31
0
  0
LINE
  5
45C
330
1B
100
AcDbEntity
  8
Edge.Cuts
  6
CONTINUOUS
100
AcDbLine
 10
389.1153509999999756
 20
-170.8818919999999935
 30
0
 11
388.9162010000000009
 21
-171.0565409999999815
 31
0
  0
LINE
  5
45D
330
1B
100
AcDbEntity
  8
Edge.Cuts
  6
CONTINUOUS
100
AcDbLine
 10
388.9162010000000009
 20
-171.0565409999999815
 30
0
 11
388.6959589999999594
 21
-171.2037019999999927
 31
0
  0
LINE
  5
45E
330
1B
100
AcDbEntity
  8
Edge.Cuts
  6
CONTINUOUS
100
AcDbLine
 10
388.6959589999999594
 20
-171.2037019999999927
 30
0
 11
388.4583930000000009
 21
-171.320855999999992
 31
0
  0
LINE
  5
45F
330
1B
100
AcDbEntity
  8
Edge.Cuts
  6
CONTINUOUS
100
AcDbLine
 10
388.4583930000000009
 20
-171.320855999999992
 30
0
 11
388.2075679999999807
 21
-171.4060000000000059
 31
0
  0
LINE
  5
460
330
1B
100
AcDbEntity
  8
Edge.Cuts
  6
CONTINUOUS
100
AcDbLine
 10
388.2075679999999807
 20
-171.4060000000000059
 30
0
 11
387.9477749999999787
 21
-171.4576759999999922
 31
0
  0
LINE
  5
461
330
1B
100
AcDbEntity
  8
Edge.Cuts
  6
CONTINUOUS
100
AcDbLine
 10
387.9477749999999787
 20
-171.4576759999999922
 30
0
 11
387.6834589999999707
 21
-171.4749999999999943
 31
0
  0
LINE
  5
462
330
1B
100
AcDbEntity
  8
Edge.Cuts
  6
CONTINUOUS
100
AcDbLine
 10
387.6834589999999707
 20
-171.4749999999999943
 30
0
 11
221.0749999999999886
 21
-171.4749999999999943
 31
0
  0
LINE
  5
463
330
1B
100
AcDbEntity
  8
Edge.Cuts
  6
CONTINUOUS
100
AcDbLine
 10
221.0749999999999886
 20
-171.4749999999999943
 30
0
 11
220.8106839999999806
 21
-171.4576759999999922
 31
0
  0
LINE
  5
464
330
1B
100
AcDbEntity
  8
Edge.Cuts
  6
CONTINUOUS
100
AcDbLine
 10
220.8106839999999806
 20
-171.4576759999999922
 30
0
 11
220.5508909999999787
 21
-171.4060000000000059
 31
0
  0
LINE
  5
465
330
1B
100
AcDbEntity
  8
Edge.Cuts
  6
CONTINUOUS
100
AcDbLine
 10
220.5508909999999787
 20
-171.4060000000000059
 30
0
 11
220.3000659999999868
 21
-171.320855999999992
 31
0
  0
LINE
  5
466
330
1B
100
AcDbEntity
  8
Edge.Cuts
  6
CONTINUOUS
100
AcDbLine
 10
220.3000659999999868
 20
-171.320855999999992
 30
0
 11
220.0625
 21
-171.2037019999999927
 31
0
  0
LINE
  5
467
330
1B
100
AcDbEntity
  8
Edge.Cuts
  6
CONTINUOUS
100
AcDbLine
 10
220.0625
 20
-171.2037019999999927
 30
0
 11
219.8422579999999869
 21
-171.0565409999999815
 31
0
  0
LINE
  5
468
330
1B
100
AcDbEntity
  8
Edge.Cuts
  6
CONTINUOUS
100
AcDbLine
 10
219.8422579999999869
 20
-171.0565409999999815
 30
0
 11
219.6431079999999838
 21
-170.8818919999999935
 31
0
  0
LINE
  5
469
330
1B
100
AcDbEntity
  8
Edge.Cuts
  6
CONTINUOUS
100
AcDbLine
 10
219.6431079999999838
 20
-170.8818919999999935
 30
0
 11
219.4684589999999957
 21
-170.6827419999999904
 31
0
  0
LINE
  5
46A
330
1B
100
AcDbEntity
  8
Edge.Cuts
  6
CONTINUOUS
100
AcDbLine
 10
219.4684589999999957
 20
-170.6827419999999904
 30
0
 11
219.3212979999999845
 21
-170.4625000000000057
 31
0
  0
LINE
  5
46B
330
1B
100
AcDbEntity
  8
Edge.Cuts
  6
CONTINUOUS
100
AcDbLine
 10
219.3212979999999845
 20
-170.4625000000000057
 30
0
 11
219.2041439999999852
 21
-170.2249339999999904
 31
0
  0
LINE
  5
46C
330
1B
100
AcDbEntity
  8
Edge.Cuts
  6
CONTINUOUS
100
AcDbLine
 10
219.2041439999999852
 20
-170.2249339999999904
 30
0
 11
219.1189999999999998
 21
-169.9741089999999986
 31
0
  0
LINE
  5
46D
330
1B
100
AcDbEntity
  8
Edge.Cuts
  6
CONTINUOUS
100
AcDbLine
 10
219.1189999999999998
 20
-169.9741089999999986
 30
0
 11
219.0673239999999851
 21
-169.7143159999999966
 31
0
  0
LINE
  5
46E
330
1B
100
AcDbEntity
  8
Edge.Cuts
  6
CONTINUOUS
100
AcDbLine
 10
219.0673239999999851
 20
-169.7143159999999966
 30
0
 11
219.0499999999999829
 21
-169.4499999999999886
 31
0
  0
LINE
  5
46F
330
1B
100
AcDbEntity
  8
Edge.Cuts
  6
CONTINUOUS
100
AcDbLine
 10
219.0499999999999829
 20
-169.4499999999999886
 30
0
 11
219.0499999999999829
 21
-169.4499989999999912
 31
0
  0
LINE
  5
470
330
1B
100
AcDbEntity
  8
Edge.Cuts
  6
CONTINUOUS
100
AcDbLine
 10
219.0499999999999829
 20
-169.4499989999999912
 30
0
 11
219.0499999999999829
 21
-166.3468649999999798
 31
0
  0
LINE
  5
471
330
1B
100
AcDbEntity
  8
Edge.Cuts
  6
CONTINUOUS
100
AcDbLine
 10
219.0499999999999829
 20
-166.3468649999999798
 30
0
 11
219.0345489999999984
 21
-166.3356389999999863
 31
0
  0
LINE
  5
472
330
1B
100
AcDbEntity
  8
Edge.Cuts
  6
CONTINUOUS
100
AcDbLine
 10
219.0345489999999984
 20
-166.3356389999999863
 30
0
 11
219.0249999999999773
 21
-166.3062500000000057
 31
0
  0
LINE
  5
473
330
1B
100
AcDbEntity
  8
Edge.Cuts
  6
CONTINUOUS
100
AcDbLine
 10
219.0249999999999773
 20
-166.3062500000000057
 30
0
 11
219.0249999999999773
 21
-166.2126829999999984
 31
0
  0
LINE
  5
474
330
1B
100
AcDbEntity
  8
Edge.Cuts
  6
CONTINUOUS
100
AcDbLine
 10
219.0249999999999773
 20
-166.2126829999999984
 30
0
 11
218.9884919999999795
 21
-166.0291449999999998
 31
0
  0
LINE
  5
475
330
1B
100
AcDbEntity
  8
Edge.Cuts
  6
CONTINUOUS
100
AcDbLine
 10
218.9884919999999795
 20
-166.0291449999999998
 30
0
 11
218.9168789999999944
 21
-165.8562560000000019
 31
0
  0
LINE
  5
476
330
1B
100
AcDbEntity
  8
Edge.Cuts
  6
CONTINUOUS
100
AcDbLine
 10
218.9168789999999944
 20
-165.8562560000000019
 30
0
 11
218.8129129999999805
 21
-165.7006599999999992
 31
0
  0
LINE
  5
477
330
1B
100
AcDbEntity
  8
Edge.Cuts
  6
CONTINUOUS
100
AcDbLine
 10
218.8129129999999805
 20
-165.7006599999999992
 30
0
 11
218.6805899999999951
 21
-165.5683369999999854
 31
0
  0
LINE
  5
478
330
1B
100
AcDbEntity
  8
Edge.Cuts
  6
CONTINUOUS
100
AcDbLine
 10
218.6805899999999951
 20
-165.5683369999999854
 30
0
 11
218.5249939999999924
 21
-165.4643709999999999
 31
0
  0
LINE
  5
479
330
1B
100
AcDbEntity
  8
Edge.Cuts
  6
CONTINUOUS
100
AcDbLine
 10
218.5249939999999924
 20
-165.4643709999999999
 30
0
 11
218.3521049999999946
 21
-165.3927579999999864
 31
0
  0
LINE
  5
47A
330
1B
100
AcDbEntity
  8
Edge.Cuts
  6
CONTINUOUS
100
AcDbLine
 10
218.3521049999999946
 20
-165.3927579999999864
 30
0
 11
218.1685669999999959
 21
-165.3562499999999886
 31
0
  0
LINE
  5
47B
330
1B
100
AcDbEntity
  8
Edge.Cuts
  6
CONTINUOUS
100
AcDbLine
 10
218.1685669999999959
 20
-165.3562499999999886
 30
0
 11
217.9814329999999813
 21
-165.3562499999999886
 31
0
  0
LINE
  5
47C
330
1B
100
AcDbEntity
  8
Edge.Cuts
  6
CONTINUOUS
100
AcDbLine
 10
217.9814329999999813
 20
-165.3562499999999886
 30
0
 11
217.7978949999999827
 21
-165.3927579999999864
 31
0
  0
LINE
  5
47D
330
1B
100
AcDbEntity
  8
Edge.Cuts
  6
CONTINUOUS
100
AcDbLine
 10
217.7978949999999827
 20
-165.3927579999999864
 30
0
 11
217.6250059999999849
 21
-165.4643709999999999
 31
0
  0
LINE
  5
47E
330
1B
100
AcDbEntity
  8
Edge.Cuts
  6
CONTINUOUS
100
AcDbLine
 10
217.6250059999999849
 20
-165.4643709999999999
 30
0
 11
217.4694099999999821
 21
-165.5683369999999854
 31
0
  0
LINE
  5
47F
330
1B
100
AcDbEntity
  8
Edge.Cuts
  6
CONTINUOUS
100
AcDbLine
 10
217.4694099999999821
 20
-165.5683369999999854
 30
0
 11
217.3370869999999968
 21
-165.7006599999999992
 31
0
  0
LINE
  5
480
330
1B
100
AcDbEntity
  8
Edge.Cuts
  6
CONTINUOUS
100
AcDbLine
 10
217.3370869999999968
 20
-165.7006599999999992
 30
0
 11
217.2331209999999828
 21
-165.8562560000000019
 31
0
  0
LINE
  5
481
330
1B
100
AcDbEntity
  8
Edge.Cuts
  6
CONTINUOUS
100
AcDbLine
 10
217.2331209999999828
 20
-165.8562560000000019
 30
0
 11
217.1615079999999978
 21
-166.0291449999999998
 31
0
  0
LINE
  5
482
330
1B
100
AcDbEntity
  8
Edge.Cuts
  6
CONTINUOUS
100
AcDbLine
 10
217.1615079999999978
 20
-166.0291449999999998
 30
0
 11
217.125
 21
-166.2126829999999984
 31
0
  0
LINE
  5
483
330
1B
100
AcDbEntity
  8
Edge.Cuts
  6
CONTINUOUS
100
AcDbLine
 10
217.125
 20
-166.2126829999999984
 30
0
 11
217.125
 21
-166.3062500000000057
 31
0
  0
LINE
  5
484
330
1B
100
AcDbEntity
  8
Edge.Cuts
  6
CONTINUOUS
100
AcDbLine
 10
217.125
 20
-166.3062500000000057
 30
0
 11
217.1154509999999789
 21
-166.3356389999999863
 31
0
  0
LINE
  5
485
330
1B
100
AcDbEntity
  8
Edge.Cuts
  6
CONTINUOUS
100
AcDbLine
 10
217.1154509999999789
 20
-166.3356389999999863
 30
0
 11
217.0999999999999943
 21
-166.3468649999999798
 31
0
  0
LINE
  5
486
330
1B
100
AcDbEntity
  8
Edge.Cuts
  6
CONTINUOUS
100
AcDbLine
 10
217.0999999999999943
 20
-166.3468649999999798
 30
0
 11
217.0999999999999943
 21
-169.4499989999999912
 31
0
  0
LINE
  5
487
330
1B
100
AcDbEntity
  8
Edge.Cuts
  6
CONTINUOUS
100
AcDbLine
 10
217.0999999999999943
 20
-169.4499989999999912
 30
0
 11
217.0999999999999943
 21
-169.4499999999999886
 31
0
  0
LINE
  5
488
330
1B
100
AcDbEntity
  8
Edge.Cuts
  6
CONTINUOUS
100
AcDbLine
 10
217.0999999999999943
 20
-169.4499999999999886
 30
0
 11
217.0826759999999922
 21
-169.7143159999999966
 31
0
  0
LINE
  5
489
330
1B
100
AcDbEntity
  8
Edge.Cuts
  6
CONTINUOUS
100
AcDbLine
 10
217.0826759999999922
 20
-169.7143159999999966
 30
0
 11
217.0309999999999775
 21
-169.9741089999999986
 31
0
  0
LINE
  5
48A
330
1B
100
AcDbEntity
  8
Edge.Cuts
  6
CONTINUOUS
100
AcDbLine
 10
217.0309999999999775
 20
-169.9741089999999986
 30
0
 11
216.945855999999992
 21
-170.2249339999999904
 31
0
  0
LINE
  5
48B
330
1B
100
AcDbEntity
  8
Edge.Cuts
  6
CONTINUOUS
100
AcDbLine
 10
216.945855999999992
 20
-170.2249339999999904
 30
0
 11
216.8287019999999927
 21
-170.4625000000000057
 31
0
  0
LINE
  5
48C
330
1B
100
AcDbEntity
  8
Edge.Cuts
  6
CONTINUOUS
100
AcDbLine
 10
216.8287019999999927
 20
-170.4625000000000057
 30
0
 11
216.6815409999999815
 21
-170.6827419999999904
 31
0
  0
LINE
  5
48D
330
1B
100
AcDbEntity
  8
Edge.Cuts
  6
CONTINUOUS
100
AcDbLine
 10
216.6815409999999815
 20
-170.6827419999999904
 30
0
 11
216.5068919999999935
 21
-170.8818919999999935
 31
0
  0
LINE
  5
48E
330
1B
100
AcDbEntity
  8
Edge.Cuts
  6
CONTINUOUS
100
AcDbLine
 10
216.5068919999999935
 20
-170.8818919999999935
 30
0
 11
216.3077419999999904
 21
-171.0565409999999815
 31
0
  0
LINE
  5
48F
330
1B
100
AcDbEntity
  8
Edge.Cuts
  6
CONTINUOUS
100
AcDbLine
 10
216.3077419999999904
 20
-171.0565409999999815
 30
0
 11
216.0874999999999773
 21
-171.2037019999999927
 31
0
  0
LINE
  5
490
330
1B
100
AcDbEntity
  8
Edge.Cuts
  6
CONTINUOUS
100
AcDbLine
 10
216.0874999999999773
 20
-171.2037019999999927
 30
0
 11
215.8499339999999904
 21
-171.320855999999992
 31
0
  0
LINE
  5
491
330
1B
100
AcDbEntity
  8
Edge.Cuts
  6
CONTINUOUS
100
AcDbLine
 10
215.8499339999999904
 20
-171.320855999999992
 30
0
 11
215.5991089999999986
 21
-171.4060000000000059
 31
0
  0
LINE
  5
492
330
1B
100
AcDbEntity
  8
Edge.Cuts
  6
CONTINUOUS
100
AcDbLine
 10
215.5991089999999986
 20
-171.4060000000000059
 30
0
 11
215.3393159999999966
 21
-171.4576759999999922
 31
0
  0
LINE
  5
493
330
1B
100
AcDbEntity
  8
Edge.Cuts
  6
CONTINUOUS
100
AcDbLine
 10
215.3393159999999966
 20
-171.4576759999999922
 30
0
 11
215.0749999999999886
 21
-171.4749999999999943
 31
0
  0
LINE
  5
494
330
1B
100
AcDbEntity
  8
Edge.Cuts
  6
CONTINUOUS
100
AcDbLine
 10
215.0749999999999886
 20
-171.4749999999999943
 30
0
 11
39.169875999999995
 21
-171.4749999999999943
 31
0
  0
LINE
  5
495
330
1B
100
AcDbEntity
  8
Edge.Cuts
  6
CONTINUOUS
100
AcDbLine
 10
39.169875999999995
 20
-171.4749999999999943
 30
0
 11
39.1698749999999976
 21
-171.4749989999999968
 31
0
  0
LINE
  5
496
330
1B
100
AcDbEntity
  8
Edge.Cuts
  6
CONTINUOUS
100
AcDbLine
 10
39.1698749999999976
 20
-171.4749989999999968
 30
0
 11
39.1698749999999976
 21
-171.4749999999999943
 31
0
  0
LINE
  5
497
330
1B
100
AcDbEntity
  8
Edge.Cuts
  6
CONTINUOUS
100
AcDbLine
 10
39.1698749999999976
 20
-171.4749999999999943
 30
0
 11
38.9055619999999962
 21
-171.4576710000000048
 31
0
  0
LINE
  5
498
330
1B
100
AcDbEntity
  8
Edge.Cuts
  6
CONTINUOUS
100
AcDbLine
 10
38.9055619999999962
 20
-171.4576710000000048
 30
0
 11
38.6457709999999963
 21
-171.4059910000000002
 31
0
  0
LINE
  5
499
330
1B
100
AcDbEntity
  8
Edge.Cuts
  6
CONTINUOUS
100
AcDbLine
 10
38.6457709999999963
 20
-171.4059910000000002
 30
0
 11
38.3949479999999994
 21
-171.3208449999999914
 31
0
  0
LINE
  5
49A
330
1B
100
AcDbEntity
  8
Edge.Cuts
  6
CONTINUOUS
100
AcDbLine
 10
38.3949479999999994
 20
-171.3208449999999914
 30
0
 11
38.1573849999999979
 21
-171.2036889999999971
 31
0
  0
LINE
  5
49B
330
1B
100
AcDbEntity
  8
Edge.Cuts
  6
CONTINUOUS
100
AcDbLine
 10
38.1573849999999979
 20
-171.2036889999999971
 30
0
 11
37.937145000000001
 21
-171.0565279999999859
 31
0
  0
LINE
  5
49C
330
1B
100
AcDbEntity
  8
Edge.Cuts
  6
CONTINUOUS
100
AcDbLine
 10
37.937145000000001
 20
-171.0565279999999859
 30
0
 11
37.737997
 21
-170.8818789999999979
 31
0
  0
LINE
  5
49D
330
1B
100
AcDbEntity
  8
Edge.Cuts
  6
CONTINUOUS
100
AcDbLine
 10
37.737997
 20
-170.8818789999999979
 30
0
 11
37.5633479999999977
 21
-170.6827309999999898
 31
0
  0
LINE
  5
49E
330
1B
100
AcDbEntity
  8
Edge.Cuts
  6
CONTINUOUS
100
AcDbLine
 10
37.5633479999999977
 20
-170.6827309999999898
 30
0
 11
37.4161870000000008
 21
-170.462491
 31
0
  0
LINE
  5
49F
330
1B
100
AcDbEntity
  8
Edge.Cuts
  6
CONTINUOUS
100
AcDbLine
 10
37.4161870000000008
 20
-170.462491
 30
0
 11
37.2990309999999994
 21
-170.2249280000000056
 31
0
  0
LINE
  5
4A0
330
1B
100
AcDbEntity
  8
Edge.Cuts
  6
CONTINUOUS
100
AcDbLine
 10
37.2990309999999994
 20
-170.2249280000000056
 30
0
 11
37.2138849999999977
 21
-169.9741049999999802
 31
0
  0
LINE
  5
4A1
330
1B
100
AcDbEntity
  8
Edge.Cuts
  6
CONTINUOUS
100
AcDbLine
 10
37.2138849999999977
 20
-169.9741049999999802
 30
0
 11
37.1622050000000002
 21
-169.7143140000000017
 31
0
  0
LINE
  5
4A2
330
1B
100
AcDbEntity
  8
Edge.Cuts
  6
CONTINUOUS
100
AcDbLine
 10
37.1622050000000002
 20
-169.7143140000000017
 30
0
 11
37.1448759999999965
 21
-169.4500009999999861
 31
0
  0
LINE
  5
4A3
330
1B
100
AcDbEntity
  8
Edge.Cuts
  6
CONTINUOUS
100
AcDbLine
 10
37.1448759999999965
 20
-169.4500009999999861
 30
0
 11
37.1448759999999965
 21
-169.4499999999999886
 31
0
  0
LINE
  5
4A4
330
1B
100
AcDbEntity
  8
Edge.Cuts
  6
CONTINUOUS
100
AcDbLine
 10
37.1448759999999965
 20
-169.4499999999999886
 30
0
 11
37.1448759999999965
 21
-73.4375
 31
0
  0
LINE
  5
4A5
330
1B
100
AcDbEntity
  8
Edge.Cuts
  6
CONTINUOUS
100
AcDbLine
 10
37.1448759999999965
 20
-73.4375
 30
0
 11
37.1621999999999986
 21
-73.173183999999992
 31
0
  0
LINE
  5
4A6
330
1B
100
AcDbEntity
  8
Edge.Cuts
  6
CONTINUOUS
100
AcDbLine
 10
37.1621999999999986
 20
-73.173183999999992
 30
0
 11
37.2138759999999991
 21
-72.9133909999999901
 31
0
  0
LINE
  5
4A7
330
1B
100
AcDbEntity
  8
Edge.Cuts
  6
CONTINUOUS
100
AcDbLine
 10
37.2138759999999991
 20
-72.9133909999999901
 30
0
 11
37.2990199999999987
 21
-72.6625659999999982
 31
0
  0
LINE
  5
4A8
330
1B
100
AcDbEntity
  8
Edge.Cuts
  6
CONTINUOUS
100
AcDbLine
 10
37.2990199999999987
 20
-72.6625659999999982
 30
0
 11
37.416173999999998
 21
-72.4249999999999972
 31
0
  0
LINE
  5
4A9
330
1B
100
AcDbEntity
  8
Edge.Cuts
  6
CONTINUOUS
100
AcDbLine
 10
37.416173999999998
 20
-72.4249999999999972
 30
0
 11
37.563334999999995
 21
-72.2047579999999982
 31
0
  0
LINE
  5
4AA
330
1B
100
AcDbEntity
  8
Edge.Cuts
  6
CONTINUOUS
100
AcDbLine
 10
37.563334999999995
 20
-72.2047579999999982
 30
0
 11
37.7379839999999973
 21
-72.0056079999999952
 31
0
  0
LINE
  5
4AB
330
1B
100
AcDbEntity
  8
Edge.Cuts
  6
CONTINUOUS
100
AcDbLine
 10
37.7379839999999973
 20
-72.0056079999999952
 30
0
 11
37.9371340000000004
 21
-71.8309589999999929
 31
0
  0
LINE
  5
4AC
330
1B
100
AcDbEntity
  8
Edge.Cuts
  6
CONTINUOUS
100
AcDbLine
 10
37.9371340000000004
 20
-71.8309589999999929
 30
0
 11
38.1573759999999993
 21
-71.6837979999999959
 31
0
  0
LINE
  5
4AD
330
1B
100
AcDbEntity
  8
Edge.Cuts
  6
CONTINUOUS
100
AcDbLine
 10
38.1573759999999993
 20
-71.6837979999999959
 30
0
 11
38.3949420000000003
 21
-71.5666439999999966
 31
0
  0
LINE
  5
4AE
330
1B
100
AcDbEntity
  8
Edge.Cuts
  6
CONTINUOUS
100
AcDbLine
 10
38.3949420000000003
 20
-71.5666439999999966
 30
0
 11
38.6457669999999993
 21
-71.4814999999999969
 31
0
  0
LINE
  5
4AF
330
1B
100
AcDbEntity
  8
Edge.Cuts
  6
CONTINUOUS
100
AcDbLine
 10
38.6457669999999993
 20
-71.4814999999999969
 30
0
 11
38.9055600000000013
 21
-71.4298239999999964
 31
0
  0
LINE
  5
4B0
330
1B
100
AcDbEntity
  8
Edge.Cuts
  6
CONTINUOUS
100
AcDbLine
 10
38.9055600000000013
 20
-71.4298239999999964
 30
0
 11
39.169875999999995
 21
-71.4124999999999943
 31
0
  0
LINE
  5
4B1
330
1B
100
AcDbEntity
  8
Edge.Cuts
  6
CONTINUOUS
100
AcDbLine
 10
39.169875999999995
 20
-71.4124999999999943
 30
0
 11
215.0749999999999886
 21
-71.4124999999999943
 31
0
  0
LINE
  5
4B2
330
1B
100
AcDbEntity
  8
Edge.Cuts
  6
CONTINUOUS
100
AcDbLine
 10
39.169875999999995
 20
-71.4624999999999915
 30
0
 11
39.0404279999999986
 21
-71.4624999999999915
 31
0
  0
LINE
  5
4B3
330
1B
100
AcDbEntity
  8
Edge.Cuts
  6
CONTINUOUS
100
AcDbLine
 10
39.0404279999999986
 20
-71.4624999999999915
 30
0
 11
38.7837460000000007
 21
-71.4962919999999968
 31
0
  0
LINE
  5
4B4
330
1B
100
AcDbEntity
  8
Edge.Cuts
  6
CONTINUOUS
100
AcDbLine
 10
38.7837460000000007
 20
-71.4962919999999968
 30
0
 11
38.5336709999999982
 21
-71.5632999999999981
 31
0
  0
LINE
  5
4B5
330
1B
100
AcDbEntity
  8
Edge.Cuts
  6
CONTINUOUS
100
AcDbLine
 10
38.5336709999999982
 20
-71.5632999999999981
 30
0
 11
38.2944809999999976
 21
-71.6623749999999973
 31
0
  0
LINE
  5
4B6
330
1B
100
AcDbEntity
  8
Edge.Cuts
  6
CONTINUOUS
100
AcDbLine
 10
38.2944809999999976
 20
-71.6623749999999973
 30
0
 11
38.0702700000000007
 21
-71.7918229999999937
 31
0
  0
LINE
  5
4B7
330
1B
100
AcDbEntity
  8
Edge.Cuts
  6
CONTINUOUS
100
AcDbLine
 10
38.0702700000000007
 20
-71.7918229999999937
 30
0
 11
37.8648729999999958
 21
-71.9494299999999924
 31
0
  0
LINE
  5
4B8
330
1B
100
AcDbEntity
  8
Edge.Cuts
  6
CONTINUOUS
100
AcDbLine
 10
37.8648729999999958
 20
-71.9494299999999924
 30
0
 11
37.6818060000000017
 21
-72.1324970000000008
 31
0
  0
LINE
  5
4B9
330
1B
100
AcDbEntity
  8
Edge.Cuts
  6
CONTINUOUS
100
AcDbLine
 10
37.6818060000000017
 20
-72.1324970000000008
 30
0
 11
37.5241989999999959
 21
-72.3378939999999915
 31
0
  0
LINE
  5
4BA
330
1B
100
AcDbEntity
  8
Edge.Cuts
  6
CONTINUOUS
100
AcDbLine
 10
37.5241989999999959
 20
-72.3378939999999915
 30
0
 11
37.3947509999999994
 21
-72.5621050000000025
 31
0
  0
LINE
  5
4BB
330
1B
100
AcDbEntity
  8
Edge.Cuts
  6
CONTINUOUS
100
AcDbLine
 10
37.3947509999999994
 20
-72.5621050000000025
 30
0
 11
37.2956760000000003
 21
-72.8012949999999961
 31
0
  0
LINE
  5
4BC
330
1B
100
AcDbEntity
  8
Edge.Cuts
  6
CONTINUOUS
100
AcDbLine
 10
37.2956760000000003
 20
-72.8012949999999961
 30
0
 11
37.228667999999999
 21
-73.0513699999999915
 31
0
  0
LINE
  5
4BD
330
1B
100
AcDbEntity
  8
Edge.Cuts
  6
CONTINUOUS
100
AcDbLine
 10
37.228667999999999
 20
-73.0513699999999915
 30
0
 11
37.1948760000000007
 21
-73.3080520000000035
 31
0
  0
LINE
  5
4BE
330
1B
100
AcDbEntity
  8
Edge.Cuts
  6
CONTINUOUS
100
AcDbLine
 10
37.1948760000000007
 20
-73.3080520000000035
 30
0
 11
37.1948760000000007
 21
-73.4375
 31
0
  0
LINE
  5
4BF
330
1B
100
AcDbEntity
  8
Edge.Cuts
  6
CONTINUOUS
100
AcDbLine
 10
37.1948760000000007
 20
-73.4375
 30
0
 11
37.1948760000000007
 21
-169.4499989999999912
 31
0
  0
LINE
  5
4C0
330
1B
100
AcDbEntity
  8
Edge.Cuts
  6
CONTINUOUS
100
AcDbLine
 10
37.1948760000000007
 20
-169.4499989999999912
 30
0
 11
37.1948779999999957
 21
-169.5794469999999876
 31
0
  0
LINE
  5
4C1
330
1B
100
AcDbEntity
  8
Edge.Cuts
  6
CONTINUOUS
100
AcDbLine
 10
37.1948779999999957
 20
-169.5794469999999876
 30
0
 11
37.2286749999999955
 21
-169.8361270000000047
 31
0
  0
LINE
  5
4C2
330
1B
100
AcDbEntity
  8
Edge.Cuts
  6
CONTINUOUS
100
AcDbLine
 10
37.2286749999999955
 20
-169.8361270000000047
 30
0
 11
37.2956859999999963
 21
-170.086199999999991
 31
0
  0
LINE
  5
4C3
330
1B
100
AcDbEntity
  8
Edge.Cuts
  6
CONTINUOUS
100
AcDbLine
 10
37.2956859999999963
 20
-170.086199999999991
 30
0
 11
37.3947629999999975
 21
-170.3253870000000063
 31
0
  0
LINE
  5
4C4
330
1B
100
AcDbEntity
  8
Edge.Cuts
  6
CONTINUOUS
100
AcDbLine
 10
37.3947629999999975
 20
-170.3253870000000063
 30
0
 11
37.5242119999999986
 21
-170.5495959999999798
 31
0
  0
LINE
  5
4C5
330
1B
100
AcDbEntity
  8
Edge.Cuts
  6
CONTINUOUS
100
AcDbLine
 10
37.5242119999999986
 20
-170.5495959999999798
 30
0
 11
37.6818189999999973
 21
-170.7549909999999898
 31
0
  0
LINE
  5
4C6
330
1B
100
AcDbEntity
  8
Edge.Cuts
  6
CONTINUOUS
100
AcDbLine
 10
37.6818189999999973
 20
-170.7549909999999898
 30
0
 11
37.864885000000001
 21
-170.9380569999999864
 31
0
  0
LINE
  5
4C7
330
1B
100
AcDbEntity
  8
Edge.Cuts
  6
CONTINUOUS
100
AcDbLine
 10
37.864885000000001
 20
-170.9380569999999864
 30
0
 11
38.0702799999999968
 21
-171.0956639999999993
 31
0
  0
LINE
  5
4C8
330
1B
100
AcDbEntity
  8
Edge.Cuts
  6
CONTINUOUS
100
AcDbLine
 10
38.0702799999999968
 20
-171.0956639999999993
 30
0
 11
38.2944889999999987
 21
-171.2251129999999932
 31
0
  0
LINE
  5
4C9
330
1B
100
AcDbEntity
  8
Edge.Cuts
  6
CONTINUOUS
100
AcDbLine
 10
38.2944889999999987
 20
-171.2251129999999932
 30
0
 11
38.5336759999999998
 21
-171.3241899999999873
 31
0
  0
LINE
  5
4CA
330
1B
100
AcDbEntity
  8
Edge.Cuts
  6
CONTINUOUS
100
AcDbLine
 10
38.5336759999999998
 20
-171.3241899999999873
 30
0
 11
38.7837490000000003
 21
-171.3912009999999952
 31
0
  0
LINE
  5
4CB
330
1B
100
AcDbEntity
  8
Edge.Cuts
  6
CONTINUOUS
100
AcDbLine
 10
38.7837490000000003
 20
-171.3912009999999952
 30
0
 11
39.0404289999999961
 21
-171.424997999999988
 31
0
  0
LINE
  5
4CC
330
1B
100
AcDbEntity
  8
Edge.Cuts
  6
CONTINUOUS
100
AcDbLine
 10
39.0404289999999961
 20
-171.424997999999988
 30
0
 11
39.1698769999999996
 21
-171.4249999999999829
 31
0
  0
LINE
  5
4CD
330
1B
100
AcDbEntity
  8
Edge.Cuts
  6
CONTINUOUS
100
AcDbLine
 10
39.1698769999999996
 20
-171.4249999999999829
 30
0
 11
215.0749999999999886
 21
-171.4249999999999829
 31
0
  0
LINE
  5
4CE
330
1B
100
AcDbEntity
  8
Edge.Cuts
  6
CONTINUOUS
100
AcDbLine
 10
215.0749999999999886
 20
-171.4249999999999829
 30
0
 11
215.2044479999999851
 21
-171.4249999999999829
 31
0
  0
LINE
  5
4CF
330
1B
100
AcDbEntity
  8
Edge.Cuts
  6
CONTINUOUS
100
AcDbLine
 10
215.2044479999999851
 20
-171.4249999999999829
 30
0
 11
215.4611299999999972
 21
-171.391208000000006
 31
0
  0
LINE
  5
4D0
330
1B
100
AcDbEntity
  8
Edge.Cuts
  6
CONTINUOUS
100
AcDbLine
 10
215.4611299999999972
 20
-171.391208000000006
 30
0
 11
215.7112049999999783
 21
-171.3241999999999905
 31
0
  0
LINE
  5
4D1
330
1B
100
AcDbEntity
  8
Edge.Cuts
  6
CONTINUOUS
100
AcDbLine
 10
215.7112049999999783
 20
-171.3241999999999905
 30
0
 11
215.9503949999999861
 21
-171.2251249999999914
 31
0
  0
LINE
  5
4D2
330
1B
100
AcDbEntity
  8
Edge.Cuts
  6
CONTINUOUS
100
AcDbLine
 10
215.9503949999999861
 20
-171.2251249999999914
 30
0
 11
216.1746059999999829
 21
-171.0956769999999949
 31
0
  0
LINE
  5
4D3
330
1B
100
AcDbEntity
  8
Edge.Cuts
  6
CONTINUOUS
100
AcDbLine
 10
216.1746059999999829
 20
-171.0956769999999949
 30
0
 11
216.3800029999999879
 21
-170.938069999999982
 31
0
  0
LINE
  5
4D4
330
1B
100
AcDbEntity
  8
Edge.Cuts
  6
CONTINUOUS
100
AcDbLine
 10
216.3800029999999879
 20
-170.938069999999982
 30
0
 11
216.563069999999982
 21
-170.7550029999999879
 31
0
  0
LINE
  5
4D5
330
1B
100
AcDbEntity
  8
Edge.Cuts
  6
CONTINUOUS
100
AcDbLine
 10
216.563069999999982
 20
-170.7550029999999879
 30
0
 11
216.7206769999999949
 21
-170.5496059999999829
 31
0
  0
LINE
  5
4D6
330
1B
100
AcDbEntity
  8
Edge.Cuts
  6
CONTINUOUS
100
AcDbLine
 10
216.7206769999999949
 20
-170.5496059999999829
 30
0
 11
216.8501249999999914
 21
-170.3253949999999861
 31
0
  0
LINE
  5
4D7
330
1B
100
AcDbEntity
  8
Edge.Cuts
  6
CONTINUOUS
100
AcDbLine
 10
216.8501249999999914
 20
-170.3253949999999861
 30
0
 11
216.9491999999999905
 21
-170.0862049999999783
 31
0
  0
LINE
  5
4D8
330
1B
100
AcDbEntity
  8
Edge.Cuts
  6
CONTINUOUS
100
AcDbLine
 10
216.9491999999999905
 20
-170.0862049999999783
 30
0
 11
217.0162079999999776
 21
-169.8361299999999972
 31
0
  0
LINE
  5
4D9
330
1B
100
AcDbEntity
  8
Edge.Cuts
  6
CONTINUOUS
100
AcDbLine
 10
217.0162079999999776
 20
-169.8361299999999972
 30
0
 11
217.0499999999999829
 21
-169.5794479999999851
 31
0
  0
LINE
  5
4DA
330
1B
100
AcDbEntity
  8
Edge.Cuts
  6
CONTINUOUS
100
AcDbLine
 10
217.0499999999999829
 20
-169.5794479999999851
 30
0
 11
217.0499999999999829
 21
-169.4499999999999886
 31
0
  0
LINE
  5
4DB
330
1B
100
AcDbEntity
  8
Edge.Cuts
  6
CONTINUOUS
100
AcDbLine
 10
217.0499999999999829
 20
-169.4499999999999886
 30
0
 11
217.0499999999999829
 21
-169.4499989999999912
 31
0
  0
LINE
  5
4DC
330
1B
100
AcDbEntity
  8
Edge.Cuts
  6
CONTINUOUS
100
AcDbLine
 10
217.0499999999999829
 20
-169.4499989999999912
 30
0
 11
217.0499999999999829
 21
-166.3468649999999798
 31
0
  0
LINE
  5
4DD
330
1B
100
AcDbEntity
  8
Edge.Cuts
  6
CONTINUOUS
100
AcDbLine
 10
217.0499999999999829
 20
-166.3468649999999798
 30
0
 11
217.0345489999999984
 21
-166.3356389999999863
 31
0
  0
LINE
  5
4DE
330
1B
100
AcDbEntity
  8
Edge.Cuts
  6
CONTINUOUS
100
AcDbLine
 10
217.0345489999999984
 20
-166.3356389999999863
 30
0
 11
217.0249999999999773
 21
-166.3062500000000057
 31
0
  0
LINE
  5
4DF
330
1B
100
AcDbEntity
  8
Edge.Cuts
  6
CONTINUOUS
100
AcDbLine
 10
217.0249999999999773
 20
-166.3062500000000057
 30
0
 11
217.0428780000000017
 21
-166.1133130000000051
 31
0
  0
LINE
  5
4E0
330
1B
100
AcDbEntity
  8
Edge.Cuts
  6
CONTINUOUS
100
AcDbLine
 10
217.0428780000000017
 20
-166.1133130000000051
 30
0
 11
217.0959039999999902
 21
-165.9269459999999867
 31
0
  0
LINE
  5
4E1
330
1B
100
AcDbEntity
  8
Edge.Cuts
  6
CONTINUOUS
100
AcDbLine
 10
217.0959039999999902
 20
-165.9269459999999867
 30
0
 11
217.1822719999999833
 21
-165.7534959999999842
 31
0
  0
LINE
  5
4E2
330
1B
100
AcDbEntity
  8
Edge.Cuts
  6
CONTINUOUS
100
AcDbLine
 10
217.1822719999999833
 20
-165.7534959999999842
 30
0
 11
217.2990409999999883
 21
-165.5988700000000051
 31
0
  0
LINE
  5
4E3
330
1B
100
AcDbEntity
  8
Edge.Cuts
  6
CONTINUOUS
100
AcDbLine
 10
217.2990409999999883
 20
-165.5988700000000051
 30
0
 11
217.4422339999999849
 21
-165.4683320000000037
 31
0
  0
LINE
  5
4E4
330
1B
100
AcDbEntity
  8
Edge.Cuts
  6
CONTINUOUS
100
AcDbLine
 10
217.4422339999999849
 20
-165.4683320000000037
 30
0
 11
217.6069749999999772
 21
-165.366328999999979
 31
0
  0
LINE
  5
4E5
330
1B
100
AcDbEntity
  8
Edge.Cuts
  6
CONTINUOUS
100
AcDbLine
 10
217.6069749999999772
 20
-165.366328999999979
 30
0
 11
217.7876540000000034
 21
-165.2963330000000042
 31
0
  0
LINE
  5
4E6
330
1B
100
AcDbEntity
  8
Edge.Cuts
  6
CONTINUOUS
100
AcDbLine
 10
217.7876540000000034
 20
-165.2963330000000042
 30
0
 11
217.9781179999999949
 21
-165.2607289999999978
 31
0
  0
LINE
  5
4E7
330
1B
100
AcDbEntity
  8
Edge.Cuts
  6
CONTINUOUS
100
AcDbLine
 10
217.9781179999999949
 20
-165.2607289999999978
 30
0
 11
218.1718819999999823
 21
-165.2607289999999978
 31
0
  0
LINE
  5
4E8
330
1B
100
AcDbEntity
  8
Edge.Cuts
  6
CONTINUOUS
100
AcDbLine
 10
218.1718819999999823
 20
-165.2607289999999978
 30
0
 11
218.3623460000000023
 21
-165.2963330000000042
 31
0
  0
LINE
  5
4E9
330
1B
100
AcDbEntity
  8
Edge.Cuts
  6
CONTINUOUS
100
AcDbLine
 10
218.3623460000000023
 20
-165.2963330000000042
 30
0
 11
218.5430250000000001
 21
-165.366328999999979
 31
0
  0
LINE
  5
4EA
330
1B
100
AcDbEntity
  8
Edge.Cuts
  6
CONTINUOUS
100
AcDbLine
 10
218.5430250000000001
 20
-165.366328999999979
 30
0
 11
218.7077659999999923
 21
-165.4683320000000037
 31
0
  0
LINE
  5
4EB
330
1B
100
AcDbEntity
  8
Edge.Cuts
  6
CONTINUOUS
100
AcDbLine
 10
218.7077659999999923
 20
-165.4683320000000037
 30
0
 11
218.8509589999999889
 21
-165.5988700000000051
 31
0
  0
LINE
  5
4EC
330
1B
100
AcDbEntity
  8
Edge.Cuts
  6
CONTINUOUS
100
AcDbLine
 10
218.8509589999999889
 20
-165.5988700000000051
 30
0
 11
218.9677279999999939
 21
-165.7534959999999842
 31
0
  0
LINE
  5
4ED
330
1B
100
AcDbEntity
  8
Edge.Cuts
  6
CONTINUOUS
100
AcDbLine
 10
218.9677279999999939
 20
-165.7534959999999842
 30
0
 11
219.054095999999987
 21
-165.9269459999999867
 31
0
  0
LINE
  5
4EE
330
1B
100
AcDbEntity
  8
Edge.Cuts
  6
CONTINUOUS
100
AcDbLine
 10
219.054095999999987
 20
-165.9269459999999867
 30
0
 11
219.1071220000000039
 21
-166.1133130000000051
 31
0
  0
LINE
  5
4EF
330
1B
100
AcDbEntity
  8
Edge.Cuts
  6
CONTINUOUS
100
AcDbLine
 10
219.1071220000000039
 20
-166.1133130000000051
 30
0
 11
219.125
 21
-166.3062500000000057
 31
0
  0
LINE
  5
4F0
330
1B
100
AcDbEntity
  8
Edge.Cuts
  6
CONTINUOUS
100
AcDbLine
 10
219.125
 20
-166.3062500000000057
 30
0
 11
219.1154509999999789
 21
-166.3356389999999863
 31
0
  0
LINE
  5
4F1
330
1B
100
AcDbEntity
  8
Edge.Cuts
  6
CONTINUOUS
100
AcDbLine
 10
219.1154509999999789
 20
-166.3356389999999863
 30
0
 11
219.0999999999999943
 21
-166.3468649999999798
 31
0
  0
LINE
  5
4F2
330
1B
100
AcDbEntity
  8
Edge.Cuts
  6
CONTINUOUS
100
AcDbLine
 10
219.0999999999999943
 20
-166.3468649999999798
 30
0
 11
219.0999999999999943
 21
-169.4499989999999912
 31
0
  0
LINE
  5
4F3
330
1B
100
AcDbEntity
  8
Edge.Cuts
  6
CONTINUOUS
100
AcDbLine
 10
219.0999999999999943
 20
-169.4499989999999912
 30
0
 11
219.0999999999999943
 21
-169.4499999999999886
 31
0
  0
LINE
  5
4F4
330
1B
100
AcDbEntity
  8
Edge.Cuts
  6
CONTINUOUS
100
AcDbLine
 10
219.0999999999999943
 20
-169.4499999999999886
 30
0
 11
219.0999999999999943
 21
-169.5794479999999851
 31
0
  0
LINE
  5
4F5
330
1B
100
AcDbEntity
  8
Edge.Cuts
  6
CONTINUOUS
100
AcDbLine
 10
219.0999999999999943
 20
-169.5794479999999851
 30
0
 11
219.1337919999999997
 21
-169.8361299999999972
 31
0
  0
LINE
  5
4F6
330
1B
100
AcDbEntity
  8
Edge.Cuts
  6
CONTINUOUS
100
AcDbLine
 10
219.1337919999999997
 20
-169.8361299999999972
 30
0
 11
219.2007999999999868
 21
-170.0862049999999783
 31
0
  0
LINE
  5
4F7
330
1B
100
AcDbEntity
  8
Edge.Cuts
  6
CONTINUOUS
100
AcDbLine
 10
219.2007999999999868
 20
-170.0862049999999783
 30
0
 11
219.2998749999999859
 21
-170.3253949999999861
 31
0
  0
LINE
  5
4F8
330
1B
100
AcDbEntity
  8
Edge.Cuts
  6
CONTINUOUS
100
AcDbLine
 10
219.2998749999999859
 20
-170.3253949999999861
 30
0
 11
219.4293229999999824
 21
-170.5496059999999829
 31
0
  0
LINE
  5
4F9
330
1B
100
AcDbEntity
  8
Edge.Cuts
  6
CONTINUOUS
100
AcDbLine
 10
219.4293229999999824
 20
-170.5496059999999829
 30
0
 11
219.5869299999999953
 21
-170.7550029999999879
 31
0
  0
LINE
  5
4FA
330
1B
100
AcDbEntity
  8
Edge.Cuts
  6
CONTINUOUS
100
AcDbLine
 10
219.5869299999999953
 20
-170.7550029999999879
 30
0
 11
219.7699969999999894
 21
-170.938069999999982
 31
0
  0
LINE
  5
4FB
330
1B
100
AcDbEntity
  8
Edge.Cuts
  6
CONTINUOUS
100
AcDbLine
 10
219.7699969999999894
 20
-170.938069999999982
 30
0
 11
219.9753939999999943
 21
-171.0956769999999949
 31
0
  0
LINE
  5
4FC
330
1B
100
AcDbEntity
  8
Edge.Cuts
  6
CONTINUOUS
100
AcDbLine
 10
219.9753939999999943
 20
-171.0956769999999949
 30
0
 11
220.1996049999999912
 21
-171.2251249999999914
 31
0
  0
LINE
  5
4FD
330
1B
100
AcDbEntity
  8
Edge.Cuts
  6
CONTINUOUS
100
AcDbLine
 10
220.1996049999999912
 20
-171.2251249999999914
 30
0
 11
220.4387949999999989
 21
-171.3241999999999905
 31
0
  0
LINE
  5
4FE
330
1B
100
AcDbEntity
  8
Edge.Cuts
  6
CONTINUOUS
100
AcDbLine
 10
220.4387949999999989
 20
-171.3241999999999905
 30
0
 11
220.6888699999999801
 21
-171.391208000000006
 31
0
  0
LINE
  5
4FF
330
1B
100
AcDbEntity
  8
Edge.Cuts
  6
CONTINUOUS
100
AcDbLine
 10
220.6888699999999801
 20
-171.391208000000006
 30
0
 11
220.9455519999999922
 21
-171.4249999999999829
 31
0
  0
LINE
  5
500
330
1B
100
AcDbEntity
  8
Edge.Cuts
  6
CONTINUOUS
100
AcDbLine
 10
220.9455519999999922
 20
-171.4249999999999829
 30
0
 11
221.0749999999999886
 21
-171.4249999999999829
 31
0
  0
LINE
  5
501
330
1B
100
AcDbEntity
  8
Edge.Cuts
  6
CONTINUOUS
100
AcDbLine
 10
221.0749999999999886
 20
-171.4249999999999829
 30
0
 11
387.6834589999999707
 21
-171.4249999999999829
 31
0
  0
LINE
  5
502
330
1B
100
AcDbEntity
  8
Edge.Cuts
  6
CONTINUOUS
100
AcDbLine
 10
387.6834589999999707
 20
-171.4249999999999829
 30
0
 11
387.8129069999999956
 21
-171.4249999999999829
 31
0
  0
LINE
  5
503
330
1B
100
AcDbEntity
  8
Edge.Cuts
  6
CONTINUOUS
100
AcDbLine
 10
387.8129069999999956
 20
-171.4249999999999829
 30
0
 11
388.0695890000000077
 21
-171.391208000000006
 31
0
  0
LINE
  5
504
330
1B
100
AcDbEntity
  8
Edge.Cuts
  6
CONTINUOUS
100
AcDbLine
 10
388.0695890000000077
 20
-171.391208000000006
 30
0
 11
388.3196639999999888
 21
-171.3241999999999905
 31
0
  0
LINE
  5
505
330
1B
100
AcDbEntity
  8
Edge.Cuts
  6
CONTINUOUS
100
AcDbLine
 10
388.3196639999999888
 20
-171.3241999999999905
 30
0
 11
388.5588539999999966
 21
-171.2251249999999914
 31
0
  0
LINE
  5
506
330
1B
100
AcDbEntity
  8
Edge.Cuts
  6
CONTINUOUS
100
AcDbLine
 10
388.5588539999999966
 20
-171.2251249999999914
 30
0
 11
388.783064999999965
 21
-171.0956769999999949
 31
0
  0
LINE
  5
507
330
1B
100
AcDbEntity
  8
Edge.Cuts
  6
CONTINUOUS
100
AcDbLine
 10
388.783064999999965
 20
-171.0956769999999949
 30
0
 11
388.98846199999997
 21
-170.938069999999982
 31
0
  0
LINE
  5
508
330
1B
100
AcDbEntity
  8
Edge.Cuts
  6
CONTINUOUS
100
AcDbLine
 10
388.98846199999997
 20
-170.938069999999982
 30
0
 11
389.1715289999999641
 21
-170.7550029999999879
 31
0
  0
LINE
  5
509
330
1B
100
AcDbEntity
  8
Edge.Cuts
  6
CONTINUOUS
100
AcDbLine
 10
389.1715289999999641
 20
-170.7550029999999879
 30
0
 11
389.3291360000000054
 21
-170.5496059999999829
 31
0
  0
LINE
  5
50A
330
1B
100
AcDbEntity
  8
Edge.Cuts
  6
CONTINUOUS
100
AcDbLine
 10
389.3291360000000054
 20
-170.5496059999999829
 30
0
 11
389.4585839999999735
 21
-170.3253949999999861
 31
0
  0
LINE
  5
50B
330
1B
100
AcDbEntity
  8
Edge.Cuts
  6
CONTINUOUS
100
AcDbLine
 10
389.4585839999999735
 20
-170.3253949999999861
 30
0
 11
389.557659000000001
 21
-170.0862049999999783
 31
0
  0
LINE
  5
50C
330
1B
100
AcDbEntity
  8
Edge.Cuts
  6
CONTINUOUS
100
AcDbLine
 10
389.557659000000001
 20
-170.0862049999999783
 30
0
 11
389.6246669999999881
 21
-169.8361299999999972
 31
0
  0
LINE
  5
50D
330
1B
100
AcDbEntity
  8
Edge.Cuts
  6
CONTINUOUS
100
AcDbLine
 10
389.6246669999999881
 20
-169.8361299999999972
 30
0
 11
389.6584589999999935
 21
-169.5794479999999851
 31
0
  0
LINE
  5
50E
330
1B
100
AcDbEntity
  8
Edge.Cuts
  6
CONTINUOUS
100
AcDbLine
 10
389.6584589999999935
 20
-169.5794479999999851
 30
0
 11
389.6584589999999935
 21
-169.4499999999999886
 31
0
  0
LINE
  5
50F
330
1B
100
AcDbEntity
  8
Edge.Cuts
  6
CONTINUOUS
100
AcDbLine
 10
389.6584589999999935
 20
-169.4499999999999886
 30
0
 11
389.6584589999999935
 21
-169.4499989999999912
 31
0
  0
LINE
  5
510
330
1B
100
AcDbEntity
  8
Edge.Cuts
  6
CONTINUOUS
100
AcDbLine
 10
389.6584589999999935
 20
-169.4499989999999912
 30
0
 11
389.6584589999999935
 21
-73.4375
 31
0
  0
LINE
  5
511
330
1B
100
AcDbEntity
  8
Edge.Cuts
  6
CONTINUOUS
100
AcDbLine
 10
389.6584589999999935
 20
-73.4375
 30
0
 11
389.6584589999999935
 21
-73.3080520000000035
 31
0
  0
LINE
  5
512
330
1B
100
AcDbEntity
  8
Edge.Cuts
  6
CONTINUOUS
100
AcDbLine
 10
389.6584589999999935
 20
-73.3080520000000035
 30
0
 11
389.6246669999999881
 21
-73.0513699999999915
 31
0
  0
LINE
  5
513
330
1B
100
AcDbEntity
  8
Edge.Cuts
  6
CONTINUOUS
100
AcDbLine
 10
389.6246669999999881
 20
-73.0513699999999915
 30
0
 11
389.557659000000001
 21
-72.8012949999999961
 31
0
  0
LINE
  5
514
330
1B
100
AcDbEntity
  8
Edge.Cuts
  6
CONTINUOUS
100
AcDbLine
 10
389.557659000000001
 20
-72.8012949999999961
 30
0
 11
389.4585839999999735
 21
-72.5621050000000025
 31
0
  0
LINE
  5
515
330
1B
100
AcDbEntity
  8
Edge.Cuts
  6
CONTINUOUS
100
AcDbLine
 10
389.4585839999999735
 20
-72.5621050000000025
 30
0
 11
389.3291360000000054
 21
-72.3378939999999915
 31
0
  0
LINE
  5
516
330
1B
100
AcDbEntity
  8
Edge.Cuts
  6
CONTINUOUS
100
AcDbLine
 10
389.3291360000000054
 20
-72.3378939999999915
 30
0
 11
389.1715289999999641
 21
-72.1324970000000008
 31
0
  0
LINE
  5
517
330
1B
100
AcDbEntity
  8
Edge.Cuts
  6
CONTINUOUS
100
AcDbLine
 10
389.1715289999999641
 20
-72.1324970000000008
 30
0
 11
388.98846199999997
 21
-71.9494299999999924
 31
0
  0
LINE
  5
518
330
1B
100
AcDbEntity
  8
Edge.Cuts
  6
CONTINUOUS
100
AcDbLine
 10
388.98846199999997
 20
-71.9494299999999924
 30
0
 11
388.783064999999965
 21
-71.7918229999999937
 31
0
  0
LINE
  5
519
330
1B
100
AcDbEntity
  8
Edge.Cuts
  6
CONTINUOUS
100
AcDbLine
 10
388.783064999999965
 20
-71.7918229999999937
 30
0
 11
388.5588539999999966
 21
-71.6623749999999973
 31
0
  0
LINE
  5
51A
330
1B
100
AcDbEntity
  8
Edge.Cuts
  6
CONTINUOUS
100
AcDbLine
 10
388.5588539999999966
 20
-71.6623749999999973
 30
0
 11
388.3196639999999888
 21
-71.5632999999999981
 31
0
  0
LINE
  5
51B
330
1B
100
AcDbEntity
  8
Edge.Cuts
  6
CONTINUOUS
100
AcDbLine
 10
388.3196639999999888
 20
-71.5632999999999981
 30
0
 11
388.0695890000000077
 21
-71.4962919999999968
 31
0
  0
LINE
  5
51C
330
1B
100
AcDbEntity
  8
Edge.Cuts
  6
CONTINUOUS
100
AcDbLine
 10
388.0695890000000077
 20
-71.4962919999999968
 30
0
 11
387.8129069999999956
 21
-71.4624999999999915
 31
0
  0
LINE
  5
51D
330
1B
100
AcDbEntity
  8
Edge.Cuts
  6
CONTINUOUS
100
AcDbLine
 10
387.8129069999999956
 20
-71.4624999999999915
 30
0
 11
387.6834589999999707
 21
-71.4624999999999915
 31
0
  0
LINE
  5
51E
330
1B
100
AcDbEntity
  8
Edge.Cuts
  6
CONTINUOUS
100
AcDbLine
 10
387.6834589999999707
 20
-71.4624999999999915
 30
0
 11
221.0749999999999886
 21
-71.4624999999999915
 31
0
  0
LINE
  5
51F
330
1B
100
AcDbEntity
  8
Edge.Cuts
  6
CONTINUOUS
100
AcDbLine
 10
221.0749999999999886
 20
-71.4624999999999915
 30
0
 11
220.9455519999999922
 21
-71.4624999999999915
 31
0
  0
LINE
  5
520
330
1B
100
AcDbEntity
  8
Edge.Cuts
  6
CONTINUOUS
100
AcDbLine
 10
220.9455519999999922
 20
-71.4624999999999915
 30
0
 11
220.6888699999999801
 21
-71.4962919999999968
 31
0
  0
LINE
  5
521
330
1B
100
AcDbEntity
  8
Edge.Cuts
  6
CONTINUOUS
100
AcDbLine
 10
220.6888699999999801
 20
-71.4962919999999968
 30
0
 11
220.4387949999999989
 21
-71.5632999999999981
 31
0
  0
LINE
  5
522
330
1B
100
AcDbEntity
  8
Edge.Cuts
  6
CONTINUOUS
100
AcDbLine
 10
220.4387949999999989
 20
-71.5632999999999981
 30
0
 11
220.1996049999999912
 21
-71.6623749999999973
 31
0
  0
LINE
  5
523
330
1B
100
AcDbEntity
  8
Edge.Cuts
  6
CONTINUOUS
100
AcDbLine
 10
220.1996049999999912
 20
-71.6623749999999973
 30
0
 11
219.9753939999999943
 21
-71.7918229999999937
 31
0
  0
LINE
  5
524
330
1B
100
AcDbEntity
  8
Edge.Cuts
  6
CONTINUOUS
100
AcDbLine
 10
219.9753939999999943
 20
-71.7918229999999937
 30
0
 11
219.7699969999999894
 21
-71.9494299999999924
 31
0
  0
LINE
  5
525
330
1B
100
AcDbEntity
  8
Edge.Cuts
  6
CONTINUOUS
100
AcDbLine
 10
219.7699969999999894
 20
-71.9494299999999924
 30
0
 11
219.5869299999999953
 21
-72.1324970000000008
 31
0
  0
LINE
  5
526
330
1B
100
AcDbEntity
  8
Edge.Cuts
  6
CONTINUOUS
100
AcDbLine
 10
219.5869299999999953
 20
-72.1324970000000008
 30
0
 11
219.4293229999999824
 21
-72.3378939999999915
 31
0
  0
LINE
  5
527
330
1B
100
AcDbEntity
  8
Edge.Cuts
  6
CONTINUOUS
100
AcDbLine
 10
219.4293229999999824
 20
-72.3378939999999915
 30
0
 11
219.2998749999999859
 21
-72.5621050000000025
 31
0
  0
LINE
  5
528
330
1B
100
AcDbEntity
  8
Edge.Cuts
  6
CONTINUOUS
100
AcDbLine
 10
219.2998749999999859
 20
-72.5621050000000025
 30
0
 11
219.2007999999999868
 21
-72.8012949999999961
 31
0
  0
LINE
  5
529
330
1B
100
AcDbEntity
  8
Edge.Cuts
  6
CONTINUOUS
100
AcDbLine
 10
219.2007999999999868
 20
-72.8012949999999961
 30
0
 11
219.1337919999999997
 21
-73.0513699999999915
 31
0
  0
LINE
  5
52A
330
1B
100
AcDbEntity
  8
Edge.Cuts
  6
CONTINUOUS
100
AcDbLine
 10
219.1337919999999997
 20
-73.0513699999999915
 30
0
 11
219.0999999999999943
 21
-73.3080520000000035
 31
0
  0
LINE
  5
52B
330
1B
100
AcDbEntity
  8
Edge.Cuts
  6
CONTINUOUS
100
AcDbLine
 10
219.0999999999999943
 20
-73.3080520000000035
 30
0
 11
219.0999999999999943
 21
-73.4375
 31
0
  0
LINE
  5
52C
330
1B
100
AcDbEntity
  8
Edge.Cuts
  6
CONTINUOUS
100
AcDbLine
 10
219.0999999999999943
 20
-73.4375
 30
0
 11
219.0999999999999943
 21
-82.1531339999999943
 31
0
  0
LINE
  5
52D
330
1B
100
AcDbEntity
  8
Edge.Cuts
  6
CONTINUOUS
100
AcDbLine
 10
219.0999999999999943
 20
-82.1531339999999943
 30
0
 11
219.1154509999999789
 21
-82.1643609999999995
 31
0
  0
LINE
  5
52E
330
1B
100
AcDbEntity
  8
Edge.Cuts
  6
CONTINUOUS
100
AcDbLine
 10
219.1154509999999789
 20
-82.1643609999999995
 30
0
 11
219.125
 21
-82.1937499999999943
 31
0
  0
LINE
  5
52F
330
1B
100
AcDbEntity
  8
Edge.Cuts
  6
CONTINUOUS
100
AcDbLine
 10
219.125
 20
-82.1937499999999943
 30
0
 11
219.1071220000000039
 21
-82.3866869999999949
 31
0
  0
LINE
  5
530
330
1B
100
AcDbEntity
  8
Edge.Cuts
  6
CONTINUOUS
100
AcDbLine
 10
219.1071220000000039
 20
-82.3866869999999949
 30
0
 11
219.054095999999987
 21
-82.5730539999999991
 31
0
  0
LINE
  5
531
330
1B
100
AcDbEntity
  8
Edge.Cuts
  6
CONTINUOUS
100
AcDbLine
 10
219.054095999999987
 20
-82.5730539999999991
 30
0
 11
218.9677279999999939
 21
-82.7465040000000016
 31
0
  0
LINE
  5
532
330
1B
100
AcDbEntity
  8
Edge.Cuts
  6
CONTINUOUS
100
AcDbLine
 10
218.9677279999999939
 20
-82.7465040000000016
 30
0
 11
218.8509589999999889
 21
-82.9011299999999949
 31
0
  0
LINE
  5
533
330
1B
100
AcDbEntity
  8
Edge.Cuts
  6
CONTINUOUS
100
AcDbLine
 10
218.8509589999999889
 20
-82.9011299999999949
 30
0
 11
218.7077659999999923
 21
-83.0316679999999963
 31
0
  0
LINE
  5
534
330
1B
100
AcDbEntity
  8
Edge.Cuts
  6
CONTINUOUS
100
AcDbLine
 10
218.7077659999999923
 20
-83.0316679999999963
 30
0
 11
218.5430250000000001
 21
-83.1336709999999925
 31
0
  0
LINE
  5
535
330
1B
100
AcDbEntity
  8
Edge.Cuts
  6
CONTINUOUS
100
AcDbLine
 10
218.5430250000000001
 20
-83.1336709999999925
 30
0
 11
218.3623460000000023
 21
-83.2036669999999958
 31
0
  0
LINE
  5
536
330
1B
100
AcDbEntity
  8
Edge.Cuts
  6
CONTINUOUS
100
AcDbLine
 10
218.3623460000000023
 20
-83.2036669999999958
 30
0
 11
218.1718819999999823
 21
-83.2392710000000022
 31
0
  0
LINE
  5
537
330
1B
100
AcDbEntity
  8
Edge.Cuts
  6
CONTINUOUS
100
AcDbLine
 10
218.1718819999999823
 20
-83.2392710000000022
 30
0
 11
217.9781179999999949
 21
-83.2392710000000022
 31
0
  0
LINE
  5
538
330
1B
100
AcDbEntity
  8
Edge.Cuts
  6
CONTINUOUS
100
AcDbLine
 10
217.9781179999999949
 20
-83.2392710000000022
 30
0
 11
217.7876540000000034
 21
-83.2036669999999958
 31
0
  0
LINE
  5
539
330
1B
100
AcDbEntity
  8
Edge.Cuts
  6
CONTINUOUS
100
AcDbLine
 10
217.7876540000000034
 20
-83.2036669999999958
 30
0
 11
217.6069749999999772
 21
-83.1336709999999925
 31
0
  0
LINE
  5
53A
330
1B
100
AcDbEntity
  8
Edge.Cuts
  6
CONTINUOUS
100
AcDbLine
 10
217.6069749999999772
 20
-83.1336709999999925
 30
0
 11
217.4422339999999849
 21
-83.0316679999999963
 31
0
  0
LINE
  5
53B
330
1B
100
AcDbEntity
  8
Edge.Cuts
  6
CONTINUOUS
100
AcDbLine
 10
217.4422339999999849
 20
-83.0316679999999963
 30
0
 11
217.2990409999999883
 21
-82.9011299999999949
 31
0
  0
LINE
  5
53C
330
1B
100
AcDbEntity
  8
Edge.Cuts
  6
CONTINUOUS
100
AcDbLine
 10
217.2990409999999883
 20
-82.9011299999999949
 30
0
 11
217.1822719999999833
 21
-82.7465040000000016
 31
0
  0
LINE
  5
53D
330
1B
100
AcDbEntity
  8
Edge.Cuts
  6
CONTINUOUS
100
AcDbLine
 10
217.1822719999999833
 20
-82.7465040000000016
 30
0
 11
217.0959039999999902
 21
-82.5730539999999991
 31
0
  0
LINE
  5
53E
330
1B
100
AcDbEntity
  8
Edge.Cuts
  6
CONTINUOUS
100
AcDbLine
 10
217.0959039999999902
 20
-82.5730539999999991
 30
0
 11
217.0428780000000017
 21
-82.3866869999999949
 31
0
  0
LINE
  5
53F
330
1B
100
AcDbEntity
  8
Edge.Cuts
  6
CONTINUOUS
100
AcDbLine
 10
217.0428780000000017
 20
-82.3866869999999949
 30
0
 11
217.0249999999999773
 21
-82.1937499999999943
 31
0
  0
LINE
  5
540
330
1B
100
AcDbEntity
  8
Edge.Cuts
  6
CONTINUOUS
100
AcDbLine
 10
217.0249999999999773
 20
-82.1937499999999943
 30
0
 11
217.0345489999999984
 21
-82.1643609999999995
 31
0
  0
LINE
  5
541
330
1B
100
AcDbEntity
  8
Edge.Cuts
  6
CONTINUOUS
100
AcDbLine
 10
217.0345489999999984
 20
-82.1643609999999995
 30
0
 11
217.0499999999999829
 21
-82.1531339999999943
 31
0
  0
LINE
  5
542
330
1B
100
AcDbEntity
  8
Edge.Cuts
  6
CONTINUOUS
100
AcDbLine
 10
217.0499999999999829
 20
-82.1531339999999943
 30
0
 11
217.0499999999999829
 21
-73.4375
 31
0
  0
LINE
  5
543
330
1B
100
AcDbEntity
  8
Edge.Cuts
  6
CONTINUOUS
100
AcDbLine
 10
217.0499999999999829
 20
-73.4375
 30
0
 11
217.0499999999999829
 21
-73.3080520000000035
 31
0
  0
LINE
  5
544
330
1B
100
AcDbEntity
  8
Edge.Cuts
  6
CONTINUOUS
100
AcDbLine
 10
217.0499999999999829
 20
-73.3080520000000035
 30
0
 11
217.0162079999999776
 21
-73.0513699999999915
 31
0
  0
LINE
  5
545
330
1B
100
AcDbEntity
  8
Edge.Cuts
  6
CONTINUOUS
100
AcDbLine
 10
217.0162079999999776
 20
-73.0513699999999915
 30
0
 11
216.9491999999999905
 21
-72.8012949999999961
 31
0
  0
LINE
  5
546
330
1B
100
AcDbEntity
  8
Edge.Cuts
  6
CONTINUOUS
100
AcDbLine
 10
216.9491999999999905
 20
-72.8012949999999961
 30
0
 11
216.8501249999999914
 21
-72.5621050000000025
 31
0
  0
LINE
  5
547
330
1B
100
AcDbEntity
  8
Edge.Cuts
  6
CONTINUOUS
100
AcDbLine
 10
216.8501249999999914
 20
-72.5621050000000025
 30
0
 11
216.7206769999999949
 21
-72.3378939999999915
 31
0
  0
LINE
  5
548
330
1B
100
AcDbEntity
  8
Edge.Cuts
  6
CONTINUOUS
100
AcDbLine
 10
216.7206769999999949
 20
-72.3378939999999915
 30
0
 11
216.563069999999982
 21
-72.1324970000000008
 31
0
  0
LINE
  5
549
330
1B
100
AcDbEntity
  8
Edge.Cuts
  6
CONTINUOUS
100
AcDbLine
 10
216.563069999999982
 20
-72.1324970000000008
 30
0
 11
216.3800029999999879
 21
-71.9494299999999924
 31
0
  0
LINE
  5
54A
330
1B
100
AcDbEntity
  8
Edge.Cuts
  6
CONTINUOUS
100
AcDbLine
 10
216.3800029999999879
 20
-71.9494299999999924
 30
0
 11
216.1746059999999829
 21
-71.7918229999999937
 31
0
  0
LINE
  5
54B
330
1B
100
AcDbEntity
  8
Edge.Cuts
  6
CONTINUOUS
100
AcDbLine
 10
216.1746059999999829
 20
-71.7918229999999937
 30
0
 11
215.9503949999999861
 21
-71.6623749999999973
 31
0
  0
LINE
  5
54C
330
1B
100
AcDbEntity
  8
Edge.Cuts
  6
CONTINUOUS
100
AcDbLine
 10
215.9503949999999861
 20
-71.6623749999999973
 30
0
 11
215.7112049999999783
 21
-71.5632999999999981
 31
0
  0
LINE
  5
54D
330
1B
100
AcDbEntity
  8
Edge.Cuts
  6
CONTINUOUS
100
AcDbLine
 10
215.7112049999999783
 20
-71.5632999999999981
 30
0
 11
215.4611299999999972
 21
-71.4962919999999968
 31
0
  0
LINE
  5
54E
330
1B
100
AcDbEntity
  8
Edge.Cuts
  6
CONTINUOUS
100
AcDbLine
 10
215.4611299999999972
 20
-71.4962919999999968
 30
0
 11
215.2044479999999851
 21
-71.4624999999999915
 31
0
  0
LINE
  5
54F
330
1B
100
AcDbEntity
  8
Edge.Cuts
  6
CONTINUOUS
100
AcDbLine
 10
215.2044479999999851
 20
-71.4624999999999915
 30
0
 11
215.0749999999999886
 21
-71.4624999999999915
 31
0
  0
LINE
  5
550
330
1B
100
AcDbEntity
  8
Edge.Cuts
  6
CONTINUOUS
100
AcDbLine
 10
215.0749999999999886
 20
-71.4624999999999915
 30
0
 11
39.169875999999995
 21
-71.4624999999999915
 31
0
  0
ENDSEC
  0
SECTION
  2
OBJECTS
  0
DICTIONARY
  5
21
330
0
100
AcDbDictionary
281
1
  3
ACAD_GROUP
350
551
  3
ACAD_LAYOUT
350
22
  3
ACAD_PLOTSTYLENAME
350
11
  0
DICTIONARY
  5
551
330
21
100
AcDbDictionary
281
1
  0
ACDBDICTIONARYWDFLT
  5
11
330
21
100
AcDbDictionary
281
1
  3
Normal
350
10
100
AcDbDictionaryWithDefault
340
10
  0
ACDBPLACEHOLDER
  5
10
330
11
  0
DICTIONARY
  5
22
330
21
100
AcDbDictionary
281
1
  3
Model
350
1E
  3
Layout1
350
1F
  3
Layout2
350
20
  0
LAYOUT
  5
1E
330
22
100
AcDbPlotSettings
  1

  2
none_device
  4
A3
  6

 40
0.0
 41
0.0
 42
0.0
 43
0.0
 44
420.0
 45
297.0
 46
0.0
 47
0.0
 48
0.0
 49
0.0
140
0.0
141
0.0
142
1.0
143
1.0
 70
1024
 72
1
 73
0
 74
5
  7

 75
16
 76
0
 77
2
 78
300
147
1.0
148
0.0
149
0.0
100
AcDbLayout
  1
Model
 70
1
 71
0
 10
0.0
 20
0.0
 11
420.0
 21
297.0
 12
0.0
 22
0.0
 32
0.0
 14
1e+20
 24
1e+20
 34
1e+20
 15
-1e+20
 25
-1e+20
 35
-1e+20
146
0.0
 13
0.0
 23
0.0
 33
0.0
 16
1.0
 26
0.0
 36
0.0
 17
0.0
 27
1.0
 37
0.0
 76
0
330
1B
  0
LAYOUT
  5
1F
330
22
100
AcDbPlotSettings
  1

  2
none_device
  4
A3
  6

 40
0.0
 41
0.0
 42
0.0
 43
0.0
 44
420.0
 45
297.0
 46
0.0
 47
0.0
 48
0.0
 49
0.0
140
0.0
141
0.0
142
1.0
143
1.0
 70
0
 72
1
 73
0
 74
5
  7

 75
16
 76
0
 77
2
 78
300
147
1.0
148
0.0
149
0.0
100
AcDbLayout
  1
Layout1
 70
1
 71
1
 10
0.0
 20
0.0
 11
420.0
 21
297.0
 12
0.0
 22
0.0
 32
0.0
 14
1e+20
 24
1e+20
 34
1e+20
 15
-1e+20
 25
-1e+20
 35
-1e+20
146
0.0
 13
0.0
 23
0.0
 33
0.0
 16
1.0
 26
0.0
 36
0.0
 17
0.0
 27
1.0
 37
0.0
 76
0
330
1C
  0
LAYOUT
  5
20
330
22
100
AcDbPlotSettings
  1

  2
none_device
  4
A3
  6

 40
0.0
 41
0.0
 42
0.0
 43
0.0
 44
420.0
 45
297.0
 46
0.0
 47
0.0
 48
0.0
 49
0.0
140
0.0
141
0.0
142
1.0
143
1.0
 70
0
 72
1
 73
0
 74
5
  7

 75
16
 76
0
 77
2
 78
300
147
1.0
148
0.0
149
0.0
100
AcDbLayout
  1
Layout2
 70
1
 71
2
 10
0.0
 20
0.0
 11
420.0
 21
297.0
 12
0.0
 22
0.0
 32
0.0
 14
1e+20
 24
1e+20
 34
1e+20
 15
-1e+20
 25
-1e+20
 35
-1e+20
146
0.0
 13
0.0
 23
0.0
 33
0.0
 16
1.0
 26
0.0
 36
0.0
 17
0.0
 27
1.0
 37
0.0
 76
0
330
1D
  0
ENDSEC
  0
EOF
