ISO-10303-21;
HEADER;
/* Generated by software containing ST-Developer
 * from STEP Tools, Inc. (www.steptools.com) 
 */
/* OPTION: using custom renumber hook */

FILE_DESCRIPTION(
/* description */ ('STEP AP242 Edition 2',
'CAx-IF Rec.Pracs.---Representation and Presentation of Product Manufa
cturing Information (PMI)---4.0---2014-10-13',
'CAx-IF Rec.Pracs.---3D Tessellated Geometry---0.4---2014-09-14','2;1',
'CAx-IF Rec.Pracs.---User Defined Attributes---1.5---2016-08-15'),
/* implementation_level */ '2;1');

FILE_NAME(
/* name */ 'right plate - Part 1',
/* time_stamp */ '2026-08-29T18:36:50Z',
/* author */ (''),
/* organization */ (''),
/* preprocessor_version */ 'ST-DEVELOPER v20',
/* originating_system */ 'ONSHAPE BY PTC INC, 1.220',
/* authorisation */ '  ');

FILE_SCHEMA (('AP242_MANAGED_MODEL_BASED_3D_ENGINEERING_MIM_LF { 1 0 10303 442 3 1 4 }'));
ENDSEC;

DATA;
#10=SHAPE_REPRESENTATION_RELATIONSHIP('','',#9866,#11);
#11=ADVANCED_BREP_SHAPE_REPRESENTATION('',(#9864),#15500);
#12=CYLINDRICAL_SURFACE('',#10339,0.005);
#13=CYLINDRICAL_SURFACE('',#10340,0.005);
#14=CYLINDRICAL_SURFACE('',#10341,0.00120283589097597);
#15=CYLINDRICAL_SURFACE('',#10342,0.00120283589097597);
#16=CYLINDRICAL_SURFACE('',#10343,0.00120283589097597);
#17=CYLINDRICAL_SURFACE('',#10344,0.00120283589097597);
#18=LINE('',#12708,#1403);
#19=LINE('',#12713,#1404);
#20=LINE('',#12715,#1405);
#21=LINE('',#12717,#1406);
#22=LINE('',#12719,#1407);
#23=LINE('',#12721,#1408);
#24=LINE('',#12723,#1409);
#25=LINE('',#12725,#1410);
#26=LINE('',#12727,#1411);
#27=LINE('',#12729,#1412);
#28=LINE('',#12731,#1413);
#29=LINE('',#12733,#1414);
#30=LINE('',#12735,#1415);
#31=LINE('',#12737,#1416);
#32=LINE('',#12739,#1417);
#33=LINE('',#12741,#1418);
#34=LINE('',#12743,#1419);
#35=LINE('',#12745,#1420);
#36=LINE('',#12747,#1421);
#37=LINE('',#12749,#1422);
#38=LINE('',#12751,#1423);
#39=LINE('',#12753,#1424);
#40=LINE('',#12755,#1425);
#41=LINE('',#12757,#1426);
#42=LINE('',#12759,#1427);
#43=LINE('',#12761,#1428);
#44=LINE('',#12763,#1429);
#45=LINE('',#12765,#1430);
#46=LINE('',#12767,#1431);
#47=LINE('',#12769,#1432);
#48=LINE('',#12771,#1433);
#49=LINE('',#12773,#1434);
#50=LINE('',#12775,#1435);
#51=LINE('',#12777,#1436);
#52=LINE('',#12779,#1437);
#53=LINE('',#12781,#1438);
#54=LINE('',#12783,#1439);
#55=LINE('',#12785,#1440);
#56=LINE('',#12787,#1441);
#57=LINE('',#12789,#1442);
#58=LINE('',#12791,#1443);
#59=LINE('',#12793,#1444);
#60=LINE('',#12795,#1445);
#61=LINE('',#12797,#1446);
#62=LINE('',#12799,#1447);
#63=LINE('',#12801,#1448);
#64=LINE('',#12803,#1449);
#65=LINE('',#12805,#1450);
#66=LINE('',#12807,#1451);
#67=LINE('',#12809,#1452);
#68=LINE('',#12811,#1453);
#69=LINE('',#12813,#1454);
#70=LINE('',#12815,#1455);
#71=LINE('',#12817,#1456);
#72=LINE('',#12819,#1457);
#73=LINE('',#12821,#1458);
#74=LINE('',#12823,#1459);
#75=LINE('',#12825,#1460);
#76=LINE('',#12827,#1461);
#77=LINE('',#12829,#1462);
#78=LINE('',#12831,#1463);
#79=LINE('',#12833,#1464);
#80=LINE('',#12835,#1465);
#81=LINE('',#12837,#1466);
#82=LINE('',#12839,#1467);
#83=LINE('',#12841,#1468);
#84=LINE('',#12843,#1469);
#85=LINE('',#12845,#1470);
#86=LINE('',#12847,#1471);
#87=LINE('',#12849,#1472);
#88=LINE('',#12851,#1473);
#89=LINE('',#12853,#1474);
#90=LINE('',#12855,#1475);
#91=LINE('',#12857,#1476);
#92=LINE('',#12859,#1477);
#93=LINE('',#12861,#1478);
#94=LINE('',#12863,#1479);
#95=LINE('',#12865,#1480);
#96=LINE('',#12867,#1481);
#97=LINE('',#12869,#1482);
#98=LINE('',#12871,#1483);
#99=LINE('',#12873,#1484);
#100=LINE('',#12875,#1485);
#101=LINE('',#12877,#1486);
#102=LINE('',#12879,#1487);
#103=LINE('',#12881,#1488);
#104=LINE('',#12883,#1489);
#105=LINE('',#12885,#1490);
#106=LINE('',#12887,#1491);
#107=LINE('',#12889,#1492);
#108=LINE('',#12891,#1493);
#109=LINE('',#12893,#1494);
#110=LINE('',#12895,#1495);
#111=LINE('',#12897,#1496);
#112=LINE('',#12899,#1497);
#113=LINE('',#12901,#1498);
#114=LINE('',#12903,#1499);
#115=LINE('',#12905,#1500);
#116=LINE('',#12907,#1501);
#117=LINE('',#12909,#1502);
#118=LINE('',#12911,#1503);
#119=LINE('',#12913,#1504);
#120=LINE('',#12915,#1505);
#121=LINE('',#12917,#1506);
#122=LINE('',#12919,#1507);
#123=LINE('',#12921,#1508);
#124=LINE('',#12923,#1509);
#125=LINE('',#12925,#1510);
#126=LINE('',#12927,#1511);
#127=LINE('',#12929,#1512);
#128=LINE('',#12931,#1513);
#129=LINE('',#12933,#1514);
#130=LINE('',#12935,#1515);
#131=LINE('',#12937,#1516);
#132=LINE('',#12939,#1517);
#133=LINE('',#12941,#1518);
#134=LINE('',#12943,#1519);
#135=LINE('',#12945,#1520);
#136=LINE('',#12947,#1521);
#137=LINE('',#12949,#1522);
#138=LINE('',#12951,#1523);
#139=LINE('',#12953,#1524);
#140=LINE('',#12955,#1525);
#141=LINE('',#12957,#1526);
#142=LINE('',#12959,#1527);
#143=LINE('',#12961,#1528);
#144=LINE('',#12963,#1529);
#145=LINE('',#12965,#1530);
#146=LINE('',#12967,#1531);
#147=LINE('',#12969,#1532);
#148=LINE('',#12971,#1533);
#149=LINE('',#12973,#1534);
#150=LINE('',#12975,#1535);
#151=LINE('',#12977,#1536);
#152=LINE('',#12979,#1537);
#153=LINE('',#12981,#1538);
#154=LINE('',#12983,#1539);
#155=LINE('',#12985,#1540);
#156=LINE('',#12987,#1541);
#157=LINE('',#12989,#1542);
#158=LINE('',#12991,#1543);
#159=LINE('',#12993,#1544);
#160=LINE('',#12995,#1545);
#161=LINE('',#12997,#1546);
#162=LINE('',#12999,#1547);
#163=LINE('',#13001,#1548);
#164=LINE('',#13003,#1549);
#165=LINE('',#13005,#1550);
#166=LINE('',#13007,#1551);
#167=LINE('',#13009,#1552);
#168=LINE('',#13011,#1553);
#169=LINE('',#13013,#1554);
#170=LINE('',#13015,#1555);
#171=LINE('',#13017,#1556);
#172=LINE('',#13019,#1557);
#173=LINE('',#13021,#1558);
#174=LINE('',#13023,#1559);
#175=LINE('',#13025,#1560);
#176=LINE('',#13027,#1561);
#177=LINE('',#13029,#1562);
#178=LINE('',#13031,#1563);
#179=LINE('',#13033,#1564);
#180=LINE('',#13035,#1565);
#181=LINE('',#13037,#1566);
#182=LINE('',#13039,#1567);
#183=LINE('',#13041,#1568);
#184=LINE('',#13043,#1569);
#185=LINE('',#13045,#1570);
#186=LINE('',#13047,#1571);
#187=LINE('',#13049,#1572);
#188=LINE('',#13051,#1573);
#189=LINE('',#13053,#1574);
#190=LINE('',#13055,#1575);
#191=LINE('',#13057,#1576);
#192=LINE('',#13059,#1577);
#193=LINE('',#13061,#1578);
#194=LINE('',#13063,#1579);
#195=LINE('',#13065,#1580);
#196=LINE('',#13067,#1581);
#197=LINE('',#13069,#1582);
#198=LINE('',#13071,#1583);
#199=LINE('',#13073,#1584);
#200=LINE('',#13075,#1585);
#201=LINE('',#13077,#1586);
#202=LINE('',#13079,#1587);
#203=LINE('',#13081,#1588);
#204=LINE('',#13083,#1589);
#205=LINE('',#13085,#1590);
#206=LINE('',#13087,#1591);
#207=LINE('',#13089,#1592);
#208=LINE('',#13091,#1593);
#209=LINE('',#13093,#1594);
#210=LINE('',#13095,#1595);
#211=LINE('',#13097,#1596);
#212=LINE('',#13099,#1597);
#213=LINE('',#13101,#1598);
#214=LINE('',#13103,#1599);
#215=LINE('',#13105,#1600);
#216=LINE('',#13107,#1601);
#217=LINE('',#13109,#1602);
#218=LINE('',#13111,#1603);
#219=LINE('',#13113,#1604);
#220=LINE('',#13115,#1605);
#221=LINE('',#13117,#1606);
#222=LINE('',#13119,#1607);
#223=LINE('',#13121,#1608);
#224=LINE('',#13123,#1609);
#225=LINE('',#13125,#1610);
#226=LINE('',#13127,#1611);
#227=LINE('',#13129,#1612);
#228=LINE('',#13131,#1613);
#229=LINE('',#13133,#1614);
#230=LINE('',#13135,#1615);
#231=LINE('',#13137,#1616);
#232=LINE('',#13139,#1617);
#233=LINE('',#13141,#1618);
#234=LINE('',#13143,#1619);
#235=LINE('',#13145,#1620);
#236=LINE('',#13147,#1621);
#237=LINE('',#13149,#1622);
#238=LINE('',#13151,#1623);
#239=LINE('',#13154,#1624);
#240=LINE('',#13157,#1625);
#241=LINE('',#13159,#1626);
#242=LINE('',#13160,#1627);
#243=LINE('',#13163,#1628);
#244=LINE('',#13165,#1629);
#245=LINE('',#13167,#1630);
#246=LINE('',#13169,#1631);
#247=LINE('',#13171,#1632);
#248=LINE('',#13173,#1633);
#249=LINE('',#13175,#1634);
#250=LINE('',#13177,#1635);
#251=LINE('',#13179,#1636);
#252=LINE('',#13181,#1637);
#253=LINE('',#13183,#1638);
#254=LINE('',#13185,#1639);
#255=LINE('',#13187,#1640);
#256=LINE('',#13189,#1641);
#257=LINE('',#13191,#1642);
#258=LINE('',#13193,#1643);
#259=LINE('',#13195,#1644);
#260=LINE('',#13197,#1645);
#261=LINE('',#13199,#1646);
#262=LINE('',#13201,#1647);
#263=LINE('',#13203,#1648);
#264=LINE('',#13205,#1649);
#265=LINE('',#13207,#1650);
#266=LINE('',#13209,#1651);
#267=LINE('',#13211,#1652);
#268=LINE('',#13213,#1653);
#269=LINE('',#13215,#1654);
#270=LINE('',#13217,#1655);
#271=LINE('',#13219,#1656);
#272=LINE('',#13221,#1657);
#273=LINE('',#13223,#1658);
#274=LINE('',#13225,#1659);
#275=LINE('',#13226,#1660);
#276=LINE('',#13229,#1661);
#277=LINE('',#13231,#1662);
#278=LINE('',#13233,#1663);
#279=LINE('',#13235,#1664);
#280=LINE('',#13237,#1665);
#281=LINE('',#13239,#1666);
#282=LINE('',#13241,#1667);
#283=LINE('',#13243,#1668);
#284=LINE('',#13245,#1669);
#285=LINE('',#13247,#1670);
#286=LINE('',#13249,#1671);
#287=LINE('',#13251,#1672);
#288=LINE('',#13253,#1673);
#289=LINE('',#13255,#1674);
#290=LINE('',#13257,#1675);
#291=LINE('',#13259,#1676);
#292=LINE('',#13261,#1677);
#293=LINE('',#13263,#1678);
#294=LINE('',#13265,#1679);
#295=LINE('',#13267,#1680);
#296=LINE('',#13269,#1681);
#297=LINE('',#13271,#1682);
#298=LINE('',#13273,#1683);
#299=LINE('',#13275,#1684);
#300=LINE('',#13277,#1685);
#301=LINE('',#13279,#1686);
#302=LINE('',#13281,#1687);
#303=LINE('',#13283,#1688);
#304=LINE('',#13285,#1689);
#305=LINE('',#13287,#1690);
#306=LINE('',#13289,#1691);
#307=LINE('',#13291,#1692);
#308=LINE('',#13293,#1693);
#309=LINE('',#13295,#1694);
#310=LINE('',#13297,#1695);
#311=LINE('',#13299,#1696);
#312=LINE('',#13301,#1697);
#313=LINE('',#13302,#1698);
#314=LINE('',#13305,#1699);
#315=LINE('',#13307,#1700);
#316=LINE('',#13309,#1701);
#317=LINE('',#13311,#1702);
#318=LINE('',#13313,#1703);
#319=LINE('',#13315,#1704);
#320=LINE('',#13317,#1705);
#321=LINE('',#13319,#1706);
#322=LINE('',#13321,#1707);
#323=LINE('',#13323,#1708);
#324=LINE('',#13325,#1709);
#325=LINE('',#13327,#1710);
#326=LINE('',#13329,#1711);
#327=LINE('',#13331,#1712);
#328=LINE('',#13333,#1713);
#329=LINE('',#13335,#1714);
#330=LINE('',#13337,#1715);
#331=LINE('',#13339,#1716);
#332=LINE('',#13341,#1717);
#333=LINE('',#13343,#1718);
#334=LINE('',#13345,#1719);
#335=LINE('',#13347,#1720);
#336=LINE('',#13348,#1721);
#337=LINE('',#13351,#1722);
#338=LINE('',#13353,#1723);
#339=LINE('',#13355,#1724);
#340=LINE('',#13357,#1725);
#341=LINE('',#13359,#1726);
#342=LINE('',#13361,#1727);
#343=LINE('',#13363,#1728);
#344=LINE('',#13365,#1729);
#345=LINE('',#13367,#1730);
#346=LINE('',#13369,#1731);
#347=LINE('',#13371,#1732);
#348=LINE('',#13373,#1733);
#349=LINE('',#13375,#1734);
#350=LINE('',#13377,#1735);
#351=LINE('',#13379,#1736);
#352=LINE('',#13381,#1737);
#353=LINE('',#13383,#1738);
#354=LINE('',#13385,#1739);
#355=LINE('',#13387,#1740);
#356=LINE('',#13389,#1741);
#357=LINE('',#13391,#1742);
#358=LINE('',#13393,#1743);
#359=LINE('',#13395,#1744);
#360=LINE('',#13397,#1745);
#361=LINE('',#13399,#1746);
#362=LINE('',#13401,#1747);
#363=LINE('',#13403,#1748);
#364=LINE('',#13405,#1749);
#365=LINE('',#13407,#1750);
#366=LINE('',#13409,#1751);
#367=LINE('',#13411,#1752);
#368=LINE('',#13413,#1753);
#369=LINE('',#13415,#1754);
#370=LINE('',#13417,#1755);
#371=LINE('',#13418,#1756);
#372=LINE('',#13421,#1757);
#373=LINE('',#13423,#1758);
#374=LINE('',#13425,#1759);
#375=LINE('',#13427,#1760);
#376=LINE('',#13429,#1761);
#377=LINE('',#13431,#1762);
#378=LINE('',#13433,#1763);
#379=LINE('',#13435,#1764);
#380=LINE('',#13437,#1765);
#381=LINE('',#13439,#1766);
#382=LINE('',#13441,#1767);
#383=LINE('',#13443,#1768);
#384=LINE('',#13445,#1769);
#385=LINE('',#13447,#1770);
#386=LINE('',#13449,#1771);
#387=LINE('',#13451,#1772);
#388=LINE('',#13453,#1773);
#389=LINE('',#13455,#1774);
#390=LINE('',#13457,#1775);
#391=LINE('',#13459,#1776);
#392=LINE('',#13461,#1777);
#393=LINE('',#13463,#1778);
#394=LINE('',#13465,#1779);
#395=LINE('',#13467,#1780);
#396=LINE('',#13469,#1781);
#397=LINE('',#13471,#1782);
#398=LINE('',#13473,#1783);
#399=LINE('',#13475,#1784);
#400=LINE('',#13477,#1785);
#401=LINE('',#13479,#1786);
#402=LINE('',#13481,#1787);
#403=LINE('',#13483,#1788);
#404=LINE('',#13485,#1789);
#405=LINE('',#13487,#1790);
#406=LINE('',#13489,#1791);
#407=LINE('',#13490,#1792);
#408=LINE('',#13493,#1793);
#409=LINE('',#13495,#1794);
#410=LINE('',#13497,#1795);
#411=LINE('',#13499,#1796);
#412=LINE('',#13501,#1797);
#413=LINE('',#13503,#1798);
#414=LINE('',#13505,#1799);
#415=LINE('',#13507,#1800);
#416=LINE('',#13509,#1801);
#417=LINE('',#13511,#1802);
#418=LINE('',#13513,#1803);
#419=LINE('',#13515,#1804);
#420=LINE('',#13517,#1805);
#421=LINE('',#13519,#1806);
#422=LINE('',#13521,#1807);
#423=LINE('',#13523,#1808);
#424=LINE('',#13524,#1809);
#425=LINE('',#13527,#1810);
#426=LINE('',#13529,#1811);
#427=LINE('',#13531,#1812);
#428=LINE('',#13533,#1813);
#429=LINE('',#13535,#1814);
#430=LINE('',#13537,#1815);
#431=LINE('',#13539,#1816);
#432=LINE('',#13541,#1817);
#433=LINE('',#13543,#1818);
#434=LINE('',#13545,#1819);
#435=LINE('',#13547,#1820);
#436=LINE('',#13549,#1821);
#437=LINE('',#13551,#1822);
#438=LINE('',#13553,#1823);
#439=LINE('',#13555,#1824);
#440=LINE('',#13557,#1825);
#441=LINE('',#13559,#1826);
#442=LINE('',#13561,#1827);
#443=LINE('',#13563,#1828);
#444=LINE('',#13565,#1829);
#445=LINE('',#13567,#1830);
#446=LINE('',#13569,#1831);
#447=LINE('',#13571,#1832);
#448=LINE('',#13573,#1833);
#449=LINE('',#13575,#1834);
#450=LINE('',#13577,#1835);
#451=LINE('',#13579,#1836);
#452=LINE('',#13581,#1837);
#453=LINE('',#13583,#1838);
#454=LINE('',#13585,#1839);
#455=LINE('',#13587,#1840);
#456=LINE('',#13589,#1841);
#457=LINE('',#13591,#1842);
#458=LINE('',#13593,#1843);
#459=LINE('',#13595,#1844);
#460=LINE('',#13597,#1845);
#461=LINE('',#13599,#1846);
#462=LINE('',#13601,#1847);
#463=LINE('',#13603,#1848);
#464=LINE('',#13605,#1849);
#465=LINE('',#13607,#1850);
#466=LINE('',#13609,#1851);
#467=LINE('',#13611,#1852);
#468=LINE('',#13613,#1853);
#469=LINE('',#13615,#1854);
#470=LINE('',#13617,#1855);
#471=LINE('',#13619,#1856);
#472=LINE('',#13621,#1857);
#473=LINE('',#13623,#1858);
#474=LINE('',#13625,#1859);
#475=LINE('',#13626,#1860);
#476=LINE('',#13629,#1861);
#477=LINE('',#13631,#1862);
#478=LINE('',#13633,#1863);
#479=LINE('',#13635,#1864);
#480=LINE('',#13638,#1865);
#481=LINE('',#13640,#1866);
#482=LINE('',#13642,#1867);
#483=LINE('',#13644,#1868);
#484=LINE('',#13646,#1869);
#485=LINE('',#13648,#1870);
#486=LINE('',#13650,#1871);
#487=LINE('',#13652,#1872);
#488=LINE('',#13654,#1873);
#489=LINE('',#13656,#1874);
#490=LINE('',#13658,#1875);
#491=LINE('',#13660,#1876);
#492=LINE('',#13662,#1877);
#493=LINE('',#13664,#1878);
#494=LINE('',#13666,#1879);
#495=LINE('',#13668,#1880);
#496=LINE('',#13670,#1881);
#497=LINE('',#13672,#1882);
#498=LINE('',#13674,#1883);
#499=LINE('',#13676,#1884);
#500=LINE('',#13678,#1885);
#501=LINE('',#13680,#1886);
#502=LINE('',#13682,#1887);
#503=LINE('',#13684,#1888);
#504=LINE('',#13686,#1889);
#505=LINE('',#13688,#1890);
#506=LINE('',#13690,#1891);
#507=LINE('',#13692,#1892);
#508=LINE('',#13694,#1893);
#509=LINE('',#13696,#1894);
#510=LINE('',#13698,#1895);
#511=LINE('',#13700,#1896);
#512=LINE('',#13702,#1897);
#513=LINE('',#13704,#1898);
#514=LINE('',#13706,#1899);
#515=LINE('',#13708,#1900);
#516=LINE('',#13710,#1901);
#517=LINE('',#13712,#1902);
#518=LINE('',#13714,#1903);
#519=LINE('',#13716,#1904);
#520=LINE('',#13718,#1905);
#521=LINE('',#13720,#1906);
#522=LINE('',#13722,#1907);
#523=LINE('',#13724,#1908);
#524=LINE('',#13726,#1909);
#525=LINE('',#13728,#1910);
#526=LINE('',#13730,#1911);
#527=LINE('',#13732,#1912);
#528=LINE('',#13734,#1913);
#529=LINE('',#13736,#1914);
#530=LINE('',#13737,#1915);
#531=LINE('',#13740,#1916);
#532=LINE('',#13742,#1917);
#533=LINE('',#13744,#1918);
#534=LINE('',#13746,#1919);
#535=LINE('',#13748,#1920);
#536=LINE('',#13750,#1921);
#537=LINE('',#13752,#1922);
#538=LINE('',#13754,#1923);
#539=LINE('',#13756,#1924);
#540=LINE('',#13758,#1925);
#541=LINE('',#13760,#1926);
#542=LINE('',#13762,#1927);
#543=LINE('',#13764,#1928);
#544=LINE('',#13766,#1929);
#545=LINE('',#13768,#1930);
#546=LINE('',#13770,#1931);
#547=LINE('',#13771,#1932);
#548=LINE('',#13774,#1933);
#549=LINE('',#13776,#1934);
#550=LINE('',#13778,#1935);
#551=LINE('',#13780,#1936);
#552=LINE('',#13782,#1937);
#553=LINE('',#13784,#1938);
#554=LINE('',#13786,#1939);
#555=LINE('',#13788,#1940);
#556=LINE('',#13790,#1941);
#557=LINE('',#13792,#1942);
#558=LINE('',#13794,#1943);
#559=LINE('',#13796,#1944);
#560=LINE('',#13798,#1945);
#561=LINE('',#13800,#1946);
#562=LINE('',#13802,#1947);
#563=LINE('',#13804,#1948);
#564=LINE('',#13806,#1949);
#565=LINE('',#13808,#1950);
#566=LINE('',#13810,#1951);
#567=LINE('',#13812,#1952);
#568=LINE('',#13814,#1953);
#569=LINE('',#13816,#1954);
#570=LINE('',#13818,#1955);
#571=LINE('',#13820,#1956);
#572=LINE('',#13822,#1957);
#573=LINE('',#13824,#1958);
#574=LINE('',#13826,#1959);
#575=LINE('',#13828,#1960);
#576=LINE('',#13830,#1961);
#577=LINE('',#13832,#1962);
#578=LINE('',#13834,#1963);
#579=LINE('',#13836,#1964);
#580=LINE('',#13838,#1965);
#581=LINE('',#13840,#1966);
#582=LINE('',#13842,#1967);
#583=LINE('',#13843,#1968);
#584=LINE('',#13846,#1969);
#585=LINE('',#13848,#1970);
#586=LINE('',#13850,#1971);
#587=LINE('',#13852,#1972);
#588=LINE('',#13854,#1973);
#589=LINE('',#13856,#1974);
#590=LINE('',#13858,#1975);
#591=LINE('',#13860,#1976);
#592=LINE('',#13862,#1977);
#593=LINE('',#13864,#1978);
#594=LINE('',#13866,#1979);
#595=LINE('',#13868,#1980);
#596=LINE('',#13870,#1981);
#597=LINE('',#13872,#1982);
#598=LINE('',#13874,#1983);
#599=LINE('',#13876,#1984);
#600=LINE('',#13878,#1985);
#601=LINE('',#13880,#1986);
#602=LINE('',#13882,#1987);
#603=LINE('',#13884,#1988);
#604=LINE('',#13886,#1989);
#605=LINE('',#13888,#1990);
#606=LINE('',#13890,#1991);
#607=LINE('',#13892,#1992);
#608=LINE('',#13894,#1993);
#609=LINE('',#13896,#1994);
#610=LINE('',#13898,#1995);
#611=LINE('',#13900,#1996);
#612=LINE('',#13902,#1997);
#613=LINE('',#13904,#1998);
#614=LINE('',#13906,#1999);
#615=LINE('',#13908,#2000);
#616=LINE('',#13910,#2001);
#617=LINE('',#13912,#2002);
#618=LINE('',#13913,#2003);
#619=LINE('',#13916,#2004);
#620=LINE('',#13918,#2005);
#621=LINE('',#13920,#2006);
#622=LINE('',#13922,#2007);
#623=LINE('',#13924,#2008);
#624=LINE('',#13926,#2009);
#625=LINE('',#13928,#2010);
#626=LINE('',#13930,#2011);
#627=LINE('',#13932,#2012);
#628=LINE('',#13934,#2013);
#629=LINE('',#13936,#2014);
#630=LINE('',#13938,#2015);
#631=LINE('',#13940,#2016);
#632=LINE('',#13942,#2017);
#633=LINE('',#13944,#2018);
#634=LINE('',#13946,#2019);
#635=LINE('',#13948,#2020);
#636=LINE('',#13950,#2021);
#637=LINE('',#13952,#2022);
#638=LINE('',#13954,#2023);
#639=LINE('',#13956,#2024);
#640=LINE('',#13958,#2025);
#641=LINE('',#13959,#2026);
#642=LINE('',#13962,#2027);
#643=LINE('',#13964,#2028);
#644=LINE('',#13966,#2029);
#645=LINE('',#13968,#2030);
#646=LINE('',#13970,#2031);
#647=LINE('',#13972,#2032);
#648=LINE('',#13974,#2033);
#649=LINE('',#13976,#2034);
#650=LINE('',#13978,#2035);
#651=LINE('',#13980,#2036);
#652=LINE('',#13982,#2037);
#653=LINE('',#13984,#2038);
#654=LINE('',#13986,#2039);
#655=LINE('',#13988,#2040);
#656=LINE('',#13990,#2041);
#657=LINE('',#13992,#2042);
#658=LINE('',#13994,#2043);
#659=LINE('',#13996,#2044);
#660=LINE('',#13998,#2045);
#661=LINE('',#14000,#2046);
#662=LINE('',#14002,#2047);
#663=LINE('',#14004,#2048);
#664=LINE('',#14006,#2049);
#665=LINE('',#14008,#2050);
#666=LINE('',#14010,#2051);
#667=LINE('',#14012,#2052);
#668=LINE('',#14014,#2053);
#669=LINE('',#14016,#2054);
#670=LINE('',#14018,#2055);
#671=LINE('',#14020,#2056);
#672=LINE('',#14022,#2057);
#673=LINE('',#14024,#2058);
#674=LINE('',#14026,#2059);
#675=LINE('',#14028,#2060);
#676=LINE('',#14030,#2061);
#677=LINE('',#14032,#2062);
#678=LINE('',#14034,#2063);
#679=LINE('',#14035,#2064);
#680=LINE('',#14038,#2065);
#681=LINE('',#14040,#2066);
#682=LINE('',#14042,#2067);
#683=LINE('',#14044,#2068);
#684=LINE('',#14046,#2069);
#685=LINE('',#14048,#2070);
#686=LINE('',#14050,#2071);
#687=LINE('',#14052,#2072);
#688=LINE('',#14054,#2073);
#689=LINE('',#14056,#2074);
#690=LINE('',#14058,#2075);
#691=LINE('',#14060,#2076);
#692=LINE('',#14062,#2077);
#693=LINE('',#14064,#2078);
#694=LINE('',#14066,#2079);
#695=LINE('',#14068,#2080);
#696=LINE('',#14070,#2081);
#697=LINE('',#14072,#2082);
#698=LINE('',#14074,#2083);
#699=LINE('',#14076,#2084);
#700=LINE('',#14078,#2085);
#701=LINE('',#14080,#2086);
#702=LINE('',#14082,#2087);
#703=LINE('',#14084,#2088);
#704=LINE('',#14086,#2089);
#705=LINE('',#14088,#2090);
#706=LINE('',#14090,#2091);
#707=LINE('',#14092,#2092);
#708=LINE('',#14094,#2093);
#709=LINE('',#14096,#2094);
#710=LINE('',#14098,#2095);
#711=LINE('',#14100,#2096);
#712=LINE('',#14101,#2097);
#713=LINE('',#14104,#2098);
#714=LINE('',#14106,#2099);
#715=LINE('',#14107,#2100);
#716=LINE('',#14112,#2101);
#717=LINE('',#14116,#2102);
#718=LINE('',#14118,#2103);
#719=LINE('',#14120,#2104);
#720=LINE('',#14122,#2105);
#721=LINE('',#14124,#2106);
#722=LINE('',#14126,#2107);
#723=LINE('',#14128,#2108);
#724=LINE('',#14130,#2109);
#725=LINE('',#14132,#2110);
#726=LINE('',#14134,#2111);
#727=LINE('',#14136,#2112);
#728=LINE('',#14138,#2113);
#729=LINE('',#14140,#2114);
#730=LINE('',#14142,#2115);
#731=LINE('',#14144,#2116);
#732=LINE('',#14146,#2117);
#733=LINE('',#14148,#2118);
#734=LINE('',#14150,#2119);
#735=LINE('',#14152,#2120);
#736=LINE('',#14154,#2121);
#737=LINE('',#14156,#2122);
#738=LINE('',#14158,#2123);
#739=LINE('',#14160,#2124);
#740=LINE('',#14162,#2125);
#741=LINE('',#14164,#2126);
#742=LINE('',#14166,#2127);
#743=LINE('',#14168,#2128);
#744=LINE('',#14170,#2129);
#745=LINE('',#14172,#2130);
#746=LINE('',#14174,#2131);
#747=LINE('',#14176,#2132);
#748=LINE('',#14178,#2133);
#749=LINE('',#14180,#2134);
#750=LINE('',#14182,#2135);
#751=LINE('',#14184,#2136);
#752=LINE('',#14186,#2137);
#753=LINE('',#14188,#2138);
#754=LINE('',#14190,#2139);
#755=LINE('',#14192,#2140);
#756=LINE('',#14194,#2141);
#757=LINE('',#14196,#2142);
#758=LINE('',#14198,#2143);
#759=LINE('',#14200,#2144);
#760=LINE('',#14202,#2145);
#761=LINE('',#14204,#2146);
#762=LINE('',#14206,#2147);
#763=LINE('',#14208,#2148);
#764=LINE('',#14210,#2149);
#765=LINE('',#14212,#2150);
#766=LINE('',#14214,#2151);
#767=LINE('',#14216,#2152);
#768=LINE('',#14218,#2153);
#769=LINE('',#14220,#2154);
#770=LINE('',#14222,#2155);
#771=LINE('',#14224,#2156);
#772=LINE('',#14226,#2157);
#773=LINE('',#14228,#2158);
#774=LINE('',#14230,#2159);
#775=LINE('',#14232,#2160);
#776=LINE('',#14234,#2161);
#777=LINE('',#14236,#2162);
#778=LINE('',#14238,#2163);
#779=LINE('',#14240,#2164);
#780=LINE('',#14242,#2165);
#781=LINE('',#14244,#2166);
#782=LINE('',#14246,#2167);
#783=LINE('',#14248,#2168);
#784=LINE('',#14250,#2169);
#785=LINE('',#14252,#2170);
#786=LINE('',#14254,#2171);
#787=LINE('',#14256,#2172);
#788=LINE('',#14258,#2173);
#789=LINE('',#14260,#2174);
#790=LINE('',#14262,#2175);
#791=LINE('',#14264,#2176);
#792=LINE('',#14266,#2177);
#793=LINE('',#14268,#2178);
#794=LINE('',#14270,#2179);
#795=LINE('',#14272,#2180);
#796=LINE('',#14274,#2181);
#797=LINE('',#14276,#2182);
#798=LINE('',#14278,#2183);
#799=LINE('',#14280,#2184);
#800=LINE('',#14282,#2185);
#801=LINE('',#14284,#2186);
#802=LINE('',#14286,#2187);
#803=LINE('',#14288,#2188);
#804=LINE('',#14290,#2189);
#805=LINE('',#14292,#2190);
#806=LINE('',#14294,#2191);
#807=LINE('',#14296,#2192);
#808=LINE('',#14298,#2193);
#809=LINE('',#14300,#2194);
#810=LINE('',#14302,#2195);
#811=LINE('',#14304,#2196);
#812=LINE('',#14306,#2197);
#813=LINE('',#14308,#2198);
#814=LINE('',#14310,#2199);
#815=LINE('',#14312,#2200);
#816=LINE('',#14314,#2201);
#817=LINE('',#14316,#2202);
#818=LINE('',#14318,#2203);
#819=LINE('',#14320,#2204);
#820=LINE('',#14322,#2205);
#821=LINE('',#14324,#2206);
#822=LINE('',#14326,#2207);
#823=LINE('',#14328,#2208);
#824=LINE('',#14330,#2209);
#825=LINE('',#14332,#2210);
#826=LINE('',#14334,#2211);
#827=LINE('',#14336,#2212);
#828=LINE('',#14338,#2213);
#829=LINE('',#14340,#2214);
#830=LINE('',#14342,#2215);
#831=LINE('',#14344,#2216);
#832=LINE('',#14346,#2217);
#833=LINE('',#14348,#2218);
#834=LINE('',#14350,#2219);
#835=LINE('',#14352,#2220);
#836=LINE('',#14354,#2221);
#837=LINE('',#14356,#2222);
#838=LINE('',#14358,#2223);
#839=LINE('',#14360,#2224);
#840=LINE('',#14362,#2225);
#841=LINE('',#14364,#2226);
#842=LINE('',#14366,#2227);
#843=LINE('',#14368,#2228);
#844=LINE('',#14370,#2229);
#845=LINE('',#14372,#2230);
#846=LINE('',#14374,#2231);
#847=LINE('',#14376,#2232);
#848=LINE('',#14378,#2233);
#849=LINE('',#14380,#2234);
#850=LINE('',#14382,#2235);
#851=LINE('',#14384,#2236);
#852=LINE('',#14386,#2237);
#853=LINE('',#14388,#2238);
#854=LINE('',#14390,#2239);
#855=LINE('',#14392,#2240);
#856=LINE('',#14394,#2241);
#857=LINE('',#14396,#2242);
#858=LINE('',#14398,#2243);
#859=LINE('',#14400,#2244);
#860=LINE('',#14402,#2245);
#861=LINE('',#14404,#2246);
#862=LINE('',#14406,#2247);
#863=LINE('',#14408,#2248);
#864=LINE('',#14410,#2249);
#865=LINE('',#14412,#2250);
#866=LINE('',#14414,#2251);
#867=LINE('',#14416,#2252);
#868=LINE('',#14418,#2253);
#869=LINE('',#14420,#2254);
#870=LINE('',#14422,#2255);
#871=LINE('',#14424,#2256);
#872=LINE('',#14426,#2257);
#873=LINE('',#14428,#2258);
#874=LINE('',#14430,#2259);
#875=LINE('',#14432,#2260);
#876=LINE('',#14434,#2261);
#877=LINE('',#14436,#2262);
#878=LINE('',#14438,#2263);
#879=LINE('',#14440,#2264);
#880=LINE('',#14442,#2265);
#881=LINE('',#14444,#2266);
#882=LINE('',#14446,#2267);
#883=LINE('',#14448,#2268);
#884=LINE('',#14450,#2269);
#885=LINE('',#14452,#2270);
#886=LINE('',#14454,#2271);
#887=LINE('',#14456,#2272);
#888=LINE('',#14458,#2273);
#889=LINE('',#14460,#2274);
#890=LINE('',#14462,#2275);
#891=LINE('',#14464,#2276);
#892=LINE('',#14466,#2277);
#893=LINE('',#14468,#2278);
#894=LINE('',#14470,#2279);
#895=LINE('',#14472,#2280);
#896=LINE('',#14474,#2281);
#897=LINE('',#14476,#2282);
#898=LINE('',#14478,#2283);
#899=LINE('',#14480,#2284);
#900=LINE('',#14482,#2285);
#901=LINE('',#14484,#2286);
#902=LINE('',#14486,#2287);
#903=LINE('',#14488,#2288);
#904=LINE('',#14490,#2289);
#905=LINE('',#14492,#2290);
#906=LINE('',#14494,#2291);
#907=LINE('',#14496,#2292);
#908=LINE('',#14498,#2293);
#909=LINE('',#14500,#2294);
#910=LINE('',#14502,#2295);
#911=LINE('',#14504,#2296);
#912=LINE('',#14506,#2297);
#913=LINE('',#14508,#2298);
#914=LINE('',#14510,#2299);
#915=LINE('',#14512,#2300);
#916=LINE('',#14514,#2301);
#917=LINE('',#14516,#2302);
#918=LINE('',#14518,#2303);
#919=LINE('',#14520,#2304);
#920=LINE('',#14522,#2305);
#921=LINE('',#14524,#2306);
#922=LINE('',#14526,#2307);
#923=LINE('',#14528,#2308);
#924=LINE('',#14530,#2309);
#925=LINE('',#14532,#2310);
#926=LINE('',#14534,#2311);
#927=LINE('',#14536,#2312);
#928=LINE('',#14538,#2313);
#929=LINE('',#14540,#2314);
#930=LINE('',#14542,#2315);
#931=LINE('',#14544,#2316);
#932=LINE('',#14546,#2317);
#933=LINE('',#14548,#2318);
#934=LINE('',#14550,#2319);
#935=LINE('',#14552,#2320);
#936=LINE('',#14561,#2321);
#937=LINE('',#14564,#2322);
#938=LINE('',#14566,#2323);
#939=LINE('',#14568,#2324);
#940=LINE('',#14570,#2325);
#941=LINE('',#14571,#2326);
#942=LINE('',#14573,#2327);
#943=LINE('',#14575,#2328);
#944=LINE('',#14577,#2329);
#945=LINE('',#14579,#2330);
#946=LINE('',#14581,#2331);
#947=LINE('',#14583,#2332);
#948=LINE('',#14585,#2333);
#949=LINE('',#14587,#2334);
#950=LINE('',#14589,#2335);
#951=LINE('',#14591,#2336);
#952=LINE('',#14593,#2337);
#953=LINE('',#14595,#2338);
#954=LINE('',#14597,#2339);
#955=LINE('',#14599,#2340);
#956=LINE('',#14601,#2341);
#957=LINE('',#14603,#2342);
#958=LINE('',#14605,#2343);
#959=LINE('',#14607,#2344);
#960=LINE('',#14609,#2345);
#961=LINE('',#14611,#2346);
#962=LINE('',#14613,#2347);
#963=LINE('',#14615,#2348);
#964=LINE('',#14617,#2349);
#965=LINE('',#14619,#2350);
#966=LINE('',#14621,#2351);
#967=LINE('',#14623,#2352);
#968=LINE('',#14625,#2353);
#969=LINE('',#14627,#2354);
#970=LINE('',#14629,#2355);
#971=LINE('',#14631,#2356);
#972=LINE('',#14633,#2357);
#973=LINE('',#14635,#2358);
#974=LINE('',#14637,#2359);
#975=LINE('',#14639,#2360);
#976=LINE('',#14641,#2361);
#977=LINE('',#14643,#2362);
#978=LINE('',#14645,#2363);
#979=LINE('',#14647,#2364);
#980=LINE('',#14649,#2365);
#981=LINE('',#14651,#2366);
#982=LINE('',#14653,#2367);
#983=LINE('',#14655,#2368);
#984=LINE('',#14657,#2369);
#985=LINE('',#14659,#2370);
#986=LINE('',#14661,#2371);
#987=LINE('',#14663,#2372);
#988=LINE('',#14665,#2373);
#989=LINE('',#14667,#2374);
#990=LINE('',#14669,#2375);
#991=LINE('',#14671,#2376);
#992=LINE('',#14672,#2377);
#993=LINE('',#14674,#2378);
#994=LINE('',#14676,#2379);
#995=LINE('',#14678,#2380);
#996=LINE('',#14680,#2381);
#997=LINE('',#14682,#2382);
#998=LINE('',#14684,#2383);
#999=LINE('',#14686,#2384);
#1000=LINE('',#14688,#2385);
#1001=LINE('',#14690,#2386);
#1002=LINE('',#14692,#2387);
#1003=LINE('',#14694,#2388);
#1004=LINE('',#14696,#2389);
#1005=LINE('',#14698,#2390);
#1006=LINE('',#14700,#2391);
#1007=LINE('',#14702,#2392);
#1008=LINE('',#14704,#2393);
#1009=LINE('',#14705,#2394);
#1010=LINE('',#14707,#2395);
#1011=LINE('',#14709,#2396);
#1012=LINE('',#14711,#2397);
#1013=LINE('',#14713,#2398);
#1014=LINE('',#14715,#2399);
#1015=LINE('',#14717,#2400);
#1016=LINE('',#14719,#2401);
#1017=LINE('',#14721,#2402);
#1018=LINE('',#14723,#2403);
#1019=LINE('',#14725,#2404);
#1020=LINE('',#14727,#2405);
#1021=LINE('',#14729,#2406);
#1022=LINE('',#14731,#2407);
#1023=LINE('',#14733,#2408);
#1024=LINE('',#14735,#2409);
#1025=LINE('',#14737,#2410);
#1026=LINE('',#14739,#2411);
#1027=LINE('',#14741,#2412);
#1028=LINE('',#14743,#2413);
#1029=LINE('',#14745,#2414);
#1030=LINE('',#14747,#2415);
#1031=LINE('',#14749,#2416);
#1032=LINE('',#14751,#2417);
#1033=LINE('',#14753,#2418);
#1034=LINE('',#14755,#2419);
#1035=LINE('',#14757,#2420);
#1036=LINE('',#14759,#2421);
#1037=LINE('',#14761,#2422);
#1038=LINE('',#14763,#2423);
#1039=LINE('',#14765,#2424);
#1040=LINE('',#14767,#2425);
#1041=LINE('',#14769,#2426);
#1042=LINE('',#14771,#2427);
#1043=LINE('',#14773,#2428);
#1044=LINE('',#14775,#2429);
#1045=LINE('',#14776,#2430);
#1046=LINE('',#14778,#2431);
#1047=LINE('',#14780,#2432);
#1048=LINE('',#14782,#2433);
#1049=LINE('',#14784,#2434);
#1050=LINE('',#14786,#2435);
#1051=LINE('',#14788,#2436);
#1052=LINE('',#14790,#2437);
#1053=LINE('',#14792,#2438);
#1054=LINE('',#14794,#2439);
#1055=LINE('',#14796,#2440);
#1056=LINE('',#14798,#2441);
#1057=LINE('',#14800,#2442);
#1058=LINE('',#14802,#2443);
#1059=LINE('',#14804,#2444);
#1060=LINE('',#14806,#2445);
#1061=LINE('',#14808,#2446);
#1062=LINE('',#14810,#2447);
#1063=LINE('',#14812,#2448);
#1064=LINE('',#14814,#2449);
#1065=LINE('',#14816,#2450);
#1066=LINE('',#14818,#2451);
#1067=LINE('',#14820,#2452);
#1068=LINE('',#14822,#2453);
#1069=LINE('',#14824,#2454);
#1070=LINE('',#14826,#2455);
#1071=LINE('',#14828,#2456);
#1072=LINE('',#14830,#2457);
#1073=LINE('',#14832,#2458);
#1074=LINE('',#14834,#2459);
#1075=LINE('',#14836,#2460);
#1076=LINE('',#14838,#2461);
#1077=LINE('',#14840,#2462);
#1078=LINE('',#14842,#2463);
#1079=LINE('',#14844,#2464);
#1080=LINE('',#14845,#2465);
#1081=LINE('',#14847,#2466);
#1082=LINE('',#14849,#2467);
#1083=LINE('',#14851,#2468);
#1084=LINE('',#14853,#2469);
#1085=LINE('',#14855,#2470);
#1086=LINE('',#14857,#2471);
#1087=LINE('',#14859,#2472);
#1088=LINE('',#14861,#2473);
#1089=LINE('',#14863,#2474);
#1090=LINE('',#14865,#2475);
#1091=LINE('',#14867,#2476);
#1092=LINE('',#14869,#2477);
#1093=LINE('',#14871,#2478);
#1094=LINE('',#14873,#2479);
#1095=LINE('',#14875,#2480);
#1096=LINE('',#14877,#2481);
#1097=LINE('',#14879,#2482);
#1098=LINE('',#14881,#2483);
#1099=LINE('',#14883,#2484);
#1100=LINE('',#14885,#2485);
#1101=LINE('',#14887,#2486);
#1102=LINE('',#14889,#2487);
#1103=LINE('',#14890,#2488);
#1104=LINE('',#14892,#2489);
#1105=LINE('',#14894,#2490);
#1106=LINE('',#14896,#2491);
#1107=LINE('',#14898,#2492);
#1108=LINE('',#14900,#2493);
#1109=LINE('',#14902,#2494);
#1110=LINE('',#14904,#2495);
#1111=LINE('',#14906,#2496);
#1112=LINE('',#14908,#2497);
#1113=LINE('',#14910,#2498);
#1114=LINE('',#14912,#2499);
#1115=LINE('',#14914,#2500);
#1116=LINE('',#14916,#2501);
#1117=LINE('',#14918,#2502);
#1118=LINE('',#14920,#2503);
#1119=LINE('',#14922,#2504);
#1120=LINE('',#14924,#2505);
#1121=LINE('',#14926,#2506);
#1122=LINE('',#14928,#2507);
#1123=LINE('',#14930,#2508);
#1124=LINE('',#14932,#2509);
#1125=LINE('',#14934,#2510);
#1126=LINE('',#14936,#2511);
#1127=LINE('',#14938,#2512);
#1128=LINE('',#14940,#2513);
#1129=LINE('',#14942,#2514);
#1130=LINE('',#14944,#2515);
#1131=LINE('',#14946,#2516);
#1132=LINE('',#14948,#2517);
#1133=LINE('',#14950,#2518);
#1134=LINE('',#14952,#2519);
#1135=LINE('',#14954,#2520);
#1136=LINE('',#14956,#2521);
#1137=LINE('',#14958,#2522);
#1138=LINE('',#14960,#2523);
#1139=LINE('',#14962,#2524);
#1140=LINE('',#14964,#2525);
#1141=LINE('',#14965,#2526);
#1142=LINE('',#14967,#2527);
#1143=LINE('',#14969,#2528);
#1144=LINE('',#14971,#2529);
#1145=LINE('',#14973,#2530);
#1146=LINE('',#14975,#2531);
#1147=LINE('',#14977,#2532);
#1148=LINE('',#14979,#2533);
#1149=LINE('',#14981,#2534);
#1150=LINE('',#14983,#2535);
#1151=LINE('',#14985,#2536);
#1152=LINE('',#14987,#2537);
#1153=LINE('',#14989,#2538);
#1154=LINE('',#14991,#2539);
#1155=LINE('',#14993,#2540);
#1156=LINE('',#14995,#2541);
#1157=LINE('',#14997,#2542);
#1158=LINE('',#14999,#2543);
#1159=LINE('',#15001,#2544);
#1160=LINE('',#15003,#2545);
#1161=LINE('',#15005,#2546);
#1162=LINE('',#15007,#2547);
#1163=LINE('',#15009,#2548);
#1164=LINE('',#15011,#2549);
#1165=LINE('',#15013,#2550);
#1166=LINE('',#15015,#2551);
#1167=LINE('',#15017,#2552);
#1168=LINE('',#15019,#2553);
#1169=LINE('',#15021,#2554);
#1170=LINE('',#15023,#2555);
#1171=LINE('',#15025,#2556);
#1172=LINE('',#15027,#2557);
#1173=LINE('',#15029,#2558);
#1174=LINE('',#15030,#2559);
#1175=LINE('',#15032,#2560);
#1176=LINE('',#15034,#2561);
#1177=LINE('',#15035,#2562);
#1178=LINE('',#15037,#2563);
#1179=LINE('',#15039,#2564);
#1180=LINE('',#15041,#2565);
#1181=LINE('',#15043,#2566);
#1182=LINE('',#15045,#2567);
#1183=LINE('',#15047,#2568);
#1184=LINE('',#15049,#2569);
#1185=LINE('',#15051,#2570);
#1186=LINE('',#15053,#2571);
#1187=LINE('',#15055,#2572);
#1188=LINE('',#15057,#2573);
#1189=LINE('',#15059,#2574);
#1190=LINE('',#15061,#2575);
#1191=LINE('',#15063,#2576);
#1192=LINE('',#15065,#2577);
#1193=LINE('',#15067,#2578);
#1194=LINE('',#15069,#2579);
#1195=LINE('',#15071,#2580);
#1196=LINE('',#15073,#2581);
#1197=LINE('',#15075,#2582);
#1198=LINE('',#15077,#2583);
#1199=LINE('',#15079,#2584);
#1200=LINE('',#15081,#2585);
#1201=LINE('',#15083,#2586);
#1202=LINE('',#15085,#2587);
#1203=LINE('',#15087,#2588);
#1204=LINE('',#15089,#2589);
#1205=LINE('',#15091,#2590);
#1206=LINE('',#15093,#2591);
#1207=LINE('',#15095,#2592);
#1208=LINE('',#15097,#2593);
#1209=LINE('',#15099,#2594);
#1210=LINE('',#15101,#2595);
#1211=LINE('',#15103,#2596);
#1212=LINE('',#15105,#2597);
#1213=LINE('',#15107,#2598);
#1214=LINE('',#15109,#2599);
#1215=LINE('',#15111,#2600);
#1216=LINE('',#15113,#2601);
#1217=LINE('',#15115,#2602);
#1218=LINE('',#15117,#2603);
#1219=LINE('',#15119,#2604);
#1220=LINE('',#15121,#2605);
#1221=LINE('',#15123,#2606);
#1222=LINE('',#15125,#2607);
#1223=LINE('',#15127,#2608);
#1224=LINE('',#15129,#2609);
#1225=LINE('',#15131,#2610);
#1226=LINE('',#15133,#2611);
#1227=LINE('',#15135,#2612);
#1228=LINE('',#15137,#2613);
#1229=LINE('',#15139,#2614);
#1230=LINE('',#15141,#2615);
#1231=LINE('',#15143,#2616);
#1232=LINE('',#15145,#2617);
#1233=LINE('',#15147,#2618);
#1234=LINE('',#15149,#2619);
#1235=LINE('',#15151,#2620);
#1236=LINE('',#15153,#2621);
#1237=LINE('',#15155,#2622);
#1238=LINE('',#15157,#2623);
#1239=LINE('',#15159,#2624);
#1240=LINE('',#15161,#2625);
#1241=LINE('',#15163,#2626);
#1242=LINE('',#15165,#2627);
#1243=LINE('',#15167,#2628);
#1244=LINE('',#15169,#2629);
#1245=LINE('',#15171,#2630);
#1246=LINE('',#15173,#2631);
#1247=LINE('',#15175,#2632);
#1248=LINE('',#15177,#2633);
#1249=LINE('',#15179,#2634);
#1250=LINE('',#15181,#2635);
#1251=LINE('',#15183,#2636);
#1252=LINE('',#15185,#2637);
#1253=LINE('',#15187,#2638);
#1254=LINE('',#15189,#2639);
#1255=LINE('',#15191,#2640);
#1256=LINE('',#15193,#2641);
#1257=LINE('',#15195,#2642);
#1258=LINE('',#15197,#2643);
#1259=LINE('',#15199,#2644);
#1260=LINE('',#15201,#2645);
#1261=LINE('',#15203,#2646);
#1262=LINE('',#15205,#2647);
#1263=LINE('',#15206,#2648);
#1264=LINE('',#15208,#2649);
#1265=LINE('',#15209,#2650);
#1266=LINE('',#15211,#2651);
#1267=LINE('',#15213,#2652);
#1268=LINE('',#15215,#2653);
#1269=LINE('',#15217,#2654);
#1270=LINE('',#15219,#2655);
#1271=LINE('',#15221,#2656);
#1272=LINE('',#15223,#2657);
#1273=LINE('',#15225,#2658);
#1274=LINE('',#15227,#2659);
#1275=LINE('',#15229,#2660);
#1276=LINE('',#15231,#2661);
#1277=LINE('',#15233,#2662);
#1278=LINE('',#15235,#2663);
#1279=LINE('',#15237,#2664);
#1280=LINE('',#15239,#2665);
#1281=LINE('',#15241,#2666);
#1282=LINE('',#15243,#2667);
#1283=LINE('',#15245,#2668);
#1284=LINE('',#15247,#2669);
#1285=LINE('',#15249,#2670);
#1286=LINE('',#15251,#2671);
#1287=LINE('',#15253,#2672);
#1288=LINE('',#15255,#2673);
#1289=LINE('',#15257,#2674);
#1290=LINE('',#15259,#2675);
#1291=LINE('',#15261,#2676);
#1292=LINE('',#15263,#2677);
#1293=LINE('',#15265,#2678);
#1294=LINE('',#15267,#2679);
#1295=LINE('',#15269,#2680);
#1296=LINE('',#15271,#2681);
#1297=LINE('',#15273,#2682);
#1298=LINE('',#15275,#2683);
#1299=LINE('',#15277,#2684);
#1300=LINE('',#15279,#2685);
#1301=LINE('',#15281,#2686);
#1302=LINE('',#15283,#2687);
#1303=LINE('',#15285,#2688);
#1304=LINE('',#15287,#2689);
#1305=LINE('',#15289,#2690);
#1306=LINE('',#15291,#2691);
#1307=LINE('',#15293,#2692);
#1308=LINE('',#15295,#2693);
#1309=LINE('',#15297,#2694);
#1310=LINE('',#15299,#2695);
#1311=LINE('',#15301,#2696);
#1312=LINE('',#15303,#2697);
#1313=LINE('',#15305,#2698);
#1314=LINE('',#15307,#2699);
#1315=LINE('',#15309,#2700);
#1316=LINE('',#15311,#2701);
#1317=LINE('',#15313,#2702);
#1318=LINE('',#15315,#2703);
#1319=LINE('',#15317,#2704);
#1320=LINE('',#15319,#2705);
#1321=LINE('',#15321,#2706);
#1322=LINE('',#15323,#2707);
#1323=LINE('',#15325,#2708);
#1324=LINE('',#15327,#2709);
#1325=LINE('',#15329,#2710);
#1326=LINE('',#15331,#2711);
#1327=LINE('',#15333,#2712);
#1328=LINE('',#15335,#2713);
#1329=LINE('',#15337,#2714);
#1330=LINE('',#15339,#2715);
#1331=LINE('',#15341,#2716);
#1332=LINE('',#15343,#2717);
#1333=LINE('',#15345,#2718);
#1334=LINE('',#15347,#2719);
#1335=LINE('',#15349,#2720);
#1336=LINE('',#15351,#2721);
#1337=LINE('',#15353,#2722);
#1338=LINE('',#15355,#2723);
#1339=LINE('',#15357,#2724);
#1340=LINE('',#15359,#2725);
#1341=LINE('',#15361,#2726);
#1342=LINE('',#15363,#2727);
#1343=LINE('',#15365,#2728);
#1344=LINE('',#15367,#2729);
#1345=LINE('',#15369,#2730);
#1346=LINE('',#15371,#2731);
#1347=LINE('',#15373,#2732);
#1348=LINE('',#15375,#2733);
#1349=LINE('',#15377,#2734);
#1350=LINE('',#15379,#2735);
#1351=LINE('',#15381,#2736);
#1352=LINE('',#15383,#2737);
#1353=LINE('',#15385,#2738);
#1354=LINE('',#15387,#2739);
#1355=LINE('',#15389,#2740);
#1356=LINE('',#15391,#2741);
#1357=LINE('',#15393,#2742);
#1358=LINE('',#15395,#2743);
#1359=LINE('',#15397,#2744);
#1360=LINE('',#15399,#2745);
#1361=LINE('',#15401,#2746);
#1362=LINE('',#15403,#2747);
#1363=LINE('',#15405,#2748);
#1364=LINE('',#15407,#2749);
#1365=LINE('',#15409,#2750);
#1366=LINE('',#15411,#2751);
#1367=LINE('',#15413,#2752);
#1368=LINE('',#15415,#2753);
#1369=LINE('',#15417,#2754);
#1370=LINE('',#15419,#2755);
#1371=LINE('',#15421,#2756);
#1372=LINE('',#15423,#2757);
#1373=LINE('',#15425,#2758);
#1374=LINE('',#15427,#2759);
#1375=LINE('',#15429,#2760);
#1376=LINE('',#15431,#2761);
#1377=LINE('',#15433,#2762);
#1378=LINE('',#15435,#2763);
#1379=LINE('',#15437,#2764);
#1380=LINE('',#15439,#2765);
#1381=LINE('',#15441,#2766);
#1382=LINE('',#15443,#2767);
#1383=LINE('',#15445,#2768);
#1384=LINE('',#15447,#2769);
#1385=LINE('',#15449,#2770);
#1386=LINE('',#15451,#2771);
#1387=LINE('',#15453,#2772);
#1388=LINE('',#15455,#2773);
#1389=LINE('',#15457,#2774);
#1390=LINE('',#15459,#2775);
#1391=LINE('',#15461,#2776);
#1392=LINE('',#15463,#2777);
#1393=LINE('',#15465,#2778);
#1394=LINE('',#15467,#2779);
#1395=LINE('',#15469,#2780);
#1396=LINE('',#15471,#2781);
#1397=LINE('',#15473,#2782);
#1398=LINE('',#15475,#2783);
#1399=LINE('',#15492,#2784);
#1400=LINE('',#15493,#2785);
#1401=LINE('',#15495,#2786);
#1402=LINE('',#15497,#2787);
#1403=VECTOR('',#10361,1.);
#1404=VECTOR('',#10364,1.);
#1405=VECTOR('',#10365,1.);
#1406=VECTOR('',#10366,1.);
#1407=VECTOR('',#10367,1.);
#1408=VECTOR('',#10368,1.);
#1409=VECTOR('',#10369,1.);
#1410=VECTOR('',#10370,1.);
#1411=VECTOR('',#10371,1.);
#1412=VECTOR('',#10372,1.);
#1413=VECTOR('',#10373,1.);
#1414=VECTOR('',#10374,1.);
#1415=VECTOR('',#10375,1.);
#1416=VECTOR('',#10376,1.);
#1417=VECTOR('',#10377,1.);
#1418=VECTOR('',#10378,1.);
#1419=VECTOR('',#10379,1.);
#1420=VECTOR('',#10380,1.);
#1421=VECTOR('',#10381,1.);
#1422=VECTOR('',#10382,1.);
#1423=VECTOR('',#10383,1.);
#1424=VECTOR('',#10384,1.);
#1425=VECTOR('',#10385,1.);
#1426=VECTOR('',#10386,1.);
#1427=VECTOR('',#10387,1.);
#1428=VECTOR('',#10388,1.);
#1429=VECTOR('',#10389,1.);
#1430=VECTOR('',#10390,1.);
#1431=VECTOR('',#10391,1.);
#1432=VECTOR('',#10392,1.);
#1433=VECTOR('',#10393,1.);
#1434=VECTOR('',#10394,1.);
#1435=VECTOR('',#10395,1.);
#1436=VECTOR('',#10396,1.);
#1437=VECTOR('',#10397,1.);
#1438=VECTOR('',#10398,1.);
#1439=VECTOR('',#10399,1.);
#1440=VECTOR('',#10400,1.);
#1441=VECTOR('',#10401,1.);
#1442=VECTOR('',#10402,1.);
#1443=VECTOR('',#10403,1.);
#1444=VECTOR('',#10404,1.);
#1445=VECTOR('',#10405,1.);
#1446=VECTOR('',#10406,1.);
#1447=VECTOR('',#10407,1.);
#1448=VECTOR('',#10408,1.);
#1449=VECTOR('',#10409,1.);
#1450=VECTOR('',#10410,1.);
#1451=VECTOR('',#10411,1.);
#1452=VECTOR('',#10412,1.);
#1453=VECTOR('',#10413,1.);
#1454=VECTOR('',#10414,1.);
#1455=VECTOR('',#10415,1.);
#1456=VECTOR('',#10416,1.);
#1457=VECTOR('',#10417,1.);
#1458=VECTOR('',#10418,1.);
#1459=VECTOR('',#10419,1.);
#1460=VECTOR('',#10420,1.);
#1461=VECTOR('',#10421,1.);
#1462=VECTOR('',#10422,1.);
#1463=VECTOR('',#10423,1.);
#1464=VECTOR('',#10424,1.);
#1465=VECTOR('',#10425,1.);
#1466=VECTOR('',#10426,1.);
#1467=VECTOR('',#10427,1.);
#1468=VECTOR('',#10428,1.);
#1469=VECTOR('',#10429,1.);
#1470=VECTOR('',#10430,1.);
#1471=VECTOR('',#10431,1.);
#1472=VECTOR('',#10432,1.);
#1473=VECTOR('',#10433,1.);
#1474=VECTOR('',#10434,1.);
#1475=VECTOR('',#10435,1.);
#1476=VECTOR('',#10436,1.);
#1477=VECTOR('',#10437,1.);
#1478=VECTOR('',#10438,1.);
#1479=VECTOR('',#10439,1.);
#1480=VECTOR('',#10440,1.);
#1481=VECTOR('',#10441,1.);
#1482=VECTOR('',#10442,1.);
#1483=VECTOR('',#10443,1.);
#1484=VECTOR('',#10444,1.);
#1485=VECTOR('',#10445,1.);
#1486=VECTOR('',#10446,1.);
#1487=VECTOR('',#10447,1.);
#1488=VECTOR('',#10448,1.);
#1489=VECTOR('',#10449,1.);
#1490=VECTOR('',#10450,1.);
#1491=VECTOR('',#10451,1.);
#1492=VECTOR('',#10452,1.);
#1493=VECTOR('',#10453,1.);
#1494=VECTOR('',#10454,1.);
#1495=VECTOR('',#10455,1.);
#1496=VECTOR('',#10456,1.);
#1497=VECTOR('',#10457,1.);
#1498=VECTOR('',#10458,1.);
#1499=VECTOR('',#10459,1.);
#1500=VECTOR('',#10460,1.);
#1501=VECTOR('',#10461,1.);
#1502=VECTOR('',#10462,1.);
#1503=VECTOR('',#10463,1.);
#1504=VECTOR('',#10464,1.);
#1505=VECTOR('',#10465,1.);
#1506=VECTOR('',#10466,1.);
#1507=VECTOR('',#10467,1.);
#1508=VECTOR('',#10468,1.);
#1509=VECTOR('',#10469,1.);
#1510=VECTOR('',#10470,1.);
#1511=VECTOR('',#10471,1.);
#1512=VECTOR('',#10472,1.);
#1513=VECTOR('',#10473,1.);
#1514=VECTOR('',#10474,1.);
#1515=VECTOR('',#10475,1.);
#1516=VECTOR('',#10476,1.);
#1517=VECTOR('',#10477,1.);
#1518=VECTOR('',#10478,1.);
#1519=VECTOR('',#10479,1.);
#1520=VECTOR('',#10480,1.);
#1521=VECTOR('',#10481,1.);
#1522=VECTOR('',#10482,1.);
#1523=VECTOR('',#10483,1.);
#1524=VECTOR('',#10484,1.);
#1525=VECTOR('',#10485,1.);
#1526=VECTOR('',#10486,1.);
#1527=VECTOR('',#10487,1.);
#1528=VECTOR('',#10488,1.);
#1529=VECTOR('',#10489,1.);
#1530=VECTOR('',#10490,1.);
#1531=VECTOR('',#10491,1.);
#1532=VECTOR('',#10492,1.);
#1533=VECTOR('',#10493,1.);
#1534=VECTOR('',#10494,1.);
#1535=VECTOR('',#10495,1.);
#1536=VECTOR('',#10496,1.);
#1537=VECTOR('',#10497,1.);
#1538=VECTOR('',#10498,1.);
#1539=VECTOR('',#10499,1.);
#1540=VECTOR('',#10500,1.);
#1541=VECTOR('',#10501,1.);
#1542=VECTOR('',#10502,1.);
#1543=VECTOR('',#10503,1.);
#1544=VECTOR('',#10504,1.);
#1545=VECTOR('',#10505,1.);
#1546=VECTOR('',#10506,1.);
#1547=VECTOR('',#10507,1.);
#1548=VECTOR('',#10508,1.);
#1549=VECTOR('',#10509,1.);
#1550=VECTOR('',#10510,1.);
#1551=VECTOR('',#10511,1.);
#1552=VECTOR('',#10512,1.);
#1553=VECTOR('',#10513,1.);
#1554=VECTOR('',#10514,1.);
#1555=VECTOR('',#10515,1.);
#1556=VECTOR('',#10516,1.);
#1557=VECTOR('',#10517,1.);
#1558=VECTOR('',#10518,1.);
#1559=VECTOR('',#10519,1.);
#1560=VECTOR('',#10520,1.);
#1561=VECTOR('',#10521,1.);
#1562=VECTOR('',#10522,1.);
#1563=VECTOR('',#10523,1.);
#1564=VECTOR('',#10524,1.);
#1565=VECTOR('',#10525,1.);
#1566=VECTOR('',#10526,1.);
#1567=VECTOR('',#10527,1.);
#1568=VECTOR('',#10528,1.);
#1569=VECTOR('',#10529,1.);
#1570=VECTOR('',#10530,1.);
#1571=VECTOR('',#10531,1.);
#1572=VECTOR('',#10532,1.);
#1573=VECTOR('',#10533,1.);
#1574=VECTOR('',#10534,1.);
#1575=VECTOR('',#10535,1.);
#1576=VECTOR('',#10536,1.);
#1577=VECTOR('',#10537,1.);
#1578=VECTOR('',#10538,1.);
#1579=VECTOR('',#10539,1.);
#1580=VECTOR('',#10540,1.);
#1581=VECTOR('',#10541,1.);
#1582=VECTOR('',#10542,1.);
#1583=VECTOR('',#10543,1.);
#1584=VECTOR('',#10544,1.);
#1585=VECTOR('',#10545,1.);
#1586=VECTOR('',#10546,1.);
#1587=VECTOR('',#10547,1.);
#1588=VECTOR('',#10548,1.);
#1589=VECTOR('',#10549,1.);
#1590=VECTOR('',#10550,1.);
#1591=VECTOR('',#10551,1.);
#1592=VECTOR('',#10552,1.);
#1593=VECTOR('',#10553,1.);
#1594=VECTOR('',#10554,1.);
#1595=VECTOR('',#10555,1.);
#1596=VECTOR('',#10556,1.);
#1597=VECTOR('',#10557,1.);
#1598=VECTOR('',#10558,1.);
#1599=VECTOR('',#10559,1.);
#1600=VECTOR('',#10560,1.);
#1601=VECTOR('',#10561,1.);
#1602=VECTOR('',#10562,1.);
#1603=VECTOR('',#10563,1.);
#1604=VECTOR('',#10564,1.);
#1605=VECTOR('',#10565,1.);
#1606=VECTOR('',#10566,1.);
#1607=VECTOR('',#10567,1.);
#1608=VECTOR('',#10568,1.);
#1609=VECTOR('',#10569,1.);
#1610=VECTOR('',#10570,1.);
#1611=VECTOR('',#10571,1.);
#1612=VECTOR('',#10572,1.);
#1613=VECTOR('',#10573,1.);
#1614=VECTOR('',#10574,1.);
#1615=VECTOR('',#10575,1.);
#1616=VECTOR('',#10576,1.);
#1617=VECTOR('',#10577,1.);
#1618=VECTOR('',#10578,1.);
#1619=VECTOR('',#10579,1.);
#1620=VECTOR('',#10580,1.);
#1621=VECTOR('',#10581,1.);
#1622=VECTOR('',#10582,1.);
#1623=VECTOR('',#10583,1.);
#1624=VECTOR('',#10586,1.);
#1625=VECTOR('',#10587,1.);
#1626=VECTOR('',#10588,1.);
#1627=VECTOR('',#10589,1.);
#1628=VECTOR('',#10590,1.);
#1629=VECTOR('',#10591,1.);
#1630=VECTOR('',#10592,1.);
#1631=VECTOR('',#10593,1.);
#1632=VECTOR('',#10594,1.);
#1633=VECTOR('',#10595,1.);
#1634=VECTOR('',#10596,1.);
#1635=VECTOR('',#10597,1.);
#1636=VECTOR('',#10598,1.);
#1637=VECTOR('',#10599,1.);
#1638=VECTOR('',#10600,1.);
#1639=VECTOR('',#10601,1.);
#1640=VECTOR('',#10602,1.);
#1641=VECTOR('',#10603,1.);
#1642=VECTOR('',#10604,1.);
#1643=VECTOR('',#10605,1.);
#1644=VECTOR('',#10606,1.);
#1645=VECTOR('',#10607,1.);
#1646=VECTOR('',#10608,1.);
#1647=VECTOR('',#10609,1.);
#1648=VECTOR('',#10610,1.);
#1649=VECTOR('',#10611,1.);
#1650=VECTOR('',#10612,1.);
#1651=VECTOR('',#10613,1.);
#1652=VECTOR('',#10614,1.);
#1653=VECTOR('',#10615,1.);
#1654=VECTOR('',#10616,1.);
#1655=VECTOR('',#10617,1.);
#1656=VECTOR('',#10618,1.);
#1657=VECTOR('',#10619,1.);
#1658=VECTOR('',#10620,1.);
#1659=VECTOR('',#10621,1.);
#1660=VECTOR('',#10622,1.);
#1661=VECTOR('',#10623,1.);
#1662=VECTOR('',#10624,1.);
#1663=VECTOR('',#10625,1.);
#1664=VECTOR('',#10626,1.);
#1665=VECTOR('',#10627,1.);
#1666=VECTOR('',#10628,1.);
#1667=VECTOR('',#10629,1.);
#1668=VECTOR('',#10630,1.);
#1669=VECTOR('',#10631,1.);
#1670=VECTOR('',#10632,1.);
#1671=VECTOR('',#10633,1.);
#1672=VECTOR('',#10634,1.);
#1673=VECTOR('',#10635,1.);
#1674=VECTOR('',#10636,1.);
#1675=VECTOR('',#10637,1.);
#1676=VECTOR('',#10638,1.);
#1677=VECTOR('',#10639,1.);
#1678=VECTOR('',#10640,1.);
#1679=VECTOR('',#10641,1.);
#1680=VECTOR('',#10642,1.);
#1681=VECTOR('',#10643,1.);
#1682=VECTOR('',#10644,1.);
#1683=VECTOR('',#10645,1.);
#1684=VECTOR('',#10646,1.);
#1685=VECTOR('',#10647,1.);
#1686=VECTOR('',#10648,1.);
#1687=VECTOR('',#10649,1.);
#1688=VECTOR('',#10650,1.);
#1689=VECTOR('',#10651,1.);
#1690=VECTOR('',#10652,1.);
#1691=VECTOR('',#10653,1.);
#1692=VECTOR('',#10654,1.);
#1693=VECTOR('',#10655,1.);
#1694=VECTOR('',#10656,1.);
#1695=VECTOR('',#10657,1.);
#1696=VECTOR('',#10658,1.);
#1697=VECTOR('',#10659,1.);
#1698=VECTOR('',#10660,1.);
#1699=VECTOR('',#10661,1.);
#1700=VECTOR('',#10662,1.);
#1701=VECTOR('',#10663,1.);
#1702=VECTOR('',#10664,1.);
#1703=VECTOR('',#10665,1.);
#1704=VECTOR('',#10666,1.);
#1705=VECTOR('',#10667,1.);
#1706=VECTOR('',#10668,1.);
#1707=VECTOR('',#10669,1.);
#1708=VECTOR('',#10670,1.);
#1709=VECTOR('',#10671,1.);
#1710=VECTOR('',#10672,1.);
#1711=VECTOR('',#10673,1.);
#1712=VECTOR('',#10674,1.);
#1713=VECTOR('',#10675,1.);
#1714=VECTOR('',#10676,1.);
#1715=VECTOR('',#10677,1.);
#1716=VECTOR('',#10678,1.);
#1717=VECTOR('',#10679,1.);
#1718=VECTOR('',#10680,1.);
#1719=VECTOR('',#10681,1.);
#1720=VECTOR('',#10682,1.);
#1721=VECTOR('',#10683,1.);
#1722=VECTOR('',#10684,1.);
#1723=VECTOR('',#10685,1.);
#1724=VECTOR('',#10686,1.);
#1725=VECTOR('',#10687,1.);
#1726=VECTOR('',#10688,1.);
#1727=VECTOR('',#10689,1.);
#1728=VECTOR('',#10690,1.);
#1729=VECTOR('',#10691,1.);
#1730=VECTOR('',#10692,1.);
#1731=VECTOR('',#10693,1.);
#1732=VECTOR('',#10694,1.);
#1733=VECTOR('',#10695,1.);
#1734=VECTOR('',#10696,1.);
#1735=VECTOR('',#10697,1.);
#1736=VECTOR('',#10698,1.);
#1737=VECTOR('',#10699,1.);
#1738=VECTOR('',#10700,1.);
#1739=VECTOR('',#10701,1.);
#1740=VECTOR('',#10702,1.);
#1741=VECTOR('',#10703,1.);
#1742=VECTOR('',#10704,1.);
#1743=VECTOR('',#10705,1.);
#1744=VECTOR('',#10706,1.);
#1745=VECTOR('',#10707,1.);
#1746=VECTOR('',#10708,1.);
#1747=VECTOR('',#10709,1.);
#1748=VECTOR('',#10710,1.);
#1749=VECTOR('',#10711,1.);
#1750=VECTOR('',#10712,1.);
#1751=VECTOR('',#10713,1.);
#1752=VECTOR('',#10714,1.);
#1753=VECTOR('',#10715,1.);
#1754=VECTOR('',#10716,1.);
#1755=VECTOR('',#10717,1.);
#1756=VECTOR('',#10718,1.);
#1757=VECTOR('',#10719,1.);
#1758=VECTOR('',#10720,1.);
#1759=VECTOR('',#10721,1.);
#1760=VECTOR('',#10722,1.);
#1761=VECTOR('',#10723,1.);
#1762=VECTOR('',#10724,1.);
#1763=VECTOR('',#10725,1.);
#1764=VECTOR('',#10726,1.);
#1765=VECTOR('',#10727,1.);
#1766=VECTOR('',#10728,1.);
#1767=VECTOR('',#10729,1.);
#1768=VECTOR('',#10730,1.);
#1769=VECTOR('',#10731,1.);
#1770=VECTOR('',#10732,1.);
#1771=VECTOR('',#10733,1.);
#1772=VECTOR('',#10734,1.);
#1773=VECTOR('',#10735,1.);
#1774=VECTOR('',#10736,1.);
#1775=VECTOR('',#10737,1.);
#1776=VECTOR('',#10738,1.);
#1777=VECTOR('',#10739,1.);
#1778=VECTOR('',#10740,1.);
#1779=VECTOR('',#10741,1.);
#1780=VECTOR('',#10742,1.);
#1781=VECTOR('',#10743,1.);
#1782=VECTOR('',#10744,1.);
#1783=VECTOR('',#10745,1.);
#1784=VECTOR('',#10746,1.);
#1785=VECTOR('',#10747,1.);
#1786=VECTOR('',#10748,1.);
#1787=VECTOR('',#10749,1.);
#1788=VECTOR('',#10750,1.);
#1789=VECTOR('',#10751,1.);
#1790=VECTOR('',#10752,1.);
#1791=VECTOR('',#10753,1.);
#1792=VECTOR('',#10754,1.);
#1793=VECTOR('',#10755,1.);
#1794=VECTOR('',#10756,1.);
#1795=VECTOR('',#10757,1.);
#1796=VECTOR('',#10758,1.);
#1797=VECTOR('',#10759,1.);
#1798=VECTOR('',#10760,1.);
#1799=VECTOR('',#10761,1.);
#1800=VECTOR('',#10762,1.);
#1801=VECTOR('',#10763,1.);
#1802=VECTOR('',#10764,1.);
#1803=VECTOR('',#10765,1.);
#1804=VECTOR('',#10766,1.);
#1805=VECTOR('',#10767,1.);
#1806=VECTOR('',#10768,1.);
#1807=VECTOR('',#10769,1.);
#1808=VECTOR('',#10770,1.);
#1809=VECTOR('',#10771,1.);
#1810=VECTOR('',#10772,1.);
#1811=VECTOR('',#10773,1.);
#1812=VECTOR('',#10774,1.);
#1813=VECTOR('',#10775,1.);
#1814=VECTOR('',#10776,1.);
#1815=VECTOR('',#10777,1.);
#1816=VECTOR('',#10778,1.);
#1817=VECTOR('',#10779,1.);
#1818=VECTOR('',#10780,1.);
#1819=VECTOR('',#10781,1.);
#1820=VECTOR('',#10782,1.);
#1821=VECTOR('',#10783,1.);
#1822=VECTOR('',#10784,1.);
#1823=VECTOR('',#10785,1.);
#1824=VECTOR('',#10786,1.);
#1825=VECTOR('',#10787,1.);
#1826=VECTOR('',#10788,1.);
#1827=VECTOR('',#10789,1.);
#1828=VECTOR('',#10790,1.);
#1829=VECTOR('',#10791,1.);
#1830=VECTOR('',#10792,1.);
#1831=VECTOR('',#10793,1.);
#1832=VECTOR('',#10794,1.);
#1833=VECTOR('',#10795,1.);
#1834=VECTOR('',#10796,1.);
#1835=VECTOR('',#10797,1.);
#1836=VECTOR('',#10798,1.);
#1837=VECTOR('',#10799,1.);
#1838=VECTOR('',#10800,1.);
#1839=VECTOR('',#10801,1.);
#1840=VECTOR('',#10802,1.);
#1841=VECTOR('',#10803,1.);
#1842=VECTOR('',#10804,1.);
#1843=VECTOR('',#10805,1.);
#1844=VECTOR('',#10806,1.);
#1845=VECTOR('',#10807,1.);
#1846=VECTOR('',#10808,1.);
#1847=VECTOR('',#10809,1.);
#1848=VECTOR('',#10810,1.);
#1849=VECTOR('',#10811,1.);
#1850=VECTOR('',#10812,1.);
#1851=VECTOR('',#10813,1.);
#1852=VECTOR('',#10814,1.);
#1853=VECTOR('',#10815,1.);
#1854=VECTOR('',#10816,1.);
#1855=VECTOR('',#10817,1.);
#1856=VECTOR('',#10818,1.);
#1857=VECTOR('',#10819,1.);
#1858=VECTOR('',#10820,1.);
#1859=VECTOR('',#10821,1.);
#1860=VECTOR('',#10822,1.);
#1861=VECTOR('',#10823,1.);
#1862=VECTOR('',#10824,1.);
#1863=VECTOR('',#10825,1.);
#1864=VECTOR('',#10828,1.);
#1865=VECTOR('',#10829,1.);
#1866=VECTOR('',#10830,1.);
#1867=VECTOR('',#10831,1.);
#1868=VECTOR('',#10832,1.);
#1869=VECTOR('',#10833,1.);
#1870=VECTOR('',#10834,1.);
#1871=VECTOR('',#10835,1.);
#1872=VECTOR('',#10836,1.);
#1873=VECTOR('',#10837,1.);
#1874=VECTOR('',#10838,1.);
#1875=VECTOR('',#10839,1.);
#1876=VECTOR('',#10840,1.);
#1877=VECTOR('',#10841,1.);
#1878=VECTOR('',#10842,1.);
#1879=VECTOR('',#10843,1.);
#1880=VECTOR('',#10844,1.);
#1881=VECTOR('',#10845,1.);
#1882=VECTOR('',#10846,1.);
#1883=VECTOR('',#10847,1.);
#1884=VECTOR('',#10848,1.);
#1885=VECTOR('',#10849,1.);
#1886=VECTOR('',#10850,1.);
#1887=VECTOR('',#10851,1.);
#1888=VECTOR('',#10852,1.);
#1889=VECTOR('',#10853,1.);
#1890=VECTOR('',#10854,1.);
#1891=VECTOR('',#10855,1.);
#1892=VECTOR('',#10856,1.);
#1893=VECTOR('',#10857,1.);
#1894=VECTOR('',#10858,1.);
#1895=VECTOR('',#10859,1.);
#1896=VECTOR('',#10860,1.);
#1897=VECTOR('',#10861,1.);
#1898=VECTOR('',#10862,1.);
#1899=VECTOR('',#10863,1.);
#1900=VECTOR('',#10864,1.);
#1901=VECTOR('',#10865,1.);
#1902=VECTOR('',#10866,1.);
#1903=VECTOR('',#10867,1.);
#1904=VECTOR('',#10868,1.);
#1905=VECTOR('',#10869,1.);
#1906=VECTOR('',#10870,1.);
#1907=VECTOR('',#10871,1.);
#1908=VECTOR('',#10872,1.);
#1909=VECTOR('',#10873,1.);
#1910=VECTOR('',#10874,1.);
#1911=VECTOR('',#10875,1.);
#1912=VECTOR('',#10876,1.);
#1913=VECTOR('',#10877,1.);
#1914=VECTOR('',#10878,1.);
#1915=VECTOR('',#10879,1.);
#1916=VECTOR('',#10880,1.);
#1917=VECTOR('',#10881,1.);
#1918=VECTOR('',#10882,1.);
#1919=VECTOR('',#10883,1.);
#1920=VECTOR('',#10884,1.);
#1921=VECTOR('',#10885,1.);
#1922=VECTOR('',#10886,1.);
#1923=VECTOR('',#10887,1.);
#1924=VECTOR('',#10888,1.);
#1925=VECTOR('',#10889,1.);
#1926=VECTOR('',#10890,1.);
#1927=VECTOR('',#10891,1.);
#1928=VECTOR('',#10892,1.);
#1929=VECTOR('',#10893,1.);
#1930=VECTOR('',#10894,1.);
#1931=VECTOR('',#10895,1.);
#1932=VECTOR('',#10896,1.);
#1933=VECTOR('',#10897,1.);
#1934=VECTOR('',#10898,1.);
#1935=VECTOR('',#10899,1.);
#1936=VECTOR('',#10900,1.);
#1937=VECTOR('',#10901,1.);
#1938=VECTOR('',#10902,1.);
#1939=VECTOR('',#10903,1.);
#1940=VECTOR('',#10904,1.);
#1941=VECTOR('',#10905,1.);
#1942=VECTOR('',#10906,1.);
#1943=VECTOR('',#10907,1.);
#1944=VECTOR('',#10908,1.);
#1945=VECTOR('',#10909,1.);
#1946=VECTOR('',#10910,1.);
#1947=VECTOR('',#10911,1.);
#1948=VECTOR('',#10912,1.);
#1949=VECTOR('',#10913,1.);
#1950=VECTOR('',#10914,1.);
#1951=VECTOR('',#10915,1.);
#1952=VECTOR('',#10916,1.);
#1953=VECTOR('',#10917,1.);
#1954=VECTOR('',#10918,1.);
#1955=VECTOR('',#10919,1.);
#1956=VECTOR('',#10920,1.);
#1957=VECTOR('',#10921,1.);
#1958=VECTOR('',#10922,1.);
#1959=VECTOR('',#10923,1.);
#1960=VECTOR('',#10924,1.);
#1961=VECTOR('',#10925,1.);
#1962=VECTOR('',#10926,1.);
#1963=VECTOR('',#10927,1.);
#1964=VECTOR('',#10928,1.);
#1965=VECTOR('',#10929,1.);
#1966=VECTOR('',#10930,1.);
#1967=VECTOR('',#10931,1.);
#1968=VECTOR('',#10932,1.);
#1969=VECTOR('',#10933,1.);
#1970=VECTOR('',#10934,1.);
#1971=VECTOR('',#10935,1.);
#1972=VECTOR('',#10936,1.);
#1973=VECTOR('',#10937,1.);
#1974=VECTOR('',#10938,1.);
#1975=VECTOR('',#10939,1.);
#1976=VECTOR('',#10940,1.);
#1977=VECTOR('',#10941,1.);
#1978=VECTOR('',#10942,1.);
#1979=VECTOR('',#10943,1.);
#1980=VECTOR('',#10944,1.);
#1981=VECTOR('',#10945,1.);
#1982=VECTOR('',#10946,1.);
#1983=VECTOR('',#10947,1.);
#1984=VECTOR('',#10948,1.);
#1985=VECTOR('',#10949,1.);
#1986=VECTOR('',#10950,1.);
#1987=VECTOR('',#10951,1.);
#1988=VECTOR('',#10952,1.);
#1989=VECTOR('',#10953,1.);
#1990=VECTOR('',#10954,1.);
#1991=VECTOR('',#10955,1.);
#1992=VECTOR('',#10956,1.);
#1993=VECTOR('',#10957,1.);
#1994=VECTOR('',#10958,1.);
#1995=VECTOR('',#10959,1.);
#1996=VECTOR('',#10960,1.);
#1997=VECTOR('',#10961,1.);
#1998=VECTOR('',#10962,1.);
#1999=VECTOR('',#10963,1.);
#2000=VECTOR('',#10964,1.);
#2001=VECTOR('',#10965,1.);
#2002=VECTOR('',#10966,1.);
#2003=VECTOR('',#10967,1.);
#2004=VECTOR('',#10968,1.);
#2005=VECTOR('',#10969,1.);
#2006=VECTOR('',#10970,1.);
#2007=VECTOR('',#10971,1.);
#2008=VECTOR('',#10972,1.);
#2009=VECTOR('',#10973,1.);
#2010=VECTOR('',#10974,1.);
#2011=VECTOR('',#10975,1.);
#2012=VECTOR('',#10976,1.);
#2013=VECTOR('',#10977,1.);
#2014=VECTOR('',#10978,1.);
#2015=VECTOR('',#10979,1.);
#2016=VECTOR('',#10980,1.);
#2017=VECTOR('',#10981,1.);
#2018=VECTOR('',#10982,1.);
#2019=VECTOR('',#10983,1.);
#2020=VECTOR('',#10984,1.);
#2021=VECTOR('',#10985,1.);
#2022=VECTOR('',#10986,1.);
#2023=VECTOR('',#10987,1.);
#2024=VECTOR('',#10988,1.);
#2025=VECTOR('',#10989,1.);
#2026=VECTOR('',#10990,1.);
#2027=VECTOR('',#10991,1.);
#2028=VECTOR('',#10992,1.);
#2029=VECTOR('',#10993,1.);
#2030=VECTOR('',#10994,1.);
#2031=VECTOR('',#10995,1.);
#2032=VECTOR('',#10996,1.);
#2033=VECTOR('',#10997,1.);
#2034=VECTOR('',#10998,1.);
#2035=VECTOR('',#10999,1.);
#2036=VECTOR('',#11000,1.);
#2037=VECTOR('',#11001,1.);
#2038=VECTOR('',#11002,1.);
#2039=VECTOR('',#11003,1.);
#2040=VECTOR('',#11004,1.);
#2041=VECTOR('',#11005,1.);
#2042=VECTOR('',#11006,1.);
#2043=VECTOR('',#11007,1.);
#2044=VECTOR('',#11008,1.);
#2045=VECTOR('',#11009,1.);
#2046=VECTOR('',#11010,1.);
#2047=VECTOR('',#11011,1.);
#2048=VECTOR('',#11012,1.);
#2049=VECTOR('',#11013,1.);
#2050=VECTOR('',#11014,1.);
#2051=VECTOR('',#11015,1.);
#2052=VECTOR('',#11016,1.);
#2053=VECTOR('',#11017,1.);
#2054=VECTOR('',#11018,1.);
#2055=VECTOR('',#11019,1.);
#2056=VECTOR('',#11020,1.);
#2057=VECTOR('',#11021,1.);
#2058=VECTOR('',#11022,1.);
#2059=VECTOR('',#11023,1.);
#2060=VECTOR('',#11024,1.);
#2061=VECTOR('',#11025,1.);
#2062=VECTOR('',#11026,1.);
#2063=VECTOR('',#11027,1.);
#2064=VECTOR('',#11028,1.);
#2065=VECTOR('',#11029,1.);
#2066=VECTOR('',#11030,1.);
#2067=VECTOR('',#11031,1.);
#2068=VECTOR('',#11032,1.);
#2069=VECTOR('',#11033,1.);
#2070=VECTOR('',#11034,1.);
#2071=VECTOR('',#11035,1.);
#2072=VECTOR('',#11036,1.);
#2073=VECTOR('',#11037,1.);
#2074=VECTOR('',#11038,1.);
#2075=VECTOR('',#11039,1.);
#2076=VECTOR('',#11040,1.);
#2077=VECTOR('',#11041,1.);
#2078=VECTOR('',#11042,1.);
#2079=VECTOR('',#11043,1.);
#2080=VECTOR('',#11044,1.);
#2081=VECTOR('',#11045,1.);
#2082=VECTOR('',#11046,1.);
#2083=VECTOR('',#11047,1.);
#2084=VECTOR('',#11048,1.);
#2085=VECTOR('',#11049,1.);
#2086=VECTOR('',#11050,1.);
#2087=VECTOR('',#11051,1.);
#2088=VECTOR('',#11052,1.);
#2089=VECTOR('',#11053,1.);
#2090=VECTOR('',#11054,1.);
#2091=VECTOR('',#11055,1.);
#2092=VECTOR('',#11056,1.);
#2093=VECTOR('',#11057,1.);
#2094=VECTOR('',#11058,1.);
#2095=VECTOR('',#11059,1.);
#2096=VECTOR('',#11060,1.);
#2097=VECTOR('',#11061,1.);
#2098=VECTOR('',#11062,1.);
#2099=VECTOR('',#11063,1.);
#2100=VECTOR('',#11064,1.);
#2101=VECTOR('',#11067,1.);
#2102=VECTOR('',#11070,1.);
#2103=VECTOR('',#11071,1.);
#2104=VECTOR('',#11072,1.);
#2105=VECTOR('',#11073,1.);
#2106=VECTOR('',#11074,1.);
#2107=VECTOR('',#11075,1.);
#2108=VECTOR('',#11076,1.);
#2109=VECTOR('',#11077,1.);
#2110=VECTOR('',#11078,1.);
#2111=VECTOR('',#11079,1.);
#2112=VECTOR('',#11080,1.);
#2113=VECTOR('',#11081,1.);
#2114=VECTOR('',#11082,1.);
#2115=VECTOR('',#11083,1.);
#2116=VECTOR('',#11084,1.);
#2117=VECTOR('',#11085,1.);
#2118=VECTOR('',#11086,1.);
#2119=VECTOR('',#11087,1.);
#2120=VECTOR('',#11088,1.);
#2121=VECTOR('',#11089,1.);
#2122=VECTOR('',#11090,1.);
#2123=VECTOR('',#11091,1.);
#2124=VECTOR('',#11092,1.);
#2125=VECTOR('',#11093,1.);
#2126=VECTOR('',#11094,1.);
#2127=VECTOR('',#11095,1.);
#2128=VECTOR('',#11096,1.);
#2129=VECTOR('',#11097,1.);
#2130=VECTOR('',#11098,1.);
#2131=VECTOR('',#11099,1.);
#2132=VECTOR('',#11100,1.);
#2133=VECTOR('',#11101,1.);
#2134=VECTOR('',#11102,1.);
#2135=VECTOR('',#11103,1.);
#2136=VECTOR('',#11104,1.);
#2137=VECTOR('',#11105,1.);
#2138=VECTOR('',#11106,1.);
#2139=VECTOR('',#11107,1.);
#2140=VECTOR('',#11108,1.);
#2141=VECTOR('',#11109,1.);
#2142=VECTOR('',#11110,1.);
#2143=VECTOR('',#11111,1.);
#2144=VECTOR('',#11112,1.);
#2145=VECTOR('',#11113,1.);
#2146=VECTOR('',#11114,1.);
#2147=VECTOR('',#11115,1.);
#2148=VECTOR('',#11116,1.);
#2149=VECTOR('',#11117,1.);
#2150=VECTOR('',#11118,1.);
#2151=VECTOR('',#11119,1.);
#2152=VECTOR('',#11120,1.);
#2153=VECTOR('',#11121,1.);
#2154=VECTOR('',#11122,1.);
#2155=VECTOR('',#11123,1.);
#2156=VECTOR('',#11124,1.);
#2157=VECTOR('',#11125,1.);
#2158=VECTOR('',#11126,1.);
#2159=VECTOR('',#11127,1.);
#2160=VECTOR('',#11128,1.);
#2161=VECTOR('',#11129,1.);
#2162=VECTOR('',#11130,1.);
#2163=VECTOR('',#11131,1.);
#2164=VECTOR('',#11132,1.);
#2165=VECTOR('',#11133,1.);
#2166=VECTOR('',#11134,1.);
#2167=VECTOR('',#11135,1.);
#2168=VECTOR('',#11136,1.);
#2169=VECTOR('',#11137,1.);
#2170=VECTOR('',#11138,1.);
#2171=VECTOR('',#11139,1.);
#2172=VECTOR('',#11140,1.);
#2173=VECTOR('',#11141,1.);
#2174=VECTOR('',#11142,1.);
#2175=VECTOR('',#11143,1.);
#2176=VECTOR('',#11144,1.);
#2177=VECTOR('',#11145,1.);
#2178=VECTOR('',#11146,1.);
#2179=VECTOR('',#11147,1.);
#2180=VECTOR('',#11148,1.);
#2181=VECTOR('',#11149,1.);
#2182=VECTOR('',#11150,1.);
#2183=VECTOR('',#11151,1.);
#2184=VECTOR('',#11152,1.);
#2185=VECTOR('',#11153,1.);
#2186=VECTOR('',#11154,1.);
#2187=VECTOR('',#11155,1.);
#2188=VECTOR('',#11156,1.);
#2189=VECTOR('',#11157,1.);
#2190=VECTOR('',#11158,1.);
#2191=VECTOR('',#11159,1.);
#2192=VECTOR('',#11160,1.);
#2193=VECTOR('',#11161,1.);
#2194=VECTOR('',#11162,1.);
#2195=VECTOR('',#11163,1.);
#2196=VECTOR('',#11164,1.);
#2197=VECTOR('',#11165,1.);
#2198=VECTOR('',#11166,1.);
#2199=VECTOR('',#11167,1.);
#2200=VECTOR('',#11168,1.);
#2201=VECTOR('',#11169,1.);
#2202=VECTOR('',#11170,1.);
#2203=VECTOR('',#11171,1.);
#2204=VECTOR('',#11172,1.);
#2205=VECTOR('',#11173,1.);
#2206=VECTOR('',#11174,1.);
#2207=VECTOR('',#11175,1.);
#2208=VECTOR('',#11176,1.);
#2209=VECTOR('',#11177,1.);
#2210=VECTOR('',#11178,1.);
#2211=VECTOR('',#11179,1.);
#2212=VECTOR('',#11180,1.);
#2213=VECTOR('',#11181,1.);
#2214=VECTOR('',#11182,1.);
#2215=VECTOR('',#11183,1.);
#2216=VECTOR('',#11184,1.);
#2217=VECTOR('',#11185,1.);
#2218=VECTOR('',#11186,1.);
#2219=VECTOR('',#11187,1.);
#2220=VECTOR('',#11188,1.);
#2221=VECTOR('',#11189,1.);
#2222=VECTOR('',#11190,1.);
#2223=VECTOR('',#11191,1.);
#2224=VECTOR('',#11192,1.);
#2225=VECTOR('',#11193,1.);
#2226=VECTOR('',#11194,1.);
#2227=VECTOR('',#11195,1.);
#2228=VECTOR('',#11196,1.);
#2229=VECTOR('',#11197,1.);
#2230=VECTOR('',#11198,1.);
#2231=VECTOR('',#11199,1.);
#2232=VECTOR('',#11200,1.);
#2233=VECTOR('',#11201,1.);
#2234=VECTOR('',#11202,1.);
#2235=VECTOR('',#11203,1.);
#2236=VECTOR('',#11204,1.);
#2237=VECTOR('',#11205,1.);
#2238=VECTOR('',#11206,1.);
#2239=VECTOR('',#11207,1.);
#2240=VECTOR('',#11208,1.);
#2241=VECTOR('',#11209,1.);
#2242=VECTOR('',#11210,1.);
#2243=VECTOR('',#11211,1.);
#2244=VECTOR('',#11212,1.);
#2245=VECTOR('',#11213,1.);
#2246=VECTOR('',#11214,1.);
#2247=VECTOR('',#11215,1.);
#2248=VECTOR('',#11216,1.);
#2249=VECTOR('',#11217,1.);
#2250=VECTOR('',#11218,1.);
#2251=VECTOR('',#11219,1.);
#2252=VECTOR('',#11220,1.);
#2253=VECTOR('',#11221,1.);
#2254=VECTOR('',#11222,1.);
#2255=VECTOR('',#11223,1.);
#2256=VECTOR('',#11224,1.);
#2257=VECTOR('',#11225,1.);
#2258=VECTOR('',#11226,1.);
#2259=VECTOR('',#11227,1.);
#2260=VECTOR('',#11228,1.);
#2261=VECTOR('',#11229,1.);
#2262=VECTOR('',#11230,1.);
#2263=VECTOR('',#11231,1.);
#2264=VECTOR('',#11232,1.);
#2265=VECTOR('',#11233,1.);
#2266=VECTOR('',#11234,1.);
#2267=VECTOR('',#11235,1.);
#2268=VECTOR('',#11236,1.);
#2269=VECTOR('',#11237,1.);
#2270=VECTOR('',#11238,1.);
#2271=VECTOR('',#11239,1.);
#2272=VECTOR('',#11240,1.);
#2273=VECTOR('',#11241,1.);
#2274=VECTOR('',#11242,1.);
#2275=VECTOR('',#11243,1.);
#2276=VECTOR('',#11244,1.);
#2277=VECTOR('',#11245,1.);
#2278=VECTOR('',#11246,1.);
#2279=VECTOR('',#11247,1.);
#2280=VECTOR('',#11248,1.);
#2281=VECTOR('',#11249,1.);
#2282=VECTOR('',#11250,1.);
#2283=VECTOR('',#11251,1.);
#2284=VECTOR('',#11252,1.);
#2285=VECTOR('',#11253,1.);
#2286=VECTOR('',#11254,1.);
#2287=VECTOR('',#11255,1.);
#2288=VECTOR('',#11256,1.);
#2289=VECTOR('',#11257,1.);
#2290=VECTOR('',#11258,1.);
#2291=VECTOR('',#11259,1.);
#2292=VECTOR('',#11260,1.);
#2293=VECTOR('',#11261,1.);
#2294=VECTOR('',#11262,1.);
#2295=VECTOR('',#11263,1.);
#2296=VECTOR('',#11264,1.);
#2297=VECTOR('',#11265,1.);
#2298=VECTOR('',#11266,1.);
#2299=VECTOR('',#11267,1.);
#2300=VECTOR('',#11268,1.);
#2301=VECTOR('',#11269,1.);
#2302=VECTOR('',#11270,1.);
#2303=VECTOR('',#11271,1.);
#2304=VECTOR('',#11272,1.);
#2305=VECTOR('',#11273,1.);
#2306=VECTOR('',#11274,1.);
#2307=VECTOR('',#11275,1.);
#2308=VECTOR('',#11276,1.);
#2309=VECTOR('',#11277,1.);
#2310=VECTOR('',#11278,1.);
#2311=VECTOR('',#11279,1.);
#2312=VECTOR('',#11280,1.);
#2313=VECTOR('',#11281,1.);
#2314=VECTOR('',#11282,1.);
#2315=VECTOR('',#11283,1.);
#2316=VECTOR('',#11284,1.);
#2317=VECTOR('',#11285,1.);
#2318=VECTOR('',#11286,1.);
#2319=VECTOR('',#11287,1.);
#2320=VECTOR('',#11288,1.);
#2321=VECTOR('',#11297,1.);
#2322=VECTOR('',#11298,1.);
#2323=VECTOR('',#11299,1.);
#2324=VECTOR('',#11300,1.);
#2325=VECTOR('',#11303,1.);
#2326=VECTOR('',#11304,1.);
#2327=VECTOR('',#11307,1.);
#2328=VECTOR('',#11310,1.);
#2329=VECTOR('',#11313,1.);
#2330=VECTOR('',#11316,1.);
#2331=VECTOR('',#11319,1.);
#2332=VECTOR('',#11322,1.);
#2333=VECTOR('',#11325,1.);
#2334=VECTOR('',#11328,1.);
#2335=VECTOR('',#11331,1.);
#2336=VECTOR('',#11334,1.);
#2337=VECTOR('',#11337,1.);
#2338=VECTOR('',#11340,1.);
#2339=VECTOR('',#11343,1.);
#2340=VECTOR('',#11346,1.);
#2341=VECTOR('',#11349,1.);
#2342=VECTOR('',#11352,1.);
#2343=VECTOR('',#11355,1.);
#2344=VECTOR('',#11358,1.);
#2345=VECTOR('',#11361,1.);
#2346=VECTOR('',#11364,1.);
#2347=VECTOR('',#11367,1.);
#2348=VECTOR('',#11370,1.);
#2349=VECTOR('',#11373,1.);
#2350=VECTOR('',#11376,1.);
#2351=VECTOR('',#11379,1.);
#2352=VECTOR('',#11382,1.);
#2353=VECTOR('',#11385,1.);
#2354=VECTOR('',#11388,1.);
#2355=VECTOR('',#11391,1.);
#2356=VECTOR('',#11394,1.);
#2357=VECTOR('',#11397,1.);
#2358=VECTOR('',#11400,1.);
#2359=VECTOR('',#11403,1.);
#2360=VECTOR('',#11406,1.);
#2361=VECTOR('',#11409,1.);
#2362=VECTOR('',#11412,1.);
#2363=VECTOR('',#11415,1.);
#2364=VECTOR('',#11418,1.);
#2365=VECTOR('',#11421,1.);
#2366=VECTOR('',#11424,1.);
#2367=VECTOR('',#11427,1.);
#2368=VECTOR('',#11430,1.);
#2369=VECTOR('',#11433,1.);
#2370=VECTOR('',#11436,1.);
#2371=VECTOR('',#11439,1.);
#2372=VECTOR('',#11442,1.);
#2373=VECTOR('',#11445,1.);
#2374=VECTOR('',#11448,1.);
#2375=VECTOR('',#11451,1.);
#2376=VECTOR('',#11454,1.);
#2377=VECTOR('',#11455,1.);
#2378=VECTOR('',#11458,1.);
#2379=VECTOR('',#11461,1.);
#2380=VECTOR('',#11464,1.);
#2381=VECTOR('',#11467,1.);
#2382=VECTOR('',#11470,1.);
#2383=VECTOR('',#11473,1.);
#2384=VECTOR('',#11476,1.);
#2385=VECTOR('',#11479,1.);
#2386=VECTOR('',#11482,1.);
#2387=VECTOR('',#11485,1.);
#2388=VECTOR('',#11488,1.);
#2389=VECTOR('',#11491,1.);
#2390=VECTOR('',#11494,1.);
#2391=VECTOR('',#11497,1.);
#2392=VECTOR('',#11500,1.);
#2393=VECTOR('',#11503,1.);
#2394=VECTOR('',#11504,1.);
#2395=VECTOR('',#11507,1.);
#2396=VECTOR('',#11510,1.);
#2397=VECTOR('',#11513,1.);
#2398=VECTOR('',#11516,1.);
#2399=VECTOR('',#11519,1.);
#2400=VECTOR('',#11522,1.);
#2401=VECTOR('',#11525,1.);
#2402=VECTOR('',#11528,1.);
#2403=VECTOR('',#11531,1.);
#2404=VECTOR('',#11534,1.);
#2405=VECTOR('',#11537,1.);
#2406=VECTOR('',#11540,1.);
#2407=VECTOR('',#11543,1.);
#2408=VECTOR('',#11546,1.);
#2409=VECTOR('',#11549,1.);
#2410=VECTOR('',#11552,1.);
#2411=VECTOR('',#11555,1.);
#2412=VECTOR('',#11558,1.);
#2413=VECTOR('',#11561,1.);
#2414=VECTOR('',#11564,1.);
#2415=VECTOR('',#11567,1.);
#2416=VECTOR('',#11570,1.);
#2417=VECTOR('',#11573,1.);
#2418=VECTOR('',#11576,1.);
#2419=VECTOR('',#11579,1.);
#2420=VECTOR('',#11582,1.);
#2421=VECTOR('',#11585,1.);
#2422=VECTOR('',#11588,1.);
#2423=VECTOR('',#11591,1.);
#2424=VECTOR('',#11594,1.);
#2425=VECTOR('',#11597,1.);
#2426=VECTOR('',#11600,1.);
#2427=VECTOR('',#11603,1.);
#2428=VECTOR('',#11606,1.);
#2429=VECTOR('',#11609,1.);
#2430=VECTOR('',#11610,1.);
#2431=VECTOR('',#11613,1.);
#2432=VECTOR('',#11616,1.);
#2433=VECTOR('',#11619,1.);
#2434=VECTOR('',#11622,1.);
#2435=VECTOR('',#11625,1.);
#2436=VECTOR('',#11628,1.);
#2437=VECTOR('',#11631,1.);
#2438=VECTOR('',#11634,1.);
#2439=VECTOR('',#11637,1.);
#2440=VECTOR('',#11640,1.);
#2441=VECTOR('',#11643,1.);
#2442=VECTOR('',#11646,1.);
#2443=VECTOR('',#11649,1.);
#2444=VECTOR('',#11652,1.);
#2445=VECTOR('',#11655,1.);
#2446=VECTOR('',#11658,1.);
#2447=VECTOR('',#11661,1.);
#2448=VECTOR('',#11664,1.);
#2449=VECTOR('',#11667,1.);
#2450=VECTOR('',#11670,1.);
#2451=VECTOR('',#11673,1.);
#2452=VECTOR('',#11676,1.);
#2453=VECTOR('',#11679,1.);
#2454=VECTOR('',#11682,1.);
#2455=VECTOR('',#11685,1.);
#2456=VECTOR('',#11688,1.);
#2457=VECTOR('',#11691,1.);
#2458=VECTOR('',#11694,1.);
#2459=VECTOR('',#11697,1.);
#2460=VECTOR('',#11700,1.);
#2461=VECTOR('',#11703,1.);
#2462=VECTOR('',#11706,1.);
#2463=VECTOR('',#11709,1.);
#2464=VECTOR('',#11712,1.);
#2465=VECTOR('',#11713,1.);
#2466=VECTOR('',#11716,1.);
#2467=VECTOR('',#11719,1.);
#2468=VECTOR('',#11722,1.);
#2469=VECTOR('',#11725,1.);
#2470=VECTOR('',#11728,1.);
#2471=VECTOR('',#11731,1.);
#2472=VECTOR('',#11734,1.);
#2473=VECTOR('',#11737,1.);
#2474=VECTOR('',#11740,1.);
#2475=VECTOR('',#11743,1.);
#2476=VECTOR('',#11746,1.);
#2477=VECTOR('',#11749,1.);
#2478=VECTOR('',#11752,1.);
#2479=VECTOR('',#11755,1.);
#2480=VECTOR('',#11758,1.);
#2481=VECTOR('',#11761,1.);
#2482=VECTOR('',#11764,1.);
#2483=VECTOR('',#11767,1.);
#2484=VECTOR('',#11770,1.);
#2485=VECTOR('',#11773,1.);
#2486=VECTOR('',#11776,1.);
#2487=VECTOR('',#11779,1.);
#2488=VECTOR('',#11780,1.);
#2489=VECTOR('',#11783,1.);
#2490=VECTOR('',#11786,1.);
#2491=VECTOR('',#11789,1.);
#2492=VECTOR('',#11792,1.);
#2493=VECTOR('',#11795,1.);
#2494=VECTOR('',#11798,1.);
#2495=VECTOR('',#11801,1.);
#2496=VECTOR('',#11804,1.);
#2497=VECTOR('',#11807,1.);
#2498=VECTOR('',#11810,1.);
#2499=VECTOR('',#11813,1.);
#2500=VECTOR('',#11816,1.);
#2501=VECTOR('',#11819,1.);
#2502=VECTOR('',#11822,1.);
#2503=VECTOR('',#11825,1.);
#2504=VECTOR('',#11828,1.);
#2505=VECTOR('',#11831,1.);
#2506=VECTOR('',#11834,1.);
#2507=VECTOR('',#11837,1.);
#2508=VECTOR('',#11840,1.);
#2509=VECTOR('',#11843,1.);
#2510=VECTOR('',#11846,1.);
#2511=VECTOR('',#11849,1.);
#2512=VECTOR('',#11852,1.);
#2513=VECTOR('',#11855,1.);
#2514=VECTOR('',#11858,1.);
#2515=VECTOR('',#11861,1.);
#2516=VECTOR('',#11864,1.);
#2517=VECTOR('',#11867,1.);
#2518=VECTOR('',#11870,1.);
#2519=VECTOR('',#11873,1.);
#2520=VECTOR('',#11876,1.);
#2521=VECTOR('',#11879,1.);
#2522=VECTOR('',#11882,1.);
#2523=VECTOR('',#11885,1.);
#2524=VECTOR('',#11888,1.);
#2525=VECTOR('',#11891,1.);
#2526=VECTOR('',#11892,1.);
#2527=VECTOR('',#11895,1.);
#2528=VECTOR('',#11898,1.);
#2529=VECTOR('',#11901,1.);
#2530=VECTOR('',#11904,1.);
#2531=VECTOR('',#11907,1.);
#2532=VECTOR('',#11910,1.);
#2533=VECTOR('',#11913,1.);
#2534=VECTOR('',#11916,1.);
#2535=VECTOR('',#11919,1.);
#2536=VECTOR('',#11922,1.);
#2537=VECTOR('',#11925,1.);
#2538=VECTOR('',#11928,1.);
#2539=VECTOR('',#11931,1.);
#2540=VECTOR('',#11934,1.);
#2541=VECTOR('',#11937,1.);
#2542=VECTOR('',#11940,1.);
#2543=VECTOR('',#11943,1.);
#2544=VECTOR('',#11946,1.);
#2545=VECTOR('',#11949,1.);
#2546=VECTOR('',#11952,1.);
#2547=VECTOR('',#11955,1.);
#2548=VECTOR('',#11958,1.);
#2549=VECTOR('',#11961,1.);
#2550=VECTOR('',#11964,1.);
#2551=VECTOR('',#11967,1.);
#2552=VECTOR('',#11970,1.);
#2553=VECTOR('',#11973,1.);
#2554=VECTOR('',#11976,1.);
#2555=VECTOR('',#11979,1.);
#2556=VECTOR('',#11982,1.);
#2557=VECTOR('',#11985,1.);
#2558=VECTOR('',#11988,1.);
#2559=VECTOR('',#11989,1.);
#2560=VECTOR('',#11992,1.);
#2561=VECTOR('',#11995,1.);
#2562=VECTOR('',#11996,1.);
#2563=VECTOR('',#11999,1.);
#2564=VECTOR('',#12002,1.);
#2565=VECTOR('',#12005,1.);
#2566=VECTOR('',#12008,1.);
#2567=VECTOR('',#12011,1.);
#2568=VECTOR('',#12014,1.);
#2569=VECTOR('',#12017,1.);
#2570=VECTOR('',#12020,1.);
#2571=VECTOR('',#12023,1.);
#2572=VECTOR('',#12026,1.);
#2573=VECTOR('',#12029,1.);
#2574=VECTOR('',#12032,1.);
#2575=VECTOR('',#12035,1.);
#2576=VECTOR('',#12038,1.);
#2577=VECTOR('',#12041,1.);
#2578=VECTOR('',#12044,1.);
#2579=VECTOR('',#12047,1.);
#2580=VECTOR('',#12050,1.);
#2581=VECTOR('',#12053,1.);
#2582=VECTOR('',#12056,1.);
#2583=VECTOR('',#12059,1.);
#2584=VECTOR('',#12062,1.);
#2585=VECTOR('',#12065,1.);
#2586=VECTOR('',#12068,1.);
#2587=VECTOR('',#12071,1.);
#2588=VECTOR('',#12074,1.);
#2589=VECTOR('',#12077,1.);
#2590=VECTOR('',#12080,1.);
#2591=VECTOR('',#12083,1.);
#2592=VECTOR('',#12086,1.);
#2593=VECTOR('',#12089,1.);
#2594=VECTOR('',#12092,1.);
#2595=VECTOR('',#12095,1.);
#2596=VECTOR('',#12098,1.);
#2597=VECTOR('',#12101,1.);
#2598=VECTOR('',#12104,1.);
#2599=VECTOR('',#12107,1.);
#2600=VECTOR('',#12110,1.);
#2601=VECTOR('',#12113,1.);
#2602=VECTOR('',#12116,1.);
#2603=VECTOR('',#12119,1.);
#2604=VECTOR('',#12122,1.);
#2605=VECTOR('',#12125,1.);
#2606=VECTOR('',#12128,1.);
#2607=VECTOR('',#12131,1.);
#2608=VECTOR('',#12134,1.);
#2609=VECTOR('',#12137,1.);
#2610=VECTOR('',#12140,1.);
#2611=VECTOR('',#12143,1.);
#2612=VECTOR('',#12146,1.);
#2613=VECTOR('',#12149,1.);
#2614=VECTOR('',#12152,1.);
#2615=VECTOR('',#12155,1.);
#2616=VECTOR('',#12158,1.);
#2617=VECTOR('',#12161,1.);
#2618=VECTOR('',#12164,1.);
#2619=VECTOR('',#12167,1.);
#2620=VECTOR('',#12170,1.);
#2621=VECTOR('',#12173,1.);
#2622=VECTOR('',#12176,1.);
#2623=VECTOR('',#12179,1.);
#2624=VECTOR('',#12182,1.);
#2625=VECTOR('',#12185,1.);
#2626=VECTOR('',#12188,1.);
#2627=VECTOR('',#12191,1.);
#2628=VECTOR('',#12194,1.);
#2629=VECTOR('',#12197,1.);
#2630=VECTOR('',#12200,1.);
#2631=VECTOR('',#12203,1.);
#2632=VECTOR('',#12206,1.);
#2633=VECTOR('',#12209,1.);
#2634=VECTOR('',#12212,1.);
#2635=VECTOR('',#12215,1.);
#2636=VECTOR('',#12218,1.);
#2637=VECTOR('',#12221,1.);
#2638=VECTOR('',#12224,1.);
#2639=VECTOR('',#12227,1.);
#2640=VECTOR('',#12230,1.);
#2641=VECTOR('',#12233,1.);
#2642=VECTOR('',#12236,1.);
#2643=VECTOR('',#12239,1.);
#2644=VECTOR('',#12242,1.);
#2645=VECTOR('',#12245,1.);
#2646=VECTOR('',#12248,1.);
#2647=VECTOR('',#12251,1.);
#2648=VECTOR('',#12252,1.);
#2649=VECTOR('',#12255,1.);
#2650=VECTOR('',#12256,1.);
#2651=VECTOR('',#12259,1.);
#2652=VECTOR('',#12262,1.);
#2653=VECTOR('',#12265,1.);
#2654=VECTOR('',#12268,1.);
#2655=VECTOR('',#12271,1.);
#2656=VECTOR('',#12274,1.);
#2657=VECTOR('',#12277,1.);
#2658=VECTOR('',#12280,1.);
#2659=VECTOR('',#12283,1.);
#2660=VECTOR('',#12286,1.);
#2661=VECTOR('',#12289,1.);
#2662=VECTOR('',#12292,1.);
#2663=VECTOR('',#12295,1.);
#2664=VECTOR('',#12298,1.);
#2665=VECTOR('',#12301,1.);
#2666=VECTOR('',#12304,1.);
#2667=VECTOR('',#12307,1.);
#2668=VECTOR('',#12310,1.);
#2669=VECTOR('',#12313,1.);
#2670=VECTOR('',#12316,1.);
#2671=VECTOR('',#12319,1.);
#2672=VECTOR('',#12322,1.);
#2673=VECTOR('',#12325,1.);
#2674=VECTOR('',#12328,1.);
#2675=VECTOR('',#12331,1.);
#2676=VECTOR('',#12334,1.);
#2677=VECTOR('',#12337,1.);
#2678=VECTOR('',#12340,1.);
#2679=VECTOR('',#12343,1.);
#2680=VECTOR('',#12346,1.);
#2681=VECTOR('',#12349,1.);
#2682=VECTOR('',#12352,1.);
#2683=VECTOR('',#12355,1.);
#2684=VECTOR('',#12358,1.);
#2685=VECTOR('',#12361,1.);
#2686=VECTOR('',#12364,1.);
#2687=VECTOR('',#12367,1.);
#2688=VECTOR('',#12370,1.);
#2689=VECTOR('',#12373,1.);
#2690=VECTOR('',#12376,1.);
#2691=VECTOR('',#12379,1.);
#2692=VECTOR('',#12382,1.);
#2693=VECTOR('',#12385,1.);
#2694=VECTOR('',#12388,1.);
#2695=VECTOR('',#12391,1.);
#2696=VECTOR('',#12394,1.);
#2697=VECTOR('',#12397,1.);
#2698=VECTOR('',#12400,1.);
#2699=VECTOR('',#12403,1.);
#2700=VECTOR('',#12406,1.);
#2701=VECTOR('',#12409,1.);
#2702=VECTOR('',#12412,1.);
#2703=VECTOR('',#12415,1.);
#2704=VECTOR('',#12418,1.);
#2705=VECTOR('',#12421,1.);
#2706=VECTOR('',#12424,1.);
#2707=VECTOR('',#12427,1.);
#2708=VECTOR('',#12430,1.);
#2709=VECTOR('',#12433,1.);
#2710=VECTOR('',#12436,1.);
#2711=VECTOR('',#12439,1.);
#2712=VECTOR('',#12442,1.);
#2713=VECTOR('',#12445,1.);
#2714=VECTOR('',#12448,1.);
#2715=VECTOR('',#12451,1.);
#2716=VECTOR('',#12454,1.);
#2717=VECTOR('',#12457,1.);
#2718=VECTOR('',#12460,1.);
#2719=VECTOR('',#12463,1.);
#2720=VECTOR('',#12466,1.);
#2721=VECTOR('',#12469,1.);
#2722=VECTOR('',#12472,1.);
#2723=VECTOR('',#12475,1.);
#2724=VECTOR('',#12478,1.);
#2725=VECTOR('',#12481,1.);
#2726=VECTOR('',#12484,1.);
#2727=VECTOR('',#12487,1.);
#2728=VECTOR('',#12490,1.);
#2729=VECTOR('',#12493,1.);
#2730=VECTOR('',#12496,1.);
#2731=VECTOR('',#12499,1.);
#2732=VECTOR('',#12502,1.);
#2733=VECTOR('',#12505,1.);
#2734=VECTOR('',#12508,1.);
#2735=VECTOR('',#12511,1.);
#2736=VECTOR('',#12514,1.);
#2737=VECTOR('',#12517,1.);
#2738=VECTOR('',#12520,1.);
#2739=VECTOR('',#12523,1.);
#2740=VECTOR('',#12526,1.);
#2741=VECTOR('',#12529,1.);
#2742=VECTOR('',#12532,1.);
#2743=VECTOR('',#12535,1.);
#2744=VECTOR('',#12538,1.);
#2745=VECTOR('',#12541,1.);
#2746=VECTOR('',#12544,1.);
#2747=VECTOR('',#12547,1.);
#2748=VECTOR('',#12550,1.);
#2749=VECTOR('',#12553,1.);
#2750=VECTOR('',#12556,1.);
#2751=VECTOR('',#12559,1.);
#2752=VECTOR('',#12562,1.);
#2753=VECTOR('',#12565,1.);
#2754=VECTOR('',#12568,1.);
#2755=VECTOR('',#12571,1.);
#2756=VECTOR('',#12574,1.);
#2757=VECTOR('',#12577,1.);
#2758=VECTOR('',#12580,1.);
#2759=VECTOR('',#12583,1.);
#2760=VECTOR('',#12586,1.);
#2761=VECTOR('',#12589,1.);
#2762=VECTOR('',#12592,1.);
#2763=VECTOR('',#12595,1.);
#2764=VECTOR('',#12598,1.);
#2765=VECTOR('',#12601,1.);
#2766=VECTOR('',#12604,1.);
#2767=VECTOR('',#12607,1.);
#2768=VECTOR('',#12610,1.);
#2769=VECTOR('',#12613,1.);
#2770=VECTOR('',#12616,1.);
#2771=VECTOR('',#12619,1.);
#2772=VECTOR('',#12622,1.);
#2773=VECTOR('',#12625,1.);
#2774=VECTOR('',#12628,1.);
#2775=VECTOR('',#12631,1.);
#2776=VECTOR('',#12634,1.);
#2777=VECTOR('',#12637,1.);
#2778=VECTOR('',#12640,1.);
#2779=VECTOR('',#12643,1.);
#2780=VECTOR('',#12646,1.);
#2781=VECTOR('',#12649,1.);
#2782=VECTOR('',#12652,1.);
#2783=VECTOR('',#12655,1.);
#2784=VECTOR('',#12688,1.);
#2785=VECTOR('',#12689,1.);
#2786=VECTOR('',#12692,1.);
#2787=VECTOR('',#12695,1.);
#2788=ORIENTED_EDGE('',*,*,#5582,.F.);
#2789=ORIENTED_EDGE('',*,*,#5583,.F.);
#2790=ORIENTED_EDGE('',*,*,#5584,.F.);
#2791=ORIENTED_EDGE('',*,*,#5585,.F.);
#2792=ORIENTED_EDGE('',*,*,#5586,.T.);
#2793=ORIENTED_EDGE('',*,*,#5587,.T.);
#2794=ORIENTED_EDGE('',*,*,#5588,.F.);
#2795=ORIENTED_EDGE('',*,*,#5589,.T.);
#2796=ORIENTED_EDGE('',*,*,#5590,.T.);
#2797=ORIENTED_EDGE('',*,*,#5591,.T.);
#2798=ORIENTED_EDGE('',*,*,#5592,.T.);
#2799=ORIENTED_EDGE('',*,*,#5593,.T.);
#2800=ORIENTED_EDGE('',*,*,#5594,.T.);
#2801=ORIENTED_EDGE('',*,*,#5595,.T.);
#2802=ORIENTED_EDGE('',*,*,#5596,.T.);
#2803=ORIENTED_EDGE('',*,*,#5597,.T.);
#2804=ORIENTED_EDGE('',*,*,#5598,.T.);
#2805=ORIENTED_EDGE('',*,*,#5599,.T.);
#2806=ORIENTED_EDGE('',*,*,#5600,.T.);
#2807=ORIENTED_EDGE('',*,*,#5601,.T.);
#2808=ORIENTED_EDGE('',*,*,#5602,.T.);
#2809=ORIENTED_EDGE('',*,*,#5603,.T.);
#2810=ORIENTED_EDGE('',*,*,#5604,.F.);
#2811=ORIENTED_EDGE('',*,*,#5605,.T.);
#2812=ORIENTED_EDGE('',*,*,#5606,.T.);
#2813=ORIENTED_EDGE('',*,*,#5607,.T.);
#2814=ORIENTED_EDGE('',*,*,#5608,.T.);
#2815=ORIENTED_EDGE('',*,*,#5609,.T.);
#2816=ORIENTED_EDGE('',*,*,#5610,.T.);
#2817=ORIENTED_EDGE('',*,*,#5611,.T.);
#2818=ORIENTED_EDGE('',*,*,#5612,.T.);
#2819=ORIENTED_EDGE('',*,*,#5613,.T.);
#2820=ORIENTED_EDGE('',*,*,#5614,.T.);
#2821=ORIENTED_EDGE('',*,*,#5615,.T.);
#2822=ORIENTED_EDGE('',*,*,#5616,.T.);
#2823=ORIENTED_EDGE('',*,*,#5617,.T.);
#2824=ORIENTED_EDGE('',*,*,#5618,.T.);
#2825=ORIENTED_EDGE('',*,*,#5619,.T.);
#2826=ORIENTED_EDGE('',*,*,#5620,.T.);
#2827=ORIENTED_EDGE('',*,*,#5621,.T.);
#2828=ORIENTED_EDGE('',*,*,#5622,.T.);
#2829=ORIENTED_EDGE('',*,*,#5623,.T.);
#2830=ORIENTED_EDGE('',*,*,#5624,.T.);
#2831=ORIENTED_EDGE('',*,*,#5625,.T.);
#2832=ORIENTED_EDGE('',*,*,#5626,.T.);
#2833=ORIENTED_EDGE('',*,*,#5627,.T.);
#2834=ORIENTED_EDGE('',*,*,#5628,.T.);
#2835=ORIENTED_EDGE('',*,*,#5629,.T.);
#2836=ORIENTED_EDGE('',*,*,#5630,.T.);
#2837=ORIENTED_EDGE('',*,*,#5631,.T.);
#2838=ORIENTED_EDGE('',*,*,#5632,.T.);
#2839=ORIENTED_EDGE('',*,*,#5633,.T.);
#2840=ORIENTED_EDGE('',*,*,#5634,.T.);
#2841=ORIENTED_EDGE('',*,*,#5635,.T.);
#2842=ORIENTED_EDGE('',*,*,#5636,.T.);
#2843=ORIENTED_EDGE('',*,*,#5637,.T.);
#2844=ORIENTED_EDGE('',*,*,#5638,.T.);
#2845=ORIENTED_EDGE('',*,*,#5639,.T.);
#2846=ORIENTED_EDGE('',*,*,#5640,.T.);
#2847=ORIENTED_EDGE('',*,*,#5641,.T.);
#2848=ORIENTED_EDGE('',*,*,#5642,.T.);
#2849=ORIENTED_EDGE('',*,*,#5643,.T.);
#2850=ORIENTED_EDGE('',*,*,#5644,.T.);
#2851=ORIENTED_EDGE('',*,*,#5645,.T.);
#2852=ORIENTED_EDGE('',*,*,#5646,.T.);
#2853=ORIENTED_EDGE('',*,*,#5647,.T.);
#2854=ORIENTED_EDGE('',*,*,#5648,.T.);
#2855=ORIENTED_EDGE('',*,*,#5649,.T.);
#2856=ORIENTED_EDGE('',*,*,#5650,.T.);
#2857=ORIENTED_EDGE('',*,*,#5651,.T.);
#2858=ORIENTED_EDGE('',*,*,#5652,.T.);
#2859=ORIENTED_EDGE('',*,*,#5653,.T.);
#2860=ORIENTED_EDGE('',*,*,#5654,.T.);
#2861=ORIENTED_EDGE('',*,*,#5655,.T.);
#2862=ORIENTED_EDGE('',*,*,#5656,.T.);
#2863=ORIENTED_EDGE('',*,*,#5657,.T.);
#2864=ORIENTED_EDGE('',*,*,#5658,.T.);
#2865=ORIENTED_EDGE('',*,*,#5659,.T.);
#2866=ORIENTED_EDGE('',*,*,#5660,.T.);
#2867=ORIENTED_EDGE('',*,*,#5661,.T.);
#2868=ORIENTED_EDGE('',*,*,#5662,.T.);
#2869=ORIENTED_EDGE('',*,*,#5663,.T.);
#2870=ORIENTED_EDGE('',*,*,#5664,.T.);
#2871=ORIENTED_EDGE('',*,*,#5665,.T.);
#2872=ORIENTED_EDGE('',*,*,#5666,.T.);
#2873=ORIENTED_EDGE('',*,*,#5667,.T.);
#2874=ORIENTED_EDGE('',*,*,#5668,.T.);
#2875=ORIENTED_EDGE('',*,*,#5669,.T.);
#2876=ORIENTED_EDGE('',*,*,#5670,.T.);
#2877=ORIENTED_EDGE('',*,*,#5671,.T.);
#2878=ORIENTED_EDGE('',*,*,#5672,.T.);
#2879=ORIENTED_EDGE('',*,*,#5673,.T.);
#2880=ORIENTED_EDGE('',*,*,#5674,.T.);
#2881=ORIENTED_EDGE('',*,*,#5675,.T.);
#2882=ORIENTED_EDGE('',*,*,#5676,.T.);
#2883=ORIENTED_EDGE('',*,*,#5677,.T.);
#2884=ORIENTED_EDGE('',*,*,#5678,.T.);
#2885=ORIENTED_EDGE('',*,*,#5679,.T.);
#2886=ORIENTED_EDGE('',*,*,#5680,.T.);
#2887=ORIENTED_EDGE('',*,*,#5681,.T.);
#2888=ORIENTED_EDGE('',*,*,#5682,.T.);
#2889=ORIENTED_EDGE('',*,*,#5683,.T.);
#2890=ORIENTED_EDGE('',*,*,#5684,.T.);
#2891=ORIENTED_EDGE('',*,*,#5685,.T.);
#2892=ORIENTED_EDGE('',*,*,#5686,.T.);
#2893=ORIENTED_EDGE('',*,*,#5687,.T.);
#2894=ORIENTED_EDGE('',*,*,#5688,.T.);
#2895=ORIENTED_EDGE('',*,*,#5689,.T.);
#2896=ORIENTED_EDGE('',*,*,#5690,.T.);
#2897=ORIENTED_EDGE('',*,*,#5691,.T.);
#2898=ORIENTED_EDGE('',*,*,#5692,.T.);
#2899=ORIENTED_EDGE('',*,*,#5693,.T.);
#2900=ORIENTED_EDGE('',*,*,#5694,.T.);
#2901=ORIENTED_EDGE('',*,*,#5695,.T.);
#2902=ORIENTED_EDGE('',*,*,#5696,.T.);
#2903=ORIENTED_EDGE('',*,*,#5697,.T.);
#2904=ORIENTED_EDGE('',*,*,#5698,.T.);
#2905=ORIENTED_EDGE('',*,*,#5699,.T.);
#2906=ORIENTED_EDGE('',*,*,#5700,.T.);
#2907=ORIENTED_EDGE('',*,*,#5701,.T.);
#2908=ORIENTED_EDGE('',*,*,#5702,.T.);
#2909=ORIENTED_EDGE('',*,*,#5703,.T.);
#2910=ORIENTED_EDGE('',*,*,#5704,.T.);
#2911=ORIENTED_EDGE('',*,*,#5705,.T.);
#2912=ORIENTED_EDGE('',*,*,#5706,.T.);
#2913=ORIENTED_EDGE('',*,*,#5707,.T.);
#2914=ORIENTED_EDGE('',*,*,#5708,.T.);
#2915=ORIENTED_EDGE('',*,*,#5709,.T.);
#2916=ORIENTED_EDGE('',*,*,#5710,.T.);
#2917=ORIENTED_EDGE('',*,*,#5711,.T.);
#2918=ORIENTED_EDGE('',*,*,#5712,.T.);
#2919=ORIENTED_EDGE('',*,*,#5713,.T.);
#2920=ORIENTED_EDGE('',*,*,#5714,.T.);
#2921=ORIENTED_EDGE('',*,*,#5715,.T.);
#2922=ORIENTED_EDGE('',*,*,#5716,.T.);
#2923=ORIENTED_EDGE('',*,*,#5717,.T.);
#2924=ORIENTED_EDGE('',*,*,#5718,.T.);
#2925=ORIENTED_EDGE('',*,*,#5719,.T.);
#2926=ORIENTED_EDGE('',*,*,#5720,.T.);
#2927=ORIENTED_EDGE('',*,*,#5721,.F.);
#2928=ORIENTED_EDGE('',*,*,#5722,.F.);
#2929=ORIENTED_EDGE('',*,*,#5723,.T.);
#2930=ORIENTED_EDGE('',*,*,#5724,.T.);
#2931=ORIENTED_EDGE('',*,*,#5725,.T.);
#2932=ORIENTED_EDGE('',*,*,#5726,.T.);
#2933=ORIENTED_EDGE('',*,*,#5727,.T.);
#2934=ORIENTED_EDGE('',*,*,#5728,.T.);
#2935=ORIENTED_EDGE('',*,*,#5729,.T.);
#2936=ORIENTED_EDGE('',*,*,#5730,.T.);
#2937=ORIENTED_EDGE('',*,*,#5731,.T.);
#2938=ORIENTED_EDGE('',*,*,#5732,.T.);
#2939=ORIENTED_EDGE('',*,*,#5733,.T.);
#2940=ORIENTED_EDGE('',*,*,#5734,.T.);
#2941=ORIENTED_EDGE('',*,*,#5735,.T.);
#2942=ORIENTED_EDGE('',*,*,#5736,.T.);
#2943=ORIENTED_EDGE('',*,*,#5737,.T.);
#2944=ORIENTED_EDGE('',*,*,#5738,.T.);
#2945=ORIENTED_EDGE('',*,*,#5739,.T.);
#2946=ORIENTED_EDGE('',*,*,#5740,.T.);
#2947=ORIENTED_EDGE('',*,*,#5741,.T.);
#2948=ORIENTED_EDGE('',*,*,#5742,.T.);
#2949=ORIENTED_EDGE('',*,*,#5743,.T.);
#2950=ORIENTED_EDGE('',*,*,#5744,.T.);
#2951=ORIENTED_EDGE('',*,*,#5745,.T.);
#2952=ORIENTED_EDGE('',*,*,#5746,.T.);
#2953=ORIENTED_EDGE('',*,*,#5747,.T.);
#2954=ORIENTED_EDGE('',*,*,#5748,.T.);
#2955=ORIENTED_EDGE('',*,*,#5749,.T.);
#2956=ORIENTED_EDGE('',*,*,#5750,.T.);
#2957=ORIENTED_EDGE('',*,*,#5751,.T.);
#2958=ORIENTED_EDGE('',*,*,#5752,.T.);
#2959=ORIENTED_EDGE('',*,*,#5753,.T.);
#2960=ORIENTED_EDGE('',*,*,#5754,.T.);
#2961=ORIENTED_EDGE('',*,*,#5755,.T.);
#2962=ORIENTED_EDGE('',*,*,#5756,.T.);
#2963=ORIENTED_EDGE('',*,*,#5757,.T.);
#2964=ORIENTED_EDGE('',*,*,#5758,.T.);
#2965=ORIENTED_EDGE('',*,*,#5759,.T.);
#2966=ORIENTED_EDGE('',*,*,#5760,.T.);
#2967=ORIENTED_EDGE('',*,*,#5761,.T.);
#2968=ORIENTED_EDGE('',*,*,#5762,.T.);
#2969=ORIENTED_EDGE('',*,*,#5763,.T.);
#2970=ORIENTED_EDGE('',*,*,#5764,.T.);
#2971=ORIENTED_EDGE('',*,*,#5765,.T.);
#2972=ORIENTED_EDGE('',*,*,#5766,.T.);
#2973=ORIENTED_EDGE('',*,*,#5767,.T.);
#2974=ORIENTED_EDGE('',*,*,#5768,.T.);
#2975=ORIENTED_EDGE('',*,*,#5769,.T.);
#2976=ORIENTED_EDGE('',*,*,#5770,.T.);
#2977=ORIENTED_EDGE('',*,*,#5771,.T.);
#2978=ORIENTED_EDGE('',*,*,#5772,.T.);
#2979=ORIENTED_EDGE('',*,*,#5773,.T.);
#2980=ORIENTED_EDGE('',*,*,#5774,.T.);
#2981=ORIENTED_EDGE('',*,*,#5775,.T.);
#2982=ORIENTED_EDGE('',*,*,#5776,.T.);
#2983=ORIENTED_EDGE('',*,*,#5777,.T.);
#2984=ORIENTED_EDGE('',*,*,#5778,.T.);
#2985=ORIENTED_EDGE('',*,*,#5779,.T.);
#2986=ORIENTED_EDGE('',*,*,#5780,.T.);
#2987=ORIENTED_EDGE('',*,*,#5781,.T.);
#2988=ORIENTED_EDGE('',*,*,#5782,.T.);
#2989=ORIENTED_EDGE('',*,*,#5783,.T.);
#2990=ORIENTED_EDGE('',*,*,#5784,.T.);
#2991=ORIENTED_EDGE('',*,*,#5785,.T.);
#2992=ORIENTED_EDGE('',*,*,#5786,.T.);
#2993=ORIENTED_EDGE('',*,*,#5787,.T.);
#2994=ORIENTED_EDGE('',*,*,#5788,.T.);
#2995=ORIENTED_EDGE('',*,*,#5789,.T.);
#2996=ORIENTED_EDGE('',*,*,#5790,.T.);
#2997=ORIENTED_EDGE('',*,*,#5791,.T.);
#2998=ORIENTED_EDGE('',*,*,#5792,.T.);
#2999=ORIENTED_EDGE('',*,*,#5793,.T.);
#3000=ORIENTED_EDGE('',*,*,#5794,.T.);
#3001=ORIENTED_EDGE('',*,*,#5795,.T.);
#3002=ORIENTED_EDGE('',*,*,#5796,.T.);
#3003=ORIENTED_EDGE('',*,*,#5797,.T.);
#3004=ORIENTED_EDGE('',*,*,#5798,.T.);
#3005=ORIENTED_EDGE('',*,*,#5799,.T.);
#3006=ORIENTED_EDGE('',*,*,#5800,.T.);
#3007=ORIENTED_EDGE('',*,*,#5801,.T.);
#3008=ORIENTED_EDGE('',*,*,#5802,.T.);
#3009=ORIENTED_EDGE('',*,*,#5803,.T.);
#3010=ORIENTED_EDGE('',*,*,#5804,.T.);
#3011=ORIENTED_EDGE('',*,*,#5805,.T.);
#3012=ORIENTED_EDGE('',*,*,#5806,.F.);
#3013=ORIENTED_EDGE('',*,*,#5807,.T.);
#3014=ORIENTED_EDGE('',*,*,#5808,.T.);
#3015=ORIENTED_EDGE('',*,*,#5809,.F.);
#3016=ORIENTED_EDGE('',*,*,#5810,.F.);
#3017=ORIENTED_EDGE('',*,*,#5811,.F.);
#3018=ORIENTED_EDGE('',*,*,#5812,.F.);
#3019=ORIENTED_EDGE('',*,*,#5813,.F.);
#3020=ORIENTED_EDGE('',*,*,#5814,.F.);
#3021=ORIENTED_EDGE('',*,*,#5815,.F.);
#3022=ORIENTED_EDGE('',*,*,#5816,.F.);
#3023=ORIENTED_EDGE('',*,*,#5817,.F.);
#3024=ORIENTED_EDGE('',*,*,#5818,.F.);
#3025=ORIENTED_EDGE('',*,*,#5819,.F.);
#3026=ORIENTED_EDGE('',*,*,#5820,.F.);
#3027=ORIENTED_EDGE('',*,*,#5821,.F.);
#3028=ORIENTED_EDGE('',*,*,#5822,.F.);
#3029=ORIENTED_EDGE('',*,*,#5823,.F.);
#3030=ORIENTED_EDGE('',*,*,#5824,.F.);
#3031=ORIENTED_EDGE('',*,*,#5825,.F.);
#3032=ORIENTED_EDGE('',*,*,#5826,.F.);
#3033=ORIENTED_EDGE('',*,*,#5827,.F.);
#3034=ORIENTED_EDGE('',*,*,#5828,.F.);
#3035=ORIENTED_EDGE('',*,*,#5829,.F.);
#3036=ORIENTED_EDGE('',*,*,#5830,.F.);
#3037=ORIENTED_EDGE('',*,*,#5831,.F.);
#3038=ORIENTED_EDGE('',*,*,#5832,.F.);
#3039=ORIENTED_EDGE('',*,*,#5833,.F.);
#3040=ORIENTED_EDGE('',*,*,#5834,.F.);
#3041=ORIENTED_EDGE('',*,*,#5835,.F.);
#3042=ORIENTED_EDGE('',*,*,#5836,.F.);
#3043=ORIENTED_EDGE('',*,*,#5837,.F.);
#3044=ORIENTED_EDGE('',*,*,#5838,.F.);
#3045=ORIENTED_EDGE('',*,*,#5839,.F.);
#3046=ORIENTED_EDGE('',*,*,#5840,.F.);
#3047=ORIENTED_EDGE('',*,*,#5841,.F.);
#3048=ORIENTED_EDGE('',*,*,#5842,.F.);
#3049=ORIENTED_EDGE('',*,*,#5843,.F.);
#3050=ORIENTED_EDGE('',*,*,#5844,.F.);
#3051=ORIENTED_EDGE('',*,*,#5845,.F.);
#3052=ORIENTED_EDGE('',*,*,#5846,.F.);
#3053=ORIENTED_EDGE('',*,*,#5847,.F.);
#3054=ORIENTED_EDGE('',*,*,#5848,.F.);
#3055=ORIENTED_EDGE('',*,*,#5849,.F.);
#3056=ORIENTED_EDGE('',*,*,#5850,.F.);
#3057=ORIENTED_EDGE('',*,*,#5851,.F.);
#3058=ORIENTED_EDGE('',*,*,#5852,.F.);
#3059=ORIENTED_EDGE('',*,*,#5853,.F.);
#3060=ORIENTED_EDGE('',*,*,#5854,.F.);
#3061=ORIENTED_EDGE('',*,*,#5855,.F.);
#3062=ORIENTED_EDGE('',*,*,#5856,.F.);
#3063=ORIENTED_EDGE('',*,*,#5857,.F.);
#3064=ORIENTED_EDGE('',*,*,#5858,.F.);
#3065=ORIENTED_EDGE('',*,*,#5859,.F.);
#3066=ORIENTED_EDGE('',*,*,#5860,.F.);
#3067=ORIENTED_EDGE('',*,*,#5861,.F.);
#3068=ORIENTED_EDGE('',*,*,#5862,.F.);
#3069=ORIENTED_EDGE('',*,*,#5863,.F.);
#3070=ORIENTED_EDGE('',*,*,#5864,.F.);
#3071=ORIENTED_EDGE('',*,*,#5865,.F.);
#3072=ORIENTED_EDGE('',*,*,#5866,.F.);
#3073=ORIENTED_EDGE('',*,*,#5867,.F.);
#3074=ORIENTED_EDGE('',*,*,#5868,.F.);
#3075=ORIENTED_EDGE('',*,*,#5869,.F.);
#3076=ORIENTED_EDGE('',*,*,#5870,.F.);
#3077=ORIENTED_EDGE('',*,*,#5871,.F.);
#3078=ORIENTED_EDGE('',*,*,#5872,.F.);
#3079=ORIENTED_EDGE('',*,*,#5873,.F.);
#3080=ORIENTED_EDGE('',*,*,#5874,.F.);
#3081=ORIENTED_EDGE('',*,*,#5875,.F.);
#3082=ORIENTED_EDGE('',*,*,#5876,.F.);
#3083=ORIENTED_EDGE('',*,*,#5877,.F.);
#3084=ORIENTED_EDGE('',*,*,#5878,.F.);
#3085=ORIENTED_EDGE('',*,*,#5879,.F.);
#3086=ORIENTED_EDGE('',*,*,#5880,.F.);
#3087=ORIENTED_EDGE('',*,*,#5881,.F.);
#3088=ORIENTED_EDGE('',*,*,#5882,.F.);
#3089=ORIENTED_EDGE('',*,*,#5883,.F.);
#3090=ORIENTED_EDGE('',*,*,#5884,.F.);
#3091=ORIENTED_EDGE('',*,*,#5885,.F.);
#3092=ORIENTED_EDGE('',*,*,#5886,.F.);
#3093=ORIENTED_EDGE('',*,*,#5887,.F.);
#3094=ORIENTED_EDGE('',*,*,#5888,.F.);
#3095=ORIENTED_EDGE('',*,*,#5889,.F.);
#3096=ORIENTED_EDGE('',*,*,#5890,.F.);
#3097=ORIENTED_EDGE('',*,*,#5891,.F.);
#3098=ORIENTED_EDGE('',*,*,#5892,.F.);
#3099=ORIENTED_EDGE('',*,*,#5893,.F.);
#3100=ORIENTED_EDGE('',*,*,#5894,.F.);
#3101=ORIENTED_EDGE('',*,*,#5895,.F.);
#3102=ORIENTED_EDGE('',*,*,#5896,.F.);
#3103=ORIENTED_EDGE('',*,*,#5897,.F.);
#3104=ORIENTED_EDGE('',*,*,#5898,.F.);
#3105=ORIENTED_EDGE('',*,*,#5899,.F.);
#3106=ORIENTED_EDGE('',*,*,#5900,.F.);
#3107=ORIENTED_EDGE('',*,*,#5901,.F.);
#3108=ORIENTED_EDGE('',*,*,#5902,.F.);
#3109=ORIENTED_EDGE('',*,*,#5903,.F.);
#3110=ORIENTED_EDGE('',*,*,#5904,.F.);
#3111=ORIENTED_EDGE('',*,*,#5905,.F.);
#3112=ORIENTED_EDGE('',*,*,#5906,.F.);
#3113=ORIENTED_EDGE('',*,*,#5907,.F.);
#3114=ORIENTED_EDGE('',*,*,#5908,.F.);
#3115=ORIENTED_EDGE('',*,*,#5909,.F.);
#3116=ORIENTED_EDGE('',*,*,#5910,.F.);
#3117=ORIENTED_EDGE('',*,*,#5911,.F.);
#3118=ORIENTED_EDGE('',*,*,#5912,.F.);
#3119=ORIENTED_EDGE('',*,*,#5913,.F.);
#3120=ORIENTED_EDGE('',*,*,#5914,.F.);
#3121=ORIENTED_EDGE('',*,*,#5915,.F.);
#3122=ORIENTED_EDGE('',*,*,#5916,.F.);
#3123=ORIENTED_EDGE('',*,*,#5917,.F.);
#3124=ORIENTED_EDGE('',*,*,#5918,.F.);
#3125=ORIENTED_EDGE('',*,*,#5919,.F.);
#3126=ORIENTED_EDGE('',*,*,#5920,.F.);
#3127=ORIENTED_EDGE('',*,*,#5921,.F.);
#3128=ORIENTED_EDGE('',*,*,#5922,.F.);
#3129=ORIENTED_EDGE('',*,*,#5923,.F.);
#3130=ORIENTED_EDGE('',*,*,#5924,.F.);
#3131=ORIENTED_EDGE('',*,*,#5925,.F.);
#3132=ORIENTED_EDGE('',*,*,#5926,.F.);
#3133=ORIENTED_EDGE('',*,*,#5927,.F.);
#3134=ORIENTED_EDGE('',*,*,#5928,.F.);
#3135=ORIENTED_EDGE('',*,*,#5929,.F.);
#3136=ORIENTED_EDGE('',*,*,#5930,.F.);
#3137=ORIENTED_EDGE('',*,*,#5931,.F.);
#3138=ORIENTED_EDGE('',*,*,#5932,.F.);
#3139=ORIENTED_EDGE('',*,*,#5933,.F.);
#3140=ORIENTED_EDGE('',*,*,#5934,.F.);
#3141=ORIENTED_EDGE('',*,*,#5935,.F.);
#3142=ORIENTED_EDGE('',*,*,#5936,.F.);
#3143=ORIENTED_EDGE('',*,*,#5937,.F.);
#3144=ORIENTED_EDGE('',*,*,#5938,.F.);
#3145=ORIENTED_EDGE('',*,*,#5939,.F.);
#3146=ORIENTED_EDGE('',*,*,#5940,.F.);
#3147=ORIENTED_EDGE('',*,*,#5941,.F.);
#3148=ORIENTED_EDGE('',*,*,#5942,.F.);
#3149=ORIENTED_EDGE('',*,*,#5943,.F.);
#3150=ORIENTED_EDGE('',*,*,#5944,.F.);
#3151=ORIENTED_EDGE('',*,*,#5945,.F.);
#3152=ORIENTED_EDGE('',*,*,#5946,.F.);
#3153=ORIENTED_EDGE('',*,*,#5947,.F.);
#3154=ORIENTED_EDGE('',*,*,#5948,.F.);
#3155=ORIENTED_EDGE('',*,*,#5949,.F.);
#3156=ORIENTED_EDGE('',*,*,#5950,.F.);
#3157=ORIENTED_EDGE('',*,*,#5951,.F.);
#3158=ORIENTED_EDGE('',*,*,#5952,.F.);
#3159=ORIENTED_EDGE('',*,*,#5953,.F.);
#3160=ORIENTED_EDGE('',*,*,#5954,.F.);
#3161=ORIENTED_EDGE('',*,*,#5955,.F.);
#3162=ORIENTED_EDGE('',*,*,#5956,.F.);
#3163=ORIENTED_EDGE('',*,*,#5957,.F.);
#3164=ORIENTED_EDGE('',*,*,#5958,.F.);
#3165=ORIENTED_EDGE('',*,*,#5959,.F.);
#3166=ORIENTED_EDGE('',*,*,#5960,.F.);
#3167=ORIENTED_EDGE('',*,*,#5961,.F.);
#3168=ORIENTED_EDGE('',*,*,#5962,.F.);
#3169=ORIENTED_EDGE('',*,*,#5963,.F.);
#3170=ORIENTED_EDGE('',*,*,#5964,.F.);
#3171=ORIENTED_EDGE('',*,*,#5965,.F.);
#3172=ORIENTED_EDGE('',*,*,#5966,.F.);
#3173=ORIENTED_EDGE('',*,*,#5967,.F.);
#3174=ORIENTED_EDGE('',*,*,#5968,.F.);
#3175=ORIENTED_EDGE('',*,*,#5969,.F.);
#3176=ORIENTED_EDGE('',*,*,#5970,.F.);
#3177=ORIENTED_EDGE('',*,*,#5971,.F.);
#3178=ORIENTED_EDGE('',*,*,#5972,.F.);
#3179=ORIENTED_EDGE('',*,*,#5973,.F.);
#3180=ORIENTED_EDGE('',*,*,#5974,.F.);
#3181=ORIENTED_EDGE('',*,*,#5975,.F.);
#3182=ORIENTED_EDGE('',*,*,#5976,.F.);
#3183=ORIENTED_EDGE('',*,*,#5977,.F.);
#3184=ORIENTED_EDGE('',*,*,#5978,.F.);
#3185=ORIENTED_EDGE('',*,*,#5979,.F.);
#3186=ORIENTED_EDGE('',*,*,#5980,.F.);
#3187=ORIENTED_EDGE('',*,*,#5981,.F.);
#3188=ORIENTED_EDGE('',*,*,#5982,.F.);
#3189=ORIENTED_EDGE('',*,*,#5983,.F.);
#3190=ORIENTED_EDGE('',*,*,#5984,.F.);
#3191=ORIENTED_EDGE('',*,*,#5985,.F.);
#3192=ORIENTED_EDGE('',*,*,#5986,.F.);
#3193=ORIENTED_EDGE('',*,*,#5987,.F.);
#3194=ORIENTED_EDGE('',*,*,#5988,.F.);
#3195=ORIENTED_EDGE('',*,*,#5989,.F.);
#3196=ORIENTED_EDGE('',*,*,#5990,.F.);
#3197=ORIENTED_EDGE('',*,*,#5991,.F.);
#3198=ORIENTED_EDGE('',*,*,#5992,.F.);
#3199=ORIENTED_EDGE('',*,*,#5993,.F.);
#3200=ORIENTED_EDGE('',*,*,#5994,.T.);
#3201=ORIENTED_EDGE('',*,*,#5995,.T.);
#3202=ORIENTED_EDGE('',*,*,#5996,.T.);
#3203=ORIENTED_EDGE('',*,*,#5997,.T.);
#3204=ORIENTED_EDGE('',*,*,#5998,.T.);
#3205=ORIENTED_EDGE('',*,*,#5999,.T.);
#3206=ORIENTED_EDGE('',*,*,#6000,.T.);
#3207=ORIENTED_EDGE('',*,*,#6001,.T.);
#3208=ORIENTED_EDGE('',*,*,#6002,.T.);
#3209=ORIENTED_EDGE('',*,*,#6003,.T.);
#3210=ORIENTED_EDGE('',*,*,#6004,.T.);
#3211=ORIENTED_EDGE('',*,*,#6005,.T.);
#3212=ORIENTED_EDGE('',*,*,#6006,.T.);
#3213=ORIENTED_EDGE('',*,*,#6007,.T.);
#3214=ORIENTED_EDGE('',*,*,#6008,.T.);
#3215=ORIENTED_EDGE('',*,*,#6009,.T.);
#3216=ORIENTED_EDGE('',*,*,#6010,.T.);
#3217=ORIENTED_EDGE('',*,*,#6011,.T.);
#3218=ORIENTED_EDGE('',*,*,#6012,.T.);
#3219=ORIENTED_EDGE('',*,*,#6013,.T.);
#3220=ORIENTED_EDGE('',*,*,#6014,.T.);
#3221=ORIENTED_EDGE('',*,*,#6015,.T.);
#3222=ORIENTED_EDGE('',*,*,#6016,.T.);
#3223=ORIENTED_EDGE('',*,*,#6017,.T.);
#3224=ORIENTED_EDGE('',*,*,#6018,.T.);
#3225=ORIENTED_EDGE('',*,*,#6019,.T.);
#3226=ORIENTED_EDGE('',*,*,#6020,.T.);
#3227=ORIENTED_EDGE('',*,*,#6021,.T.);
#3228=ORIENTED_EDGE('',*,*,#6022,.T.);
#3229=ORIENTED_EDGE('',*,*,#6023,.T.);
#3230=ORIENTED_EDGE('',*,*,#6024,.T.);
#3231=ORIENTED_EDGE('',*,*,#6025,.T.);
#3232=ORIENTED_EDGE('',*,*,#6026,.T.);
#3233=ORIENTED_EDGE('',*,*,#6027,.T.);
#3234=ORIENTED_EDGE('',*,*,#6028,.T.);
#3235=ORIENTED_EDGE('',*,*,#6029,.T.);
#3236=ORIENTED_EDGE('',*,*,#6030,.T.);
#3237=ORIENTED_EDGE('',*,*,#6031,.T.);
#3238=ORIENTED_EDGE('',*,*,#6032,.T.);
#3239=ORIENTED_EDGE('',*,*,#6033,.T.);
#3240=ORIENTED_EDGE('',*,*,#6034,.T.);
#3241=ORIENTED_EDGE('',*,*,#6035,.T.);
#3242=ORIENTED_EDGE('',*,*,#6036,.T.);
#3243=ORIENTED_EDGE('',*,*,#6037,.T.);
#3244=ORIENTED_EDGE('',*,*,#6038,.T.);
#3245=ORIENTED_EDGE('',*,*,#6039,.T.);
#3246=ORIENTED_EDGE('',*,*,#6040,.T.);
#3247=ORIENTED_EDGE('',*,*,#6041,.T.);
#3248=ORIENTED_EDGE('',*,*,#6042,.T.);
#3249=ORIENTED_EDGE('',*,*,#6043,.T.);
#3250=ORIENTED_EDGE('',*,*,#6044,.T.);
#3251=ORIENTED_EDGE('',*,*,#6045,.F.);
#3252=ORIENTED_EDGE('',*,*,#6046,.T.);
#3253=ORIENTED_EDGE('',*,*,#6047,.T.);
#3254=ORIENTED_EDGE('',*,*,#6048,.F.);
#3255=ORIENTED_EDGE('',*,*,#6049,.F.);
#3256=ORIENTED_EDGE('',*,*,#6050,.F.);
#3257=ORIENTED_EDGE('',*,*,#6051,.F.);
#3258=ORIENTED_EDGE('',*,*,#6052,.F.);
#3259=ORIENTED_EDGE('',*,*,#6053,.F.);
#3260=ORIENTED_EDGE('',*,*,#6054,.F.);
#3261=ORIENTED_EDGE('',*,*,#6055,.F.);
#3262=ORIENTED_EDGE('',*,*,#6056,.F.);
#3263=ORIENTED_EDGE('',*,*,#6057,.F.);
#3264=ORIENTED_EDGE('',*,*,#6058,.F.);
#3265=ORIENTED_EDGE('',*,*,#6059,.F.);
#3266=ORIENTED_EDGE('',*,*,#6060,.F.);
#3267=ORIENTED_EDGE('',*,*,#6061,.F.);
#3268=ORIENTED_EDGE('',*,*,#6062,.F.);
#3269=ORIENTED_EDGE('',*,*,#6063,.F.);
#3270=ORIENTED_EDGE('',*,*,#6064,.F.);
#3271=ORIENTED_EDGE('',*,*,#6065,.F.);
#3272=ORIENTED_EDGE('',*,*,#6066,.F.);
#3273=ORIENTED_EDGE('',*,*,#6067,.F.);
#3274=ORIENTED_EDGE('',*,*,#6068,.F.);
#3275=ORIENTED_EDGE('',*,*,#6069,.F.);
#3276=ORIENTED_EDGE('',*,*,#6070,.F.);
#3277=ORIENTED_EDGE('',*,*,#6071,.F.);
#3278=ORIENTED_EDGE('',*,*,#6072,.F.);
#3279=ORIENTED_EDGE('',*,*,#6073,.F.);
#3280=ORIENTED_EDGE('',*,*,#6074,.F.);
#3281=ORIENTED_EDGE('',*,*,#6075,.F.);
#3282=ORIENTED_EDGE('',*,*,#6076,.F.);
#3283=ORIENTED_EDGE('',*,*,#6077,.F.);
#3284=ORIENTED_EDGE('',*,*,#6078,.F.);
#3285=ORIENTED_EDGE('',*,*,#6079,.F.);
#3286=ORIENTED_EDGE('',*,*,#6080,.F.);
#3287=ORIENTED_EDGE('',*,*,#6081,.F.);
#3288=ORIENTED_EDGE('',*,*,#6082,.F.);
#3289=ORIENTED_EDGE('',*,*,#6083,.F.);
#3290=ORIENTED_EDGE('',*,*,#6084,.F.);
#3291=ORIENTED_EDGE('',*,*,#6085,.F.);
#3292=ORIENTED_EDGE('',*,*,#6086,.F.);
#3293=ORIENTED_EDGE('',*,*,#6087,.F.);
#3294=ORIENTED_EDGE('',*,*,#6088,.F.);
#3295=ORIENTED_EDGE('',*,*,#6089,.F.);
#3296=ORIENTED_EDGE('',*,*,#6090,.F.);
#3297=ORIENTED_EDGE('',*,*,#6091,.F.);
#3298=ORIENTED_EDGE('',*,*,#6092,.F.);
#3299=ORIENTED_EDGE('',*,*,#6093,.F.);
#3300=ORIENTED_EDGE('',*,*,#6094,.F.);
#3301=ORIENTED_EDGE('',*,*,#6095,.F.);
#3302=ORIENTED_EDGE('',*,*,#6096,.F.);
#3303=ORIENTED_EDGE('',*,*,#6097,.F.);
#3304=ORIENTED_EDGE('',*,*,#6098,.F.);
#3305=ORIENTED_EDGE('',*,*,#6099,.F.);
#3306=ORIENTED_EDGE('',*,*,#6100,.T.);
#3307=ORIENTED_EDGE('',*,*,#6101,.T.);
#3308=ORIENTED_EDGE('',*,*,#6102,.T.);
#3309=ORIENTED_EDGE('',*,*,#6103,.T.);
#3310=ORIENTED_EDGE('',*,*,#6104,.T.);
#3311=ORIENTED_EDGE('',*,*,#6105,.T.);
#3312=ORIENTED_EDGE('',*,*,#6106,.T.);
#3313=ORIENTED_EDGE('',*,*,#6107,.T.);
#3314=ORIENTED_EDGE('',*,*,#6108,.T.);
#3315=ORIENTED_EDGE('',*,*,#6109,.T.);
#3316=ORIENTED_EDGE('',*,*,#6110,.T.);
#3317=ORIENTED_EDGE('',*,*,#6111,.T.);
#3318=ORIENTED_EDGE('',*,*,#6112,.T.);
#3319=ORIENTED_EDGE('',*,*,#6113,.T.);
#3320=ORIENTED_EDGE('',*,*,#6114,.T.);
#3321=ORIENTED_EDGE('',*,*,#6115,.T.);
#3322=ORIENTED_EDGE('',*,*,#6116,.T.);
#3323=ORIENTED_EDGE('',*,*,#6117,.T.);
#3324=ORIENTED_EDGE('',*,*,#6118,.T.);
#3325=ORIENTED_EDGE('',*,*,#6119,.T.);
#3326=ORIENTED_EDGE('',*,*,#6120,.T.);
#3327=ORIENTED_EDGE('',*,*,#6121,.T.);
#3328=ORIENTED_EDGE('',*,*,#6122,.T.);
#3329=ORIENTED_EDGE('',*,*,#6123,.T.);
#3330=ORIENTED_EDGE('',*,*,#6124,.T.);
#3331=ORIENTED_EDGE('',*,*,#6125,.T.);
#3332=ORIENTED_EDGE('',*,*,#6126,.T.);
#3333=ORIENTED_EDGE('',*,*,#6127,.T.);
#3334=ORIENTED_EDGE('',*,*,#6128,.T.);
#3335=ORIENTED_EDGE('',*,*,#6129,.T.);
#3336=ORIENTED_EDGE('',*,*,#6130,.T.);
#3337=ORIENTED_EDGE('',*,*,#6131,.T.);
#3338=ORIENTED_EDGE('',*,*,#6132,.T.);
#3339=ORIENTED_EDGE('',*,*,#6133,.T.);
#3340=ORIENTED_EDGE('',*,*,#6134,.T.);
#3341=ORIENTED_EDGE('',*,*,#6135,.T.);
#3342=ORIENTED_EDGE('',*,*,#6136,.T.);
#3343=ORIENTED_EDGE('',*,*,#6137,.T.);
#3344=ORIENTED_EDGE('',*,*,#6138,.T.);
#3345=ORIENTED_EDGE('',*,*,#6139,.T.);
#3346=ORIENTED_EDGE('',*,*,#6140,.T.);
#3347=ORIENTED_EDGE('',*,*,#6141,.T.);
#3348=ORIENTED_EDGE('',*,*,#6142,.T.);
#3349=ORIENTED_EDGE('',*,*,#6143,.T.);
#3350=ORIENTED_EDGE('',*,*,#6144,.T.);
#3351=ORIENTED_EDGE('',*,*,#6145,.T.);
#3352=ORIENTED_EDGE('',*,*,#6146,.T.);
#3353=ORIENTED_EDGE('',*,*,#6147,.T.);
#3354=ORIENTED_EDGE('',*,*,#6148,.T.);
#3355=ORIENTED_EDGE('',*,*,#6149,.T.);
#3356=ORIENTED_EDGE('',*,*,#6150,.T.);
#3357=ORIENTED_EDGE('',*,*,#6151,.T.);
#3358=ORIENTED_EDGE('',*,*,#6152,.T.);
#3359=ORIENTED_EDGE('',*,*,#6153,.T.);
#3360=ORIENTED_EDGE('',*,*,#6154,.T.);
#3361=ORIENTED_EDGE('',*,*,#6155,.T.);
#3362=ORIENTED_EDGE('',*,*,#6156,.T.);
#3363=ORIENTED_EDGE('',*,*,#6157,.T.);
#3364=ORIENTED_EDGE('',*,*,#6158,.T.);
#3365=ORIENTED_EDGE('',*,*,#6159,.T.);
#3366=ORIENTED_EDGE('',*,*,#6160,.T.);
#3367=ORIENTED_EDGE('',*,*,#6161,.T.);
#3368=ORIENTED_EDGE('',*,*,#6162,.T.);
#3369=ORIENTED_EDGE('',*,*,#6163,.T.);
#3370=ORIENTED_EDGE('',*,*,#6164,.T.);
#3371=ORIENTED_EDGE('',*,*,#6165,.T.);
#3372=ORIENTED_EDGE('',*,*,#6166,.T.);
#3373=ORIENTED_EDGE('',*,*,#6167,.T.);
#3374=ORIENTED_EDGE('',*,*,#6168,.T.);
#3375=ORIENTED_EDGE('',*,*,#6169,.T.);
#3376=ORIENTED_EDGE('',*,*,#6170,.T.);
#3377=ORIENTED_EDGE('',*,*,#6171,.T.);
#3378=ORIENTED_EDGE('',*,*,#6172,.T.);
#3379=ORIENTED_EDGE('',*,*,#6173,.T.);
#3380=ORIENTED_EDGE('',*,*,#6174,.T.);
#3381=ORIENTED_EDGE('',*,*,#6175,.T.);
#3382=ORIENTED_EDGE('',*,*,#6176,.T.);
#3383=ORIENTED_EDGE('',*,*,#6177,.T.);
#3384=ORIENTED_EDGE('',*,*,#6178,.T.);
#3385=ORIENTED_EDGE('',*,*,#6179,.T.);
#3386=ORIENTED_EDGE('',*,*,#6180,.T.);
#3387=ORIENTED_EDGE('',*,*,#6181,.T.);
#3388=ORIENTED_EDGE('',*,*,#6182,.T.);
#3389=ORIENTED_EDGE('',*,*,#6183,.T.);
#3390=ORIENTED_EDGE('',*,*,#6184,.T.);
#3391=ORIENTED_EDGE('',*,*,#6185,.T.);
#3392=ORIENTED_EDGE('',*,*,#6186,.T.);
#3393=ORIENTED_EDGE('',*,*,#6187,.T.);
#3394=ORIENTED_EDGE('',*,*,#6188,.T.);
#3395=ORIENTED_EDGE('',*,*,#6189,.T.);
#3396=ORIENTED_EDGE('',*,*,#6190,.T.);
#3397=ORIENTED_EDGE('',*,*,#6191,.T.);
#3398=ORIENTED_EDGE('',*,*,#6192,.T.);
#3399=ORIENTED_EDGE('',*,*,#6193,.T.);
#3400=ORIENTED_EDGE('',*,*,#6194,.T.);
#3401=ORIENTED_EDGE('',*,*,#6195,.T.);
#3402=ORIENTED_EDGE('',*,*,#6196,.T.);
#3403=ORIENTED_EDGE('',*,*,#6197,.T.);
#3404=ORIENTED_EDGE('',*,*,#6198,.T.);
#3405=ORIENTED_EDGE('',*,*,#6199,.T.);
#3406=ORIENTED_EDGE('',*,*,#6200,.T.);
#3407=ORIENTED_EDGE('',*,*,#6201,.T.);
#3408=ORIENTED_EDGE('',*,*,#6202,.T.);
#3409=ORIENTED_EDGE('',*,*,#6203,.T.);
#3410=ORIENTED_EDGE('',*,*,#6204,.T.);
#3411=ORIENTED_EDGE('',*,*,#6205,.T.);
#3412=ORIENTED_EDGE('',*,*,#6206,.T.);
#3413=ORIENTED_EDGE('',*,*,#6207,.T.);
#3414=ORIENTED_EDGE('',*,*,#6208,.T.);
#3415=ORIENTED_EDGE('',*,*,#6209,.T.);
#3416=ORIENTED_EDGE('',*,*,#6210,.T.);
#3417=ORIENTED_EDGE('',*,*,#6211,.T.);
#3418=ORIENTED_EDGE('',*,*,#6212,.T.);
#3419=ORIENTED_EDGE('',*,*,#6213,.T.);
#3420=ORIENTED_EDGE('',*,*,#6214,.T.);
#3421=ORIENTED_EDGE('',*,*,#6215,.T.);
#3422=ORIENTED_EDGE('',*,*,#6216,.T.);
#3423=ORIENTED_EDGE('',*,*,#6217,.T.);
#3424=ORIENTED_EDGE('',*,*,#6218,.T.);
#3425=ORIENTED_EDGE('',*,*,#6219,.T.);
#3426=ORIENTED_EDGE('',*,*,#6220,.T.);
#3427=ORIENTED_EDGE('',*,*,#6221,.T.);
#3428=ORIENTED_EDGE('',*,*,#6222,.T.);
#3429=ORIENTED_EDGE('',*,*,#6223,.T.);
#3430=ORIENTED_EDGE('',*,*,#6224,.T.);
#3431=ORIENTED_EDGE('',*,*,#6225,.T.);
#3432=ORIENTED_EDGE('',*,*,#6226,.T.);
#3433=ORIENTED_EDGE('',*,*,#6227,.T.);
#3434=ORIENTED_EDGE('',*,*,#6228,.T.);
#3435=ORIENTED_EDGE('',*,*,#6229,.T.);
#3436=ORIENTED_EDGE('',*,*,#6230,.T.);
#3437=ORIENTED_EDGE('',*,*,#6231,.T.);
#3438=ORIENTED_EDGE('',*,*,#6232,.T.);
#3439=ORIENTED_EDGE('',*,*,#6233,.T.);
#3440=ORIENTED_EDGE('',*,*,#6234,.T.);
#3441=ORIENTED_EDGE('',*,*,#6235,.T.);
#3442=ORIENTED_EDGE('',*,*,#6236,.T.);
#3443=ORIENTED_EDGE('',*,*,#6237,.T.);
#3444=ORIENTED_EDGE('',*,*,#6238,.T.);
#3445=ORIENTED_EDGE('',*,*,#6239,.T.);
#3446=ORIENTED_EDGE('',*,*,#6240,.T.);
#3447=ORIENTED_EDGE('',*,*,#6241,.T.);
#3448=ORIENTED_EDGE('',*,*,#6242,.T.);
#3449=ORIENTED_EDGE('',*,*,#6243,.T.);
#3450=ORIENTED_EDGE('',*,*,#6244,.T.);
#3451=ORIENTED_EDGE('',*,*,#6245,.T.);
#3452=ORIENTED_EDGE('',*,*,#6246,.T.);
#3453=ORIENTED_EDGE('',*,*,#6247,.T.);
#3454=ORIENTED_EDGE('',*,*,#6248,.T.);
#3455=ORIENTED_EDGE('',*,*,#6249,.T.);
#3456=ORIENTED_EDGE('',*,*,#6250,.T.);
#3457=ORIENTED_EDGE('',*,*,#6251,.T.);
#3458=ORIENTED_EDGE('',*,*,#6252,.T.);
#3459=ORIENTED_EDGE('',*,*,#6253,.T.);
#3460=ORIENTED_EDGE('',*,*,#6254,.T.);
#3461=ORIENTED_EDGE('',*,*,#6255,.T.);
#3462=ORIENTED_EDGE('',*,*,#6256,.T.);
#3463=ORIENTED_EDGE('',*,*,#6257,.T.);
#3464=ORIENTED_EDGE('',*,*,#6258,.T.);
#3465=ORIENTED_EDGE('',*,*,#6259,.T.);
#3466=ORIENTED_EDGE('',*,*,#6260,.T.);
#3467=ORIENTED_EDGE('',*,*,#6261,.T.);
#3468=ORIENTED_EDGE('',*,*,#6262,.T.);
#3469=ORIENTED_EDGE('',*,*,#6263,.T.);
#3470=ORIENTED_EDGE('',*,*,#6264,.T.);
#3471=ORIENTED_EDGE('',*,*,#6265,.T.);
#3472=ORIENTED_EDGE('',*,*,#6266,.T.);
#3473=ORIENTED_EDGE('',*,*,#6267,.T.);
#3474=ORIENTED_EDGE('',*,*,#6268,.T.);
#3475=ORIENTED_EDGE('',*,*,#6269,.T.);
#3476=ORIENTED_EDGE('',*,*,#6270,.T.);
#3477=ORIENTED_EDGE('',*,*,#6271,.T.);
#3478=ORIENTED_EDGE('',*,*,#6272,.T.);
#3479=ORIENTED_EDGE('',*,*,#6273,.T.);
#3480=ORIENTED_EDGE('',*,*,#6274,.T.);
#3481=ORIENTED_EDGE('',*,*,#6275,.T.);
#3482=ORIENTED_EDGE('',*,*,#6276,.T.);
#3483=ORIENTED_EDGE('',*,*,#6277,.T.);
#3484=ORIENTED_EDGE('',*,*,#6278,.T.);
#3485=ORIENTED_EDGE('',*,*,#6279,.T.);
#3486=ORIENTED_EDGE('',*,*,#6280,.T.);
#3487=ORIENTED_EDGE('',*,*,#6281,.T.);
#3488=ORIENTED_EDGE('',*,*,#6282,.T.);
#3489=ORIENTED_EDGE('',*,*,#6283,.T.);
#3490=ORIENTED_EDGE('',*,*,#6284,.T.);
#3491=ORIENTED_EDGE('',*,*,#6285,.T.);
#3492=ORIENTED_EDGE('',*,*,#6286,.T.);
#3493=ORIENTED_EDGE('',*,*,#6287,.F.);
#3494=ORIENTED_EDGE('',*,*,#6288,.T.);
#3495=ORIENTED_EDGE('',*,*,#6289,.F.);
#3496=ORIENTED_EDGE('',*,*,#6290,.T.);
#3497=ORIENTED_EDGE('',*,*,#6291,.F.);
#3498=ORIENTED_EDGE('',*,*,#6292,.F.);
#3499=ORIENTED_EDGE('',*,*,#6293,.F.);
#3500=ORIENTED_EDGE('',*,*,#6294,.F.);
#3501=ORIENTED_EDGE('',*,*,#6295,.F.);
#3502=ORIENTED_EDGE('',*,*,#6296,.F.);
#3503=ORIENTED_EDGE('',*,*,#6297,.F.);
#3504=ORIENTED_EDGE('',*,*,#6298,.F.);
#3505=ORIENTED_EDGE('',*,*,#6299,.F.);
#3506=ORIENTED_EDGE('',*,*,#6300,.F.);
#3507=ORIENTED_EDGE('',*,*,#6301,.F.);
#3508=ORIENTED_EDGE('',*,*,#6302,.F.);
#3509=ORIENTED_EDGE('',*,*,#6303,.F.);
#3510=ORIENTED_EDGE('',*,*,#6304,.F.);
#3511=ORIENTED_EDGE('',*,*,#6305,.F.);
#3512=ORIENTED_EDGE('',*,*,#6306,.F.);
#3513=ORIENTED_EDGE('',*,*,#6307,.F.);
#3514=ORIENTED_EDGE('',*,*,#6308,.F.);
#3515=ORIENTED_EDGE('',*,*,#6309,.F.);
#3516=ORIENTED_EDGE('',*,*,#6310,.F.);
#3517=ORIENTED_EDGE('',*,*,#6311,.F.);
#3518=ORIENTED_EDGE('',*,*,#6312,.F.);
#3519=ORIENTED_EDGE('',*,*,#6313,.F.);
#3520=ORIENTED_EDGE('',*,*,#6314,.F.);
#3521=ORIENTED_EDGE('',*,*,#6315,.F.);
#3522=ORIENTED_EDGE('',*,*,#6316,.F.);
#3523=ORIENTED_EDGE('',*,*,#6317,.F.);
#3524=ORIENTED_EDGE('',*,*,#6318,.F.);
#3525=ORIENTED_EDGE('',*,*,#6319,.F.);
#3526=ORIENTED_EDGE('',*,*,#6320,.F.);
#3527=ORIENTED_EDGE('',*,*,#6321,.F.);
#3528=ORIENTED_EDGE('',*,*,#6322,.F.);
#3529=ORIENTED_EDGE('',*,*,#6323,.F.);
#3530=ORIENTED_EDGE('',*,*,#6324,.F.);
#3531=ORIENTED_EDGE('',*,*,#6325,.F.);
#3532=ORIENTED_EDGE('',*,*,#6326,.F.);
#3533=ORIENTED_EDGE('',*,*,#6327,.F.);
#3534=ORIENTED_EDGE('',*,*,#6328,.F.);
#3535=ORIENTED_EDGE('',*,*,#6329,.F.);
#3536=ORIENTED_EDGE('',*,*,#6330,.F.);
#3537=ORIENTED_EDGE('',*,*,#6331,.F.);
#3538=ORIENTED_EDGE('',*,*,#6332,.F.);
#3539=ORIENTED_EDGE('',*,*,#6333,.F.);
#3540=ORIENTED_EDGE('',*,*,#6334,.F.);
#3541=ORIENTED_EDGE('',*,*,#6335,.F.);
#3542=ORIENTED_EDGE('',*,*,#6336,.F.);
#3543=ORIENTED_EDGE('',*,*,#6337,.F.);
#3544=ORIENTED_EDGE('',*,*,#6338,.F.);
#3545=ORIENTED_EDGE('',*,*,#6339,.F.);
#3546=ORIENTED_EDGE('',*,*,#6340,.F.);
#3547=ORIENTED_EDGE('',*,*,#6341,.F.);
#3548=ORIENTED_EDGE('',*,*,#6342,.F.);
#3549=ORIENTED_EDGE('',*,*,#6343,.F.);
#3550=ORIENTED_EDGE('',*,*,#6344,.F.);
#3551=ORIENTED_EDGE('',*,*,#6345,.F.);
#3552=ORIENTED_EDGE('',*,*,#6346,.F.);
#3553=ORIENTED_EDGE('',*,*,#6347,.F.);
#3554=ORIENTED_EDGE('',*,*,#6348,.F.);
#3555=ORIENTED_EDGE('',*,*,#6349,.F.);
#3556=ORIENTED_EDGE('',*,*,#6350,.F.);
#3557=ORIENTED_EDGE('',*,*,#6351,.F.);
#3558=ORIENTED_EDGE('',*,*,#6352,.F.);
#3559=ORIENTED_EDGE('',*,*,#6353,.F.);
#3560=ORIENTED_EDGE('',*,*,#6354,.F.);
#3561=ORIENTED_EDGE('',*,*,#6355,.F.);
#3562=ORIENTED_EDGE('',*,*,#6356,.F.);
#3563=ORIENTED_EDGE('',*,*,#6357,.F.);
#3564=ORIENTED_EDGE('',*,*,#6358,.F.);
#3565=ORIENTED_EDGE('',*,*,#6359,.F.);
#3566=ORIENTED_EDGE('',*,*,#6360,.F.);
#3567=ORIENTED_EDGE('',*,*,#6361,.F.);
#3568=ORIENTED_EDGE('',*,*,#6362,.F.);
#3569=ORIENTED_EDGE('',*,*,#6363,.F.);
#3570=ORIENTED_EDGE('',*,*,#6364,.F.);
#3571=ORIENTED_EDGE('',*,*,#6365,.F.);
#3572=ORIENTED_EDGE('',*,*,#6366,.F.);
#3573=ORIENTED_EDGE('',*,*,#6367,.F.);
#3574=ORIENTED_EDGE('',*,*,#6368,.F.);
#3575=ORIENTED_EDGE('',*,*,#6369,.F.);
#3576=ORIENTED_EDGE('',*,*,#6370,.F.);
#3577=ORIENTED_EDGE('',*,*,#6371,.F.);
#3578=ORIENTED_EDGE('',*,*,#6372,.F.);
#3579=ORIENTED_EDGE('',*,*,#6373,.F.);
#3580=ORIENTED_EDGE('',*,*,#6374,.T.);
#3581=ORIENTED_EDGE('',*,*,#6375,.T.);
#3582=ORIENTED_EDGE('',*,*,#6376,.F.);
#3583=ORIENTED_EDGE('',*,*,#6377,.F.);
#3584=ORIENTED_EDGE('',*,*,#6378,.F.);
#3585=ORIENTED_EDGE('',*,*,#6379,.F.);
#3586=ORIENTED_EDGE('',*,*,#6380,.F.);
#3587=ORIENTED_EDGE('',*,*,#6381,.F.);
#3588=ORIENTED_EDGE('',*,*,#6382,.F.);
#3589=ORIENTED_EDGE('',*,*,#6383,.F.);
#3590=ORIENTED_EDGE('',*,*,#6384,.F.);
#3591=ORIENTED_EDGE('',*,*,#6385,.F.);
#3592=ORIENTED_EDGE('',*,*,#6386,.F.);
#3593=ORIENTED_EDGE('',*,*,#6387,.F.);
#3594=ORIENTED_EDGE('',*,*,#6388,.F.);
#3595=ORIENTED_EDGE('',*,*,#6389,.F.);
#3596=ORIENTED_EDGE('',*,*,#6390,.F.);
#3597=ORIENTED_EDGE('',*,*,#6391,.F.);
#3598=ORIENTED_EDGE('',*,*,#6392,.F.);
#3599=ORIENTED_EDGE('',*,*,#6393,.F.);
#3600=ORIENTED_EDGE('',*,*,#6394,.F.);
#3601=ORIENTED_EDGE('',*,*,#6395,.F.);
#3602=ORIENTED_EDGE('',*,*,#6396,.F.);
#3603=ORIENTED_EDGE('',*,*,#6397,.F.);
#3604=ORIENTED_EDGE('',*,*,#6398,.F.);
#3605=ORIENTED_EDGE('',*,*,#6399,.F.);
#3606=ORIENTED_EDGE('',*,*,#6400,.F.);
#3607=ORIENTED_EDGE('',*,*,#6401,.F.);
#3608=ORIENTED_EDGE('',*,*,#6402,.F.);
#3609=ORIENTED_EDGE('',*,*,#6403,.F.);
#3610=ORIENTED_EDGE('',*,*,#6404,.F.);
#3611=ORIENTED_EDGE('',*,*,#6405,.F.);
#3612=ORIENTED_EDGE('',*,*,#6406,.F.);
#3613=ORIENTED_EDGE('',*,*,#6407,.F.);
#3614=ORIENTED_EDGE('',*,*,#6408,.F.);
#3615=ORIENTED_EDGE('',*,*,#6409,.F.);
#3616=ORIENTED_EDGE('',*,*,#6410,.F.);
#3617=ORIENTED_EDGE('',*,*,#6411,.F.);
#3618=ORIENTED_EDGE('',*,*,#6412,.F.);
#3619=ORIENTED_EDGE('',*,*,#6413,.F.);
#3620=ORIENTED_EDGE('',*,*,#6414,.F.);
#3621=ORIENTED_EDGE('',*,*,#6415,.F.);
#3622=ORIENTED_EDGE('',*,*,#6416,.F.);
#3623=ORIENTED_EDGE('',*,*,#6417,.F.);
#3624=ORIENTED_EDGE('',*,*,#6418,.F.);
#3625=ORIENTED_EDGE('',*,*,#6419,.F.);
#3626=ORIENTED_EDGE('',*,*,#6420,.F.);
#3627=ORIENTED_EDGE('',*,*,#6421,.F.);
#3628=ORIENTED_EDGE('',*,*,#6422,.F.);
#3629=ORIENTED_EDGE('',*,*,#6423,.F.);
#3630=ORIENTED_EDGE('',*,*,#6424,.F.);
#3631=ORIENTED_EDGE('',*,*,#6425,.F.);
#3632=ORIENTED_EDGE('',*,*,#6426,.F.);
#3633=ORIENTED_EDGE('',*,*,#6427,.F.);
#3634=ORIENTED_EDGE('',*,*,#6428,.F.);
#3635=ORIENTED_EDGE('',*,*,#6429,.F.);
#3636=ORIENTED_EDGE('',*,*,#6430,.F.);
#3637=ORIENTED_EDGE('',*,*,#6431,.F.);
#3638=ORIENTED_EDGE('',*,*,#6432,.F.);
#3639=ORIENTED_EDGE('',*,*,#6433,.F.);
#3640=ORIENTED_EDGE('',*,*,#6434,.F.);
#3641=ORIENTED_EDGE('',*,*,#6435,.F.);
#3642=ORIENTED_EDGE('',*,*,#6436,.F.);
#3643=ORIENTED_EDGE('',*,*,#6437,.F.);
#3644=ORIENTED_EDGE('',*,*,#6438,.F.);
#3645=ORIENTED_EDGE('',*,*,#6439,.F.);
#3646=ORIENTED_EDGE('',*,*,#6440,.F.);
#3647=ORIENTED_EDGE('',*,*,#6441,.F.);
#3648=ORIENTED_EDGE('',*,*,#6442,.F.);
#3649=ORIENTED_EDGE('',*,*,#6443,.F.);
#3650=ORIENTED_EDGE('',*,*,#6444,.F.);
#3651=ORIENTED_EDGE('',*,*,#6445,.F.);
#3652=ORIENTED_EDGE('',*,*,#6446,.F.);
#3653=ORIENTED_EDGE('',*,*,#6447,.F.);
#3654=ORIENTED_EDGE('',*,*,#6448,.F.);
#3655=ORIENTED_EDGE('',*,*,#6449,.F.);
#3656=ORIENTED_EDGE('',*,*,#6450,.F.);
#3657=ORIENTED_EDGE('',*,*,#6451,.F.);
#3658=ORIENTED_EDGE('',*,*,#6452,.F.);
#3659=ORIENTED_EDGE('',*,*,#6453,.F.);
#3660=ORIENTED_EDGE('',*,*,#6454,.F.);
#3661=ORIENTED_EDGE('',*,*,#6455,.F.);
#3662=ORIENTED_EDGE('',*,*,#6456,.F.);
#3663=ORIENTED_EDGE('',*,*,#6457,.F.);
#3664=ORIENTED_EDGE('',*,*,#6458,.F.);
#3665=ORIENTED_EDGE('',*,*,#6459,.F.);
#3666=ORIENTED_EDGE('',*,*,#6460,.F.);
#3667=ORIENTED_EDGE('',*,*,#6461,.F.);
#3668=ORIENTED_EDGE('',*,*,#6462,.F.);
#3669=ORIENTED_EDGE('',*,*,#6463,.F.);
#3670=ORIENTED_EDGE('',*,*,#6464,.F.);
#3671=ORIENTED_EDGE('',*,*,#6465,.F.);
#3672=ORIENTED_EDGE('',*,*,#6466,.F.);
#3673=ORIENTED_EDGE('',*,*,#6467,.F.);
#3674=ORIENTED_EDGE('',*,*,#6468,.F.);
#3675=ORIENTED_EDGE('',*,*,#6469,.F.);
#3676=ORIENTED_EDGE('',*,*,#6470,.F.);
#3677=ORIENTED_EDGE('',*,*,#6471,.F.);
#3678=ORIENTED_EDGE('',*,*,#6472,.F.);
#3679=ORIENTED_EDGE('',*,*,#6473,.F.);
#3680=ORIENTED_EDGE('',*,*,#6474,.F.);
#3681=ORIENTED_EDGE('',*,*,#6475,.F.);
#3682=ORIENTED_EDGE('',*,*,#6476,.F.);
#3683=ORIENTED_EDGE('',*,*,#6477,.F.);
#3684=ORIENTED_EDGE('',*,*,#6478,.F.);
#3685=ORIENTED_EDGE('',*,*,#6479,.F.);
#3686=ORIENTED_EDGE('',*,*,#6480,.F.);
#3687=ORIENTED_EDGE('',*,*,#6481,.F.);
#3688=ORIENTED_EDGE('',*,*,#6482,.F.);
#3689=ORIENTED_EDGE('',*,*,#6483,.F.);
#3690=ORIENTED_EDGE('',*,*,#6484,.F.);
#3691=ORIENTED_EDGE('',*,*,#6485,.F.);
#3692=ORIENTED_EDGE('',*,*,#6486,.F.);
#3693=ORIENTED_EDGE('',*,*,#6487,.F.);
#3694=ORIENTED_EDGE('',*,*,#6488,.F.);
#3695=ORIENTED_EDGE('',*,*,#6489,.F.);
#3696=ORIENTED_EDGE('',*,*,#6490,.F.);
#3697=ORIENTED_EDGE('',*,*,#6491,.F.);
#3698=ORIENTED_EDGE('',*,*,#6492,.T.);
#3699=ORIENTED_EDGE('',*,*,#6493,.F.);
#3700=ORIENTED_EDGE('',*,*,#6494,.F.);
#3701=ORIENTED_EDGE('',*,*,#6495,.F.);
#3702=ORIENTED_EDGE('',*,*,#6496,.F.);
#3703=ORIENTED_EDGE('',*,*,#6497,.F.);
#3704=ORIENTED_EDGE('',*,*,#6498,.F.);
#3705=ORIENTED_EDGE('',*,*,#6499,.F.);
#3706=ORIENTED_EDGE('',*,*,#6500,.F.);
#3707=ORIENTED_EDGE('',*,*,#6501,.F.);
#3708=ORIENTED_EDGE('',*,*,#6502,.F.);
#3709=ORIENTED_EDGE('',*,*,#6503,.F.);
#3710=ORIENTED_EDGE('',*,*,#6504,.F.);
#3711=ORIENTED_EDGE('',*,*,#6505,.F.);
#3712=ORIENTED_EDGE('',*,*,#6506,.F.);
#3713=ORIENTED_EDGE('',*,*,#6507,.F.);
#3714=ORIENTED_EDGE('',*,*,#6508,.T.);
#3715=ORIENTED_EDGE('',*,*,#6509,.T.);
#3716=ORIENTED_EDGE('',*,*,#6510,.T.);
#3717=ORIENTED_EDGE('',*,*,#6511,.T.);
#3718=ORIENTED_EDGE('',*,*,#6512,.F.);
#3719=ORIENTED_EDGE('',*,*,#6513,.T.);
#3720=ORIENTED_EDGE('',*,*,#6514,.T.);
#3721=ORIENTED_EDGE('',*,*,#6515,.F.);
#3722=ORIENTED_EDGE('',*,*,#6049,.T.);
#3723=ORIENTED_EDGE('',*,*,#6516,.F.);
#3724=ORIENTED_EDGE('',*,*,#5994,.F.);
#3725=ORIENTED_EDGE('',*,*,#6517,.T.);
#3726=ORIENTED_EDGE('',*,*,#6099,.T.);
#3727=ORIENTED_EDGE('',*,*,#6518,.F.);
#3728=ORIENTED_EDGE('',*,*,#5995,.F.);
#3729=ORIENTED_EDGE('',*,*,#6516,.T.);
#3730=ORIENTED_EDGE('',*,*,#6098,.T.);
#3731=ORIENTED_EDGE('',*,*,#6519,.F.);
#3732=ORIENTED_EDGE('',*,*,#5996,.F.);
#3733=ORIENTED_EDGE('',*,*,#6518,.T.);
#3734=ORIENTED_EDGE('',*,*,#6097,.T.);
#3735=ORIENTED_EDGE('',*,*,#6520,.F.);
#3736=ORIENTED_EDGE('',*,*,#5997,.F.);
#3737=ORIENTED_EDGE('',*,*,#6519,.T.);
#3738=ORIENTED_EDGE('',*,*,#6096,.T.);
#3739=ORIENTED_EDGE('',*,*,#6521,.F.);
#3740=ORIENTED_EDGE('',*,*,#5998,.F.);
#3741=ORIENTED_EDGE('',*,*,#6520,.T.);
#3742=ORIENTED_EDGE('',*,*,#6095,.T.);
#3743=ORIENTED_EDGE('',*,*,#6522,.F.);
#3744=ORIENTED_EDGE('',*,*,#5999,.F.);
#3745=ORIENTED_EDGE('',*,*,#6521,.T.);
#3746=ORIENTED_EDGE('',*,*,#6094,.T.);
#3747=ORIENTED_EDGE('',*,*,#6523,.F.);
#3748=ORIENTED_EDGE('',*,*,#6000,.F.);
#3749=ORIENTED_EDGE('',*,*,#6522,.T.);
#3750=ORIENTED_EDGE('',*,*,#6093,.T.);
#3751=ORIENTED_EDGE('',*,*,#6524,.F.);
#3752=ORIENTED_EDGE('',*,*,#6001,.F.);
#3753=ORIENTED_EDGE('',*,*,#6523,.T.);
#3754=ORIENTED_EDGE('',*,*,#6092,.T.);
#3755=ORIENTED_EDGE('',*,*,#6525,.F.);
#3756=ORIENTED_EDGE('',*,*,#6002,.F.);
#3757=ORIENTED_EDGE('',*,*,#6524,.T.);
#3758=ORIENTED_EDGE('',*,*,#6091,.T.);
#3759=ORIENTED_EDGE('',*,*,#6526,.F.);
#3760=ORIENTED_EDGE('',*,*,#6003,.F.);
#3761=ORIENTED_EDGE('',*,*,#6525,.T.);
#3762=ORIENTED_EDGE('',*,*,#6090,.T.);
#3763=ORIENTED_EDGE('',*,*,#6527,.F.);
#3764=ORIENTED_EDGE('',*,*,#6004,.F.);
#3765=ORIENTED_EDGE('',*,*,#6526,.T.);
#3766=ORIENTED_EDGE('',*,*,#6089,.T.);
#3767=ORIENTED_EDGE('',*,*,#6528,.F.);
#3768=ORIENTED_EDGE('',*,*,#6005,.F.);
#3769=ORIENTED_EDGE('',*,*,#6527,.T.);
#3770=ORIENTED_EDGE('',*,*,#6088,.T.);
#3771=ORIENTED_EDGE('',*,*,#6529,.F.);
#3772=ORIENTED_EDGE('',*,*,#6006,.F.);
#3773=ORIENTED_EDGE('',*,*,#6528,.T.);
#3774=ORIENTED_EDGE('',*,*,#6087,.T.);
#3775=ORIENTED_EDGE('',*,*,#6530,.F.);
#3776=ORIENTED_EDGE('',*,*,#6007,.F.);
#3777=ORIENTED_EDGE('',*,*,#6529,.T.);
#3778=ORIENTED_EDGE('',*,*,#6086,.T.);
#3779=ORIENTED_EDGE('',*,*,#6531,.F.);
#3780=ORIENTED_EDGE('',*,*,#6008,.F.);
#3781=ORIENTED_EDGE('',*,*,#6530,.T.);
#3782=ORIENTED_EDGE('',*,*,#6085,.T.);
#3783=ORIENTED_EDGE('',*,*,#6532,.F.);
#3784=ORIENTED_EDGE('',*,*,#6009,.F.);
#3785=ORIENTED_EDGE('',*,*,#6531,.T.);
#3786=ORIENTED_EDGE('',*,*,#6084,.T.);
#3787=ORIENTED_EDGE('',*,*,#6533,.F.);
#3788=ORIENTED_EDGE('',*,*,#6010,.F.);
#3789=ORIENTED_EDGE('',*,*,#6532,.T.);
#3790=ORIENTED_EDGE('',*,*,#6083,.T.);
#3791=ORIENTED_EDGE('',*,*,#6534,.F.);
#3792=ORIENTED_EDGE('',*,*,#6011,.F.);
#3793=ORIENTED_EDGE('',*,*,#6533,.T.);
#3794=ORIENTED_EDGE('',*,*,#6082,.T.);
#3795=ORIENTED_EDGE('',*,*,#6535,.F.);
#3796=ORIENTED_EDGE('',*,*,#6012,.F.);
#3797=ORIENTED_EDGE('',*,*,#6534,.T.);
#3798=ORIENTED_EDGE('',*,*,#6081,.T.);
#3799=ORIENTED_EDGE('',*,*,#6536,.F.);
#3800=ORIENTED_EDGE('',*,*,#6013,.F.);
#3801=ORIENTED_EDGE('',*,*,#6535,.T.);
#3802=ORIENTED_EDGE('',*,*,#6080,.T.);
#3803=ORIENTED_EDGE('',*,*,#6537,.F.);
#3804=ORIENTED_EDGE('',*,*,#6014,.F.);
#3805=ORIENTED_EDGE('',*,*,#6536,.T.);
#3806=ORIENTED_EDGE('',*,*,#6079,.T.);
#3807=ORIENTED_EDGE('',*,*,#6538,.F.);
#3808=ORIENTED_EDGE('',*,*,#6015,.F.);
#3809=ORIENTED_EDGE('',*,*,#6537,.T.);
#3810=ORIENTED_EDGE('',*,*,#6078,.T.);
#3811=ORIENTED_EDGE('',*,*,#6539,.F.);
#3812=ORIENTED_EDGE('',*,*,#6016,.F.);
#3813=ORIENTED_EDGE('',*,*,#6538,.T.);
#3814=ORIENTED_EDGE('',*,*,#6077,.T.);
#3815=ORIENTED_EDGE('',*,*,#6540,.F.);
#3816=ORIENTED_EDGE('',*,*,#6017,.F.);
#3817=ORIENTED_EDGE('',*,*,#6539,.T.);
#3818=ORIENTED_EDGE('',*,*,#6076,.T.);
#3819=ORIENTED_EDGE('',*,*,#6541,.F.);
#3820=ORIENTED_EDGE('',*,*,#6018,.F.);
#3821=ORIENTED_EDGE('',*,*,#6540,.T.);
#3822=ORIENTED_EDGE('',*,*,#6075,.T.);
#3823=ORIENTED_EDGE('',*,*,#6542,.F.);
#3824=ORIENTED_EDGE('',*,*,#6019,.F.);
#3825=ORIENTED_EDGE('',*,*,#6541,.T.);
#3826=ORIENTED_EDGE('',*,*,#6074,.T.);
#3827=ORIENTED_EDGE('',*,*,#6543,.F.);
#3828=ORIENTED_EDGE('',*,*,#6020,.F.);
#3829=ORIENTED_EDGE('',*,*,#6542,.T.);
#3830=ORIENTED_EDGE('',*,*,#6073,.T.);
#3831=ORIENTED_EDGE('',*,*,#6544,.F.);
#3832=ORIENTED_EDGE('',*,*,#6021,.F.);
#3833=ORIENTED_EDGE('',*,*,#6543,.T.);
#3834=ORIENTED_EDGE('',*,*,#6072,.T.);
#3835=ORIENTED_EDGE('',*,*,#6545,.F.);
#3836=ORIENTED_EDGE('',*,*,#6022,.F.);
#3837=ORIENTED_EDGE('',*,*,#6544,.T.);
#3838=ORIENTED_EDGE('',*,*,#6071,.T.);
#3839=ORIENTED_EDGE('',*,*,#6546,.F.);
#3840=ORIENTED_EDGE('',*,*,#6023,.F.);
#3841=ORIENTED_EDGE('',*,*,#6545,.T.);
#3842=ORIENTED_EDGE('',*,*,#6070,.T.);
#3843=ORIENTED_EDGE('',*,*,#6547,.F.);
#3844=ORIENTED_EDGE('',*,*,#6024,.F.);
#3845=ORIENTED_EDGE('',*,*,#6546,.T.);
#3846=ORIENTED_EDGE('',*,*,#6069,.T.);
#3847=ORIENTED_EDGE('',*,*,#6548,.F.);
#3848=ORIENTED_EDGE('',*,*,#6025,.F.);
#3849=ORIENTED_EDGE('',*,*,#6547,.T.);
#3850=ORIENTED_EDGE('',*,*,#6068,.T.);
#3851=ORIENTED_EDGE('',*,*,#6549,.F.);
#3852=ORIENTED_EDGE('',*,*,#6026,.F.);
#3853=ORIENTED_EDGE('',*,*,#6548,.T.);
#3854=ORIENTED_EDGE('',*,*,#6067,.T.);
#3855=ORIENTED_EDGE('',*,*,#6550,.F.);
#3856=ORIENTED_EDGE('',*,*,#6027,.F.);
#3857=ORIENTED_EDGE('',*,*,#6549,.T.);
#3858=ORIENTED_EDGE('',*,*,#6066,.T.);
#3859=ORIENTED_EDGE('',*,*,#6551,.F.);
#3860=ORIENTED_EDGE('',*,*,#6028,.F.);
#3861=ORIENTED_EDGE('',*,*,#6550,.T.);
#3862=ORIENTED_EDGE('',*,*,#6065,.T.);
#3863=ORIENTED_EDGE('',*,*,#6552,.F.);
#3864=ORIENTED_EDGE('',*,*,#6029,.F.);
#3865=ORIENTED_EDGE('',*,*,#6551,.T.);
#3866=ORIENTED_EDGE('',*,*,#6064,.T.);
#3867=ORIENTED_EDGE('',*,*,#6553,.F.);
#3868=ORIENTED_EDGE('',*,*,#6030,.F.);
#3869=ORIENTED_EDGE('',*,*,#6552,.T.);
#3870=ORIENTED_EDGE('',*,*,#6063,.T.);
#3871=ORIENTED_EDGE('',*,*,#6554,.F.);
#3872=ORIENTED_EDGE('',*,*,#6031,.F.);
#3873=ORIENTED_EDGE('',*,*,#6553,.T.);
#3874=ORIENTED_EDGE('',*,*,#6062,.T.);
#3875=ORIENTED_EDGE('',*,*,#6555,.F.);
#3876=ORIENTED_EDGE('',*,*,#6032,.F.);
#3877=ORIENTED_EDGE('',*,*,#6554,.T.);
#3878=ORIENTED_EDGE('',*,*,#6061,.T.);
#3879=ORIENTED_EDGE('',*,*,#6556,.F.);
#3880=ORIENTED_EDGE('',*,*,#6033,.F.);
#3881=ORIENTED_EDGE('',*,*,#6555,.T.);
#3882=ORIENTED_EDGE('',*,*,#6060,.T.);
#3883=ORIENTED_EDGE('',*,*,#6557,.F.);
#3884=ORIENTED_EDGE('',*,*,#6034,.F.);
#3885=ORIENTED_EDGE('',*,*,#6556,.T.);
#3886=ORIENTED_EDGE('',*,*,#6059,.T.);
#3887=ORIENTED_EDGE('',*,*,#6558,.F.);
#3888=ORIENTED_EDGE('',*,*,#6035,.F.);
#3889=ORIENTED_EDGE('',*,*,#6557,.T.);
#3890=ORIENTED_EDGE('',*,*,#6058,.T.);
#3891=ORIENTED_EDGE('',*,*,#6559,.F.);
#3892=ORIENTED_EDGE('',*,*,#6036,.F.);
#3893=ORIENTED_EDGE('',*,*,#6558,.T.);
#3894=ORIENTED_EDGE('',*,*,#6057,.T.);
#3895=ORIENTED_EDGE('',*,*,#6560,.F.);
#3896=ORIENTED_EDGE('',*,*,#6037,.F.);
#3897=ORIENTED_EDGE('',*,*,#6559,.T.);
#3898=ORIENTED_EDGE('',*,*,#6056,.T.);
#3899=ORIENTED_EDGE('',*,*,#6561,.F.);
#3900=ORIENTED_EDGE('',*,*,#6038,.F.);
#3901=ORIENTED_EDGE('',*,*,#6560,.T.);
#3902=ORIENTED_EDGE('',*,*,#6055,.T.);
#3903=ORIENTED_EDGE('',*,*,#6562,.F.);
#3904=ORIENTED_EDGE('',*,*,#6039,.F.);
#3905=ORIENTED_EDGE('',*,*,#6561,.T.);
#3906=ORIENTED_EDGE('',*,*,#6054,.T.);
#3907=ORIENTED_EDGE('',*,*,#6563,.F.);
#3908=ORIENTED_EDGE('',*,*,#6040,.F.);
#3909=ORIENTED_EDGE('',*,*,#6562,.T.);
#3910=ORIENTED_EDGE('',*,*,#6053,.T.);
#3911=ORIENTED_EDGE('',*,*,#6564,.F.);
#3912=ORIENTED_EDGE('',*,*,#6041,.F.);
#3913=ORIENTED_EDGE('',*,*,#6563,.T.);
#3914=ORIENTED_EDGE('',*,*,#6052,.T.);
#3915=ORIENTED_EDGE('',*,*,#6565,.F.);
#3916=ORIENTED_EDGE('',*,*,#6042,.F.);
#3917=ORIENTED_EDGE('',*,*,#6564,.T.);
#3918=ORIENTED_EDGE('',*,*,#6051,.T.);
#3919=ORIENTED_EDGE('',*,*,#6566,.F.);
#3920=ORIENTED_EDGE('',*,*,#6043,.F.);
#3921=ORIENTED_EDGE('',*,*,#6565,.T.);
#3922=ORIENTED_EDGE('',*,*,#6100,.F.);
#3923=ORIENTED_EDGE('',*,*,#6567,.F.);
#3924=ORIENTED_EDGE('',*,*,#5977,.T.);
#3925=ORIENTED_EDGE('',*,*,#6568,.T.);
#3926=ORIENTED_EDGE('',*,*,#6116,.F.);
#3927=ORIENTED_EDGE('',*,*,#6569,.F.);
#3928=ORIENTED_EDGE('',*,*,#5978,.T.);
#3929=ORIENTED_EDGE('',*,*,#6567,.T.);
#3930=ORIENTED_EDGE('',*,*,#6115,.F.);
#3931=ORIENTED_EDGE('',*,*,#6570,.F.);
#3932=ORIENTED_EDGE('',*,*,#5979,.T.);
#3933=ORIENTED_EDGE('',*,*,#6569,.T.);
#3934=ORIENTED_EDGE('',*,*,#6114,.F.);
#3935=ORIENTED_EDGE('',*,*,#6571,.F.);
#3936=ORIENTED_EDGE('',*,*,#5980,.T.);
#3937=ORIENTED_EDGE('',*,*,#6570,.T.);
#3938=ORIENTED_EDGE('',*,*,#6113,.F.);
#3939=ORIENTED_EDGE('',*,*,#6572,.F.);
#3940=ORIENTED_EDGE('',*,*,#5981,.T.);
#3941=ORIENTED_EDGE('',*,*,#6571,.T.);
#3942=ORIENTED_EDGE('',*,*,#6112,.F.);
#3943=ORIENTED_EDGE('',*,*,#6573,.F.);
#3944=ORIENTED_EDGE('',*,*,#5982,.T.);
#3945=ORIENTED_EDGE('',*,*,#6572,.T.);
#3946=ORIENTED_EDGE('',*,*,#6111,.F.);
#3947=ORIENTED_EDGE('',*,*,#6574,.F.);
#3948=ORIENTED_EDGE('',*,*,#5983,.T.);
#3949=ORIENTED_EDGE('',*,*,#6573,.T.);
#3950=ORIENTED_EDGE('',*,*,#6110,.F.);
#3951=ORIENTED_EDGE('',*,*,#6575,.F.);
#3952=ORIENTED_EDGE('',*,*,#5984,.T.);
#3953=ORIENTED_EDGE('',*,*,#6574,.T.);
#3954=ORIENTED_EDGE('',*,*,#6109,.F.);
#3955=ORIENTED_EDGE('',*,*,#6576,.F.);
#3956=ORIENTED_EDGE('',*,*,#5985,.T.);
#3957=ORIENTED_EDGE('',*,*,#6575,.T.);
#3958=ORIENTED_EDGE('',*,*,#6108,.F.);
#3959=ORIENTED_EDGE('',*,*,#6577,.F.);
#3960=ORIENTED_EDGE('',*,*,#5986,.T.);
#3961=ORIENTED_EDGE('',*,*,#6576,.T.);
#3962=ORIENTED_EDGE('',*,*,#6107,.F.);
#3963=ORIENTED_EDGE('',*,*,#6578,.F.);
#3964=ORIENTED_EDGE('',*,*,#5987,.T.);
#3965=ORIENTED_EDGE('',*,*,#6577,.T.);
#3966=ORIENTED_EDGE('',*,*,#6106,.F.);
#3967=ORIENTED_EDGE('',*,*,#6579,.F.);
#3968=ORIENTED_EDGE('',*,*,#5988,.T.);
#3969=ORIENTED_EDGE('',*,*,#6578,.T.);
#3970=ORIENTED_EDGE('',*,*,#6105,.F.);
#3971=ORIENTED_EDGE('',*,*,#6580,.F.);
#3972=ORIENTED_EDGE('',*,*,#5989,.T.);
#3973=ORIENTED_EDGE('',*,*,#6579,.T.);
#3974=ORIENTED_EDGE('',*,*,#6104,.F.);
#3975=ORIENTED_EDGE('',*,*,#6581,.F.);
#3976=ORIENTED_EDGE('',*,*,#5990,.T.);
#3977=ORIENTED_EDGE('',*,*,#6580,.T.);
#3978=ORIENTED_EDGE('',*,*,#6103,.F.);
#3979=ORIENTED_EDGE('',*,*,#6582,.F.);
#3980=ORIENTED_EDGE('',*,*,#5991,.T.);
#3981=ORIENTED_EDGE('',*,*,#6581,.T.);
#3982=ORIENTED_EDGE('',*,*,#6102,.F.);
#3983=ORIENTED_EDGE('',*,*,#6583,.F.);
#3984=ORIENTED_EDGE('',*,*,#5992,.T.);
#3985=ORIENTED_EDGE('',*,*,#6582,.T.);
#3986=ORIENTED_EDGE('',*,*,#6117,.F.);
#3987=ORIENTED_EDGE('',*,*,#6584,.F.);
#3988=ORIENTED_EDGE('',*,*,#5941,.T.);
#3989=ORIENTED_EDGE('',*,*,#6585,.T.);
#3990=ORIENTED_EDGE('',*,*,#6152,.F.);
#3991=ORIENTED_EDGE('',*,*,#6586,.F.);
#3992=ORIENTED_EDGE('',*,*,#5942,.T.);
#3993=ORIENTED_EDGE('',*,*,#6584,.T.);
#3994=ORIENTED_EDGE('',*,*,#6151,.F.);
#3995=ORIENTED_EDGE('',*,*,#6587,.F.);
#3996=ORIENTED_EDGE('',*,*,#5943,.T.);
#3997=ORIENTED_EDGE('',*,*,#6586,.T.);
#3998=ORIENTED_EDGE('',*,*,#6150,.F.);
#3999=ORIENTED_EDGE('',*,*,#6588,.F.);
#4000=ORIENTED_EDGE('',*,*,#5944,.T.);
#4001=ORIENTED_EDGE('',*,*,#6587,.T.);
#4002=ORIENTED_EDGE('',*,*,#6149,.F.);
#4003=ORIENTED_EDGE('',*,*,#6589,.F.);
#4004=ORIENTED_EDGE('',*,*,#5945,.T.);
#4005=ORIENTED_EDGE('',*,*,#6588,.T.);
#4006=ORIENTED_EDGE('',*,*,#6148,.F.);
#4007=ORIENTED_EDGE('',*,*,#6590,.F.);
#4008=ORIENTED_EDGE('',*,*,#5946,.T.);
#4009=ORIENTED_EDGE('',*,*,#6589,.T.);
#4010=ORIENTED_EDGE('',*,*,#6147,.F.);
#4011=ORIENTED_EDGE('',*,*,#6591,.F.);
#4012=ORIENTED_EDGE('',*,*,#5947,.T.);
#4013=ORIENTED_EDGE('',*,*,#6590,.T.);
#4014=ORIENTED_EDGE('',*,*,#6146,.F.);
#4015=ORIENTED_EDGE('',*,*,#6592,.F.);
#4016=ORIENTED_EDGE('',*,*,#5948,.T.);
#4017=ORIENTED_EDGE('',*,*,#6591,.T.);
#4018=ORIENTED_EDGE('',*,*,#6145,.F.);
#4019=ORIENTED_EDGE('',*,*,#6593,.F.);
#4020=ORIENTED_EDGE('',*,*,#5949,.T.);
#4021=ORIENTED_EDGE('',*,*,#6592,.T.);
#4022=ORIENTED_EDGE('',*,*,#6144,.F.);
#4023=ORIENTED_EDGE('',*,*,#6594,.F.);
#4024=ORIENTED_EDGE('',*,*,#5950,.T.);
#4025=ORIENTED_EDGE('',*,*,#6593,.T.);
#4026=ORIENTED_EDGE('',*,*,#6143,.F.);
#4027=ORIENTED_EDGE('',*,*,#6595,.F.);
#4028=ORIENTED_EDGE('',*,*,#5951,.T.);
#4029=ORIENTED_EDGE('',*,*,#6594,.T.);
#4030=ORIENTED_EDGE('',*,*,#6142,.F.);
#4031=ORIENTED_EDGE('',*,*,#6596,.F.);
#4032=ORIENTED_EDGE('',*,*,#5952,.T.);
#4033=ORIENTED_EDGE('',*,*,#6595,.T.);
#4034=ORIENTED_EDGE('',*,*,#6141,.F.);
#4035=ORIENTED_EDGE('',*,*,#6597,.F.);
#4036=ORIENTED_EDGE('',*,*,#5953,.T.);
#4037=ORIENTED_EDGE('',*,*,#6596,.T.);
#4038=ORIENTED_EDGE('',*,*,#6140,.F.);
#4039=ORIENTED_EDGE('',*,*,#6598,.F.);
#4040=ORIENTED_EDGE('',*,*,#5954,.T.);
#4041=ORIENTED_EDGE('',*,*,#6597,.T.);
#4042=ORIENTED_EDGE('',*,*,#6139,.F.);
#4043=ORIENTED_EDGE('',*,*,#6599,.F.);
#4044=ORIENTED_EDGE('',*,*,#5955,.T.);
#4045=ORIENTED_EDGE('',*,*,#6598,.T.);
#4046=ORIENTED_EDGE('',*,*,#6138,.F.);
#4047=ORIENTED_EDGE('',*,*,#6600,.F.);
#4048=ORIENTED_EDGE('',*,*,#5956,.T.);
#4049=ORIENTED_EDGE('',*,*,#6599,.T.);
#4050=ORIENTED_EDGE('',*,*,#6137,.F.);
#4051=ORIENTED_EDGE('',*,*,#6601,.F.);
#4052=ORIENTED_EDGE('',*,*,#5957,.T.);
#4053=ORIENTED_EDGE('',*,*,#6600,.T.);
#4054=ORIENTED_EDGE('',*,*,#6136,.F.);
#4055=ORIENTED_EDGE('',*,*,#6602,.F.);
#4056=ORIENTED_EDGE('',*,*,#5958,.T.);
#4057=ORIENTED_EDGE('',*,*,#6601,.T.);
#4058=ORIENTED_EDGE('',*,*,#6135,.F.);
#4059=ORIENTED_EDGE('',*,*,#6603,.F.);
#4060=ORIENTED_EDGE('',*,*,#5959,.T.);
#4061=ORIENTED_EDGE('',*,*,#6602,.T.);
#4062=ORIENTED_EDGE('',*,*,#6134,.F.);
#4063=ORIENTED_EDGE('',*,*,#6604,.F.);
#4064=ORIENTED_EDGE('',*,*,#5960,.T.);
#4065=ORIENTED_EDGE('',*,*,#6603,.T.);
#4066=ORIENTED_EDGE('',*,*,#6133,.F.);
#4067=ORIENTED_EDGE('',*,*,#6605,.F.);
#4068=ORIENTED_EDGE('',*,*,#5961,.T.);
#4069=ORIENTED_EDGE('',*,*,#6604,.T.);
#4070=ORIENTED_EDGE('',*,*,#6132,.F.);
#4071=ORIENTED_EDGE('',*,*,#6606,.F.);
#4072=ORIENTED_EDGE('',*,*,#5962,.T.);
#4073=ORIENTED_EDGE('',*,*,#6605,.T.);
#4074=ORIENTED_EDGE('',*,*,#6131,.F.);
#4075=ORIENTED_EDGE('',*,*,#6607,.F.);
#4076=ORIENTED_EDGE('',*,*,#5963,.T.);
#4077=ORIENTED_EDGE('',*,*,#6606,.T.);
#4078=ORIENTED_EDGE('',*,*,#6130,.F.);
#4079=ORIENTED_EDGE('',*,*,#6608,.F.);
#4080=ORIENTED_EDGE('',*,*,#5964,.T.);
#4081=ORIENTED_EDGE('',*,*,#6607,.T.);
#4082=ORIENTED_EDGE('',*,*,#6129,.F.);
#4083=ORIENTED_EDGE('',*,*,#6609,.F.);
#4084=ORIENTED_EDGE('',*,*,#5965,.T.);
#4085=ORIENTED_EDGE('',*,*,#6608,.T.);
#4086=ORIENTED_EDGE('',*,*,#6128,.F.);
#4087=ORIENTED_EDGE('',*,*,#6610,.F.);
#4088=ORIENTED_EDGE('',*,*,#5966,.T.);
#4089=ORIENTED_EDGE('',*,*,#6609,.T.);
#4090=ORIENTED_EDGE('',*,*,#6127,.F.);
#4091=ORIENTED_EDGE('',*,*,#6611,.F.);
#4092=ORIENTED_EDGE('',*,*,#5967,.T.);
#4093=ORIENTED_EDGE('',*,*,#6610,.T.);
#4094=ORIENTED_EDGE('',*,*,#6126,.F.);
#4095=ORIENTED_EDGE('',*,*,#6612,.F.);
#4096=ORIENTED_EDGE('',*,*,#5968,.T.);
#4097=ORIENTED_EDGE('',*,*,#6611,.T.);
#4098=ORIENTED_EDGE('',*,*,#6125,.F.);
#4099=ORIENTED_EDGE('',*,*,#6613,.F.);
#4100=ORIENTED_EDGE('',*,*,#5969,.T.);
#4101=ORIENTED_EDGE('',*,*,#6612,.T.);
#4102=ORIENTED_EDGE('',*,*,#6124,.F.);
#4103=ORIENTED_EDGE('',*,*,#6614,.F.);
#4104=ORIENTED_EDGE('',*,*,#5970,.T.);
#4105=ORIENTED_EDGE('',*,*,#6613,.T.);
#4106=ORIENTED_EDGE('',*,*,#6123,.F.);
#4107=ORIENTED_EDGE('',*,*,#6615,.F.);
#4108=ORIENTED_EDGE('',*,*,#5971,.T.);
#4109=ORIENTED_EDGE('',*,*,#6614,.T.);
#4110=ORIENTED_EDGE('',*,*,#6122,.F.);
#4111=ORIENTED_EDGE('',*,*,#6616,.F.);
#4112=ORIENTED_EDGE('',*,*,#5972,.T.);
#4113=ORIENTED_EDGE('',*,*,#6615,.T.);
#4114=ORIENTED_EDGE('',*,*,#6121,.F.);
#4115=ORIENTED_EDGE('',*,*,#6617,.F.);
#4116=ORIENTED_EDGE('',*,*,#5973,.T.);
#4117=ORIENTED_EDGE('',*,*,#6616,.T.);
#4118=ORIENTED_EDGE('',*,*,#6120,.F.);
#4119=ORIENTED_EDGE('',*,*,#6618,.F.);
#4120=ORIENTED_EDGE('',*,*,#5974,.T.);
#4121=ORIENTED_EDGE('',*,*,#6617,.T.);
#4122=ORIENTED_EDGE('',*,*,#6119,.F.);
#4123=ORIENTED_EDGE('',*,*,#6619,.F.);
#4124=ORIENTED_EDGE('',*,*,#5975,.T.);
#4125=ORIENTED_EDGE('',*,*,#6618,.T.);
#4126=ORIENTED_EDGE('',*,*,#6153,.F.);
#4127=ORIENTED_EDGE('',*,*,#6620,.F.);
#4128=ORIENTED_EDGE('',*,*,#5906,.T.);
#4129=ORIENTED_EDGE('',*,*,#6621,.T.);
#4130=ORIENTED_EDGE('',*,*,#6187,.F.);
#4131=ORIENTED_EDGE('',*,*,#6622,.F.);
#4132=ORIENTED_EDGE('',*,*,#5907,.T.);
#4133=ORIENTED_EDGE('',*,*,#6620,.T.);
#4134=ORIENTED_EDGE('',*,*,#6186,.F.);
#4135=ORIENTED_EDGE('',*,*,#6623,.F.);
#4136=ORIENTED_EDGE('',*,*,#5908,.T.);
#4137=ORIENTED_EDGE('',*,*,#6622,.T.);
#4138=ORIENTED_EDGE('',*,*,#6185,.F.);
#4139=ORIENTED_EDGE('',*,*,#6624,.F.);
#4140=ORIENTED_EDGE('',*,*,#5909,.T.);
#4141=ORIENTED_EDGE('',*,*,#6623,.T.);
#4142=ORIENTED_EDGE('',*,*,#6184,.F.);
#4143=ORIENTED_EDGE('',*,*,#6625,.F.);
#4144=ORIENTED_EDGE('',*,*,#5910,.T.);
#4145=ORIENTED_EDGE('',*,*,#6624,.T.);
#4146=ORIENTED_EDGE('',*,*,#6183,.F.);
#4147=ORIENTED_EDGE('',*,*,#6626,.F.);
#4148=ORIENTED_EDGE('',*,*,#5911,.T.);
#4149=ORIENTED_EDGE('',*,*,#6625,.T.);
#4150=ORIENTED_EDGE('',*,*,#6182,.F.);
#4151=ORIENTED_EDGE('',*,*,#6627,.F.);
#4152=ORIENTED_EDGE('',*,*,#5912,.T.);
#4153=ORIENTED_EDGE('',*,*,#6626,.T.);
#4154=ORIENTED_EDGE('',*,*,#6181,.F.);
#4155=ORIENTED_EDGE('',*,*,#6628,.F.);
#4156=ORIENTED_EDGE('',*,*,#5913,.T.);
#4157=ORIENTED_EDGE('',*,*,#6627,.T.);
#4158=ORIENTED_EDGE('',*,*,#6180,.F.);
#4159=ORIENTED_EDGE('',*,*,#6629,.F.);
#4160=ORIENTED_EDGE('',*,*,#5914,.T.);
#4161=ORIENTED_EDGE('',*,*,#6628,.T.);
#4162=ORIENTED_EDGE('',*,*,#6179,.F.);
#4163=ORIENTED_EDGE('',*,*,#6630,.F.);
#4164=ORIENTED_EDGE('',*,*,#5915,.T.);
#4165=ORIENTED_EDGE('',*,*,#6629,.T.);
#4166=ORIENTED_EDGE('',*,*,#6178,.F.);
#4167=ORIENTED_EDGE('',*,*,#6631,.F.);
#4168=ORIENTED_EDGE('',*,*,#5916,.T.);
#4169=ORIENTED_EDGE('',*,*,#6630,.T.);
#4170=ORIENTED_EDGE('',*,*,#6177,.F.);
#4171=ORIENTED_EDGE('',*,*,#6632,.F.);
#4172=ORIENTED_EDGE('',*,*,#5917,.T.);
#4173=ORIENTED_EDGE('',*,*,#6631,.T.);
#4174=ORIENTED_EDGE('',*,*,#6176,.F.);
#4175=ORIENTED_EDGE('',*,*,#6633,.F.);
#4176=ORIENTED_EDGE('',*,*,#5918,.T.);
#4177=ORIENTED_EDGE('',*,*,#6632,.T.);
#4178=ORIENTED_EDGE('',*,*,#6175,.F.);
#4179=ORIENTED_EDGE('',*,*,#6634,.F.);
#4180=ORIENTED_EDGE('',*,*,#5919,.T.);
#4181=ORIENTED_EDGE('',*,*,#6633,.T.);
#4182=ORIENTED_EDGE('',*,*,#6174,.F.);
#4183=ORIENTED_EDGE('',*,*,#6635,.F.);
#4184=ORIENTED_EDGE('',*,*,#5920,.T.);
#4185=ORIENTED_EDGE('',*,*,#6634,.T.);
#4186=ORIENTED_EDGE('',*,*,#6173,.F.);
#4187=ORIENTED_EDGE('',*,*,#6636,.F.);
#4188=ORIENTED_EDGE('',*,*,#5921,.T.);
#4189=ORIENTED_EDGE('',*,*,#6635,.T.);
#4190=ORIENTED_EDGE('',*,*,#6172,.F.);
#4191=ORIENTED_EDGE('',*,*,#6637,.F.);
#4192=ORIENTED_EDGE('',*,*,#5922,.T.);
#4193=ORIENTED_EDGE('',*,*,#6636,.T.);
#4194=ORIENTED_EDGE('',*,*,#6171,.F.);
#4195=ORIENTED_EDGE('',*,*,#6638,.F.);
#4196=ORIENTED_EDGE('',*,*,#5923,.T.);
#4197=ORIENTED_EDGE('',*,*,#6637,.T.);
#4198=ORIENTED_EDGE('',*,*,#6170,.F.);
#4199=ORIENTED_EDGE('',*,*,#6639,.F.);
#4200=ORIENTED_EDGE('',*,*,#5924,.T.);
#4201=ORIENTED_EDGE('',*,*,#6638,.T.);
#4202=ORIENTED_EDGE('',*,*,#6169,.F.);
#4203=ORIENTED_EDGE('',*,*,#6640,.F.);
#4204=ORIENTED_EDGE('',*,*,#5925,.T.);
#4205=ORIENTED_EDGE('',*,*,#6639,.T.);
#4206=ORIENTED_EDGE('',*,*,#6168,.F.);
#4207=ORIENTED_EDGE('',*,*,#6641,.F.);
#4208=ORIENTED_EDGE('',*,*,#5926,.T.);
#4209=ORIENTED_EDGE('',*,*,#6640,.T.);
#4210=ORIENTED_EDGE('',*,*,#6167,.F.);
#4211=ORIENTED_EDGE('',*,*,#6642,.F.);
#4212=ORIENTED_EDGE('',*,*,#5927,.T.);
#4213=ORIENTED_EDGE('',*,*,#6641,.T.);
#4214=ORIENTED_EDGE('',*,*,#6166,.F.);
#4215=ORIENTED_EDGE('',*,*,#6643,.F.);
#4216=ORIENTED_EDGE('',*,*,#5928,.T.);
#4217=ORIENTED_EDGE('',*,*,#6642,.T.);
#4218=ORIENTED_EDGE('',*,*,#6165,.F.);
#4219=ORIENTED_EDGE('',*,*,#6644,.F.);
#4220=ORIENTED_EDGE('',*,*,#5929,.T.);
#4221=ORIENTED_EDGE('',*,*,#6643,.T.);
#4222=ORIENTED_EDGE('',*,*,#6164,.F.);
#4223=ORIENTED_EDGE('',*,*,#6645,.F.);
#4224=ORIENTED_EDGE('',*,*,#5930,.T.);
#4225=ORIENTED_EDGE('',*,*,#6644,.T.);
#4226=ORIENTED_EDGE('',*,*,#6163,.F.);
#4227=ORIENTED_EDGE('',*,*,#6646,.F.);
#4228=ORIENTED_EDGE('',*,*,#5931,.T.);
#4229=ORIENTED_EDGE('',*,*,#6645,.T.);
#4230=ORIENTED_EDGE('',*,*,#6162,.F.);
#4231=ORIENTED_EDGE('',*,*,#6647,.F.);
#4232=ORIENTED_EDGE('',*,*,#5932,.T.);
#4233=ORIENTED_EDGE('',*,*,#6646,.T.);
#4234=ORIENTED_EDGE('',*,*,#6161,.F.);
#4235=ORIENTED_EDGE('',*,*,#6648,.F.);
#4236=ORIENTED_EDGE('',*,*,#5933,.T.);
#4237=ORIENTED_EDGE('',*,*,#6647,.T.);
#4238=ORIENTED_EDGE('',*,*,#6160,.F.);
#4239=ORIENTED_EDGE('',*,*,#6649,.F.);
#4240=ORIENTED_EDGE('',*,*,#5934,.T.);
#4241=ORIENTED_EDGE('',*,*,#6648,.T.);
#4242=ORIENTED_EDGE('',*,*,#6159,.F.);
#4243=ORIENTED_EDGE('',*,*,#6650,.F.);
#4244=ORIENTED_EDGE('',*,*,#5935,.T.);
#4245=ORIENTED_EDGE('',*,*,#6649,.T.);
#4246=ORIENTED_EDGE('',*,*,#6158,.F.);
#4247=ORIENTED_EDGE('',*,*,#6651,.F.);
#4248=ORIENTED_EDGE('',*,*,#5936,.T.);
#4249=ORIENTED_EDGE('',*,*,#6650,.T.);
#4250=ORIENTED_EDGE('',*,*,#6157,.F.);
#4251=ORIENTED_EDGE('',*,*,#6652,.F.);
#4252=ORIENTED_EDGE('',*,*,#5937,.T.);
#4253=ORIENTED_EDGE('',*,*,#6651,.T.);
#4254=ORIENTED_EDGE('',*,*,#6156,.F.);
#4255=ORIENTED_EDGE('',*,*,#6653,.F.);
#4256=ORIENTED_EDGE('',*,*,#5938,.T.);
#4257=ORIENTED_EDGE('',*,*,#6652,.T.);
#4258=ORIENTED_EDGE('',*,*,#6155,.F.);
#4259=ORIENTED_EDGE('',*,*,#6654,.F.);
#4260=ORIENTED_EDGE('',*,*,#5939,.T.);
#4261=ORIENTED_EDGE('',*,*,#6653,.T.);
#4262=ORIENTED_EDGE('',*,*,#6188,.F.);
#4263=ORIENTED_EDGE('',*,*,#6655,.F.);
#4264=ORIENTED_EDGE('',*,*,#5883,.T.);
#4265=ORIENTED_EDGE('',*,*,#6656,.T.);
#4266=ORIENTED_EDGE('',*,*,#6210,.F.);
#4267=ORIENTED_EDGE('',*,*,#6657,.F.);
#4268=ORIENTED_EDGE('',*,*,#5884,.T.);
#4269=ORIENTED_EDGE('',*,*,#6655,.T.);
#4270=ORIENTED_EDGE('',*,*,#6209,.F.);
#4271=ORIENTED_EDGE('',*,*,#6658,.F.);
#4272=ORIENTED_EDGE('',*,*,#5885,.T.);
#4273=ORIENTED_EDGE('',*,*,#6657,.T.);
#4274=ORIENTED_EDGE('',*,*,#6208,.F.);
#4275=ORIENTED_EDGE('',*,*,#6659,.F.);
#4276=ORIENTED_EDGE('',*,*,#5886,.T.);
#4277=ORIENTED_EDGE('',*,*,#6658,.T.);
#4278=ORIENTED_EDGE('',*,*,#6207,.F.);
#4279=ORIENTED_EDGE('',*,*,#6660,.F.);
#4280=ORIENTED_EDGE('',*,*,#5887,.T.);
#4281=ORIENTED_EDGE('',*,*,#6659,.T.);
#4282=ORIENTED_EDGE('',*,*,#6206,.F.);
#4283=ORIENTED_EDGE('',*,*,#6661,.F.);
#4284=ORIENTED_EDGE('',*,*,#5888,.T.);
#4285=ORIENTED_EDGE('',*,*,#6660,.T.);
#4286=ORIENTED_EDGE('',*,*,#6205,.F.);
#4287=ORIENTED_EDGE('',*,*,#6662,.F.);
#4288=ORIENTED_EDGE('',*,*,#5889,.T.);
#4289=ORIENTED_EDGE('',*,*,#6661,.T.);
#4290=ORIENTED_EDGE('',*,*,#6204,.F.);
#4291=ORIENTED_EDGE('',*,*,#6663,.F.);
#4292=ORIENTED_EDGE('',*,*,#5890,.T.);
#4293=ORIENTED_EDGE('',*,*,#6662,.T.);
#4294=ORIENTED_EDGE('',*,*,#6203,.F.);
#4295=ORIENTED_EDGE('',*,*,#6664,.F.);
#4296=ORIENTED_EDGE('',*,*,#5891,.T.);
#4297=ORIENTED_EDGE('',*,*,#6663,.T.);
#4298=ORIENTED_EDGE('',*,*,#6202,.F.);
#4299=ORIENTED_EDGE('',*,*,#6665,.F.);
#4300=ORIENTED_EDGE('',*,*,#5892,.T.);
#4301=ORIENTED_EDGE('',*,*,#6664,.T.);
#4302=ORIENTED_EDGE('',*,*,#6201,.F.);
#4303=ORIENTED_EDGE('',*,*,#6666,.F.);
#4304=ORIENTED_EDGE('',*,*,#5893,.T.);
#4305=ORIENTED_EDGE('',*,*,#6665,.T.);
#4306=ORIENTED_EDGE('',*,*,#6200,.F.);
#4307=ORIENTED_EDGE('',*,*,#6667,.F.);
#4308=ORIENTED_EDGE('',*,*,#5894,.T.);
#4309=ORIENTED_EDGE('',*,*,#6666,.T.);
#4310=ORIENTED_EDGE('',*,*,#6199,.F.);
#4311=ORIENTED_EDGE('',*,*,#6668,.F.);
#4312=ORIENTED_EDGE('',*,*,#5895,.T.);
#4313=ORIENTED_EDGE('',*,*,#6667,.T.);
#4314=ORIENTED_EDGE('',*,*,#6198,.F.);
#4315=ORIENTED_EDGE('',*,*,#6669,.F.);
#4316=ORIENTED_EDGE('',*,*,#5896,.T.);
#4317=ORIENTED_EDGE('',*,*,#6668,.T.);
#4318=ORIENTED_EDGE('',*,*,#6197,.F.);
#4319=ORIENTED_EDGE('',*,*,#6670,.F.);
#4320=ORIENTED_EDGE('',*,*,#5897,.T.);
#4321=ORIENTED_EDGE('',*,*,#6669,.T.);
#4322=ORIENTED_EDGE('',*,*,#6196,.F.);
#4323=ORIENTED_EDGE('',*,*,#6671,.F.);
#4324=ORIENTED_EDGE('',*,*,#5898,.T.);
#4325=ORIENTED_EDGE('',*,*,#6670,.T.);
#4326=ORIENTED_EDGE('',*,*,#6195,.F.);
#4327=ORIENTED_EDGE('',*,*,#6672,.F.);
#4328=ORIENTED_EDGE('',*,*,#5899,.T.);
#4329=ORIENTED_EDGE('',*,*,#6671,.T.);
#4330=ORIENTED_EDGE('',*,*,#6194,.F.);
#4331=ORIENTED_EDGE('',*,*,#6673,.F.);
#4332=ORIENTED_EDGE('',*,*,#5900,.T.);
#4333=ORIENTED_EDGE('',*,*,#6672,.T.);
#4334=ORIENTED_EDGE('',*,*,#6193,.F.);
#4335=ORIENTED_EDGE('',*,*,#6674,.F.);
#4336=ORIENTED_EDGE('',*,*,#5901,.T.);
#4337=ORIENTED_EDGE('',*,*,#6673,.T.);
#4338=ORIENTED_EDGE('',*,*,#6192,.F.);
#4339=ORIENTED_EDGE('',*,*,#6675,.F.);
#4340=ORIENTED_EDGE('',*,*,#5902,.T.);
#4341=ORIENTED_EDGE('',*,*,#6674,.T.);
#4342=ORIENTED_EDGE('',*,*,#6191,.F.);
#4343=ORIENTED_EDGE('',*,*,#6676,.F.);
#4344=ORIENTED_EDGE('',*,*,#5903,.T.);
#4345=ORIENTED_EDGE('',*,*,#6675,.T.);
#4346=ORIENTED_EDGE('',*,*,#6190,.F.);
#4347=ORIENTED_EDGE('',*,*,#6677,.F.);
#4348=ORIENTED_EDGE('',*,*,#5904,.T.);
#4349=ORIENTED_EDGE('',*,*,#6676,.T.);
#4350=ORIENTED_EDGE('',*,*,#6211,.F.);
#4351=ORIENTED_EDGE('',*,*,#6678,.F.);
#4352=ORIENTED_EDGE('',*,*,#5845,.T.);
#4353=ORIENTED_EDGE('',*,*,#6679,.T.);
#4354=ORIENTED_EDGE('',*,*,#6248,.F.);
#4355=ORIENTED_EDGE('',*,*,#6680,.F.);
#4356=ORIENTED_EDGE('',*,*,#5846,.T.);
#4357=ORIENTED_EDGE('',*,*,#6678,.T.);
#4358=ORIENTED_EDGE('',*,*,#6247,.F.);
#4359=ORIENTED_EDGE('',*,*,#6681,.F.);
#4360=ORIENTED_EDGE('',*,*,#5847,.T.);
#4361=ORIENTED_EDGE('',*,*,#6680,.T.);
#4362=ORIENTED_EDGE('',*,*,#6246,.F.);
#4363=ORIENTED_EDGE('',*,*,#6682,.F.);
#4364=ORIENTED_EDGE('',*,*,#5848,.T.);
#4365=ORIENTED_EDGE('',*,*,#6681,.T.);
#4366=ORIENTED_EDGE('',*,*,#6245,.F.);
#4367=ORIENTED_EDGE('',*,*,#6683,.F.);
#4368=ORIENTED_EDGE('',*,*,#5849,.T.);
#4369=ORIENTED_EDGE('',*,*,#6682,.T.);
#4370=ORIENTED_EDGE('',*,*,#6244,.F.);
#4371=ORIENTED_EDGE('',*,*,#6684,.F.);
#4372=ORIENTED_EDGE('',*,*,#5850,.T.);
#4373=ORIENTED_EDGE('',*,*,#6683,.T.);
#4374=ORIENTED_EDGE('',*,*,#6243,.F.);
#4375=ORIENTED_EDGE('',*,*,#6685,.F.);
#4376=ORIENTED_EDGE('',*,*,#5851,.T.);
#4377=ORIENTED_EDGE('',*,*,#6684,.T.);
#4378=ORIENTED_EDGE('',*,*,#6242,.F.);
#4379=ORIENTED_EDGE('',*,*,#6686,.F.);
#4380=ORIENTED_EDGE('',*,*,#5852,.T.);
#4381=ORIENTED_EDGE('',*,*,#6685,.T.);
#4382=ORIENTED_EDGE('',*,*,#6241,.F.);
#4383=ORIENTED_EDGE('',*,*,#6687,.F.);
#4384=ORIENTED_EDGE('',*,*,#5853,.T.);
#4385=ORIENTED_EDGE('',*,*,#6686,.T.);
#4386=ORIENTED_EDGE('',*,*,#6240,.F.);
#4387=ORIENTED_EDGE('',*,*,#6688,.F.);
#4388=ORIENTED_EDGE('',*,*,#5854,.T.);
#4389=ORIENTED_EDGE('',*,*,#6687,.T.);
#4390=ORIENTED_EDGE('',*,*,#6239,.F.);
#4391=ORIENTED_EDGE('',*,*,#6689,.F.);
#4392=ORIENTED_EDGE('',*,*,#5855,.T.);
#4393=ORIENTED_EDGE('',*,*,#6688,.T.);
#4394=ORIENTED_EDGE('',*,*,#6238,.F.);
#4395=ORIENTED_EDGE('',*,*,#6690,.F.);
#4396=ORIENTED_EDGE('',*,*,#5856,.T.);
#4397=ORIENTED_EDGE('',*,*,#6689,.T.);
#4398=ORIENTED_EDGE('',*,*,#6237,.F.);
#4399=ORIENTED_EDGE('',*,*,#6691,.F.);
#4400=ORIENTED_EDGE('',*,*,#5857,.T.);
#4401=ORIENTED_EDGE('',*,*,#6690,.T.);
#4402=ORIENTED_EDGE('',*,*,#6236,.F.);
#4403=ORIENTED_EDGE('',*,*,#6692,.F.);
#4404=ORIENTED_EDGE('',*,*,#5858,.T.);
#4405=ORIENTED_EDGE('',*,*,#6691,.T.);
#4406=ORIENTED_EDGE('',*,*,#6235,.F.);
#4407=ORIENTED_EDGE('',*,*,#6693,.F.);
#4408=ORIENTED_EDGE('',*,*,#5859,.T.);
#4409=ORIENTED_EDGE('',*,*,#6692,.T.);
#4410=ORIENTED_EDGE('',*,*,#6234,.F.);
#4411=ORIENTED_EDGE('',*,*,#6694,.F.);
#4412=ORIENTED_EDGE('',*,*,#5860,.T.);
#4413=ORIENTED_EDGE('',*,*,#6693,.T.);
#4414=ORIENTED_EDGE('',*,*,#6233,.F.);
#4415=ORIENTED_EDGE('',*,*,#6695,.F.);
#4416=ORIENTED_EDGE('',*,*,#5861,.T.);
#4417=ORIENTED_EDGE('',*,*,#6694,.T.);
#4418=ORIENTED_EDGE('',*,*,#6232,.F.);
#4419=ORIENTED_EDGE('',*,*,#6696,.F.);
#4420=ORIENTED_EDGE('',*,*,#5862,.T.);
#4421=ORIENTED_EDGE('',*,*,#6695,.T.);
#4422=ORIENTED_EDGE('',*,*,#6231,.F.);
#4423=ORIENTED_EDGE('',*,*,#6697,.F.);
#4424=ORIENTED_EDGE('',*,*,#5863,.T.);
#4425=ORIENTED_EDGE('',*,*,#6696,.T.);
#4426=ORIENTED_EDGE('',*,*,#6230,.F.);
#4427=ORIENTED_EDGE('',*,*,#6698,.F.);
#4428=ORIENTED_EDGE('',*,*,#5864,.T.);
#4429=ORIENTED_EDGE('',*,*,#6697,.T.);
#4430=ORIENTED_EDGE('',*,*,#6229,.F.);
#4431=ORIENTED_EDGE('',*,*,#6699,.F.);
#4432=ORIENTED_EDGE('',*,*,#5865,.T.);
#4433=ORIENTED_EDGE('',*,*,#6698,.T.);
#4434=ORIENTED_EDGE('',*,*,#6228,.F.);
#4435=ORIENTED_EDGE('',*,*,#6700,.F.);
#4436=ORIENTED_EDGE('',*,*,#5866,.T.);
#4437=ORIENTED_EDGE('',*,*,#6699,.T.);
#4438=ORIENTED_EDGE('',*,*,#6227,.F.);
#4439=ORIENTED_EDGE('',*,*,#6701,.F.);
#4440=ORIENTED_EDGE('',*,*,#5867,.T.);
#4441=ORIENTED_EDGE('',*,*,#6700,.T.);
#4442=ORIENTED_EDGE('',*,*,#6226,.F.);
#4443=ORIENTED_EDGE('',*,*,#6702,.F.);
#4444=ORIENTED_EDGE('',*,*,#5868,.T.);
#4445=ORIENTED_EDGE('',*,*,#6701,.T.);
#4446=ORIENTED_EDGE('',*,*,#6225,.F.);
#4447=ORIENTED_EDGE('',*,*,#6703,.F.);
#4448=ORIENTED_EDGE('',*,*,#5869,.T.);
#4449=ORIENTED_EDGE('',*,*,#6702,.T.);
#4450=ORIENTED_EDGE('',*,*,#6224,.F.);
#4451=ORIENTED_EDGE('',*,*,#6704,.F.);
#4452=ORIENTED_EDGE('',*,*,#5870,.T.);
#4453=ORIENTED_EDGE('',*,*,#6703,.T.);
#4454=ORIENTED_EDGE('',*,*,#6223,.F.);
#4455=ORIENTED_EDGE('',*,*,#6705,.F.);
#4456=ORIENTED_EDGE('',*,*,#5871,.T.);
#4457=ORIENTED_EDGE('',*,*,#6704,.T.);
#4458=ORIENTED_EDGE('',*,*,#6222,.F.);
#4459=ORIENTED_EDGE('',*,*,#6706,.F.);
#4460=ORIENTED_EDGE('',*,*,#5872,.T.);
#4461=ORIENTED_EDGE('',*,*,#6705,.T.);
#4462=ORIENTED_EDGE('',*,*,#6221,.F.);
#4463=ORIENTED_EDGE('',*,*,#6707,.F.);
#4464=ORIENTED_EDGE('',*,*,#5873,.T.);
#4465=ORIENTED_EDGE('',*,*,#6706,.T.);
#4466=ORIENTED_EDGE('',*,*,#6220,.F.);
#4467=ORIENTED_EDGE('',*,*,#6708,.F.);
#4468=ORIENTED_EDGE('',*,*,#5874,.T.);
#4469=ORIENTED_EDGE('',*,*,#6707,.T.);
#4470=ORIENTED_EDGE('',*,*,#6219,.F.);
#4471=ORIENTED_EDGE('',*,*,#6709,.F.);
#4472=ORIENTED_EDGE('',*,*,#5875,.T.);
#4473=ORIENTED_EDGE('',*,*,#6708,.T.);
#4474=ORIENTED_EDGE('',*,*,#6218,.F.);
#4475=ORIENTED_EDGE('',*,*,#6710,.F.);
#4476=ORIENTED_EDGE('',*,*,#5876,.T.);
#4477=ORIENTED_EDGE('',*,*,#6709,.T.);
#4478=ORIENTED_EDGE('',*,*,#6217,.F.);
#4479=ORIENTED_EDGE('',*,*,#6711,.F.);
#4480=ORIENTED_EDGE('',*,*,#5877,.T.);
#4481=ORIENTED_EDGE('',*,*,#6710,.T.);
#4482=ORIENTED_EDGE('',*,*,#6216,.F.);
#4483=ORIENTED_EDGE('',*,*,#6712,.F.);
#4484=ORIENTED_EDGE('',*,*,#5878,.T.);
#4485=ORIENTED_EDGE('',*,*,#6711,.T.);
#4486=ORIENTED_EDGE('',*,*,#6215,.F.);
#4487=ORIENTED_EDGE('',*,*,#6713,.F.);
#4488=ORIENTED_EDGE('',*,*,#5879,.T.);
#4489=ORIENTED_EDGE('',*,*,#6712,.T.);
#4490=ORIENTED_EDGE('',*,*,#6214,.F.);
#4491=ORIENTED_EDGE('',*,*,#6714,.F.);
#4492=ORIENTED_EDGE('',*,*,#5880,.T.);
#4493=ORIENTED_EDGE('',*,*,#6713,.T.);
#4494=ORIENTED_EDGE('',*,*,#6213,.F.);
#4495=ORIENTED_EDGE('',*,*,#6715,.F.);
#4496=ORIENTED_EDGE('',*,*,#5881,.T.);
#4497=ORIENTED_EDGE('',*,*,#6714,.T.);
#4498=ORIENTED_EDGE('',*,*,#6249,.F.);
#4499=ORIENTED_EDGE('',*,*,#6716,.F.);
#4500=ORIENTED_EDGE('',*,*,#5812,.T.);
#4501=ORIENTED_EDGE('',*,*,#6717,.T.);
#4502=ORIENTED_EDGE('',*,*,#6281,.F.);
#4503=ORIENTED_EDGE('',*,*,#6718,.F.);
#4504=ORIENTED_EDGE('',*,*,#5813,.T.);
#4505=ORIENTED_EDGE('',*,*,#6716,.T.);
#4506=ORIENTED_EDGE('',*,*,#6280,.F.);
#4507=ORIENTED_EDGE('',*,*,#6719,.F.);
#4508=ORIENTED_EDGE('',*,*,#5814,.T.);
#4509=ORIENTED_EDGE('',*,*,#6718,.T.);
#4510=ORIENTED_EDGE('',*,*,#6279,.F.);
#4511=ORIENTED_EDGE('',*,*,#6720,.F.);
#4512=ORIENTED_EDGE('',*,*,#5815,.T.);
#4513=ORIENTED_EDGE('',*,*,#6719,.T.);
#4514=ORIENTED_EDGE('',*,*,#6278,.F.);
#4515=ORIENTED_EDGE('',*,*,#6721,.F.);
#4516=ORIENTED_EDGE('',*,*,#5816,.T.);
#4517=ORIENTED_EDGE('',*,*,#6720,.T.);
#4518=ORIENTED_EDGE('',*,*,#6277,.F.);
#4519=ORIENTED_EDGE('',*,*,#6722,.F.);
#4520=ORIENTED_EDGE('',*,*,#5817,.T.);
#4521=ORIENTED_EDGE('',*,*,#6721,.T.);
#4522=ORIENTED_EDGE('',*,*,#6276,.F.);
#4523=ORIENTED_EDGE('',*,*,#6723,.F.);
#4524=ORIENTED_EDGE('',*,*,#5818,.T.);
#4525=ORIENTED_EDGE('',*,*,#6722,.T.);
#4526=ORIENTED_EDGE('',*,*,#6275,.F.);
#4527=ORIENTED_EDGE('',*,*,#6724,.F.);
#4528=ORIENTED_EDGE('',*,*,#5819,.T.);
#4529=ORIENTED_EDGE('',*,*,#6723,.T.);
#4530=ORIENTED_EDGE('',*,*,#6274,.F.);
#4531=ORIENTED_EDGE('',*,*,#6725,.F.);
#4532=ORIENTED_EDGE('',*,*,#5820,.T.);
#4533=ORIENTED_EDGE('',*,*,#6724,.T.);
#4534=ORIENTED_EDGE('',*,*,#6273,.F.);
#4535=ORIENTED_EDGE('',*,*,#6726,.F.);
#4536=ORIENTED_EDGE('',*,*,#5821,.T.);
#4537=ORIENTED_EDGE('',*,*,#6725,.T.);
#4538=ORIENTED_EDGE('',*,*,#6272,.F.);
#4539=ORIENTED_EDGE('',*,*,#6727,.F.);
#4540=ORIENTED_EDGE('',*,*,#5822,.T.);
#4541=ORIENTED_EDGE('',*,*,#6726,.T.);
#4542=ORIENTED_EDGE('',*,*,#6271,.F.);
#4543=ORIENTED_EDGE('',*,*,#6728,.F.);
#4544=ORIENTED_EDGE('',*,*,#5823,.T.);
#4545=ORIENTED_EDGE('',*,*,#6727,.T.);
#4546=ORIENTED_EDGE('',*,*,#6270,.F.);
#4547=ORIENTED_EDGE('',*,*,#6729,.F.);
#4548=ORIENTED_EDGE('',*,*,#5824,.T.);
#4549=ORIENTED_EDGE('',*,*,#6728,.T.);
#4550=ORIENTED_EDGE('',*,*,#6269,.F.);
#4551=ORIENTED_EDGE('',*,*,#6730,.F.);
#4552=ORIENTED_EDGE('',*,*,#5825,.T.);
#4553=ORIENTED_EDGE('',*,*,#6729,.T.);
#4554=ORIENTED_EDGE('',*,*,#6268,.F.);
#4555=ORIENTED_EDGE('',*,*,#6731,.F.);
#4556=ORIENTED_EDGE('',*,*,#5826,.T.);
#4557=ORIENTED_EDGE('',*,*,#6730,.T.);
#4558=ORIENTED_EDGE('',*,*,#6267,.F.);
#4559=ORIENTED_EDGE('',*,*,#6732,.F.);
#4560=ORIENTED_EDGE('',*,*,#5827,.T.);
#4561=ORIENTED_EDGE('',*,*,#6731,.T.);
#4562=ORIENTED_EDGE('',*,*,#6266,.F.);
#4563=ORIENTED_EDGE('',*,*,#6733,.F.);
#4564=ORIENTED_EDGE('',*,*,#5828,.T.);
#4565=ORIENTED_EDGE('',*,*,#6732,.T.);
#4566=ORIENTED_EDGE('',*,*,#6265,.F.);
#4567=ORIENTED_EDGE('',*,*,#6734,.F.);
#4568=ORIENTED_EDGE('',*,*,#5829,.T.);
#4569=ORIENTED_EDGE('',*,*,#6733,.T.);
#4570=ORIENTED_EDGE('',*,*,#6264,.F.);
#4571=ORIENTED_EDGE('',*,*,#6735,.F.);
#4572=ORIENTED_EDGE('',*,*,#5830,.T.);
#4573=ORIENTED_EDGE('',*,*,#6734,.T.);
#4574=ORIENTED_EDGE('',*,*,#6263,.F.);
#4575=ORIENTED_EDGE('',*,*,#6736,.F.);
#4576=ORIENTED_EDGE('',*,*,#5831,.T.);
#4577=ORIENTED_EDGE('',*,*,#6735,.T.);
#4578=ORIENTED_EDGE('',*,*,#6262,.F.);
#4579=ORIENTED_EDGE('',*,*,#6737,.F.);
#4580=ORIENTED_EDGE('',*,*,#5832,.T.);
#4581=ORIENTED_EDGE('',*,*,#6736,.T.);
#4582=ORIENTED_EDGE('',*,*,#6261,.F.);
#4583=ORIENTED_EDGE('',*,*,#6738,.F.);
#4584=ORIENTED_EDGE('',*,*,#5833,.T.);
#4585=ORIENTED_EDGE('',*,*,#6737,.T.);
#4586=ORIENTED_EDGE('',*,*,#6260,.F.);
#4587=ORIENTED_EDGE('',*,*,#6739,.F.);
#4588=ORIENTED_EDGE('',*,*,#5834,.T.);
#4589=ORIENTED_EDGE('',*,*,#6738,.T.);
#4590=ORIENTED_EDGE('',*,*,#6259,.F.);
#4591=ORIENTED_EDGE('',*,*,#6740,.F.);
#4592=ORIENTED_EDGE('',*,*,#5835,.T.);
#4593=ORIENTED_EDGE('',*,*,#6739,.T.);
#4594=ORIENTED_EDGE('',*,*,#6258,.F.);
#4595=ORIENTED_EDGE('',*,*,#6741,.F.);
#4596=ORIENTED_EDGE('',*,*,#5836,.T.);
#4597=ORIENTED_EDGE('',*,*,#6740,.T.);
#4598=ORIENTED_EDGE('',*,*,#6257,.F.);
#4599=ORIENTED_EDGE('',*,*,#6742,.F.);
#4600=ORIENTED_EDGE('',*,*,#5837,.T.);
#4601=ORIENTED_EDGE('',*,*,#6741,.T.);
#4602=ORIENTED_EDGE('',*,*,#6256,.F.);
#4603=ORIENTED_EDGE('',*,*,#6743,.F.);
#4604=ORIENTED_EDGE('',*,*,#5838,.T.);
#4605=ORIENTED_EDGE('',*,*,#6742,.T.);
#4606=ORIENTED_EDGE('',*,*,#6255,.F.);
#4607=ORIENTED_EDGE('',*,*,#6744,.F.);
#4608=ORIENTED_EDGE('',*,*,#5839,.T.);
#4609=ORIENTED_EDGE('',*,*,#6743,.T.);
#4610=ORIENTED_EDGE('',*,*,#6254,.F.);
#4611=ORIENTED_EDGE('',*,*,#6745,.F.);
#4612=ORIENTED_EDGE('',*,*,#5840,.T.);
#4613=ORIENTED_EDGE('',*,*,#6744,.T.);
#4614=ORIENTED_EDGE('',*,*,#6253,.F.);
#4615=ORIENTED_EDGE('',*,*,#6746,.F.);
#4616=ORIENTED_EDGE('',*,*,#5841,.T.);
#4617=ORIENTED_EDGE('',*,*,#6745,.T.);
#4618=ORIENTED_EDGE('',*,*,#6252,.F.);
#4619=ORIENTED_EDGE('',*,*,#6747,.F.);
#4620=ORIENTED_EDGE('',*,*,#5842,.T.);
#4621=ORIENTED_EDGE('',*,*,#6746,.T.);
#4622=ORIENTED_EDGE('',*,*,#6251,.F.);
#4623=ORIENTED_EDGE('',*,*,#6748,.F.);
#4624=ORIENTED_EDGE('',*,*,#5843,.T.);
#4625=ORIENTED_EDGE('',*,*,#6747,.T.);
#4626=ORIENTED_EDGE('',*,*,#6282,.F.);
#4627=ORIENTED_EDGE('',*,*,#6749,.F.);
#4628=ORIENTED_EDGE('',*,*,#5809,.T.);
#4629=ORIENTED_EDGE('',*,*,#6750,.T.);
#4630=ORIENTED_EDGE('',*,*,#6284,.F.);
#4631=ORIENTED_EDGE('',*,*,#6751,.F.);
#4632=ORIENTED_EDGE('',*,*,#5810,.T.);
#4633=ORIENTED_EDGE('',*,*,#6749,.T.);
#4634=ORIENTED_EDGE('',*,*,#6373,.T.);
#4635=ORIENTED_EDGE('',*,*,#6752,.F.);
#4636=ORIENTED_EDGE('',*,*,#5723,.F.);
#4637=ORIENTED_EDGE('',*,*,#6753,.T.);
#4638=ORIENTED_EDGE('',*,*,#6372,.T.);
#4639=ORIENTED_EDGE('',*,*,#6754,.F.);
#4640=ORIENTED_EDGE('',*,*,#5724,.F.);
#4641=ORIENTED_EDGE('',*,*,#6752,.T.);
#4642=ORIENTED_EDGE('',*,*,#6371,.T.);
#4643=ORIENTED_EDGE('',*,*,#6755,.F.);
#4644=ORIENTED_EDGE('',*,*,#5725,.F.);
#4645=ORIENTED_EDGE('',*,*,#6754,.T.);
#4646=ORIENTED_EDGE('',*,*,#6370,.T.);
#4647=ORIENTED_EDGE('',*,*,#6756,.F.);
#4648=ORIENTED_EDGE('',*,*,#5726,.F.);
#4649=ORIENTED_EDGE('',*,*,#6755,.T.);
#4650=ORIENTED_EDGE('',*,*,#6369,.T.);
#4651=ORIENTED_EDGE('',*,*,#6757,.F.);
#4652=ORIENTED_EDGE('',*,*,#5727,.F.);
#4653=ORIENTED_EDGE('',*,*,#6756,.T.);
#4654=ORIENTED_EDGE('',*,*,#6368,.T.);
#4655=ORIENTED_EDGE('',*,*,#6758,.F.);
#4656=ORIENTED_EDGE('',*,*,#5728,.F.);
#4657=ORIENTED_EDGE('',*,*,#6757,.T.);
#4658=ORIENTED_EDGE('',*,*,#6367,.T.);
#4659=ORIENTED_EDGE('',*,*,#6759,.F.);
#4660=ORIENTED_EDGE('',*,*,#5729,.F.);
#4661=ORIENTED_EDGE('',*,*,#6758,.T.);
#4662=ORIENTED_EDGE('',*,*,#6366,.T.);
#4663=ORIENTED_EDGE('',*,*,#6760,.F.);
#4664=ORIENTED_EDGE('',*,*,#5730,.F.);
#4665=ORIENTED_EDGE('',*,*,#6759,.T.);
#4666=ORIENTED_EDGE('',*,*,#6365,.T.);
#4667=ORIENTED_EDGE('',*,*,#6761,.F.);
#4668=ORIENTED_EDGE('',*,*,#5731,.F.);
#4669=ORIENTED_EDGE('',*,*,#6760,.T.);
#4670=ORIENTED_EDGE('',*,*,#6364,.T.);
#4671=ORIENTED_EDGE('',*,*,#6762,.F.);
#4672=ORIENTED_EDGE('',*,*,#5732,.F.);
#4673=ORIENTED_EDGE('',*,*,#6761,.T.);
#4674=ORIENTED_EDGE('',*,*,#6363,.T.);
#4675=ORIENTED_EDGE('',*,*,#6763,.F.);
#4676=ORIENTED_EDGE('',*,*,#5733,.F.);
#4677=ORIENTED_EDGE('',*,*,#6762,.T.);
#4678=ORIENTED_EDGE('',*,*,#6362,.T.);
#4679=ORIENTED_EDGE('',*,*,#6764,.F.);
#4680=ORIENTED_EDGE('',*,*,#5734,.F.);
#4681=ORIENTED_EDGE('',*,*,#6763,.T.);
#4682=ORIENTED_EDGE('',*,*,#6361,.T.);
#4683=ORIENTED_EDGE('',*,*,#6765,.F.);
#4684=ORIENTED_EDGE('',*,*,#5735,.F.);
#4685=ORIENTED_EDGE('',*,*,#6764,.T.);
#4686=ORIENTED_EDGE('',*,*,#6360,.T.);
#4687=ORIENTED_EDGE('',*,*,#6766,.F.);
#4688=ORIENTED_EDGE('',*,*,#5736,.F.);
#4689=ORIENTED_EDGE('',*,*,#6765,.T.);
#4690=ORIENTED_EDGE('',*,*,#6359,.T.);
#4691=ORIENTED_EDGE('',*,*,#6767,.F.);
#4692=ORIENTED_EDGE('',*,*,#5737,.F.);
#4693=ORIENTED_EDGE('',*,*,#6766,.T.);
#4694=ORIENTED_EDGE('',*,*,#6358,.T.);
#4695=ORIENTED_EDGE('',*,*,#6768,.F.);
#4696=ORIENTED_EDGE('',*,*,#5738,.F.);
#4697=ORIENTED_EDGE('',*,*,#6767,.T.);
#4698=ORIENTED_EDGE('',*,*,#6357,.T.);
#4699=ORIENTED_EDGE('',*,*,#6769,.F.);
#4700=ORIENTED_EDGE('',*,*,#5739,.F.);
#4701=ORIENTED_EDGE('',*,*,#6768,.T.);
#4702=ORIENTED_EDGE('',*,*,#6356,.T.);
#4703=ORIENTED_EDGE('',*,*,#6770,.F.);
#4704=ORIENTED_EDGE('',*,*,#5740,.F.);
#4705=ORIENTED_EDGE('',*,*,#6769,.T.);
#4706=ORIENTED_EDGE('',*,*,#6355,.T.);
#4707=ORIENTED_EDGE('',*,*,#6771,.F.);
#4708=ORIENTED_EDGE('',*,*,#5741,.F.);
#4709=ORIENTED_EDGE('',*,*,#6770,.T.);
#4710=ORIENTED_EDGE('',*,*,#6354,.T.);
#4711=ORIENTED_EDGE('',*,*,#6772,.F.);
#4712=ORIENTED_EDGE('',*,*,#5742,.F.);
#4713=ORIENTED_EDGE('',*,*,#6771,.T.);
#4714=ORIENTED_EDGE('',*,*,#6353,.T.);
#4715=ORIENTED_EDGE('',*,*,#6773,.F.);
#4716=ORIENTED_EDGE('',*,*,#5743,.F.);
#4717=ORIENTED_EDGE('',*,*,#6772,.T.);
#4718=ORIENTED_EDGE('',*,*,#6352,.T.);
#4719=ORIENTED_EDGE('',*,*,#6774,.F.);
#4720=ORIENTED_EDGE('',*,*,#5744,.F.);
#4721=ORIENTED_EDGE('',*,*,#6773,.T.);
#4722=ORIENTED_EDGE('',*,*,#6351,.T.);
#4723=ORIENTED_EDGE('',*,*,#6775,.F.);
#4724=ORIENTED_EDGE('',*,*,#5745,.F.);
#4725=ORIENTED_EDGE('',*,*,#6774,.T.);
#4726=ORIENTED_EDGE('',*,*,#6350,.T.);
#4727=ORIENTED_EDGE('',*,*,#6776,.F.);
#4728=ORIENTED_EDGE('',*,*,#5746,.F.);
#4729=ORIENTED_EDGE('',*,*,#6775,.T.);
#4730=ORIENTED_EDGE('',*,*,#6349,.T.);
#4731=ORIENTED_EDGE('',*,*,#6777,.F.);
#4732=ORIENTED_EDGE('',*,*,#5747,.F.);
#4733=ORIENTED_EDGE('',*,*,#6776,.T.);
#4734=ORIENTED_EDGE('',*,*,#6348,.T.);
#4735=ORIENTED_EDGE('',*,*,#6778,.F.);
#4736=ORIENTED_EDGE('',*,*,#5748,.F.);
#4737=ORIENTED_EDGE('',*,*,#6777,.T.);
#4738=ORIENTED_EDGE('',*,*,#6347,.T.);
#4739=ORIENTED_EDGE('',*,*,#6779,.F.);
#4740=ORIENTED_EDGE('',*,*,#5749,.F.);
#4741=ORIENTED_EDGE('',*,*,#6778,.T.);
#4742=ORIENTED_EDGE('',*,*,#6346,.T.);
#4743=ORIENTED_EDGE('',*,*,#6780,.F.);
#4744=ORIENTED_EDGE('',*,*,#5750,.F.);
#4745=ORIENTED_EDGE('',*,*,#6779,.T.);
#4746=ORIENTED_EDGE('',*,*,#6345,.T.);
#4747=ORIENTED_EDGE('',*,*,#6781,.F.);
#4748=ORIENTED_EDGE('',*,*,#5751,.F.);
#4749=ORIENTED_EDGE('',*,*,#6780,.T.);
#4750=ORIENTED_EDGE('',*,*,#6344,.T.);
#4751=ORIENTED_EDGE('',*,*,#6782,.F.);
#4752=ORIENTED_EDGE('',*,*,#5752,.F.);
#4753=ORIENTED_EDGE('',*,*,#6781,.T.);
#4754=ORIENTED_EDGE('',*,*,#6343,.T.);
#4755=ORIENTED_EDGE('',*,*,#6783,.F.);
#4756=ORIENTED_EDGE('',*,*,#5753,.F.);
#4757=ORIENTED_EDGE('',*,*,#6782,.T.);
#4758=ORIENTED_EDGE('',*,*,#6342,.T.);
#4759=ORIENTED_EDGE('',*,*,#6784,.F.);
#4760=ORIENTED_EDGE('',*,*,#5754,.F.);
#4761=ORIENTED_EDGE('',*,*,#6783,.T.);
#4762=ORIENTED_EDGE('',*,*,#6341,.T.);
#4763=ORIENTED_EDGE('',*,*,#6785,.F.);
#4764=ORIENTED_EDGE('',*,*,#5755,.F.);
#4765=ORIENTED_EDGE('',*,*,#6784,.T.);
#4766=ORIENTED_EDGE('',*,*,#6340,.T.);
#4767=ORIENTED_EDGE('',*,*,#6786,.F.);
#4768=ORIENTED_EDGE('',*,*,#5756,.F.);
#4769=ORIENTED_EDGE('',*,*,#6785,.T.);
#4770=ORIENTED_EDGE('',*,*,#6339,.T.);
#4771=ORIENTED_EDGE('',*,*,#6787,.F.);
#4772=ORIENTED_EDGE('',*,*,#5757,.F.);
#4773=ORIENTED_EDGE('',*,*,#6786,.T.);
#4774=ORIENTED_EDGE('',*,*,#6338,.T.);
#4775=ORIENTED_EDGE('',*,*,#6788,.F.);
#4776=ORIENTED_EDGE('',*,*,#5758,.F.);
#4777=ORIENTED_EDGE('',*,*,#6787,.T.);
#4778=ORIENTED_EDGE('',*,*,#6337,.T.);
#4779=ORIENTED_EDGE('',*,*,#6789,.F.);
#4780=ORIENTED_EDGE('',*,*,#5759,.F.);
#4781=ORIENTED_EDGE('',*,*,#6788,.T.);
#4782=ORIENTED_EDGE('',*,*,#6336,.T.);
#4783=ORIENTED_EDGE('',*,*,#6790,.F.);
#4784=ORIENTED_EDGE('',*,*,#5760,.F.);
#4785=ORIENTED_EDGE('',*,*,#6789,.T.);
#4786=ORIENTED_EDGE('',*,*,#6335,.T.);
#4787=ORIENTED_EDGE('',*,*,#6791,.F.);
#4788=ORIENTED_EDGE('',*,*,#5761,.F.);
#4789=ORIENTED_EDGE('',*,*,#6790,.T.);
#4790=ORIENTED_EDGE('',*,*,#6334,.T.);
#4791=ORIENTED_EDGE('',*,*,#6792,.F.);
#4792=ORIENTED_EDGE('',*,*,#5762,.F.);
#4793=ORIENTED_EDGE('',*,*,#6791,.T.);
#4794=ORIENTED_EDGE('',*,*,#6333,.T.);
#4795=ORIENTED_EDGE('',*,*,#6793,.F.);
#4796=ORIENTED_EDGE('',*,*,#5763,.F.);
#4797=ORIENTED_EDGE('',*,*,#6792,.T.);
#4798=ORIENTED_EDGE('',*,*,#6332,.T.);
#4799=ORIENTED_EDGE('',*,*,#6794,.F.);
#4800=ORIENTED_EDGE('',*,*,#5764,.F.);
#4801=ORIENTED_EDGE('',*,*,#6793,.T.);
#4802=ORIENTED_EDGE('',*,*,#6331,.T.);
#4803=ORIENTED_EDGE('',*,*,#6795,.F.);
#4804=ORIENTED_EDGE('',*,*,#5765,.F.);
#4805=ORIENTED_EDGE('',*,*,#6794,.T.);
#4806=ORIENTED_EDGE('',*,*,#6330,.T.);
#4807=ORIENTED_EDGE('',*,*,#6796,.F.);
#4808=ORIENTED_EDGE('',*,*,#5766,.F.);
#4809=ORIENTED_EDGE('',*,*,#6795,.T.);
#4810=ORIENTED_EDGE('',*,*,#6329,.T.);
#4811=ORIENTED_EDGE('',*,*,#6797,.F.);
#4812=ORIENTED_EDGE('',*,*,#5767,.F.);
#4813=ORIENTED_EDGE('',*,*,#6796,.T.);
#4814=ORIENTED_EDGE('',*,*,#6328,.T.);
#4815=ORIENTED_EDGE('',*,*,#6798,.F.);
#4816=ORIENTED_EDGE('',*,*,#5768,.F.);
#4817=ORIENTED_EDGE('',*,*,#6797,.T.);
#4818=ORIENTED_EDGE('',*,*,#6327,.T.);
#4819=ORIENTED_EDGE('',*,*,#6799,.F.);
#4820=ORIENTED_EDGE('',*,*,#5769,.F.);
#4821=ORIENTED_EDGE('',*,*,#6798,.T.);
#4822=ORIENTED_EDGE('',*,*,#6326,.T.);
#4823=ORIENTED_EDGE('',*,*,#6800,.F.);
#4824=ORIENTED_EDGE('',*,*,#5770,.F.);
#4825=ORIENTED_EDGE('',*,*,#6799,.T.);
#4826=ORIENTED_EDGE('',*,*,#6325,.T.);
#4827=ORIENTED_EDGE('',*,*,#6801,.F.);
#4828=ORIENTED_EDGE('',*,*,#5771,.F.);
#4829=ORIENTED_EDGE('',*,*,#6800,.T.);
#4830=ORIENTED_EDGE('',*,*,#6324,.T.);
#4831=ORIENTED_EDGE('',*,*,#6802,.F.);
#4832=ORIENTED_EDGE('',*,*,#5772,.F.);
#4833=ORIENTED_EDGE('',*,*,#6801,.T.);
#4834=ORIENTED_EDGE('',*,*,#6323,.T.);
#4835=ORIENTED_EDGE('',*,*,#6803,.F.);
#4836=ORIENTED_EDGE('',*,*,#5773,.F.);
#4837=ORIENTED_EDGE('',*,*,#6802,.T.);
#4838=ORIENTED_EDGE('',*,*,#6322,.T.);
#4839=ORIENTED_EDGE('',*,*,#6804,.F.);
#4840=ORIENTED_EDGE('',*,*,#5774,.F.);
#4841=ORIENTED_EDGE('',*,*,#6803,.T.);
#4842=ORIENTED_EDGE('',*,*,#6321,.T.);
#4843=ORIENTED_EDGE('',*,*,#6805,.F.);
#4844=ORIENTED_EDGE('',*,*,#5775,.F.);
#4845=ORIENTED_EDGE('',*,*,#6804,.T.);
#4846=ORIENTED_EDGE('',*,*,#6320,.T.);
#4847=ORIENTED_EDGE('',*,*,#6806,.F.);
#4848=ORIENTED_EDGE('',*,*,#5776,.F.);
#4849=ORIENTED_EDGE('',*,*,#6805,.T.);
#4850=ORIENTED_EDGE('',*,*,#6319,.T.);
#4851=ORIENTED_EDGE('',*,*,#6807,.F.);
#4852=ORIENTED_EDGE('',*,*,#5777,.F.);
#4853=ORIENTED_EDGE('',*,*,#6806,.T.);
#4854=ORIENTED_EDGE('',*,*,#6318,.T.);
#4855=ORIENTED_EDGE('',*,*,#6808,.F.);
#4856=ORIENTED_EDGE('',*,*,#5778,.F.);
#4857=ORIENTED_EDGE('',*,*,#6807,.T.);
#4858=ORIENTED_EDGE('',*,*,#6317,.T.);
#4859=ORIENTED_EDGE('',*,*,#6809,.F.);
#4860=ORIENTED_EDGE('',*,*,#5779,.F.);
#4861=ORIENTED_EDGE('',*,*,#6808,.T.);
#4862=ORIENTED_EDGE('',*,*,#6316,.T.);
#4863=ORIENTED_EDGE('',*,*,#6810,.F.);
#4864=ORIENTED_EDGE('',*,*,#5780,.F.);
#4865=ORIENTED_EDGE('',*,*,#6809,.T.);
#4866=ORIENTED_EDGE('',*,*,#6315,.T.);
#4867=ORIENTED_EDGE('',*,*,#6811,.F.);
#4868=ORIENTED_EDGE('',*,*,#5781,.F.);
#4869=ORIENTED_EDGE('',*,*,#6810,.T.);
#4870=ORIENTED_EDGE('',*,*,#6314,.T.);
#4871=ORIENTED_EDGE('',*,*,#6812,.F.);
#4872=ORIENTED_EDGE('',*,*,#5782,.F.);
#4873=ORIENTED_EDGE('',*,*,#6811,.T.);
#4874=ORIENTED_EDGE('',*,*,#6313,.T.);
#4875=ORIENTED_EDGE('',*,*,#6813,.F.);
#4876=ORIENTED_EDGE('',*,*,#5783,.F.);
#4877=ORIENTED_EDGE('',*,*,#6812,.T.);
#4878=ORIENTED_EDGE('',*,*,#6312,.T.);
#4879=ORIENTED_EDGE('',*,*,#6814,.F.);
#4880=ORIENTED_EDGE('',*,*,#5784,.F.);
#4881=ORIENTED_EDGE('',*,*,#6813,.T.);
#4882=ORIENTED_EDGE('',*,*,#6311,.T.);
#4883=ORIENTED_EDGE('',*,*,#6815,.F.);
#4884=ORIENTED_EDGE('',*,*,#5785,.F.);
#4885=ORIENTED_EDGE('',*,*,#6814,.T.);
#4886=ORIENTED_EDGE('',*,*,#6310,.T.);
#4887=ORIENTED_EDGE('',*,*,#6816,.F.);
#4888=ORIENTED_EDGE('',*,*,#5786,.F.);
#4889=ORIENTED_EDGE('',*,*,#6815,.T.);
#4890=ORIENTED_EDGE('',*,*,#6309,.T.);
#4891=ORIENTED_EDGE('',*,*,#6817,.F.);
#4892=ORIENTED_EDGE('',*,*,#5787,.F.);
#4893=ORIENTED_EDGE('',*,*,#6816,.T.);
#4894=ORIENTED_EDGE('',*,*,#6308,.T.);
#4895=ORIENTED_EDGE('',*,*,#6818,.F.);
#4896=ORIENTED_EDGE('',*,*,#5788,.F.);
#4897=ORIENTED_EDGE('',*,*,#6817,.T.);
#4898=ORIENTED_EDGE('',*,*,#6307,.T.);
#4899=ORIENTED_EDGE('',*,*,#6819,.F.);
#4900=ORIENTED_EDGE('',*,*,#5789,.F.);
#4901=ORIENTED_EDGE('',*,*,#6818,.T.);
#4902=ORIENTED_EDGE('',*,*,#6306,.T.);
#4903=ORIENTED_EDGE('',*,*,#6820,.F.);
#4904=ORIENTED_EDGE('',*,*,#5790,.F.);
#4905=ORIENTED_EDGE('',*,*,#6819,.T.);
#4906=ORIENTED_EDGE('',*,*,#6305,.T.);
#4907=ORIENTED_EDGE('',*,*,#6821,.F.);
#4908=ORIENTED_EDGE('',*,*,#5791,.F.);
#4909=ORIENTED_EDGE('',*,*,#6820,.T.);
#4910=ORIENTED_EDGE('',*,*,#6304,.T.);
#4911=ORIENTED_EDGE('',*,*,#6822,.F.);
#4912=ORIENTED_EDGE('',*,*,#5792,.F.);
#4913=ORIENTED_EDGE('',*,*,#6821,.T.);
#4914=ORIENTED_EDGE('',*,*,#6303,.T.);
#4915=ORIENTED_EDGE('',*,*,#6823,.F.);
#4916=ORIENTED_EDGE('',*,*,#5793,.F.);
#4917=ORIENTED_EDGE('',*,*,#6822,.T.);
#4918=ORIENTED_EDGE('',*,*,#6302,.T.);
#4919=ORIENTED_EDGE('',*,*,#6824,.F.);
#4920=ORIENTED_EDGE('',*,*,#5794,.F.);
#4921=ORIENTED_EDGE('',*,*,#6823,.T.);
#4922=ORIENTED_EDGE('',*,*,#6301,.T.);
#4923=ORIENTED_EDGE('',*,*,#6825,.F.);
#4924=ORIENTED_EDGE('',*,*,#5795,.F.);
#4925=ORIENTED_EDGE('',*,*,#6824,.T.);
#4926=ORIENTED_EDGE('',*,*,#6300,.T.);
#4927=ORIENTED_EDGE('',*,*,#6826,.F.);
#4928=ORIENTED_EDGE('',*,*,#5796,.F.);
#4929=ORIENTED_EDGE('',*,*,#6825,.T.);
#4930=ORIENTED_EDGE('',*,*,#6299,.T.);
#4931=ORIENTED_EDGE('',*,*,#6827,.F.);
#4932=ORIENTED_EDGE('',*,*,#5797,.F.);
#4933=ORIENTED_EDGE('',*,*,#6826,.T.);
#4934=ORIENTED_EDGE('',*,*,#6298,.T.);
#4935=ORIENTED_EDGE('',*,*,#6828,.F.);
#4936=ORIENTED_EDGE('',*,*,#5798,.F.);
#4937=ORIENTED_EDGE('',*,*,#6827,.T.);
#4938=ORIENTED_EDGE('',*,*,#6297,.T.);
#4939=ORIENTED_EDGE('',*,*,#6829,.F.);
#4940=ORIENTED_EDGE('',*,*,#5799,.F.);
#4941=ORIENTED_EDGE('',*,*,#6828,.T.);
#4942=ORIENTED_EDGE('',*,*,#6296,.T.);
#4943=ORIENTED_EDGE('',*,*,#6830,.F.);
#4944=ORIENTED_EDGE('',*,*,#5800,.F.);
#4945=ORIENTED_EDGE('',*,*,#6829,.T.);
#4946=ORIENTED_EDGE('',*,*,#6295,.T.);
#4947=ORIENTED_EDGE('',*,*,#6831,.F.);
#4948=ORIENTED_EDGE('',*,*,#5801,.F.);
#4949=ORIENTED_EDGE('',*,*,#6830,.T.);
#4950=ORIENTED_EDGE('',*,*,#6294,.T.);
#4951=ORIENTED_EDGE('',*,*,#6832,.F.);
#4952=ORIENTED_EDGE('',*,*,#5802,.F.);
#4953=ORIENTED_EDGE('',*,*,#6831,.T.);
#4954=ORIENTED_EDGE('',*,*,#6293,.T.);
#4955=ORIENTED_EDGE('',*,*,#6833,.F.);
#4956=ORIENTED_EDGE('',*,*,#5803,.F.);
#4957=ORIENTED_EDGE('',*,*,#6832,.T.);
#4958=ORIENTED_EDGE('',*,*,#6292,.T.);
#4959=ORIENTED_EDGE('',*,*,#6834,.F.);
#4960=ORIENTED_EDGE('',*,*,#5804,.F.);
#4961=ORIENTED_EDGE('',*,*,#6833,.T.);
#4962=ORIENTED_EDGE('',*,*,#6291,.T.);
#4963=ORIENTED_EDGE('',*,*,#6835,.F.);
#4964=ORIENTED_EDGE('',*,*,#5805,.F.);
#4965=ORIENTED_EDGE('',*,*,#6834,.T.);
#4966=ORIENTED_EDGE('',*,*,#6290,.F.);
#4967=ORIENTED_EDGE('',*,*,#6836,.F.);
#4968=ORIENTED_EDGE('',*,*,#5806,.T.);
#4969=ORIENTED_EDGE('',*,*,#6835,.T.);
#4970=ORIENTED_EDGE('',*,*,#6289,.T.);
#4971=ORIENTED_EDGE('',*,*,#6837,.T.);
#4972=ORIENTED_EDGE('',*,*,#5807,.F.);
#4973=ORIENTED_EDGE('',*,*,#6836,.T.);
#4974=ORIENTED_EDGE('',*,*,#6287,.T.);
#4975=ORIENTED_EDGE('',*,*,#6838,.T.);
#4976=ORIENTED_EDGE('',*,*,#5586,.F.);
#4977=ORIENTED_EDGE('',*,*,#6839,.T.);
#4978=ORIENTED_EDGE('',*,*,#5588,.T.);
#4979=ORIENTED_EDGE('',*,*,#6840,.T.);
#4980=ORIENTED_EDGE('',*,*,#6285,.F.);
#4981=ORIENTED_EDGE('',*,*,#6841,.F.);
#4982=ORIENTED_EDGE('',*,*,#6507,.T.);
#4983=ORIENTED_EDGE('',*,*,#6842,.F.);
#4984=ORIENTED_EDGE('',*,*,#5589,.F.);
#4985=ORIENTED_EDGE('',*,*,#6841,.T.);
#4986=ORIENTED_EDGE('',*,*,#6506,.T.);
#4987=ORIENTED_EDGE('',*,*,#6843,.F.);
#4988=ORIENTED_EDGE('',*,*,#5590,.F.);
#4989=ORIENTED_EDGE('',*,*,#6842,.T.);
#4990=ORIENTED_EDGE('',*,*,#6505,.T.);
#4991=ORIENTED_EDGE('',*,*,#6844,.F.);
#4992=ORIENTED_EDGE('',*,*,#5591,.F.);
#4993=ORIENTED_EDGE('',*,*,#6843,.T.);
#4994=ORIENTED_EDGE('',*,*,#6504,.T.);
#4995=ORIENTED_EDGE('',*,*,#6845,.F.);
#4996=ORIENTED_EDGE('',*,*,#5592,.F.);
#4997=ORIENTED_EDGE('',*,*,#6844,.T.);
#4998=ORIENTED_EDGE('',*,*,#6503,.T.);
#4999=ORIENTED_EDGE('',*,*,#6846,.F.);
#5000=ORIENTED_EDGE('',*,*,#5593,.F.);
#5001=ORIENTED_EDGE('',*,*,#6845,.T.);
#5002=ORIENTED_EDGE('',*,*,#6502,.T.);
#5003=ORIENTED_EDGE('',*,*,#6847,.F.);
#5004=ORIENTED_EDGE('',*,*,#5594,.F.);
#5005=ORIENTED_EDGE('',*,*,#6846,.T.);
#5006=ORIENTED_EDGE('',*,*,#6501,.T.);
#5007=ORIENTED_EDGE('',*,*,#6848,.F.);
#5008=ORIENTED_EDGE('',*,*,#5595,.F.);
#5009=ORIENTED_EDGE('',*,*,#6847,.T.);
#5010=ORIENTED_EDGE('',*,*,#6500,.T.);
#5011=ORIENTED_EDGE('',*,*,#6849,.F.);
#5012=ORIENTED_EDGE('',*,*,#5596,.F.);
#5013=ORIENTED_EDGE('',*,*,#6848,.T.);
#5014=ORIENTED_EDGE('',*,*,#6499,.T.);
#5015=ORIENTED_EDGE('',*,*,#6850,.F.);
#5016=ORIENTED_EDGE('',*,*,#5597,.F.);
#5017=ORIENTED_EDGE('',*,*,#6849,.T.);
#5018=ORIENTED_EDGE('',*,*,#6498,.T.);
#5019=ORIENTED_EDGE('',*,*,#6851,.F.);
#5020=ORIENTED_EDGE('',*,*,#5598,.F.);
#5021=ORIENTED_EDGE('',*,*,#6850,.T.);
#5022=ORIENTED_EDGE('',*,*,#6497,.T.);
#5023=ORIENTED_EDGE('',*,*,#6852,.F.);
#5024=ORIENTED_EDGE('',*,*,#5599,.F.);
#5025=ORIENTED_EDGE('',*,*,#6851,.T.);
#5026=ORIENTED_EDGE('',*,*,#6496,.T.);
#5027=ORIENTED_EDGE('',*,*,#6853,.F.);
#5028=ORIENTED_EDGE('',*,*,#5600,.F.);
#5029=ORIENTED_EDGE('',*,*,#6852,.T.);
#5030=ORIENTED_EDGE('',*,*,#6495,.T.);
#5031=ORIENTED_EDGE('',*,*,#6854,.F.);
#5032=ORIENTED_EDGE('',*,*,#5601,.F.);
#5033=ORIENTED_EDGE('',*,*,#6853,.T.);
#5034=ORIENTED_EDGE('',*,*,#6494,.T.);
#5035=ORIENTED_EDGE('',*,*,#6855,.F.);
#5036=ORIENTED_EDGE('',*,*,#5602,.F.);
#5037=ORIENTED_EDGE('',*,*,#6854,.T.);
#5038=ORIENTED_EDGE('',*,*,#6493,.T.);
#5039=ORIENTED_EDGE('',*,*,#6856,.F.);
#5040=ORIENTED_EDGE('',*,*,#5603,.F.);
#5041=ORIENTED_EDGE('',*,*,#6855,.T.);
#5042=ORIENTED_EDGE('',*,*,#6492,.F.);
#5043=ORIENTED_EDGE('',*,*,#6857,.F.);
#5044=ORIENTED_EDGE('',*,*,#5604,.T.);
#5045=ORIENTED_EDGE('',*,*,#6856,.T.);
#5046=ORIENTED_EDGE('',*,*,#6491,.T.);
#5047=ORIENTED_EDGE('',*,*,#6858,.F.);
#5048=ORIENTED_EDGE('',*,*,#5605,.F.);
#5049=ORIENTED_EDGE('',*,*,#6857,.T.);
#5050=ORIENTED_EDGE('',*,*,#6490,.T.);
#5051=ORIENTED_EDGE('',*,*,#6859,.F.);
#5052=ORIENTED_EDGE('',*,*,#5606,.F.);
#5053=ORIENTED_EDGE('',*,*,#6858,.T.);
#5054=ORIENTED_EDGE('',*,*,#6489,.T.);
#5055=ORIENTED_EDGE('',*,*,#6860,.F.);
#5056=ORIENTED_EDGE('',*,*,#5607,.F.);
#5057=ORIENTED_EDGE('',*,*,#6859,.T.);
#5058=ORIENTED_EDGE('',*,*,#6488,.T.);
#5059=ORIENTED_EDGE('',*,*,#6861,.F.);
#5060=ORIENTED_EDGE('',*,*,#5608,.F.);
#5061=ORIENTED_EDGE('',*,*,#6860,.T.);
#5062=ORIENTED_EDGE('',*,*,#6487,.T.);
#5063=ORIENTED_EDGE('',*,*,#6862,.F.);
#5064=ORIENTED_EDGE('',*,*,#5609,.F.);
#5065=ORIENTED_EDGE('',*,*,#6861,.T.);
#5066=ORIENTED_EDGE('',*,*,#6486,.T.);
#5067=ORIENTED_EDGE('',*,*,#6863,.F.);
#5068=ORIENTED_EDGE('',*,*,#5610,.F.);
#5069=ORIENTED_EDGE('',*,*,#6862,.T.);
#5070=ORIENTED_EDGE('',*,*,#6485,.T.);
#5071=ORIENTED_EDGE('',*,*,#6864,.F.);
#5072=ORIENTED_EDGE('',*,*,#5611,.F.);
#5073=ORIENTED_EDGE('',*,*,#6863,.T.);
#5074=ORIENTED_EDGE('',*,*,#6484,.T.);
#5075=ORIENTED_EDGE('',*,*,#6865,.F.);
#5076=ORIENTED_EDGE('',*,*,#5612,.F.);
#5077=ORIENTED_EDGE('',*,*,#6864,.T.);
#5078=ORIENTED_EDGE('',*,*,#6483,.T.);
#5079=ORIENTED_EDGE('',*,*,#6866,.F.);
#5080=ORIENTED_EDGE('',*,*,#5613,.F.);
#5081=ORIENTED_EDGE('',*,*,#6865,.T.);
#5082=ORIENTED_EDGE('',*,*,#6482,.T.);
#5083=ORIENTED_EDGE('',*,*,#6867,.F.);
#5084=ORIENTED_EDGE('',*,*,#5614,.F.);
#5085=ORIENTED_EDGE('',*,*,#6866,.T.);
#5086=ORIENTED_EDGE('',*,*,#6481,.T.);
#5087=ORIENTED_EDGE('',*,*,#6868,.F.);
#5088=ORIENTED_EDGE('',*,*,#5615,.F.);
#5089=ORIENTED_EDGE('',*,*,#6867,.T.);
#5090=ORIENTED_EDGE('',*,*,#6480,.T.);
#5091=ORIENTED_EDGE('',*,*,#6869,.F.);
#5092=ORIENTED_EDGE('',*,*,#5616,.F.);
#5093=ORIENTED_EDGE('',*,*,#6868,.T.);
#5094=ORIENTED_EDGE('',*,*,#6479,.T.);
#5095=ORIENTED_EDGE('',*,*,#6870,.F.);
#5096=ORIENTED_EDGE('',*,*,#5617,.F.);
#5097=ORIENTED_EDGE('',*,*,#6869,.T.);
#5098=ORIENTED_EDGE('',*,*,#6478,.T.);
#5099=ORIENTED_EDGE('',*,*,#6871,.F.);
#5100=ORIENTED_EDGE('',*,*,#5618,.F.);
#5101=ORIENTED_EDGE('',*,*,#6870,.T.);
#5102=ORIENTED_EDGE('',*,*,#6477,.T.);
#5103=ORIENTED_EDGE('',*,*,#6872,.F.);
#5104=ORIENTED_EDGE('',*,*,#5619,.F.);
#5105=ORIENTED_EDGE('',*,*,#6871,.T.);
#5106=ORIENTED_EDGE('',*,*,#6476,.T.);
#5107=ORIENTED_EDGE('',*,*,#6873,.F.);
#5108=ORIENTED_EDGE('',*,*,#5620,.F.);
#5109=ORIENTED_EDGE('',*,*,#6872,.T.);
#5110=ORIENTED_EDGE('',*,*,#6475,.T.);
#5111=ORIENTED_EDGE('',*,*,#6874,.F.);
#5112=ORIENTED_EDGE('',*,*,#5621,.F.);
#5113=ORIENTED_EDGE('',*,*,#6873,.T.);
#5114=ORIENTED_EDGE('',*,*,#6474,.T.);
#5115=ORIENTED_EDGE('',*,*,#6875,.F.);
#5116=ORIENTED_EDGE('',*,*,#5622,.F.);
#5117=ORIENTED_EDGE('',*,*,#6874,.T.);
#5118=ORIENTED_EDGE('',*,*,#6473,.T.);
#5119=ORIENTED_EDGE('',*,*,#6876,.F.);
#5120=ORIENTED_EDGE('',*,*,#5623,.F.);
#5121=ORIENTED_EDGE('',*,*,#6875,.T.);
#5122=ORIENTED_EDGE('',*,*,#6472,.T.);
#5123=ORIENTED_EDGE('',*,*,#6877,.F.);
#5124=ORIENTED_EDGE('',*,*,#5624,.F.);
#5125=ORIENTED_EDGE('',*,*,#6876,.T.);
#5126=ORIENTED_EDGE('',*,*,#6471,.T.);
#5127=ORIENTED_EDGE('',*,*,#6878,.F.);
#5128=ORIENTED_EDGE('',*,*,#5625,.F.);
#5129=ORIENTED_EDGE('',*,*,#6877,.T.);
#5130=ORIENTED_EDGE('',*,*,#6470,.T.);
#5131=ORIENTED_EDGE('',*,*,#6879,.F.);
#5132=ORIENTED_EDGE('',*,*,#5626,.F.);
#5133=ORIENTED_EDGE('',*,*,#6878,.T.);
#5134=ORIENTED_EDGE('',*,*,#6469,.T.);
#5135=ORIENTED_EDGE('',*,*,#6880,.F.);
#5136=ORIENTED_EDGE('',*,*,#5627,.F.);
#5137=ORIENTED_EDGE('',*,*,#6879,.T.);
#5138=ORIENTED_EDGE('',*,*,#6468,.T.);
#5139=ORIENTED_EDGE('',*,*,#6881,.F.);
#5140=ORIENTED_EDGE('',*,*,#5628,.F.);
#5141=ORIENTED_EDGE('',*,*,#6880,.T.);
#5142=ORIENTED_EDGE('',*,*,#6467,.T.);
#5143=ORIENTED_EDGE('',*,*,#6882,.F.);
#5144=ORIENTED_EDGE('',*,*,#5629,.F.);
#5145=ORIENTED_EDGE('',*,*,#6881,.T.);
#5146=ORIENTED_EDGE('',*,*,#6466,.T.);
#5147=ORIENTED_EDGE('',*,*,#6883,.F.);
#5148=ORIENTED_EDGE('',*,*,#5630,.F.);
#5149=ORIENTED_EDGE('',*,*,#6882,.T.);
#5150=ORIENTED_EDGE('',*,*,#6465,.T.);
#5151=ORIENTED_EDGE('',*,*,#6884,.F.);
#5152=ORIENTED_EDGE('',*,*,#5631,.F.);
#5153=ORIENTED_EDGE('',*,*,#6883,.T.);
#5154=ORIENTED_EDGE('',*,*,#6464,.T.);
#5155=ORIENTED_EDGE('',*,*,#6885,.F.);
#5156=ORIENTED_EDGE('',*,*,#5632,.F.);
#5157=ORIENTED_EDGE('',*,*,#6884,.T.);
#5158=ORIENTED_EDGE('',*,*,#6463,.T.);
#5159=ORIENTED_EDGE('',*,*,#6886,.F.);
#5160=ORIENTED_EDGE('',*,*,#5633,.F.);
#5161=ORIENTED_EDGE('',*,*,#6885,.T.);
#5162=ORIENTED_EDGE('',*,*,#6462,.T.);
#5163=ORIENTED_EDGE('',*,*,#6887,.F.);
#5164=ORIENTED_EDGE('',*,*,#5634,.F.);
#5165=ORIENTED_EDGE('',*,*,#6886,.T.);
#5166=ORIENTED_EDGE('',*,*,#6461,.T.);
#5167=ORIENTED_EDGE('',*,*,#6888,.F.);
#5168=ORIENTED_EDGE('',*,*,#5635,.F.);
#5169=ORIENTED_EDGE('',*,*,#6887,.T.);
#5170=ORIENTED_EDGE('',*,*,#6460,.T.);
#5171=ORIENTED_EDGE('',*,*,#6889,.F.);
#5172=ORIENTED_EDGE('',*,*,#5636,.F.);
#5173=ORIENTED_EDGE('',*,*,#6888,.T.);
#5174=ORIENTED_EDGE('',*,*,#6459,.T.);
#5175=ORIENTED_EDGE('',*,*,#6890,.F.);
#5176=ORIENTED_EDGE('',*,*,#5637,.F.);
#5177=ORIENTED_EDGE('',*,*,#6889,.T.);
#5178=ORIENTED_EDGE('',*,*,#6458,.T.);
#5179=ORIENTED_EDGE('',*,*,#6891,.F.);
#5180=ORIENTED_EDGE('',*,*,#5638,.F.);
#5181=ORIENTED_EDGE('',*,*,#6890,.T.);
#5182=ORIENTED_EDGE('',*,*,#6457,.T.);
#5183=ORIENTED_EDGE('',*,*,#6892,.F.);
#5184=ORIENTED_EDGE('',*,*,#5639,.F.);
#5185=ORIENTED_EDGE('',*,*,#6891,.T.);
#5186=ORIENTED_EDGE('',*,*,#6456,.T.);
#5187=ORIENTED_EDGE('',*,*,#6893,.F.);
#5188=ORIENTED_EDGE('',*,*,#5640,.F.);
#5189=ORIENTED_EDGE('',*,*,#6892,.T.);
#5190=ORIENTED_EDGE('',*,*,#6455,.T.);
#5191=ORIENTED_EDGE('',*,*,#6894,.F.);
#5192=ORIENTED_EDGE('',*,*,#5641,.F.);
#5193=ORIENTED_EDGE('',*,*,#6893,.T.);
#5194=ORIENTED_EDGE('',*,*,#6454,.T.);
#5195=ORIENTED_EDGE('',*,*,#6895,.F.);
#5196=ORIENTED_EDGE('',*,*,#5642,.F.);
#5197=ORIENTED_EDGE('',*,*,#6894,.T.);
#5198=ORIENTED_EDGE('',*,*,#6453,.T.);
#5199=ORIENTED_EDGE('',*,*,#6896,.F.);
#5200=ORIENTED_EDGE('',*,*,#5643,.F.);
#5201=ORIENTED_EDGE('',*,*,#6895,.T.);
#5202=ORIENTED_EDGE('',*,*,#6452,.T.);
#5203=ORIENTED_EDGE('',*,*,#6897,.F.);
#5204=ORIENTED_EDGE('',*,*,#5644,.F.);
#5205=ORIENTED_EDGE('',*,*,#6896,.T.);
#5206=ORIENTED_EDGE('',*,*,#6451,.T.);
#5207=ORIENTED_EDGE('',*,*,#6898,.F.);
#5208=ORIENTED_EDGE('',*,*,#5645,.F.);
#5209=ORIENTED_EDGE('',*,*,#6897,.T.);
#5210=ORIENTED_EDGE('',*,*,#6450,.T.);
#5211=ORIENTED_EDGE('',*,*,#6899,.F.);
#5212=ORIENTED_EDGE('',*,*,#5646,.F.);
#5213=ORIENTED_EDGE('',*,*,#6898,.T.);
#5214=ORIENTED_EDGE('',*,*,#6449,.T.);
#5215=ORIENTED_EDGE('',*,*,#6900,.F.);
#5216=ORIENTED_EDGE('',*,*,#5647,.F.);
#5217=ORIENTED_EDGE('',*,*,#6899,.T.);
#5218=ORIENTED_EDGE('',*,*,#6448,.T.);
#5219=ORIENTED_EDGE('',*,*,#6901,.F.);
#5220=ORIENTED_EDGE('',*,*,#5648,.F.);
#5221=ORIENTED_EDGE('',*,*,#6900,.T.);
#5222=ORIENTED_EDGE('',*,*,#6447,.T.);
#5223=ORIENTED_EDGE('',*,*,#6902,.F.);
#5224=ORIENTED_EDGE('',*,*,#5649,.F.);
#5225=ORIENTED_EDGE('',*,*,#6901,.T.);
#5226=ORIENTED_EDGE('',*,*,#6446,.T.);
#5227=ORIENTED_EDGE('',*,*,#6903,.F.);
#5228=ORIENTED_EDGE('',*,*,#5650,.F.);
#5229=ORIENTED_EDGE('',*,*,#6902,.T.);
#5230=ORIENTED_EDGE('',*,*,#6445,.T.);
#5231=ORIENTED_EDGE('',*,*,#6904,.F.);
#5232=ORIENTED_EDGE('',*,*,#5651,.F.);
#5233=ORIENTED_EDGE('',*,*,#6903,.T.);
#5234=ORIENTED_EDGE('',*,*,#6444,.T.);
#5235=ORIENTED_EDGE('',*,*,#6905,.F.);
#5236=ORIENTED_EDGE('',*,*,#5652,.F.);
#5237=ORIENTED_EDGE('',*,*,#6904,.T.);
#5238=ORIENTED_EDGE('',*,*,#6443,.T.);
#5239=ORIENTED_EDGE('',*,*,#6906,.F.);
#5240=ORIENTED_EDGE('',*,*,#5653,.F.);
#5241=ORIENTED_EDGE('',*,*,#6905,.T.);
#5242=ORIENTED_EDGE('',*,*,#6442,.T.);
#5243=ORIENTED_EDGE('',*,*,#6907,.F.);
#5244=ORIENTED_EDGE('',*,*,#5654,.F.);
#5245=ORIENTED_EDGE('',*,*,#6906,.T.);
#5246=ORIENTED_EDGE('',*,*,#6441,.T.);
#5247=ORIENTED_EDGE('',*,*,#6908,.F.);
#5248=ORIENTED_EDGE('',*,*,#5655,.F.);
#5249=ORIENTED_EDGE('',*,*,#6907,.T.);
#5250=ORIENTED_EDGE('',*,*,#6440,.T.);
#5251=ORIENTED_EDGE('',*,*,#6909,.F.);
#5252=ORIENTED_EDGE('',*,*,#5656,.F.);
#5253=ORIENTED_EDGE('',*,*,#6908,.T.);
#5254=ORIENTED_EDGE('',*,*,#6439,.T.);
#5255=ORIENTED_EDGE('',*,*,#6910,.F.);
#5256=ORIENTED_EDGE('',*,*,#5657,.F.);
#5257=ORIENTED_EDGE('',*,*,#6909,.T.);
#5258=ORIENTED_EDGE('',*,*,#6438,.T.);
#5259=ORIENTED_EDGE('',*,*,#6911,.F.);
#5260=ORIENTED_EDGE('',*,*,#5658,.F.);
#5261=ORIENTED_EDGE('',*,*,#6910,.T.);
#5262=ORIENTED_EDGE('',*,*,#6437,.T.);
#5263=ORIENTED_EDGE('',*,*,#6912,.F.);
#5264=ORIENTED_EDGE('',*,*,#5659,.F.);
#5265=ORIENTED_EDGE('',*,*,#6911,.T.);
#5266=ORIENTED_EDGE('',*,*,#6436,.T.);
#5267=ORIENTED_EDGE('',*,*,#6913,.F.);
#5268=ORIENTED_EDGE('',*,*,#5660,.F.);
#5269=ORIENTED_EDGE('',*,*,#6912,.T.);
#5270=ORIENTED_EDGE('',*,*,#6435,.T.);
#5271=ORIENTED_EDGE('',*,*,#6914,.F.);
#5272=ORIENTED_EDGE('',*,*,#5661,.F.);
#5273=ORIENTED_EDGE('',*,*,#6913,.T.);
#5274=ORIENTED_EDGE('',*,*,#6434,.T.);
#5275=ORIENTED_EDGE('',*,*,#6915,.F.);
#5276=ORIENTED_EDGE('',*,*,#5662,.F.);
#5277=ORIENTED_EDGE('',*,*,#6914,.T.);
#5278=ORIENTED_EDGE('',*,*,#6433,.T.);
#5279=ORIENTED_EDGE('',*,*,#6916,.F.);
#5280=ORIENTED_EDGE('',*,*,#5663,.F.);
#5281=ORIENTED_EDGE('',*,*,#6915,.T.);
#5282=ORIENTED_EDGE('',*,*,#6432,.T.);
#5283=ORIENTED_EDGE('',*,*,#6917,.F.);
#5284=ORIENTED_EDGE('',*,*,#5664,.F.);
#5285=ORIENTED_EDGE('',*,*,#6916,.T.);
#5286=ORIENTED_EDGE('',*,*,#6431,.T.);
#5287=ORIENTED_EDGE('',*,*,#6918,.F.);
#5288=ORIENTED_EDGE('',*,*,#5665,.F.);
#5289=ORIENTED_EDGE('',*,*,#6917,.T.);
#5290=ORIENTED_EDGE('',*,*,#6430,.T.);
#5291=ORIENTED_EDGE('',*,*,#6919,.F.);
#5292=ORIENTED_EDGE('',*,*,#5666,.F.);
#5293=ORIENTED_EDGE('',*,*,#6918,.T.);
#5294=ORIENTED_EDGE('',*,*,#6429,.T.);
#5295=ORIENTED_EDGE('',*,*,#6920,.F.);
#5296=ORIENTED_EDGE('',*,*,#5667,.F.);
#5297=ORIENTED_EDGE('',*,*,#6919,.T.);
#5298=ORIENTED_EDGE('',*,*,#6428,.T.);
#5299=ORIENTED_EDGE('',*,*,#6921,.F.);
#5300=ORIENTED_EDGE('',*,*,#5668,.F.);
#5301=ORIENTED_EDGE('',*,*,#6920,.T.);
#5302=ORIENTED_EDGE('',*,*,#6427,.T.);
#5303=ORIENTED_EDGE('',*,*,#6922,.F.);
#5304=ORIENTED_EDGE('',*,*,#5669,.F.);
#5305=ORIENTED_EDGE('',*,*,#6921,.T.);
#5306=ORIENTED_EDGE('',*,*,#6426,.T.);
#5307=ORIENTED_EDGE('',*,*,#6923,.F.);
#5308=ORIENTED_EDGE('',*,*,#5670,.F.);
#5309=ORIENTED_EDGE('',*,*,#6922,.T.);
#5310=ORIENTED_EDGE('',*,*,#6425,.T.);
#5311=ORIENTED_EDGE('',*,*,#6924,.F.);
#5312=ORIENTED_EDGE('',*,*,#5671,.F.);
#5313=ORIENTED_EDGE('',*,*,#6923,.T.);
#5314=ORIENTED_EDGE('',*,*,#6424,.T.);
#5315=ORIENTED_EDGE('',*,*,#6925,.F.);
#5316=ORIENTED_EDGE('',*,*,#5672,.F.);
#5317=ORIENTED_EDGE('',*,*,#6924,.T.);
#5318=ORIENTED_EDGE('',*,*,#6423,.T.);
#5319=ORIENTED_EDGE('',*,*,#6926,.F.);
#5320=ORIENTED_EDGE('',*,*,#5673,.F.);
#5321=ORIENTED_EDGE('',*,*,#6925,.T.);
#5322=ORIENTED_EDGE('',*,*,#6422,.T.);
#5323=ORIENTED_EDGE('',*,*,#6927,.F.);
#5324=ORIENTED_EDGE('',*,*,#5674,.F.);
#5325=ORIENTED_EDGE('',*,*,#6926,.T.);
#5326=ORIENTED_EDGE('',*,*,#6421,.T.);
#5327=ORIENTED_EDGE('',*,*,#6928,.F.);
#5328=ORIENTED_EDGE('',*,*,#5675,.F.);
#5329=ORIENTED_EDGE('',*,*,#6927,.T.);
#5330=ORIENTED_EDGE('',*,*,#6420,.T.);
#5331=ORIENTED_EDGE('',*,*,#6929,.F.);
#5332=ORIENTED_EDGE('',*,*,#5676,.F.);
#5333=ORIENTED_EDGE('',*,*,#6928,.T.);
#5334=ORIENTED_EDGE('',*,*,#6419,.T.);
#5335=ORIENTED_EDGE('',*,*,#6930,.F.);
#5336=ORIENTED_EDGE('',*,*,#5677,.F.);
#5337=ORIENTED_EDGE('',*,*,#6929,.T.);
#5338=ORIENTED_EDGE('',*,*,#6418,.T.);
#5339=ORIENTED_EDGE('',*,*,#6931,.F.);
#5340=ORIENTED_EDGE('',*,*,#5678,.F.);
#5341=ORIENTED_EDGE('',*,*,#6930,.T.);
#5342=ORIENTED_EDGE('',*,*,#6417,.T.);
#5343=ORIENTED_EDGE('',*,*,#6932,.F.);
#5344=ORIENTED_EDGE('',*,*,#5679,.F.);
#5345=ORIENTED_EDGE('',*,*,#6931,.T.);
#5346=ORIENTED_EDGE('',*,*,#6416,.T.);
#5347=ORIENTED_EDGE('',*,*,#6933,.F.);
#5348=ORIENTED_EDGE('',*,*,#5680,.F.);
#5349=ORIENTED_EDGE('',*,*,#6932,.T.);
#5350=ORIENTED_EDGE('',*,*,#6415,.T.);
#5351=ORIENTED_EDGE('',*,*,#6934,.F.);
#5352=ORIENTED_EDGE('',*,*,#5681,.F.);
#5353=ORIENTED_EDGE('',*,*,#6933,.T.);
#5354=ORIENTED_EDGE('',*,*,#6414,.T.);
#5355=ORIENTED_EDGE('',*,*,#6935,.F.);
#5356=ORIENTED_EDGE('',*,*,#5682,.F.);
#5357=ORIENTED_EDGE('',*,*,#6934,.T.);
#5358=ORIENTED_EDGE('',*,*,#6413,.T.);
#5359=ORIENTED_EDGE('',*,*,#6936,.F.);
#5360=ORIENTED_EDGE('',*,*,#5683,.F.);
#5361=ORIENTED_EDGE('',*,*,#6935,.T.);
#5362=ORIENTED_EDGE('',*,*,#6412,.T.);
#5363=ORIENTED_EDGE('',*,*,#6937,.F.);
#5364=ORIENTED_EDGE('',*,*,#5684,.F.);
#5365=ORIENTED_EDGE('',*,*,#6936,.T.);
#5366=ORIENTED_EDGE('',*,*,#6411,.T.);
#5367=ORIENTED_EDGE('',*,*,#6938,.F.);
#5368=ORIENTED_EDGE('',*,*,#5685,.F.);
#5369=ORIENTED_EDGE('',*,*,#6937,.T.);
#5370=ORIENTED_EDGE('',*,*,#6410,.T.);
#5371=ORIENTED_EDGE('',*,*,#6939,.F.);
#5372=ORIENTED_EDGE('',*,*,#5686,.F.);
#5373=ORIENTED_EDGE('',*,*,#6938,.T.);
#5374=ORIENTED_EDGE('',*,*,#6409,.T.);
#5375=ORIENTED_EDGE('',*,*,#6940,.F.);
#5376=ORIENTED_EDGE('',*,*,#5687,.F.);
#5377=ORIENTED_EDGE('',*,*,#6939,.T.);
#5378=ORIENTED_EDGE('',*,*,#6408,.T.);
#5379=ORIENTED_EDGE('',*,*,#6941,.F.);
#5380=ORIENTED_EDGE('',*,*,#5688,.F.);
#5381=ORIENTED_EDGE('',*,*,#6940,.T.);
#5382=ORIENTED_EDGE('',*,*,#6407,.T.);
#5383=ORIENTED_EDGE('',*,*,#6942,.F.);
#5384=ORIENTED_EDGE('',*,*,#5689,.F.);
#5385=ORIENTED_EDGE('',*,*,#6941,.T.);
#5386=ORIENTED_EDGE('',*,*,#6406,.T.);
#5387=ORIENTED_EDGE('',*,*,#6943,.F.);
#5388=ORIENTED_EDGE('',*,*,#5690,.F.);
#5389=ORIENTED_EDGE('',*,*,#6942,.T.);
#5390=ORIENTED_EDGE('',*,*,#6405,.T.);
#5391=ORIENTED_EDGE('',*,*,#6944,.F.);
#5392=ORIENTED_EDGE('',*,*,#5691,.F.);
#5393=ORIENTED_EDGE('',*,*,#6943,.T.);
#5394=ORIENTED_EDGE('',*,*,#6404,.T.);
#5395=ORIENTED_EDGE('',*,*,#6945,.F.);
#5396=ORIENTED_EDGE('',*,*,#5692,.F.);
#5397=ORIENTED_EDGE('',*,*,#6944,.T.);
#5398=ORIENTED_EDGE('',*,*,#6403,.T.);
#5399=ORIENTED_EDGE('',*,*,#6946,.F.);
#5400=ORIENTED_EDGE('',*,*,#5693,.F.);
#5401=ORIENTED_EDGE('',*,*,#6945,.T.);
#5402=ORIENTED_EDGE('',*,*,#6402,.T.);
#5403=ORIENTED_EDGE('',*,*,#6947,.F.);
#5404=ORIENTED_EDGE('',*,*,#5694,.F.);
#5405=ORIENTED_EDGE('',*,*,#6946,.T.);
#5406=ORIENTED_EDGE('',*,*,#6401,.T.);
#5407=ORIENTED_EDGE('',*,*,#6948,.F.);
#5408=ORIENTED_EDGE('',*,*,#5695,.F.);
#5409=ORIENTED_EDGE('',*,*,#6947,.T.);
#5410=ORIENTED_EDGE('',*,*,#6400,.T.);
#5411=ORIENTED_EDGE('',*,*,#6949,.F.);
#5412=ORIENTED_EDGE('',*,*,#5696,.F.);
#5413=ORIENTED_EDGE('',*,*,#6948,.T.);
#5414=ORIENTED_EDGE('',*,*,#6399,.T.);
#5415=ORIENTED_EDGE('',*,*,#6950,.F.);
#5416=ORIENTED_EDGE('',*,*,#5697,.F.);
#5417=ORIENTED_EDGE('',*,*,#6949,.T.);
#5418=ORIENTED_EDGE('',*,*,#6398,.T.);
#5419=ORIENTED_EDGE('',*,*,#6951,.F.);
#5420=ORIENTED_EDGE('',*,*,#5698,.F.);
#5421=ORIENTED_EDGE('',*,*,#6950,.T.);
#5422=ORIENTED_EDGE('',*,*,#6397,.T.);
#5423=ORIENTED_EDGE('',*,*,#6952,.F.);
#5424=ORIENTED_EDGE('',*,*,#5699,.F.);
#5425=ORIENTED_EDGE('',*,*,#6951,.T.);
#5426=ORIENTED_EDGE('',*,*,#6396,.T.);
#5427=ORIENTED_EDGE('',*,*,#6953,.F.);
#5428=ORIENTED_EDGE('',*,*,#5700,.F.);
#5429=ORIENTED_EDGE('',*,*,#6952,.T.);
#5430=ORIENTED_EDGE('',*,*,#6395,.T.);
#5431=ORIENTED_EDGE('',*,*,#6954,.F.);
#5432=ORIENTED_EDGE('',*,*,#5701,.F.);
#5433=ORIENTED_EDGE('',*,*,#6953,.T.);
#5434=ORIENTED_EDGE('',*,*,#6394,.T.);
#5435=ORIENTED_EDGE('',*,*,#6955,.F.);
#5436=ORIENTED_EDGE('',*,*,#5702,.F.);
#5437=ORIENTED_EDGE('',*,*,#6954,.T.);
#5438=ORIENTED_EDGE('',*,*,#6393,.T.);
#5439=ORIENTED_EDGE('',*,*,#6956,.F.);
#5440=ORIENTED_EDGE('',*,*,#5703,.F.);
#5441=ORIENTED_EDGE('',*,*,#6955,.T.);
#5442=ORIENTED_EDGE('',*,*,#6392,.T.);
#5443=ORIENTED_EDGE('',*,*,#6957,.F.);
#5444=ORIENTED_EDGE('',*,*,#5704,.F.);
#5445=ORIENTED_EDGE('',*,*,#6956,.T.);
#5446=ORIENTED_EDGE('',*,*,#6391,.T.);
#5447=ORIENTED_EDGE('',*,*,#6958,.F.);
#5448=ORIENTED_EDGE('',*,*,#5705,.F.);
#5449=ORIENTED_EDGE('',*,*,#6957,.T.);
#5450=ORIENTED_EDGE('',*,*,#6390,.T.);
#5451=ORIENTED_EDGE('',*,*,#6959,.F.);
#5452=ORIENTED_EDGE('',*,*,#5706,.F.);
#5453=ORIENTED_EDGE('',*,*,#6958,.T.);
#5454=ORIENTED_EDGE('',*,*,#6389,.T.);
#5455=ORIENTED_EDGE('',*,*,#6960,.F.);
#5456=ORIENTED_EDGE('',*,*,#5707,.F.);
#5457=ORIENTED_EDGE('',*,*,#6959,.T.);
#5458=ORIENTED_EDGE('',*,*,#6388,.T.);
#5459=ORIENTED_EDGE('',*,*,#6961,.F.);
#5460=ORIENTED_EDGE('',*,*,#5708,.F.);
#5461=ORIENTED_EDGE('',*,*,#6960,.T.);
#5462=ORIENTED_EDGE('',*,*,#6387,.T.);
#5463=ORIENTED_EDGE('',*,*,#6962,.F.);
#5464=ORIENTED_EDGE('',*,*,#5709,.F.);
#5465=ORIENTED_EDGE('',*,*,#6961,.T.);
#5466=ORIENTED_EDGE('',*,*,#6386,.T.);
#5467=ORIENTED_EDGE('',*,*,#6963,.F.);
#5468=ORIENTED_EDGE('',*,*,#5710,.F.);
#5469=ORIENTED_EDGE('',*,*,#6962,.T.);
#5470=ORIENTED_EDGE('',*,*,#6385,.T.);
#5471=ORIENTED_EDGE('',*,*,#6964,.F.);
#5472=ORIENTED_EDGE('',*,*,#5711,.F.);
#5473=ORIENTED_EDGE('',*,*,#6963,.T.);
#5474=ORIENTED_EDGE('',*,*,#6384,.T.);
#5475=ORIENTED_EDGE('',*,*,#6965,.F.);
#5476=ORIENTED_EDGE('',*,*,#5712,.F.);
#5477=ORIENTED_EDGE('',*,*,#6964,.T.);
#5478=ORIENTED_EDGE('',*,*,#6383,.T.);
#5479=ORIENTED_EDGE('',*,*,#6966,.F.);
#5480=ORIENTED_EDGE('',*,*,#5713,.F.);
#5481=ORIENTED_EDGE('',*,*,#6965,.T.);
#5482=ORIENTED_EDGE('',*,*,#6382,.T.);
#5483=ORIENTED_EDGE('',*,*,#6967,.F.);
#5484=ORIENTED_EDGE('',*,*,#5714,.F.);
#5485=ORIENTED_EDGE('',*,*,#6966,.T.);
#5486=ORIENTED_EDGE('',*,*,#6381,.T.);
#5487=ORIENTED_EDGE('',*,*,#6968,.F.);
#5488=ORIENTED_EDGE('',*,*,#5715,.F.);
#5489=ORIENTED_EDGE('',*,*,#6967,.T.);
#5490=ORIENTED_EDGE('',*,*,#6380,.T.);
#5491=ORIENTED_EDGE('',*,*,#6969,.F.);
#5492=ORIENTED_EDGE('',*,*,#5716,.F.);
#5493=ORIENTED_EDGE('',*,*,#6968,.T.);
#5494=ORIENTED_EDGE('',*,*,#6379,.T.);
#5495=ORIENTED_EDGE('',*,*,#6970,.F.);
#5496=ORIENTED_EDGE('',*,*,#5717,.F.);
#5497=ORIENTED_EDGE('',*,*,#6969,.T.);
#5498=ORIENTED_EDGE('',*,*,#6378,.T.);
#5499=ORIENTED_EDGE('',*,*,#6971,.F.);
#5500=ORIENTED_EDGE('',*,*,#5718,.F.);
#5501=ORIENTED_EDGE('',*,*,#6970,.T.);
#5502=ORIENTED_EDGE('',*,*,#6377,.T.);
#5503=ORIENTED_EDGE('',*,*,#6972,.F.);
#5504=ORIENTED_EDGE('',*,*,#5719,.F.);
#5505=ORIENTED_EDGE('',*,*,#6971,.T.);
#5506=ORIENTED_EDGE('',*,*,#6376,.T.);
#5507=ORIENTED_EDGE('',*,*,#6973,.F.);
#5508=ORIENTED_EDGE('',*,*,#5720,.F.);
#5509=ORIENTED_EDGE('',*,*,#6972,.T.);
#5510=ORIENTED_EDGE('',*,*,#6375,.F.);
#5511=ORIENTED_EDGE('',*,*,#6974,.F.);
#5512=ORIENTED_EDGE('',*,*,#5721,.T.);
#5513=ORIENTED_EDGE('',*,*,#6973,.T.);
#5514=ORIENTED_EDGE('',*,*,#6101,.F.);
#5515=ORIENTED_EDGE('',*,*,#6568,.F.);
#5516=ORIENTED_EDGE('',*,*,#5993,.T.);
#5517=ORIENTED_EDGE('',*,*,#6583,.T.);
#5518=ORIENTED_EDGE('',*,*,#6118,.F.);
#5519=ORIENTED_EDGE('',*,*,#6585,.F.);
#5520=ORIENTED_EDGE('',*,*,#5976,.T.);
#5521=ORIENTED_EDGE('',*,*,#6619,.T.);
#5522=ORIENTED_EDGE('',*,*,#6154,.F.);
#5523=ORIENTED_EDGE('',*,*,#6621,.F.);
#5524=ORIENTED_EDGE('',*,*,#5940,.T.);
#5525=ORIENTED_EDGE('',*,*,#6654,.T.);
#5526=ORIENTED_EDGE('',*,*,#6189,.F.);
#5527=ORIENTED_EDGE('',*,*,#6656,.F.);
#5528=ORIENTED_EDGE('',*,*,#5905,.T.);
#5529=ORIENTED_EDGE('',*,*,#6677,.T.);
#5530=ORIENTED_EDGE('',*,*,#6212,.F.);
#5531=ORIENTED_EDGE('',*,*,#6679,.F.);
#5532=ORIENTED_EDGE('',*,*,#5882,.T.);
#5533=ORIENTED_EDGE('',*,*,#6715,.T.);
#5534=ORIENTED_EDGE('',*,*,#6250,.F.);
#5535=ORIENTED_EDGE('',*,*,#6717,.F.);
#5536=ORIENTED_EDGE('',*,*,#5844,.T.);
#5537=ORIENTED_EDGE('',*,*,#6748,.T.);
#5538=ORIENTED_EDGE('',*,*,#6283,.F.);
#5539=ORIENTED_EDGE('',*,*,#6750,.F.);
#5540=ORIENTED_EDGE('',*,*,#5811,.T.);
#5541=ORIENTED_EDGE('',*,*,#6751,.T.);
#5542=ORIENTED_EDGE('',*,*,#6374,.F.);
#5543=ORIENTED_EDGE('',*,*,#6753,.F.);
#5544=ORIENTED_EDGE('',*,*,#5722,.T.);
#5545=ORIENTED_EDGE('',*,*,#6974,.T.);
#5546=ORIENTED_EDGE('',*,*,#6050,.T.);
#5547=ORIENTED_EDGE('',*,*,#6517,.F.);
#5548=ORIENTED_EDGE('',*,*,#6044,.F.);
#5549=ORIENTED_EDGE('',*,*,#6566,.T.);
#5550=ORIENTED_EDGE('',*,*,#5587,.F.);
#5551=ORIENTED_EDGE('',*,*,#6838,.F.);
#5552=ORIENTED_EDGE('',*,*,#6286,.F.);
#5553=ORIENTED_EDGE('',*,*,#6840,.F.);
#5554=ORIENTED_EDGE('',*,*,#5808,.F.);
#5555=ORIENTED_EDGE('',*,*,#6837,.F.);
#5556=ORIENTED_EDGE('',*,*,#6288,.F.);
#5557=ORIENTED_EDGE('',*,*,#6839,.F.);
#5558=ORIENTED_EDGE('',*,*,#5585,.T.);
#5559=ORIENTED_EDGE('',*,*,#6508,.F.);
#5560=ORIENTED_EDGE('',*,*,#5584,.T.);
#5561=ORIENTED_EDGE('',*,*,#6509,.F.);
#5562=ORIENTED_EDGE('',*,*,#5583,.T.);
#5563=ORIENTED_EDGE('',*,*,#6510,.F.);
#5564=ORIENTED_EDGE('',*,*,#5582,.T.);
#5565=ORIENTED_EDGE('',*,*,#6511,.F.);
#5566=ORIENTED_EDGE('',*,*,#6512,.T.);
#5567=ORIENTED_EDGE('',*,*,#6975,.T.);
#5568=ORIENTED_EDGE('',*,*,#6046,.F.);
#5569=ORIENTED_EDGE('',*,*,#6976,.F.);
#5570=ORIENTED_EDGE('',*,*,#6976,.T.);
#5571=ORIENTED_EDGE('',*,*,#6045,.T.);
#5572=ORIENTED_EDGE('',*,*,#6977,.F.);
#5573=ORIENTED_EDGE('',*,*,#6513,.F.);
#5574=ORIENTED_EDGE('',*,*,#6977,.T.);
#5575=ORIENTED_EDGE('',*,*,#6048,.T.);
#5576=ORIENTED_EDGE('',*,*,#6978,.F.);
#5577=ORIENTED_EDGE('',*,*,#6514,.F.);
#5578=ORIENTED_EDGE('',*,*,#6515,.T.);
#5579=ORIENTED_EDGE('',*,*,#6978,.T.);
#5580=ORIENTED_EDGE('',*,*,#6047,.F.);
#5581=ORIENTED_EDGE('',*,*,#6975,.F.);
#5582=EDGE_CURVE('',#6979,#6979,#7913,.T.);
#5583=EDGE_CURVE('',#6980,#6980,#7914,.T.);
#5584=EDGE_CURVE('',#6981,#6981,#7915,.T.);
#5585=EDGE_CURVE('',#6982,#6982,#7916,.T.);
#5586=EDGE_CURVE('',#6983,#6984,#18,.T.);
#5587=EDGE_CURVE('',#6984,#6985,#7917,.T.);
#5588=EDGE_CURVE('',#6986,#6985,#19,.T.);
#5589=EDGE_CURVE('',#6986,#6987,#20,.T.);
#5590=EDGE_CURVE('',#6987,#6988,#21,.T.);
#5591=EDGE_CURVE('',#6988,#6989,#22,.T.);
#5592=EDGE_CURVE('',#6989,#6990,#23,.T.);
#5593=EDGE_CURVE('',#6990,#6991,#24,.T.);
#5594=EDGE_CURVE('',#6991,#6992,#25,.T.);
#5595=EDGE_CURVE('',#6992,#6993,#26,.T.);
#5596=EDGE_CURVE('',#6993,#6994,#27,.T.);
#5597=EDGE_CURVE('',#6994,#6995,#28,.T.);
#5598=EDGE_CURVE('',#6995,#6996,#29,.T.);
#5599=EDGE_CURVE('',#6996,#6997,#30,.T.);
#5600=EDGE_CURVE('',#6997,#6998,#31,.T.);
#5601=EDGE_CURVE('',#6998,#6999,#32,.T.);
#5602=EDGE_CURVE('',#6999,#7000,#33,.T.);
#5603=EDGE_CURVE('',#7000,#7001,#34,.T.);
#5604=EDGE_CURVE('',#7002,#7001,#35,.T.);
#5605=EDGE_CURVE('',#7002,#7003,#36,.T.);
#5606=EDGE_CURVE('',#7003,#7004,#37,.T.);
#5607=EDGE_CURVE('',#7004,#7005,#38,.T.);
#5608=EDGE_CURVE('',#7005,#7006,#39,.T.);
#5609=EDGE_CURVE('',#7006,#7007,#40,.T.);
#5610=EDGE_CURVE('',#7007,#7008,#41,.T.);
#5611=EDGE_CURVE('',#7008,#7009,#42,.T.);
#5612=EDGE_CURVE('',#7009,#7010,#43,.T.);
#5613=EDGE_CURVE('',#7010,#7011,#44,.T.);
#5614=EDGE_CURVE('',#7011,#7012,#45,.T.);
#5615=EDGE_CURVE('',#7012,#7013,#46,.T.);
#5616=EDGE_CURVE('',#7013,#7014,#47,.T.);
#5617=EDGE_CURVE('',#7014,#7015,#48,.T.);
#5618=EDGE_CURVE('',#7015,#7016,#49,.T.);
#5619=EDGE_CURVE('',#7016,#7017,#50,.T.);
#5620=EDGE_CURVE('',#7017,#7018,#51,.T.);
#5621=EDGE_CURVE('',#7018,#7019,#52,.T.);
#5622=EDGE_CURVE('',#7019,#7020,#53,.T.);
#5623=EDGE_CURVE('',#7020,#7021,#54,.T.);
#5624=EDGE_CURVE('',#7021,#7022,#55,.T.);
#5625=EDGE_CURVE('',#7022,#7023,#56,.T.);
#5626=EDGE_CURVE('',#7023,#7024,#57,.T.);
#5627=EDGE_CURVE('',#7024,#7025,#58,.T.);
#5628=EDGE_CURVE('',#7025,#7026,#59,.T.);
#5629=EDGE_CURVE('',#7026,#7027,#60,.T.);
#5630=EDGE_CURVE('',#7027,#7028,#61,.T.);
#5631=EDGE_CURVE('',#7028,#7029,#62,.T.);
#5632=EDGE_CURVE('',#7029,#7030,#63,.T.);
#5633=EDGE_CURVE('',#7030,#7031,#64,.T.);
#5634=EDGE_CURVE('',#7031,#7032,#65,.T.);
#5635=EDGE_CURVE('',#7032,#7033,#66,.T.);
#5636=EDGE_CURVE('',#7033,#7034,#67,.T.);
#5637=EDGE_CURVE('',#7034,#7035,#68,.T.);
#5638=EDGE_CURVE('',#7035,#7036,#69,.T.);
#5639=EDGE_CURVE('',#7036,#7037,#70,.T.);
#5640=EDGE_CURVE('',#7037,#7038,#71,.T.);
#5641=EDGE_CURVE('',#7038,#7039,#72,.T.);
#5642=EDGE_CURVE('',#7039,#7040,#73,.T.);
#5643=EDGE_CURVE('',#7040,#7041,#74,.T.);
#5644=EDGE_CURVE('',#7041,#7042,#75,.T.);
#5645=EDGE_CURVE('',#7042,#7043,#76,.T.);
#5646=EDGE_CURVE('',#7043,#7044,#77,.T.);
#5647=EDGE_CURVE('',#7044,#7045,#78,.T.);
#5648=EDGE_CURVE('',#7045,#7046,#79,.T.);
#5649=EDGE_CURVE('',#7046,#7047,#80,.T.);
#5650=EDGE_CURVE('',#7047,#7048,#81,.T.);
#5651=EDGE_CURVE('',#7048,#7049,#82,.T.);
#5652=EDGE_CURVE('',#7049,#7050,#83,.T.);
#5653=EDGE_CURVE('',#7050,#7051,#84,.T.);
#5654=EDGE_CURVE('',#7051,#7052,#85,.T.);
#5655=EDGE_CURVE('',#7052,#7053,#86,.T.);
#5656=EDGE_CURVE('',#7053,#7054,#87,.T.);
#5657=EDGE_CURVE('',#7054,#7055,#88,.T.);
#5658=EDGE_CURVE('',#7055,#7056,#89,.T.);
#5659=EDGE_CURVE('',#7056,#7057,#90,.T.);
#5660=EDGE_CURVE('',#7057,#7058,#91,.T.);
#5661=EDGE_CURVE('',#7058,#7059,#92,.T.);
#5662=EDGE_CURVE('',#7059,#7060,#93,.T.);
#5663=EDGE_CURVE('',#7060,#7061,#94,.T.);
#5664=EDGE_CURVE('',#7061,#7062,#95,.T.);
#5665=EDGE_CURVE('',#7062,#7063,#96,.T.);
#5666=EDGE_CURVE('',#7063,#7064,#97,.T.);
#5667=EDGE_CURVE('',#7064,#7065,#98,.T.);
#5668=EDGE_CURVE('',#7065,#7066,#99,.T.);
#5669=EDGE_CURVE('',#7066,#7067,#100,.T.);
#5670=EDGE_CURVE('',#7067,#7068,#101,.T.);
#5671=EDGE_CURVE('',#7068,#7069,#102,.T.);
#5672=EDGE_CURVE('',#7069,#7070,#103,.T.);
#5673=EDGE_CURVE('',#7070,#7071,#104,.T.);
#5674=EDGE_CURVE('',#7071,#7072,#105,.T.);
#5675=EDGE_CURVE('',#7072,#7073,#106,.T.);
#5676=EDGE_CURVE('',#7073,#7074,#107,.T.);
#5677=EDGE_CURVE('',#7074,#7075,#108,.T.);
#5678=EDGE_CURVE('',#7075,#7076,#109,.T.);
#5679=EDGE_CURVE('',#7076,#7077,#110,.T.);
#5680=EDGE_CURVE('',#7077,#7078,#111,.T.);
#5681=EDGE_CURVE('',#7078,#7079,#112,.T.);
#5682=EDGE_CURVE('',#7079,#7080,#113,.T.);
#5683=EDGE_CURVE('',#7080,#7081,#114,.T.);
#5684=EDGE_CURVE('',#7081,#7082,#115,.T.);
#5685=EDGE_CURVE('',#7082,#7083,#116,.T.);
#5686=EDGE_CURVE('',#7083,#7084,#117,.T.);
#5687=EDGE_CURVE('',#7084,#7085,#118,.T.);
#5688=EDGE_CURVE('',#7085,#7086,#119,.T.);
#5689=EDGE_CURVE('',#7086,#7087,#120,.T.);
#5690=EDGE_CURVE('',#7087,#7088,#121,.T.);
#5691=EDGE_CURVE('',#7088,#7089,#122,.T.);
#5692=EDGE_CURVE('',#7089,#7090,#123,.T.);
#5693=EDGE_CURVE('',#7090,#7091,#124,.T.);
#5694=EDGE_CURVE('',#7091,#7092,#125,.T.);
#5695=EDGE_CURVE('',#7092,#7093,#126,.T.);
#5696=EDGE_CURVE('',#7093,#7094,#127,.T.);
#5697=EDGE_CURVE('',#7094,#7095,#128,.T.);
#5698=EDGE_CURVE('',#7095,#7096,#129,.T.);
#5699=EDGE_CURVE('',#7096,#7097,#130,.T.);
#5700=EDGE_CURVE('',#7097,#7098,#131,.T.);
#5701=EDGE_CURVE('',#7098,#7099,#132,.T.);
#5702=EDGE_CURVE('',#7099,#7100,#133,.T.);
#5703=EDGE_CURVE('',#7100,#7101,#134,.T.);
#5704=EDGE_CURVE('',#7101,#7102,#135,.T.);
#5705=EDGE_CURVE('',#7102,#7103,#136,.T.);
#5706=EDGE_CURVE('',#7103,#7104,#137,.T.);
#5707=EDGE_CURVE('',#7104,#7105,#138,.T.);
#5708=EDGE_CURVE('',#7105,#7106,#139,.T.);
#5709=EDGE_CURVE('',#7106,#7107,#140,.T.);
#5710=EDGE_CURVE('',#7107,#7108,#141,.T.);
#5711=EDGE_CURVE('',#7108,#7109,#142,.T.);
#5712=EDGE_CURVE('',#7109,#7110,#143,.T.);
#5713=EDGE_CURVE('',#7110,#7111,#144,.T.);
#5714=EDGE_CURVE('',#7111,#7112,#145,.T.);
#5715=EDGE_CURVE('',#7112,#7113,#146,.T.);
#5716=EDGE_CURVE('',#7113,#7114,#147,.T.);
#5717=EDGE_CURVE('',#7114,#7115,#148,.T.);
#5718=EDGE_CURVE('',#7115,#7116,#149,.T.);
#5719=EDGE_CURVE('',#7116,#7117,#150,.T.);
#5720=EDGE_CURVE('',#7117,#7118,#151,.T.);
#5721=EDGE_CURVE('',#7119,#7118,#152,.T.);
#5722=EDGE_CURVE('',#7120,#7119,#153,.T.);
#5723=EDGE_CURVE('',#7120,#7121,#154,.T.);
#5724=EDGE_CURVE('',#7121,#7122,#155,.T.);
#5725=EDGE_CURVE('',#7122,#7123,#156,.T.);
#5726=EDGE_CURVE('',#7123,#7124,#157,.T.);
#5727=EDGE_CURVE('',#7124,#7125,#158,.T.);
#5728=EDGE_CURVE('',#7125,#7126,#159,.T.);
#5729=EDGE_CURVE('',#7126,#7127,#160,.T.);
#5730=EDGE_CURVE('',#7127,#7128,#161,.T.);
#5731=EDGE_CURVE('',#7128,#7129,#162,.T.);
#5732=EDGE_CURVE('',#7129,#7130,#163,.T.);
#5733=EDGE_CURVE('',#7130,#7131,#164,.T.);
#5734=EDGE_CURVE('',#7131,#7132,#165,.T.);
#5735=EDGE_CURVE('',#7132,#7133,#166,.T.);
#5736=EDGE_CURVE('',#7133,#7134,#167,.T.);
#5737=EDGE_CURVE('',#7134,#7135,#168,.T.);
#5738=EDGE_CURVE('',#7135,#7136,#169,.T.);
#5739=EDGE_CURVE('',#7136,#7137,#170,.T.);
#5740=EDGE_CURVE('',#7137,#7138,#171,.T.);
#5741=EDGE_CURVE('',#7138,#7139,#172,.T.);
#5742=EDGE_CURVE('',#7139,#7140,#173,.T.);
#5743=EDGE_CURVE('',#7140,#7141,#174,.T.);
#5744=EDGE_CURVE('',#7141,#7142,#175,.T.);
#5745=EDGE_CURVE('',#7142,#7143,#176,.T.);
#5746=EDGE_CURVE('',#7143,#7144,#177,.T.);
#5747=EDGE_CURVE('',#7144,#7145,#178,.T.);
#5748=EDGE_CURVE('',#7145,#7146,#179,.T.);
#5749=EDGE_CURVE('',#7146,#7147,#180,.T.);
#5750=EDGE_CURVE('',#7147,#7148,#181,.T.);
#5751=EDGE_CURVE('',#7148,#7149,#182,.T.);
#5752=EDGE_CURVE('',#7149,#7150,#183,.T.);
#5753=EDGE_CURVE('',#7150,#7151,#184,.T.);
#5754=EDGE_CURVE('',#7151,#7152,#185,.T.);
#5755=EDGE_CURVE('',#7152,#7153,#186,.T.);
#5756=EDGE_CURVE('',#7153,#7154,#187,.T.);
#5757=EDGE_CURVE('',#7154,#7155,#188,.T.);
#5758=EDGE_CURVE('',#7155,#7156,#189,.T.);
#5759=EDGE_CURVE('',#7156,#7157,#190,.T.);
#5760=EDGE_CURVE('',#7157,#7158,#191,.T.);
#5761=EDGE_CURVE('',#7158,#7159,#192,.T.);
#5762=EDGE_CURVE('',#7159,#7160,#193,.T.);
#5763=EDGE_CURVE('',#7160,#7161,#194,.T.);
#5764=EDGE_CURVE('',#7161,#7162,#195,.T.);
#5765=EDGE_CURVE('',#7162,#7163,#196,.T.);
#5766=EDGE_CURVE('',#7163,#7164,#197,.T.);
#5767=EDGE_CURVE('',#7164,#7165,#198,.T.);
#5768=EDGE_CURVE('',#7165,#7166,#199,.T.);
#5769=EDGE_CURVE('',#7166,#7167,#200,.T.);
#5770=EDGE_CURVE('',#7167,#7168,#201,.T.);
#5771=EDGE_CURVE('',#7168,#7169,#202,.T.);
#5772=EDGE_CURVE('',#7169,#7170,#203,.T.);
#5773=EDGE_CURVE('',#7170,#7171,#204,.T.);
#5774=EDGE_CURVE('',#7171,#7172,#205,.T.);
#5775=EDGE_CURVE('',#7172,#7173,#206,.T.);
#5776=EDGE_CURVE('',#7173,#7174,#207,.T.);
#5777=EDGE_CURVE('',#7174,#7175,#208,.T.);
#5778=EDGE_CURVE('',#7175,#7176,#209,.T.);
#5779=EDGE_CURVE('',#7176,#7177,#210,.T.);
#5780=EDGE_CURVE('',#7177,#7178,#211,.T.);
#5781=EDGE_CURVE('',#7178,#7179,#212,.T.);
#5782=EDGE_CURVE('',#7179,#7180,#213,.T.);
#5783=EDGE_CURVE('',#7180,#7181,#214,.T.);
#5784=EDGE_CURVE('',#7181,#7182,#215,.T.);
#5785=EDGE_CURVE('',#7182,#7183,#216,.T.);
#5786=EDGE_CURVE('',#7183,#7184,#217,.T.);
#5787=EDGE_CURVE('',#7184,#7185,#218,.T.);
#5788=EDGE_CURVE('',#7185,#7186,#219,.T.);
#5789=EDGE_CURVE('',#7186,#7187,#220,.T.);
#5790=EDGE_CURVE('',#7187,#7188,#221,.T.);
#5791=EDGE_CURVE('',#7188,#7189,#222,.T.);
#5792=EDGE_CURVE('',#7189,#7190,#223,.T.);
#5793=EDGE_CURVE('',#7190,#7191,#224,.T.);
#5794=EDGE_CURVE('',#7191,#7192,#225,.T.);
#5795=EDGE_CURVE('',#7192,#7193,#226,.T.);
#5796=EDGE_CURVE('',#7193,#7194,#227,.T.);
#5797=EDGE_CURVE('',#7194,#7195,#228,.T.);
#5798=EDGE_CURVE('',#7195,#7196,#229,.T.);
#5799=EDGE_CURVE('',#7196,#7197,#230,.T.);
#5800=EDGE_CURVE('',#7197,#7198,#231,.T.);
#5801=EDGE_CURVE('',#7198,#7199,#232,.T.);
#5802=EDGE_CURVE('',#7199,#7200,#233,.T.);
#5803=EDGE_CURVE('',#7200,#7201,#234,.T.);
#5804=EDGE_CURVE('',#7201,#7202,#235,.T.);
#5805=EDGE_CURVE('',#7202,#7203,#236,.T.);
#5806=EDGE_CURVE('',#7204,#7203,#237,.T.);
#5807=EDGE_CURVE('',#7204,#7205,#238,.T.);
#5808=EDGE_CURVE('',#7205,#6983,#7918,.T.);
#5809=EDGE_CURVE('',#7206,#7207,#239,.T.);
#5810=EDGE_CURVE('',#7208,#7206,#240,.T.);
#5811=EDGE_CURVE('',#7207,#7208,#241,.T.);
#5812=EDGE_CURVE('',#7209,#7210,#242,.T.);
#5813=EDGE_CURVE('',#7211,#7209,#243,.T.);
#5814=EDGE_CURVE('',#7212,#7211,#244,.T.);
#5815=EDGE_CURVE('',#7213,#7212,#245,.T.);
#5816=EDGE_CURVE('',#7214,#7213,#246,.T.);
#5817=EDGE_CURVE('',#7215,#7214,#247,.T.);
#5818=EDGE_CURVE('',#7216,#7215,#248,.T.);
#5819=EDGE_CURVE('',#7217,#7216,#249,.T.);
#5820=EDGE_CURVE('',#7218,#7217,#250,.T.);
#5821=EDGE_CURVE('',#7219,#7218,#251,.T.);
#5822=EDGE_CURVE('',#7220,#7219,#252,.T.);
#5823=EDGE_CURVE('',#7221,#7220,#253,.T.);
#5824=EDGE_CURVE('',#7222,#7221,#254,.T.);
#5825=EDGE_CURVE('',#7223,#7222,#255,.T.);
#5826=EDGE_CURVE('',#7224,#7223,#256,.T.);
#5827=EDGE_CURVE('',#7225,#7224,#257,.T.);
#5828=EDGE_CURVE('',#7226,#7225,#258,.T.);
#5829=EDGE_CURVE('',#7227,#7226,#259,.T.);
#5830=EDGE_CURVE('',#7228,#7227,#260,.T.);
#5831=EDGE_CURVE('',#7229,#7228,#261,.T.);
#5832=EDGE_CURVE('',#7230,#7229,#262,.T.);
#5833=EDGE_CURVE('',#7231,#7230,#263,.T.);
#5834=EDGE_CURVE('',#7232,#7231,#264,.T.);
#5835=EDGE_CURVE('',#7233,#7232,#265,.T.);
#5836=EDGE_CURVE('',#7234,#7233,#266,.T.);
#5837=EDGE_CURVE('',#7235,#7234,#267,.T.);
#5838=EDGE_CURVE('',#7236,#7235,#268,.T.);
#5839=EDGE_CURVE('',#7237,#7236,#269,.T.);
#5840=EDGE_CURVE('',#7238,#7237,#270,.T.);
#5841=EDGE_CURVE('',#7239,#7238,#271,.T.);
#5842=EDGE_CURVE('',#7240,#7239,#272,.T.);
#5843=EDGE_CURVE('',#7241,#7240,#273,.T.);
#5844=EDGE_CURVE('',#7210,#7241,#274,.T.);
#5845=EDGE_CURVE('',#7242,#7243,#275,.T.);
#5846=EDGE_CURVE('',#7244,#7242,#276,.T.);
#5847=EDGE_CURVE('',#7245,#7244,#277,.T.);
#5848=EDGE_CURVE('',#7246,#7245,#278,.T.);
#5849=EDGE_CURVE('',#7247,#7246,#279,.T.);
#5850=EDGE_CURVE('',#7248,#7247,#280,.T.);
#5851=EDGE_CURVE('',#7249,#7248,#281,.T.);
#5852=EDGE_CURVE('',#7250,#7249,#282,.T.);
#5853=EDGE_CURVE('',#7251,#7250,#283,.T.);
#5854=EDGE_CURVE('',#7252,#7251,#284,.T.);
#5855=EDGE_CURVE('',#7253,#7252,#285,.T.);
#5856=EDGE_CURVE('',#7254,#7253,#286,.T.);
#5857=EDGE_CURVE('',#7255,#7254,#287,.T.);
#5858=EDGE_CURVE('',#7256,#7255,#288,.T.);
#5859=EDGE_CURVE('',#7257,#7256,#289,.T.);
#5860=EDGE_CURVE('',#7258,#7257,#290,.T.);
#5861=EDGE_CURVE('',#7259,#7258,#291,.T.);
#5862=EDGE_CURVE('',#7260,#7259,#292,.T.);
#5863=EDGE_CURVE('',#7261,#7260,#293,.T.);
#5864=EDGE_CURVE('',#7262,#7261,#294,.T.);
#5865=EDGE_CURVE('',#7263,#7262,#295,.T.);
#5866=EDGE_CURVE('',#7264,#7263,#296,.T.);
#5867=EDGE_CURVE('',#7265,#7264,#297,.T.);
#5868=EDGE_CURVE('',#7266,#7265,#298,.T.);
#5869=EDGE_CURVE('',#7267,#7266,#299,.T.);
#5870=EDGE_CURVE('',#7268,#7267,#300,.T.);
#5871=EDGE_CURVE('',#7269,#7268,#301,.T.);
#5872=EDGE_CURVE('',#7270,#7269,#302,.T.);
#5873=EDGE_CURVE('',#7271,#7270,#303,.T.);
#5874=EDGE_CURVE('',#7272,#7271,#304,.T.);
#5875=EDGE_CURVE('',#7273,#7272,#305,.T.);
#5876=EDGE_CURVE('',#7274,#7273,#306,.T.);
#5877=EDGE_CURVE('',#7275,#7274,#307,.T.);
#5878=EDGE_CURVE('',#7276,#7275,#308,.T.);
#5879=EDGE_CURVE('',#7277,#7276,#309,.T.);
#5880=EDGE_CURVE('',#7278,#7277,#310,.T.);
#5881=EDGE_CURVE('',#7279,#7278,#311,.T.);
#5882=EDGE_CURVE('',#7243,#7279,#312,.T.);
#5883=EDGE_CURVE('',#7280,#7281,#313,.T.);
#5884=EDGE_CURVE('',#7282,#7280,#314,.T.);
#5885=EDGE_CURVE('',#7283,#7282,#315,.T.);
#5886=EDGE_CURVE('',#7284,#7283,#316,.T.);
#5887=EDGE_CURVE('',#7285,#7284,#317,.T.);
#5888=EDGE_CURVE('',#7286,#7285,#318,.T.);
#5889=EDGE_CURVE('',#7287,#7286,#319,.T.);
#5890=EDGE_CURVE('',#7288,#7287,#320,.T.);
#5891=EDGE_CURVE('',#7289,#7288,#321,.T.);
#5892=EDGE_CURVE('',#7290,#7289,#322,.T.);
#5893=EDGE_CURVE('',#7291,#7290,#323,.T.);
#5894=EDGE_CURVE('',#7292,#7291,#324,.T.);
#5895=EDGE_CURVE('',#7293,#7292,#325,.T.);
#5896=EDGE_CURVE('',#7294,#7293,#326,.T.);
#5897=EDGE_CURVE('',#7295,#7294,#327,.T.);
#5898=EDGE_CURVE('',#7296,#7295,#328,.T.);
#5899=EDGE_CURVE('',#7297,#7296,#329,.T.);
#5900=EDGE_CURVE('',#7298,#7297,#330,.T.);
#5901=EDGE_CURVE('',#7299,#7298,#331,.T.);
#5902=EDGE_CURVE('',#7300,#7299,#332,.T.);
#5903=EDGE_CURVE('',#7301,#7300,#333,.T.);
#5904=EDGE_CURVE('',#7302,#7301,#334,.T.);
#5905=EDGE_CURVE('',#7281,#7302,#335,.T.);
#5906=EDGE_CURVE('',#7303,#7304,#336,.T.);
#5907=EDGE_CURVE('',#7305,#7303,#337,.T.);
#5908=EDGE_CURVE('',#7306,#7305,#338,.T.);
#5909=EDGE_CURVE('',#7307,#7306,#339,.T.);
#5910=EDGE_CURVE('',#7308,#7307,#340,.T.);
#5911=EDGE_CURVE('',#7309,#7308,#341,.T.);
#5912=EDGE_CURVE('',#7310,#7309,#342,.T.);
#5913=EDGE_CURVE('',#7311,#7310,#343,.T.);
#5914=EDGE_CURVE('',#7312,#7311,#344,.T.);
#5915=EDGE_CURVE('',#7313,#7312,#345,.T.);
#5916=EDGE_CURVE('',#7314,#7313,#346,.T.);
#5917=EDGE_CURVE('',#7315,#7314,#347,.T.);
#5918=EDGE_CURVE('',#7316,#7315,#348,.T.);
#5919=EDGE_CURVE('',#7317,#7316,#349,.T.);
#5920=EDGE_CURVE('',#7318,#7317,#350,.T.);
#5921=EDGE_CURVE('',#7319,#7318,#351,.T.);
#5922=EDGE_CURVE('',#7320,#7319,#352,.T.);
#5923=EDGE_CURVE('',#7321,#7320,#353,.T.);
#5924=EDGE_CURVE('',#7322,#7321,#354,.T.);
#5925=EDGE_CURVE('',#7323,#7322,#355,.T.);
#5926=EDGE_CURVE('',#7324,#7323,#356,.T.);
#5927=EDGE_CURVE('',#7325,#7324,#357,.T.);
#5928=EDGE_CURVE('',#7326,#7325,#358,.T.);
#5929=EDGE_CURVE('',#7327,#7326,#359,.T.);
#5930=EDGE_CURVE('',#7328,#7327,#360,.T.);
#5931=EDGE_CURVE('',#7329,#7328,#361,.T.);
#5932=EDGE_CURVE('',#7330,#7329,#362,.T.);
#5933=EDGE_CURVE('',#7331,#7330,#363,.T.);
#5934=EDGE_CURVE('',#7332,#7331,#364,.T.);
#5935=EDGE_CURVE('',#7333,#7332,#365,.T.);
#5936=EDGE_CURVE('',#7334,#7333,#366,.T.);
#5937=EDGE_CURVE('',#7335,#7334,#367,.T.);
#5938=EDGE_CURVE('',#7336,#7335,#368,.T.);
#5939=EDGE_CURVE('',#7337,#7336,#369,.T.);
#5940=EDGE_CURVE('',#7304,#7337,#370,.T.);
#5941=EDGE_CURVE('',#7338,#7339,#371,.T.);
#5942=EDGE_CURVE('',#7340,#7338,#372,.T.);
#5943=EDGE_CURVE('',#7341,#7340,#373,.T.);
#5944=EDGE_CURVE('',#7342,#7341,#374,.T.);
#5945=EDGE_CURVE('',#7343,#7342,#375,.T.);
#5946=EDGE_CURVE('',#7344,#7343,#376,.T.);
#5947=EDGE_CURVE('',#7345,#7344,#377,.T.);
#5948=EDGE_CURVE('',#7346,#7345,#378,.T.);
#5949=EDGE_CURVE('',#7347,#7346,#379,.T.);
#5950=EDGE_CURVE('',#7348,#7347,#380,.T.);
#5951=EDGE_CURVE('',#7349,#7348,#381,.T.);
#5952=EDGE_CURVE('',#7350,#7349,#382,.T.);
#5953=EDGE_CURVE('',#7351,#7350,#383,.T.);
#5954=EDGE_CURVE('',#7352,#7351,#384,.T.);
#5955=EDGE_CURVE('',#7353,#7352,#385,.T.);
#5956=EDGE_CURVE('',#7354,#7353,#386,.T.);
#5957=EDGE_CURVE('',#7355,#7354,#387,.T.);
#5958=EDGE_CURVE('',#7356,#7355,#388,.T.);
#5959=EDGE_CURVE('',#7357,#7356,#389,.T.);
#5960=EDGE_CURVE('',#7358,#7357,#390,.T.);
#5961=EDGE_CURVE('',#7359,#7358,#391,.T.);
#5962=EDGE_CURVE('',#7360,#7359,#392,.T.);
#5963=EDGE_CURVE('',#7361,#7360,#393,.T.);
#5964=EDGE_CURVE('',#7362,#7361,#394,.T.);
#5965=EDGE_CURVE('',#7363,#7362,#395,.T.);
#5966=EDGE_CURVE('',#7364,#7363,#396,.T.);
#5967=EDGE_CURVE('',#7365,#7364,#397,.T.);
#5968=EDGE_CURVE('',#7366,#7365,#398,.T.);
#5969=EDGE_CURVE('',#7367,#7366,#399,.T.);
#5970=EDGE_CURVE('',#7368,#7367,#400,.T.);
#5971=EDGE_CURVE('',#7369,#7368,#401,.T.);
#5972=EDGE_CURVE('',#7370,#7369,#402,.T.);
#5973=EDGE_CURVE('',#7371,#7370,#403,.T.);
#5974=EDGE_CURVE('',#7372,#7371,#404,.T.);
#5975=EDGE_CURVE('',#7373,#7372,#405,.T.);
#5976=EDGE_CURVE('',#7339,#7373,#406,.T.);
#5977=EDGE_CURVE('',#7374,#7375,#407,.T.);
#5978=EDGE_CURVE('',#7376,#7374,#408,.T.);
#5979=EDGE_CURVE('',#7377,#7376,#409,.T.);
#5980=EDGE_CURVE('',#7378,#7377,#410,.T.);
#5981=EDGE_CURVE('',#7379,#7378,#411,.T.);
#5982=EDGE_CURVE('',#7380,#7379,#412,.T.);
#5983=EDGE_CURVE('',#7381,#7380,#413,.T.);
#5984=EDGE_CURVE('',#7382,#7381,#414,.T.);
#5985=EDGE_CURVE('',#7383,#7382,#415,.T.);
#5986=EDGE_CURVE('',#7384,#7383,#416,.T.);
#5987=EDGE_CURVE('',#7385,#7384,#417,.T.);
#5988=EDGE_CURVE('',#7386,#7385,#418,.T.);
#5989=EDGE_CURVE('',#7387,#7386,#419,.T.);
#5990=EDGE_CURVE('',#7388,#7387,#420,.T.);
#5991=EDGE_CURVE('',#7389,#7388,#421,.T.);
#5992=EDGE_CURVE('',#7390,#7389,#422,.T.);
#5993=EDGE_CURVE('',#7375,#7390,#423,.T.);
#5994=EDGE_CURVE('',#7391,#7392,#424,.T.);
#5995=EDGE_CURVE('',#7392,#7393,#425,.T.);
#5996=EDGE_CURVE('',#7393,#7394,#426,.T.);
#5997=EDGE_CURVE('',#7394,#7395,#427,.T.);
#5998=EDGE_CURVE('',#7395,#7396,#428,.T.);
#5999=EDGE_CURVE('',#7396,#7397,#429,.T.);
#6000=EDGE_CURVE('',#7397,#7398,#430,.T.);
#6001=EDGE_CURVE('',#7398,#7399,#431,.T.);
#6002=EDGE_CURVE('',#7399,#7400,#432,.T.);
#6003=EDGE_CURVE('',#7400,#7401,#433,.T.);
#6004=EDGE_CURVE('',#7401,#7402,#434,.T.);
#6005=EDGE_CURVE('',#7402,#7403,#435,.T.);
#6006=EDGE_CURVE('',#7403,#7404,#436,.T.);
#6007=EDGE_CURVE('',#7404,#7405,#437,.T.);
#6008=EDGE_CURVE('',#7405,#7406,#438,.T.);
#6009=EDGE_CURVE('',#7406,#7407,#439,.T.);
#6010=EDGE_CURVE('',#7407,#7408,#440,.T.);
#6011=EDGE_CURVE('',#7408,#7409,#441,.T.);
#6012=EDGE_CURVE('',#7409,#7410,#442,.T.);
#6013=EDGE_CURVE('',#7410,#7411,#443,.T.);
#6014=EDGE_CURVE('',#7411,#7412,#444,.T.);
#6015=EDGE_CURVE('',#7412,#7413,#445,.T.);
#6016=EDGE_CURVE('',#7413,#7414,#446,.T.);
#6017=EDGE_CURVE('',#7414,#7415,#447,.T.);
#6018=EDGE_CURVE('',#7415,#7416,#448,.T.);
#6019=EDGE_CURVE('',#7416,#7417,#449,.T.);
#6020=EDGE_CURVE('',#7417,#7418,#450,.T.);
#6021=EDGE_CURVE('',#7418,#7419,#451,.T.);
#6022=EDGE_CURVE('',#7419,#7420,#452,.T.);
#6023=EDGE_CURVE('',#7420,#7421,#453,.T.);
#6024=EDGE_CURVE('',#7421,#7422,#454,.T.);
#6025=EDGE_CURVE('',#7422,#7423,#455,.T.);
#6026=EDGE_CURVE('',#7423,#7424,#456,.T.);
#6027=EDGE_CURVE('',#7424,#7425,#457,.T.);
#6028=EDGE_CURVE('',#7425,#7426,#458,.T.);
#6029=EDGE_CURVE('',#7426,#7427,#459,.T.);
#6030=EDGE_CURVE('',#7427,#7428,#460,.T.);
#6031=EDGE_CURVE('',#7428,#7429,#461,.T.);
#6032=EDGE_CURVE('',#7429,#7430,#462,.T.);
#6033=EDGE_CURVE('',#7430,#7431,#463,.T.);
#6034=EDGE_CURVE('',#7431,#7432,#464,.T.);
#6035=EDGE_CURVE('',#7432,#7433,#465,.T.);
#6036=EDGE_CURVE('',#7433,#7434,#466,.T.);
#6037=EDGE_CURVE('',#7434,#7435,#467,.T.);
#6038=EDGE_CURVE('',#7435,#7436,#468,.T.);
#6039=EDGE_CURVE('',#7436,#7437,#469,.T.);
#6040=EDGE_CURVE('',#7437,#7438,#470,.T.);
#6041=EDGE_CURVE('',#7438,#7439,#471,.T.);
#6042=EDGE_CURVE('',#7439,#7440,#472,.T.);
#6043=EDGE_CURVE('',#7440,#7441,#473,.T.);
#6044=EDGE_CURVE('',#7441,#7391,#474,.T.);
#6045=EDGE_CURVE('',#7442,#7443,#475,.T.);
#6046=EDGE_CURVE('',#7442,#7444,#476,.T.);
#6047=EDGE_CURVE('',#7444,#7445,#477,.T.);
#6048=EDGE_CURVE('',#7443,#7445,#478,.T.);
#6049=EDGE_CURVE('',#7446,#7447,#479,.T.);
#6050=EDGE_CURVE('',#7448,#7446,#480,.T.);
#6051=EDGE_CURVE('',#7449,#7448,#481,.T.);
#6052=EDGE_CURVE('',#7450,#7449,#482,.T.);
#6053=EDGE_CURVE('',#7451,#7450,#483,.T.);
#6054=EDGE_CURVE('',#7452,#7451,#484,.T.);
#6055=EDGE_CURVE('',#7453,#7452,#485,.T.);
#6056=EDGE_CURVE('',#7454,#7453,#486,.T.);
#6057=EDGE_CURVE('',#7455,#7454,#487,.T.);
#6058=EDGE_CURVE('',#7456,#7455,#488,.T.);
#6059=EDGE_CURVE('',#7457,#7456,#489,.T.);
#6060=EDGE_CURVE('',#7458,#7457,#490,.T.);
#6061=EDGE_CURVE('',#7459,#7458,#491,.T.);
#6062=EDGE_CURVE('',#7460,#7459,#492,.T.);
#6063=EDGE_CURVE('',#7461,#7460,#493,.T.);
#6064=EDGE_CURVE('',#7462,#7461,#494,.T.);
#6065=EDGE_CURVE('',#7463,#7462,#495,.T.);
#6066=EDGE_CURVE('',#7464,#7463,#496,.T.);
#6067=EDGE_CURVE('',#7465,#7464,#497,.T.);
#6068=EDGE_CURVE('',#7466,#7465,#498,.T.);
#6069=EDGE_CURVE('',#7467,#7466,#499,.T.);
#6070=EDGE_CURVE('',#7468,#7467,#500,.T.);
#6071=EDGE_CURVE('',#7469,#7468,#501,.T.);
#6072=EDGE_CURVE('',#7470,#7469,#502,.T.);
#6073=EDGE_CURVE('',#7471,#7470,#503,.T.);
#6074=EDGE_CURVE('',#7472,#7471,#504,.T.);
#6075=EDGE_CURVE('',#7473,#7472,#505,.T.);
#6076=EDGE_CURVE('',#7474,#7473,#506,.T.);
#6077=EDGE_CURVE('',#7475,#7474,#507,.T.);
#6078=EDGE_CURVE('',#7476,#7475,#508,.T.);
#6079=EDGE_CURVE('',#7477,#7476,#509,.T.);
#6080=EDGE_CURVE('',#7478,#7477,#510,.T.);
#6081=EDGE_CURVE('',#7479,#7478,#511,.T.);
#6082=EDGE_CURVE('',#7480,#7479,#512,.T.);
#6083=EDGE_CURVE('',#7481,#7480,#513,.T.);
#6084=EDGE_CURVE('',#7482,#7481,#514,.T.);
#6085=EDGE_CURVE('',#7483,#7482,#515,.T.);
#6086=EDGE_CURVE('',#7484,#7483,#516,.T.);
#6087=EDGE_CURVE('',#7485,#7484,#517,.T.);
#6088=EDGE_CURVE('',#7486,#7485,#518,.T.);
#6089=EDGE_CURVE('',#7487,#7486,#519,.T.);
#6090=EDGE_CURVE('',#7488,#7487,#520,.T.);
#6091=EDGE_CURVE('',#7489,#7488,#521,.T.);
#6092=EDGE_CURVE('',#7490,#7489,#522,.T.);
#6093=EDGE_CURVE('',#7491,#7490,#523,.T.);
#6094=EDGE_CURVE('',#7492,#7491,#524,.T.);
#6095=EDGE_CURVE('',#7493,#7492,#525,.T.);
#6096=EDGE_CURVE('',#7494,#7493,#526,.T.);
#6097=EDGE_CURVE('',#7495,#7494,#527,.T.);
#6098=EDGE_CURVE('',#7496,#7495,#528,.T.);
#6099=EDGE_CURVE('',#7447,#7496,#529,.T.);
#6100=EDGE_CURVE('',#7497,#7498,#530,.T.);
#6101=EDGE_CURVE('',#7498,#7499,#531,.T.);
#6102=EDGE_CURVE('',#7499,#7500,#532,.T.);
#6103=EDGE_CURVE('',#7500,#7501,#533,.T.);
#6104=EDGE_CURVE('',#7501,#7502,#534,.T.);
#6105=EDGE_CURVE('',#7502,#7503,#535,.T.);
#6106=EDGE_CURVE('',#7503,#7504,#536,.T.);
#6107=EDGE_CURVE('',#7504,#7505,#537,.T.);
#6108=EDGE_CURVE('',#7505,#7506,#538,.T.);
#6109=EDGE_CURVE('',#7506,#7507,#539,.T.);
#6110=EDGE_CURVE('',#7507,#7508,#540,.T.);
#6111=EDGE_CURVE('',#7508,#7509,#541,.T.);
#6112=EDGE_CURVE('',#7509,#7510,#542,.T.);
#6113=EDGE_CURVE('',#7510,#7511,#543,.T.);
#6114=EDGE_CURVE('',#7511,#7512,#544,.T.);
#6115=EDGE_CURVE('',#7512,#7513,#545,.T.);
#6116=EDGE_CURVE('',#7513,#7497,#546,.T.);
#6117=EDGE_CURVE('',#7514,#7515,#547,.T.);
#6118=EDGE_CURVE('',#7515,#7516,#548,.T.);
#6119=EDGE_CURVE('',#7516,#7517,#549,.T.);
#6120=EDGE_CURVE('',#7517,#7518,#550,.T.);
#6121=EDGE_CURVE('',#7518,#7519,#551,.T.);
#6122=EDGE_CURVE('',#7519,#7520,#552,.T.);
#6123=EDGE_CURVE('',#7520,#7521,#553,.T.);
#6124=EDGE_CURVE('',#7521,#7522,#554,.T.);
#6125=EDGE_CURVE('',#7522,#7523,#555,.T.);
#6126=EDGE_CURVE('',#7523,#7524,#556,.T.);
#6127=EDGE_CURVE('',#7524,#7525,#557,.T.);
#6128=EDGE_CURVE('',#7525,#7526,#558,.T.);
#6129=EDGE_CURVE('',#7526,#7527,#559,.T.);
#6130=EDGE_CURVE('',#7527,#7528,#560,.T.);
#6131=EDGE_CURVE('',#7528,#7529,#561,.T.);
#6132=EDGE_CURVE('',#7529,#7530,#562,.T.);
#6133=EDGE_CURVE('',#7530,#7531,#563,.T.);
#6134=EDGE_CURVE('',#7531,#7532,#564,.T.);
#6135=EDGE_CURVE('',#7532,#7533,#565,.T.);
#6136=EDGE_CURVE('',#7533,#7534,#566,.T.);
#6137=EDGE_CURVE('',#7534,#7535,#567,.T.);
#6138=EDGE_CURVE('',#7535,#7536,#568,.T.);
#6139=EDGE_CURVE('',#7536,#7537,#569,.T.);
#6140=EDGE_CURVE('',#7537,#7538,#570,.T.);
#6141=EDGE_CURVE('',#7538,#7539,#571,.T.);
#6142=EDGE_CURVE('',#7539,#7540,#572,.T.);
#6143=EDGE_CURVE('',#7540,#7541,#573,.T.);
#6144=EDGE_CURVE('',#7541,#7542,#574,.T.);
#6145=EDGE_CURVE('',#7542,#7543,#575,.T.);
#6146=EDGE_CURVE('',#7543,#7544,#576,.T.);
#6147=EDGE_CURVE('',#7544,#7545,#577,.T.);
#6148=EDGE_CURVE('',#7545,#7546,#578,.T.);
#6149=EDGE_CURVE('',#7546,#7547,#579,.T.);
#6150=EDGE_CURVE('',#7547,#7548,#580,.T.);
#6151=EDGE_CURVE('',#7548,#7549,#581,.T.);
#6152=EDGE_CURVE('',#7549,#7514,#582,.T.);
#6153=EDGE_CURVE('',#7550,#7551,#583,.T.);
#6154=EDGE_CURVE('',#7551,#7552,#584,.T.);
#6155=EDGE_CURVE('',#7552,#7553,#585,.T.);
#6156=EDGE_CURVE('',#7553,#7554,#586,.T.);
#6157=EDGE_CURVE('',#7554,#7555,#587,.T.);
#6158=EDGE_CURVE('',#7555,#7556,#588,.T.);
#6159=EDGE_CURVE('',#7556,#7557,#589,.T.);
#6160=EDGE_CURVE('',#7557,#7558,#590,.T.);
#6161=EDGE_CURVE('',#7558,#7559,#591,.T.);
#6162=EDGE_CURVE('',#7559,#7560,#592,.T.);
#6163=EDGE_CURVE('',#7560,#7561,#593,.T.);
#6164=EDGE_CURVE('',#7561,#7562,#594,.T.);
#6165=EDGE_CURVE('',#7562,#7563,#595,.T.);
#6166=EDGE_CURVE('',#7563,#7564,#596,.T.);
#6167=EDGE_CURVE('',#7564,#7565,#597,.T.);
#6168=EDGE_CURVE('',#7565,#7566,#598,.T.);
#6169=EDGE_CURVE('',#7566,#7567,#599,.T.);
#6170=EDGE_CURVE('',#7567,#7568,#600,.T.);
#6171=EDGE_CURVE('',#7568,#7569,#601,.T.);
#6172=EDGE_CURVE('',#7569,#7570,#602,.T.);
#6173=EDGE_CURVE('',#7570,#7571,#603,.T.);
#6174=EDGE_CURVE('',#7571,#7572,#604,.T.);
#6175=EDGE_CURVE('',#7572,#7573,#605,.T.);
#6176=EDGE_CURVE('',#7573,#7574,#606,.T.);
#6177=EDGE_CURVE('',#7574,#7575,#607,.T.);
#6178=EDGE_CURVE('',#7575,#7576,#608,.T.);
#6179=EDGE_CURVE('',#7576,#7577,#609,.T.);
#6180=EDGE_CURVE('',#7577,#7578,#610,.T.);
#6181=EDGE_CURVE('',#7578,#7579,#611,.T.);
#6182=EDGE_CURVE('',#7579,#7580,#612,.T.);
#6183=EDGE_CURVE('',#7580,#7581,#613,.T.);
#6184=EDGE_CURVE('',#7581,#7582,#614,.T.);
#6185=EDGE_CURVE('',#7582,#7583,#615,.T.);
#6186=EDGE_CURVE('',#7583,#7584,#616,.T.);
#6187=EDGE_CURVE('',#7584,#7550,#617,.T.);
#6188=EDGE_CURVE('',#7585,#7586,#618,.T.);
#6189=EDGE_CURVE('',#7586,#7587,#619,.T.);
#6190=EDGE_CURVE('',#7587,#7588,#620,.T.);
#6191=EDGE_CURVE('',#7588,#7589,#621,.T.);
#6192=EDGE_CURVE('',#7589,#7590,#622,.T.);
#6193=EDGE_CURVE('',#7590,#7591,#623,.T.);
#6194=EDGE_CURVE('',#7591,#7592,#624,.T.);
#6195=EDGE_CURVE('',#7592,#7593,#625,.T.);
#6196=EDGE_CURVE('',#7593,#7594,#626,.T.);
#6197=EDGE_CURVE('',#7594,#7595,#627,.T.);
#6198=EDGE_CURVE('',#7595,#7596,#628,.T.);
#6199=EDGE_CURVE('',#7596,#7597,#629,.T.);
#6200=EDGE_CURVE('',#7597,#7598,#630,.T.);
#6201=EDGE_CURVE('',#7598,#7599,#631,.T.);
#6202=EDGE_CURVE('',#7599,#7600,#632,.T.);
#6203=EDGE_CURVE('',#7600,#7601,#633,.T.);
#6204=EDGE_CURVE('',#7601,#7602,#634,.T.);
#6205=EDGE_CURVE('',#7602,#7603,#635,.T.);
#6206=EDGE_CURVE('',#7603,#7604,#636,.T.);
#6207=EDGE_CURVE('',#7604,#7605,#637,.T.);
#6208=EDGE_CURVE('',#7605,#7606,#638,.T.);
#6209=EDGE_CURVE('',#7606,#7607,#639,.T.);
#6210=EDGE_CURVE('',#7607,#7585,#640,.T.);
#6211=EDGE_CURVE('',#7608,#7609,#641,.T.);
#6212=EDGE_CURVE('',#7609,#7610,#642,.T.);
#6213=EDGE_CURVE('',#7610,#7611,#643,.T.);
#6214=EDGE_CURVE('',#7611,#7612,#644,.T.);
#6215=EDGE_CURVE('',#7612,#7613,#645,.T.);
#6216=EDGE_CURVE('',#7613,#7614,#646,.T.);
#6217=EDGE_CURVE('',#7614,#7615,#647,.T.);
#6218=EDGE_CURVE('',#7615,#7616,#648,.T.);
#6219=EDGE_CURVE('',#7616,#7617,#649,.T.);
#6220=EDGE_CURVE('',#7617,#7618,#650,.T.);
#6221=EDGE_CURVE('',#7618,#7619,#651,.T.);
#6222=EDGE_CURVE('',#7619,#7620,#652,.T.);
#6223=EDGE_CURVE('',#7620,#7621,#653,.T.);
#6224=EDGE_CURVE('',#7621,#7622,#654,.T.);
#6225=EDGE_CURVE('',#7622,#7623,#655,.T.);
#6226=EDGE_CURVE('',#7623,#7624,#656,.T.);
#6227=EDGE_CURVE('',#7624,#7625,#657,.T.);
#6228=EDGE_CURVE('',#7625,#7626,#658,.T.);
#6229=EDGE_CURVE('',#7626,#7627,#659,.T.);
#6230=EDGE_CURVE('',#7627,#7628,#660,.T.);
#6231=EDGE_CURVE('',#7628,#7629,#661,.T.);
#6232=EDGE_CURVE('',#7629,#7630,#662,.T.);
#6233=EDGE_CURVE('',#7630,#7631,#663,.T.);
#6234=EDGE_CURVE('',#7631,#7632,#664,.T.);
#6235=EDGE_CURVE('',#7632,#7633,#665,.T.);
#6236=EDGE_CURVE('',#7633,#7634,#666,.T.);
#6237=EDGE_CURVE('',#7634,#7635,#667,.T.);
#6238=EDGE_CURVE('',#7635,#7636,#668,.T.);
#6239=EDGE_CURVE('',#7636,#7637,#669,.T.);
#6240=EDGE_CURVE('',#7637,#7638,#670,.T.);
#6241=EDGE_CURVE('',#7638,#7639,#671,.T.);
#6242=EDGE_CURVE('',#7639,#7640,#672,.T.);
#6243=EDGE_CURVE('',#7640,#7641,#673,.T.);
#6244=EDGE_CURVE('',#7641,#7642,#674,.T.);
#6245=EDGE_CURVE('',#7642,#7643,#675,.T.);
#6246=EDGE_CURVE('',#7643,#7644,#676,.T.);
#6247=EDGE_CURVE('',#7644,#7645,#677,.T.);
#6248=EDGE_CURVE('',#7645,#7608,#678,.T.);
#6249=EDGE_CURVE('',#7646,#7647,#679,.T.);
#6250=EDGE_CURVE('',#7647,#7648,#680,.T.);
#6251=EDGE_CURVE('',#7648,#7649,#681,.T.);
#6252=EDGE_CURVE('',#7649,#7650,#682,.T.);
#6253=EDGE_CURVE('',#7650,#7651,#683,.T.);
#6254=EDGE_CURVE('',#7651,#7652,#684,.T.);
#6255=EDGE_CURVE('',#7652,#7653,#685,.T.);
#6256=EDGE_CURVE('',#7653,#7654,#686,.T.);
#6257=EDGE_CURVE('',#7654,#7655,#687,.T.);
#6258=EDGE_CURVE('',#7655,#7656,#688,.T.);
#6259=EDGE_CURVE('',#7656,#7657,#689,.T.);
#6260=EDGE_CURVE('',#7657,#7658,#690,.T.);
#6261=EDGE_CURVE('',#7658,#7659,#691,.T.);
#6262=EDGE_CURVE('',#7659,#7660,#692,.T.);
#6263=EDGE_CURVE('',#7660,#7661,#693,.T.);
#6264=EDGE_CURVE('',#7661,#7662,#694,.T.);
#6265=EDGE_CURVE('',#7662,#7663,#695,.T.);
#6266=EDGE_CURVE('',#7663,#7664,#696,.T.);
#6267=EDGE_CURVE('',#7664,#7665,#697,.T.);
#6268=EDGE_CURVE('',#7665,#7666,#698,.T.);
#6269=EDGE_CURVE('',#7666,#7667,#699,.T.);
#6270=EDGE_CURVE('',#7667,#7668,#700,.T.);
#6271=EDGE_CURVE('',#7668,#7669,#701,.T.);
#6272=EDGE_CURVE('',#7669,#7670,#702,.T.);
#6273=EDGE_CURVE('',#7670,#7671,#703,.T.);
#6274=EDGE_CURVE('',#7671,#7672,#704,.T.);
#6275=EDGE_CURVE('',#7672,#7673,#705,.T.);
#6276=EDGE_CURVE('',#7673,#7674,#706,.T.);
#6277=EDGE_CURVE('',#7674,#7675,#707,.T.);
#6278=EDGE_CURVE('',#7675,#7676,#708,.T.);
#6279=EDGE_CURVE('',#7676,#7677,#709,.T.);
#6280=EDGE_CURVE('',#7677,#7678,#710,.T.);
#6281=EDGE_CURVE('',#7678,#7646,#711,.T.);
#6282=EDGE_CURVE('',#7679,#7680,#712,.T.);
#6283=EDGE_CURVE('',#7680,#7681,#713,.T.);
#6284=EDGE_CURVE('',#7681,#7679,#714,.T.);
#6285=EDGE_CURVE('',#7682,#7683,#715,.T.);
#6286=EDGE_CURVE('',#7683,#7684,#7919,.F.);
#6287=EDGE_CURVE('',#7685,#7684,#716,.T.);
#6288=EDGE_CURVE('',#7685,#7686,#7920,.F.);
#6289=EDGE_CURVE('',#7687,#7686,#717,.T.);
#6290=EDGE_CURVE('',#7687,#7688,#718,.T.);
#6291=EDGE_CURVE('',#7689,#7688,#719,.T.);
#6292=EDGE_CURVE('',#7690,#7689,#720,.T.);
#6293=EDGE_CURVE('',#7691,#7690,#721,.T.);
#6294=EDGE_CURVE('',#7692,#7691,#722,.T.);
#6295=EDGE_CURVE('',#7693,#7692,#723,.T.);
#6296=EDGE_CURVE('',#7694,#7693,#724,.T.);
#6297=EDGE_CURVE('',#7695,#7694,#725,.T.);
#6298=EDGE_CURVE('',#7696,#7695,#726,.T.);
#6299=EDGE_CURVE('',#7697,#7696,#727,.T.);
#6300=EDGE_CURVE('',#7698,#7697,#728,.T.);
#6301=EDGE_CURVE('',#7699,#7698,#729,.T.);
#6302=EDGE_CURVE('',#7700,#7699,#730,.T.);
#6303=EDGE_CURVE('',#7701,#7700,#731,.T.);
#6304=EDGE_CURVE('',#7702,#7701,#732,.T.);
#6305=EDGE_CURVE('',#7703,#7702,#733,.T.);
#6306=EDGE_CURVE('',#7704,#7703,#734,.T.);
#6307=EDGE_CURVE('',#7705,#7704,#735,.T.);
#6308=EDGE_CURVE('',#7706,#7705,#736,.T.);
#6309=EDGE_CURVE('',#7707,#7706,#737,.T.);
#6310=EDGE_CURVE('',#7708,#7707,#738,.T.);
#6311=EDGE_CURVE('',#7709,#7708,#739,.T.);
#6312=EDGE_CURVE('',#7710,#7709,#740,.T.);
#6313=EDGE_CURVE('',#7711,#7710,#741,.T.);
#6314=EDGE_CURVE('',#7712,#7711,#742,.T.);
#6315=EDGE_CURVE('',#7713,#7712,#743,.T.);
#6316=EDGE_CURVE('',#7714,#7713,#744,.T.);
#6317=EDGE_CURVE('',#7715,#7714,#745,.T.);
#6318=EDGE_CURVE('',#7716,#7715,#746,.T.);
#6319=EDGE_CURVE('',#7717,#7716,#747,.T.);
#6320=EDGE_CURVE('',#7718,#7717,#748,.T.);
#6321=EDGE_CURVE('',#7719,#7718,#749,.T.);
#6322=EDGE_CURVE('',#7720,#7719,#750,.T.);
#6323=EDGE_CURVE('',#7721,#7720,#751,.T.);
#6324=EDGE_CURVE('',#7722,#7721,#752,.T.);
#6325=EDGE_CURVE('',#7723,#7722,#753,.T.);
#6326=EDGE_CURVE('',#7724,#7723,#754,.T.);
#6327=EDGE_CURVE('',#7725,#7724,#755,.T.);
#6328=EDGE_CURVE('',#7726,#7725,#756,.T.);
#6329=EDGE_CURVE('',#7727,#7726,#757,.T.);
#6330=EDGE_CURVE('',#7728,#7727,#758,.T.);
#6331=EDGE_CURVE('',#7729,#7728,#759,.T.);
#6332=EDGE_CURVE('',#7730,#7729,#760,.T.);
#6333=EDGE_CURVE('',#7731,#7730,#761,.T.);
#6334=EDGE_CURVE('',#7732,#7731,#762,.T.);
#6335=EDGE_CURVE('',#7733,#7732,#763,.T.);
#6336=EDGE_CURVE('',#7734,#7733,#764,.T.);
#6337=EDGE_CURVE('',#7735,#7734,#765,.T.);
#6338=EDGE_CURVE('',#7736,#7735,#766,.T.);
#6339=EDGE_CURVE('',#7737,#7736,#767,.T.);
#6340=EDGE_CURVE('',#7738,#7737,#768,.T.);
#6341=EDGE_CURVE('',#7739,#7738,#769,.T.);
#6342=EDGE_CURVE('',#7740,#7739,#770,.T.);
#6343=EDGE_CURVE('',#7741,#7740,#771,.T.);
#6344=EDGE_CURVE('',#7742,#7741,#772,.T.);
#6345=EDGE_CURVE('',#7743,#7742,#773,.T.);
#6346=EDGE_CURVE('',#7744,#7743,#774,.T.);
#6347=EDGE_CURVE('',#7745,#7744,#775,.T.);
#6348=EDGE_CURVE('',#7746,#7745,#776,.T.);
#6349=EDGE_CURVE('',#7747,#7746,#777,.T.);
#6350=EDGE_CURVE('',#7748,#7747,#778,.T.);
#6351=EDGE_CURVE('',#7749,#7748,#779,.T.);
#6352=EDGE_CURVE('',#7750,#7749,#780,.T.);
#6353=EDGE_CURVE('',#7751,#7750,#781,.T.);
#6354=EDGE_CURVE('',#7752,#7751,#782,.T.);
#6355=EDGE_CURVE('',#7753,#7752,#783,.T.);
#6356=EDGE_CURVE('',#7754,#7753,#784,.T.);
#6357=EDGE_CURVE('',#7755,#7754,#785,.T.);
#6358=EDGE_CURVE('',#7756,#7755,#786,.T.);
#6359=EDGE_CURVE('',#7757,#7756,#787,.T.);
#6360=EDGE_CURVE('',#7758,#7757,#788,.T.);
#6361=EDGE_CURVE('',#7759,#7758,#789,.T.);
#6362=EDGE_CURVE('',#7760,#7759,#790,.T.);
#6363=EDGE_CURVE('',#7761,#7760,#791,.T.);
#6364=EDGE_CURVE('',#7762,#7761,#792,.T.);
#6365=EDGE_CURVE('',#7763,#7762,#793,.T.);
#6366=EDGE_CURVE('',#7764,#7763,#794,.T.);
#6367=EDGE_CURVE('',#7765,#7764,#795,.T.);
#6368=EDGE_CURVE('',#7766,#7765,#796,.T.);
#6369=EDGE_CURVE('',#7767,#7766,#797,.T.);
#6370=EDGE_CURVE('',#7768,#7767,#798,.T.);
#6371=EDGE_CURVE('',#7769,#7768,#799,.T.);
#6372=EDGE_CURVE('',#7770,#7769,#800,.T.);
#6373=EDGE_CURVE('',#7771,#7770,#801,.T.);
#6374=EDGE_CURVE('',#7771,#7772,#802,.T.);
#6375=EDGE_CURVE('',#7772,#7773,#803,.T.);
#6376=EDGE_CURVE('',#7774,#7773,#804,.T.);
#6377=EDGE_CURVE('',#7775,#7774,#805,.T.);
#6378=EDGE_CURVE('',#7776,#7775,#806,.T.);
#6379=EDGE_CURVE('',#7777,#7776,#807,.T.);
#6380=EDGE_CURVE('',#7778,#7777,#808,.T.);
#6381=EDGE_CURVE('',#7779,#7778,#809,.T.);
#6382=EDGE_CURVE('',#7780,#7779,#810,.T.);
#6383=EDGE_CURVE('',#7781,#7780,#811,.T.);
#6384=EDGE_CURVE('',#7782,#7781,#812,.T.);
#6385=EDGE_CURVE('',#7783,#7782,#813,.T.);
#6386=EDGE_CURVE('',#7784,#7783,#814,.T.);
#6387=EDGE_CURVE('',#7785,#7784,#815,.T.);
#6388=EDGE_CURVE('',#7786,#7785,#816,.T.);
#6389=EDGE_CURVE('',#7787,#7786,#817,.T.);
#6390=EDGE_CURVE('',#7788,#7787,#818,.T.);
#6391=EDGE_CURVE('',#7789,#7788,#819,.T.);
#6392=EDGE_CURVE('',#7790,#7789,#820,.T.);
#6393=EDGE_CURVE('',#7791,#7790,#821,.T.);
#6394=EDGE_CURVE('',#7792,#7791,#822,.T.);
#6395=EDGE_CURVE('',#7793,#7792,#823,.T.);
#6396=EDGE_CURVE('',#7794,#7793,#824,.T.);
#6397=EDGE_CURVE('',#7795,#7794,#825,.T.);
#6398=EDGE_CURVE('',#7796,#7795,#826,.T.);
#6399=EDGE_CURVE('',#7797,#7796,#827,.T.);
#6400=EDGE_CURVE('',#7798,#7797,#828,.T.);
#6401=EDGE_CURVE('',#7799,#7798,#829,.T.);
#6402=EDGE_CURVE('',#7800,#7799,#830,.T.);
#6403=EDGE_CURVE('',#7801,#7800,#831,.T.);
#6404=EDGE_CURVE('',#7802,#7801,#832,.T.);
#6405=EDGE_CURVE('',#7803,#7802,#833,.T.);
#6406=EDGE_CURVE('',#7804,#7803,#834,.T.);
#6407=EDGE_CURVE('',#7805,#7804,#835,.T.);
#6408=EDGE_CURVE('',#7806,#7805,#836,.T.);
#6409=EDGE_CURVE('',#7807,#7806,#837,.T.);
#6410=EDGE_CURVE('',#7808,#7807,#838,.T.);
#6411=EDGE_CURVE('',#7809,#7808,#839,.T.);
#6412=EDGE_CURVE('',#7810,#7809,#840,.T.);
#6413=EDGE_CURVE('',#7811,#7810,#841,.T.);
#6414=EDGE_CURVE('',#7812,#7811,#842,.T.);
#6415=EDGE_CURVE('',#7813,#7812,#843,.T.);
#6416=EDGE_CURVE('',#7814,#7813,#844,.T.);
#6417=EDGE_CURVE('',#7815,#7814,#845,.T.);
#6418=EDGE_CURVE('',#7816,#7815,#846,.T.);
#6419=EDGE_CURVE('',#7817,#7816,#847,.T.);
#6420=EDGE_CURVE('',#7818,#7817,#848,.T.);
#6421=EDGE_CURVE('',#7819,#7818,#849,.T.);
#6422=EDGE_CURVE('',#7820,#7819,#850,.T.);
#6423=EDGE_CURVE('',#7821,#7820,#851,.T.);
#6424=EDGE_CURVE('',#7822,#7821,#852,.T.);
#6425=EDGE_CURVE('',#7823,#7822,#853,.T.);
#6426=EDGE_CURVE('',#7824,#7823,#854,.T.);
#6427=EDGE_CURVE('',#7825,#7824,#855,.T.);
#6428=EDGE_CURVE('',#7826,#7825,#856,.T.);
#6429=EDGE_CURVE('',#7827,#7826,#857,.T.);
#6430=EDGE_CURVE('',#7828,#7827,#858,.T.);
#6431=EDGE_CURVE('',#7829,#7828,#859,.T.);
#6432=EDGE_CURVE('',#7830,#7829,#860,.T.);
#6433=EDGE_CURVE('',#7831,#7830,#861,.T.);
#6434=EDGE_CURVE('',#7832,#7831,#862,.T.);
#6435=EDGE_CURVE('',#7833,#7832,#863,.T.);
#6436=EDGE_CURVE('',#7834,#7833,#864,.T.);
#6437=EDGE_CURVE('',#7835,#7834,#865,.T.);
#6438=EDGE_CURVE('',#7836,#7835,#866,.T.);
#6439=EDGE_CURVE('',#7837,#7836,#867,.T.);
#6440=EDGE_CURVE('',#7838,#7837,#868,.T.);
#6441=EDGE_CURVE('',#7839,#7838,#869,.T.);
#6442=EDGE_CURVE('',#7840,#7839,#870,.T.);
#6443=EDGE_CURVE('',#7841,#7840,#871,.T.);
#6444=EDGE_CURVE('',#7842,#7841,#872,.T.);
#6445=EDGE_CURVE('',#7843,#7842,#873,.T.);
#6446=EDGE_CURVE('',#7844,#7843,#874,.T.);
#6447=EDGE_CURVE('',#7845,#7844,#875,.T.);
#6448=EDGE_CURVE('',#7846,#7845,#876,.T.);
#6449=EDGE_CURVE('',#7847,#7846,#877,.T.);
#6450=EDGE_CURVE('',#7848,#7847,#878,.T.);
#6451=EDGE_CURVE('',#7849,#7848,#879,.T.);
#6452=EDGE_CURVE('',#7850,#7849,#880,.T.);
#6453=EDGE_CURVE('',#7851,#7850,#881,.T.);
#6454=EDGE_CURVE('',#7852,#7851,#882,.T.);
#6455=EDGE_CURVE('',#7853,#7852,#883,.T.);
#6456=EDGE_CURVE('',#7854,#7853,#884,.T.);
#6457=EDGE_CURVE('',#7855,#7854,#885,.T.);
#6458=EDGE_CURVE('',#7856,#7855,#886,.T.);
#6459=EDGE_CURVE('',#7857,#7856,#887,.T.);
#6460=EDGE_CURVE('',#7858,#7857,#888,.T.);
#6461=EDGE_CURVE('',#7859,#7858,#889,.T.);
#6462=EDGE_CURVE('',#7860,#7859,#890,.T.);
#6463=EDGE_CURVE('',#7861,#7860,#891,.T.);
#6464=EDGE_CURVE('',#7862,#7861,#892,.T.);
#6465=EDGE_CURVE('',#7863,#7862,#893,.T.);
#6466=EDGE_CURVE('',#7864,#7863,#894,.T.);
#6467=EDGE_CURVE('',#7865,#7864,#895,.T.);
#6468=EDGE_CURVE('',#7866,#7865,#896,.T.);
#6469=EDGE_CURVE('',#7867,#7866,#897,.T.);
#6470=EDGE_CURVE('',#7868,#7867,#898,.T.);
#6471=EDGE_CURVE('',#7869,#7868,#899,.T.);
#6472=EDGE_CURVE('',#7870,#7869,#900,.T.);
#6473=EDGE_CURVE('',#7871,#7870,#901,.T.);
#6474=EDGE_CURVE('',#7872,#7871,#902,.T.);
#6475=EDGE_CURVE('',#7873,#7872,#903,.T.);
#6476=EDGE_CURVE('',#7874,#7873,#904,.T.);
#6477=EDGE_CURVE('',#7875,#7874,#905,.T.);
#6478=EDGE_CURVE('',#7876,#7875,#906,.T.);
#6479=EDGE_CURVE('',#7877,#7876,#907,.T.);
#6480=EDGE_CURVE('',#7878,#7877,#908,.T.);
#6481=EDGE_CURVE('',#7879,#7878,#909,.T.);
#6482=EDGE_CURVE('',#7880,#7879,#910,.T.);
#6483=EDGE_CURVE('',#7881,#7880,#911,.T.);
#6484=EDGE_CURVE('',#7882,#7881,#912,.T.);
#6485=EDGE_CURVE('',#7883,#7882,#913,.T.);
#6486=EDGE_CURVE('',#7884,#7883,#914,.T.);
#6487=EDGE_CURVE('',#7885,#7884,#915,.T.);
#6488=EDGE_CURVE('',#7886,#7885,#916,.T.);
#6489=EDGE_CURVE('',#7887,#7886,#917,.T.);
#6490=EDGE_CURVE('',#7888,#7887,#918,.T.);
#6491=EDGE_CURVE('',#7889,#7888,#919,.T.);
#6492=EDGE_CURVE('',#7889,#7890,#920,.T.);
#6493=EDGE_CURVE('',#7891,#7890,#921,.T.);
#6494=EDGE_CURVE('',#7892,#7891,#922,.T.);
#6495=EDGE_CURVE('',#7893,#7892,#923,.T.);
#6496=EDGE_CURVE('',#7894,#7893,#924,.T.);
#6497=EDGE_CURVE('',#7895,#7894,#925,.T.);
#6498=EDGE_CURVE('',#7896,#7895,#926,.T.);
#6499=EDGE_CURVE('',#7897,#7896,#927,.T.);
#6500=EDGE_CURVE('',#7898,#7897,#928,.T.);
#6501=EDGE_CURVE('',#7899,#7898,#929,.T.);
#6502=EDGE_CURVE('',#7900,#7899,#930,.T.);
#6503=EDGE_CURVE('',#7901,#7900,#931,.T.);
#6504=EDGE_CURVE('',#7902,#7901,#932,.T.);
#6505=EDGE_CURVE('',#7903,#7902,#933,.T.);
#6506=EDGE_CURVE('',#7904,#7903,#934,.T.);
#6507=EDGE_CURVE('',#7682,#7904,#935,.T.);
#6508=EDGE_CURVE('',#7905,#7905,#7921,.T.);
#6509=EDGE_CURVE('',#7906,#7906,#7922,.T.);
#6510=EDGE_CURVE('',#7907,#7907,#7923,.T.);
#6511=EDGE_CURVE('',#7908,#7908,#7924,.T.);
#6512=EDGE_CURVE('',#7909,#7910,#936,.T.);
#6513=EDGE_CURVE('',#7909,#7911,#937,.T.);
#6514=EDGE_CURVE('',#7911,#7912,#938,.T.);
#6515=EDGE_CURVE('',#7910,#7912,#939,.T.);
#6516=EDGE_CURVE('',#7392,#7447,#940,.T.);
#6517=EDGE_CURVE('',#7391,#7446,#941,.T.);
#6518=EDGE_CURVE('',#7393,#7496,#942,.T.);
#6519=EDGE_CURVE('',#7394,#7495,#943,.T.);
#6520=EDGE_CURVE('',#7395,#7494,#944,.T.);
#6521=EDGE_CURVE('',#7396,#7493,#945,.T.);
#6522=EDGE_CURVE('',#7397,#7492,#946,.T.);
#6523=EDGE_CURVE('',#7398,#7491,#947,.T.);
#6524=EDGE_CURVE('',#7399,#7490,#948,.T.);
#6525=EDGE_CURVE('',#7400,#7489,#949,.T.);
#6526=EDGE_CURVE('',#7401,#7488,#950,.T.);
#6527=EDGE_CURVE('',#7402,#7487,#951,.T.);
#6528=EDGE_CURVE('',#7403,#7486,#952,.T.);
#6529=EDGE_CURVE('',#7404,#7485,#953,.T.);
#6530=EDGE_CURVE('',#7405,#7484,#954,.T.);
#6531=EDGE_CURVE('',#7406,#7483,#955,.T.);
#6532=EDGE_CURVE('',#7407,#7482,#956,.T.);
#6533=EDGE_CURVE('',#7408,#7481,#957,.T.);
#6534=EDGE_CURVE('',#7409,#7480,#958,.T.);
#6535=EDGE_CURVE('',#7410,#7479,#959,.T.);
#6536=EDGE_CURVE('',#7411,#7478,#960,.T.);
#6537=EDGE_CURVE('',#7412,#7477,#961,.T.);
#6538=EDGE_CURVE('',#7413,#7476,#962,.T.);
#6539=EDGE_CURVE('',#7414,#7475,#963,.T.);
#6540=EDGE_CURVE('',#7415,#7474,#964,.T.);
#6541=EDGE_CURVE('',#7416,#7473,#965,.T.);
#6542=EDGE_CURVE('',#7417,#7472,#966,.T.);
#6543=EDGE_CURVE('',#7418,#7471,#967,.T.);
#6544=EDGE_CURVE('',#7419,#7470,#968,.T.);
#6545=EDGE_CURVE('',#7420,#7469,#969,.T.);
#6546=EDGE_CURVE('',#7421,#7468,#970,.T.);
#6547=EDGE_CURVE('',#7422,#7467,#971,.T.);
#6548=EDGE_CURVE('',#7423,#7466,#972,.T.);
#6549=EDGE_CURVE('',#7424,#7465,#973,.T.);
#6550=EDGE_CURVE('',#7425,#7464,#974,.T.);
#6551=EDGE_CURVE('',#7426,#7463,#975,.T.);
#6552=EDGE_CURVE('',#7427,#7462,#976,.T.);
#6553=EDGE_CURVE('',#7428,#7461,#977,.T.);
#6554=EDGE_CURVE('',#7429,#7460,#978,.T.);
#6555=EDGE_CURVE('',#7430,#7459,#979,.T.);
#6556=EDGE_CURVE('',#7431,#7458,#980,.T.);
#6557=EDGE_CURVE('',#7432,#7457,#981,.T.);
#6558=EDGE_CURVE('',#7433,#7456,#982,.T.);
#6559=EDGE_CURVE('',#7434,#7455,#983,.T.);
#6560=EDGE_CURVE('',#7435,#7454,#984,.T.);
#6561=EDGE_CURVE('',#7436,#7453,#985,.T.);
#6562=EDGE_CURVE('',#7437,#7452,#986,.T.);
#6563=EDGE_CURVE('',#7438,#7451,#987,.T.);
#6564=EDGE_CURVE('',#7439,#7450,#988,.T.);
#6565=EDGE_CURVE('',#7440,#7449,#989,.T.);
#6566=EDGE_CURVE('',#7441,#7448,#990,.T.);
#6567=EDGE_CURVE('',#7374,#7497,#991,.T.);
#6568=EDGE_CURVE('',#7375,#7498,#992,.T.);
#6569=EDGE_CURVE('',#7376,#7513,#993,.T.);
#6570=EDGE_CURVE('',#7377,#7512,#994,.T.);
#6571=EDGE_CURVE('',#7378,#7511,#995,.T.);
#6572=EDGE_CURVE('',#7379,#7510,#996,.T.);
#6573=EDGE_CURVE('',#7380,#7509,#997,.T.);
#6574=EDGE_CURVE('',#7381,#7508,#998,.T.);
#6575=EDGE_CURVE('',#7382,#7507,#999,.T.);
#6576=EDGE_CURVE('',#7383,#7506,#1000,.T.);
#6577=EDGE_CURVE('',#7384,#7505,#1001,.T.);
#6578=EDGE_CURVE('',#7385,#7504,#1002,.T.);
#6579=EDGE_CURVE('',#7386,#7503,#1003,.T.);
#6580=EDGE_CURVE('',#7387,#7502,#1004,.T.);
#6581=EDGE_CURVE('',#7388,#7501,#1005,.T.);
#6582=EDGE_CURVE('',#7389,#7500,#1006,.T.);
#6583=EDGE_CURVE('',#7390,#7499,#1007,.T.);
#6584=EDGE_CURVE('',#7338,#7514,#1008,.T.);
#6585=EDGE_CURVE('',#7339,#7515,#1009,.T.);
#6586=EDGE_CURVE('',#7340,#7549,#1010,.T.);
#6587=EDGE_CURVE('',#7341,#7548,#1011,.T.);
#6588=EDGE_CURVE('',#7342,#7547,#1012,.T.);
#6589=EDGE_CURVE('',#7343,#7546,#1013,.T.);
#6590=EDGE_CURVE('',#7344,#7545,#1014,.T.);
#6591=EDGE_CURVE('',#7345,#7544,#1015,.T.);
#6592=EDGE_CURVE('',#7346,#7543,#1016,.T.);
#6593=EDGE_CURVE('',#7347,#7542,#1017,.T.);
#6594=EDGE_CURVE('',#7348,#7541,#1018,.T.);
#6595=EDGE_CURVE('',#7349,#7540,#1019,.T.);
#6596=EDGE_CURVE('',#7350,#7539,#1020,.T.);
#6597=EDGE_CURVE('',#7351,#7538,#1021,.T.);
#6598=EDGE_CURVE('',#7352,#7537,#1022,.T.);
#6599=EDGE_CURVE('',#7353,#7536,#1023,.T.);
#6600=EDGE_CURVE('',#7354,#7535,#1024,.T.);
#6601=EDGE_CURVE('',#7355,#7534,#1025,.T.);
#6602=EDGE_CURVE('',#7356,#7533,#1026,.T.);
#6603=EDGE_CURVE('',#7357,#7532,#1027,.T.);
#6604=EDGE_CURVE('',#7358,#7531,#1028,.T.);
#6605=EDGE_CURVE('',#7359,#7530,#1029,.T.);
#6606=EDGE_CURVE('',#7360,#7529,#1030,.T.);
#6607=EDGE_CURVE('',#7361,#7528,#1031,.T.);
#6608=EDGE_CURVE('',#7362,#7527,#1032,.T.);
#6609=EDGE_CURVE('',#7363,#7526,#1033,.T.);
#6610=EDGE_CURVE('',#7364,#7525,#1034,.T.);
#6611=EDGE_CURVE('',#7365,#7524,#1035,.T.);
#6612=EDGE_CURVE('',#7366,#7523,#1036,.T.);
#6613=EDGE_CURVE('',#7367,#7522,#1037,.T.);
#6614=EDGE_CURVE('',#7368,#7521,#1038,.T.);
#6615=EDGE_CURVE('',#7369,#7520,#1039,.T.);
#6616=EDGE_CURVE('',#7370,#7519,#1040,.T.);
#6617=EDGE_CURVE('',#7371,#7518,#1041,.T.);
#6618=EDGE_CURVE('',#7372,#7517,#1042,.T.);
#6619=EDGE_CURVE('',#7373,#7516,#1043,.T.);
#6620=EDGE_CURVE('',#7303,#7550,#1044,.T.);
#6621=EDGE_CURVE('',#7304,#7551,#1045,.T.);
#6622=EDGE_CURVE('',#7305,#7584,#1046,.T.);
#6623=EDGE_CURVE('',#7306,#7583,#1047,.T.);
#6624=EDGE_CURVE('',#7307,#7582,#1048,.T.);
#6625=EDGE_CURVE('',#7308,#7581,#1049,.T.);
#6626=EDGE_CURVE('',#7309,#7580,#1050,.T.);
#6627=EDGE_CURVE('',#7310,#7579,#1051,.T.);
#6628=EDGE_CURVE('',#7311,#7578,#1052,.T.);
#6629=EDGE_CURVE('',#7312,#7577,#1053,.T.);
#6630=EDGE_CURVE('',#7313,#7576,#1054,.T.);
#6631=EDGE_CURVE('',#7314,#7575,#1055,.T.);
#6632=EDGE_CURVE('',#7315,#7574,#1056,.T.);
#6633=EDGE_CURVE('',#7316,#7573,#1057,.T.);
#6634=EDGE_CURVE('',#7317,#7572,#1058,.T.);
#6635=EDGE_CURVE('',#7318,#7571,#1059,.T.);
#6636=EDGE_CURVE('',#7319,#7570,#1060,.T.);
#6637=EDGE_CURVE('',#7320,#7569,#1061,.T.);
#6638=EDGE_CURVE('',#7321,#7568,#1062,.T.);
#6639=EDGE_CURVE('',#7322,#7567,#1063,.T.);
#6640=EDGE_CURVE('',#7323,#7566,#1064,.T.);
#6641=EDGE_CURVE('',#7324,#7565,#1065,.T.);
#6642=EDGE_CURVE('',#7325,#7564,#1066,.T.);
#6643=EDGE_CURVE('',#7326,#7563,#1067,.T.);
#6644=EDGE_CURVE('',#7327,#7562,#1068,.T.);
#6645=EDGE_CURVE('',#7328,#7561,#1069,.T.);
#6646=EDGE_CURVE('',#7329,#7560,#1070,.T.);
#6647=EDGE_CURVE('',#7330,#7559,#1071,.T.);
#6648=EDGE_CURVE('',#7331,#7558,#1072,.T.);
#6649=EDGE_CURVE('',#7332,#7557,#1073,.T.);
#6650=EDGE_CURVE('',#7333,#7556,#1074,.T.);
#6651=EDGE_CURVE('',#7334,#7555,#1075,.T.);
#6652=EDGE_CURVE('',#7335,#7554,#1076,.T.);
#6653=EDGE_CURVE('',#7336,#7553,#1077,.T.);
#6654=EDGE_CURVE('',#7337,#7552,#1078,.T.);
#6655=EDGE_CURVE('',#7280,#7585,#1079,.T.);
#6656=EDGE_CURVE('',#7281,#7586,#1080,.T.);
#6657=EDGE_CURVE('',#7282,#7607,#1081,.T.);
#6658=EDGE_CURVE('',#7283,#7606,#1082,.T.);
#6659=EDGE_CURVE('',#7284,#7605,#1083,.T.);
#6660=EDGE_CURVE('',#7285,#7604,#1084,.T.);
#6661=EDGE_CURVE('',#7286,#7603,#1085,.T.);
#6662=EDGE_CURVE('',#7287,#7602,#1086,.T.);
#6663=EDGE_CURVE('',#7288,#7601,#1087,.T.);
#6664=EDGE_CURVE('',#7289,#7600,#1088,.T.);
#6665=EDGE_CURVE('',#7290,#7599,#1089,.T.);
#6666=EDGE_CURVE('',#7291,#7598,#1090,.T.);
#6667=EDGE_CURVE('',#7292,#7597,#1091,.T.);
#6668=EDGE_CURVE('',#7293,#7596,#1092,.T.);
#6669=EDGE_CURVE('',#7294,#7595,#1093,.T.);
#6670=EDGE_CURVE('',#7295,#7594,#1094,.T.);
#6671=EDGE_CURVE('',#7296,#7593,#1095,.T.);
#6672=EDGE_CURVE('',#7297,#7592,#1096,.T.);
#6673=EDGE_CURVE('',#7298,#7591,#1097,.T.);
#6674=EDGE_CURVE('',#7299,#7590,#1098,.T.);
#6675=EDGE_CURVE('',#7300,#7589,#1099,.T.);
#6676=EDGE_CURVE('',#7301,#7588,#1100,.T.);
#6677=EDGE_CURVE('',#7302,#7587,#1101,.T.);
#6678=EDGE_CURVE('',#7242,#7608,#1102,.T.);
#6679=EDGE_CURVE('',#7243,#7609,#1103,.T.);
#6680=EDGE_CURVE('',#7244,#7645,#1104,.T.);
#6681=EDGE_CURVE('',#7245,#7644,#1105,.T.);
#6682=EDGE_CURVE('',#7246,#7643,#1106,.T.);
#6683=EDGE_CURVE('',#7247,#7642,#1107,.T.);
#6684=EDGE_CURVE('',#7248,#7641,#1108,.T.);
#6685=EDGE_CURVE('',#7249,#7640,#1109,.T.);
#6686=EDGE_CURVE('',#7250,#7639,#1110,.T.);
#6687=EDGE_CURVE('',#7251,#7638,#1111,.T.);
#6688=EDGE_CURVE('',#7252,#7637,#1112,.T.);
#6689=EDGE_CURVE('',#7253,#7636,#1113,.T.);
#6690=EDGE_CURVE('',#7254,#7635,#1114,.T.);
#6691=EDGE_CURVE('',#7255,#7634,#1115,.T.);
#6692=EDGE_CURVE('',#7256,#7633,#1116,.T.);
#6693=EDGE_CURVE('',#7257,#7632,#1117,.T.);
#6694=EDGE_CURVE('',#7258,#7631,#1118,.T.);
#6695=EDGE_CURVE('',#7259,#7630,#1119,.T.);
#6696=EDGE_CURVE('',#7260,#7629,#1120,.T.);
#6697=EDGE_CURVE('',#7261,#7628,#1121,.T.);
#6698=EDGE_CURVE('',#7262,#7627,#1122,.T.);
#6699=EDGE_CURVE('',#7263,#7626,#1123,.T.);
#6700=EDGE_CURVE('',#7264,#7625,#1124,.T.);
#6701=EDGE_CURVE('',#7265,#7624,#1125,.T.);
#6702=EDGE_CURVE('',#7266,#7623,#1126,.T.);
#6703=EDGE_CURVE('',#7267,#7622,#1127,.T.);
#6704=EDGE_CURVE('',#7268,#7621,#1128,.T.);
#6705=EDGE_CURVE('',#7269,#7620,#1129,.T.);
#6706=EDGE_CURVE('',#7270,#7619,#1130,.T.);
#6707=EDGE_CURVE('',#7271,#7618,#1131,.T.);
#6708=EDGE_CURVE('',#7272,#7617,#1132,.T.);
#6709=EDGE_CURVE('',#7273,#7616,#1133,.T.);
#6710=EDGE_CURVE('',#7274,#7615,#1134,.T.);
#6711=EDGE_CURVE('',#7275,#7614,#1135,.T.);
#6712=EDGE_CURVE('',#7276,#7613,#1136,.T.);
#6713=EDGE_CURVE('',#7277,#7612,#1137,.T.);
#6714=EDGE_CURVE('',#7278,#7611,#1138,.T.);
#6715=EDGE_CURVE('',#7279,#7610,#1139,.T.);
#6716=EDGE_CURVE('',#7209,#7646,#1140,.T.);
#6717=EDGE_CURVE('',#7210,#7647,#1141,.T.);
#6718=EDGE_CURVE('',#7211,#7678,#1142,.T.);
#6719=EDGE_CURVE('',#7212,#7677,#1143,.T.);
#6720=EDGE_CURVE('',#7213,#7676,#1144,.T.);
#6721=EDGE_CURVE('',#7214,#7675,#1145,.T.);
#6722=EDGE_CURVE('',#7215,#7674,#1146,.T.);
#6723=EDGE_CURVE('',#7216,#7673,#1147,.T.);
#6724=EDGE_CURVE('',#7217,#7672,#1148,.T.);
#6725=EDGE_CURVE('',#7218,#7671,#1149,.T.);
#6726=EDGE_CURVE('',#7219,#7670,#1150,.T.);
#6727=EDGE_CURVE('',#7220,#7669,#1151,.T.);
#6728=EDGE_CURVE('',#7221,#7668,#1152,.T.);
#6729=EDGE_CURVE('',#7222,#7667,#1153,.T.);
#6730=EDGE_CURVE('',#7223,#7666,#1154,.T.);
#6731=EDGE_CURVE('',#7224,#7665,#1155,.T.);
#6732=EDGE_CURVE('',#7225,#7664,#1156,.T.);
#6733=EDGE_CURVE('',#7226,#7663,#1157,.T.);
#6734=EDGE_CURVE('',#7227,#7662,#1158,.T.);
#6735=EDGE_CURVE('',#7228,#7661,#1159,.T.);
#6736=EDGE_CURVE('',#7229,#7660,#1160,.T.);
#6737=EDGE_CURVE('',#7230,#7659,#1161,.T.);
#6738=EDGE_CURVE('',#7231,#7658,#1162,.T.);
#6739=EDGE_CURVE('',#7232,#7657,#1163,.T.);
#6740=EDGE_CURVE('',#7233,#7656,#1164,.T.);
#6741=EDGE_CURVE('',#7234,#7655,#1165,.T.);
#6742=EDGE_CURVE('',#7235,#7654,#1166,.T.);
#6743=EDGE_CURVE('',#7236,#7653,#1167,.T.);
#6744=EDGE_CURVE('',#7237,#7652,#1168,.T.);
#6745=EDGE_CURVE('',#7238,#7651,#1169,.T.);
#6746=EDGE_CURVE('',#7239,#7650,#1170,.T.);
#6747=EDGE_CURVE('',#7240,#7649,#1171,.T.);
#6748=EDGE_CURVE('',#7241,#7648,#1172,.T.);
#6749=EDGE_CURVE('',#7206,#7679,#1173,.T.);
#6750=EDGE_CURVE('',#7207,#7680,#1174,.T.);
#6751=EDGE_CURVE('',#7208,#7681,#1175,.T.);
#6752=EDGE_CURVE('',#7121,#7770,#1176,.T.);
#6753=EDGE_CURVE('',#7120,#7771,#1177,.T.);
#6754=EDGE_CURVE('',#7122,#7769,#1178,.T.);
#6755=EDGE_CURVE('',#7123,#7768,#1179,.T.);
#6756=EDGE_CURVE('',#7124,#7767,#1180,.T.);
#6757=EDGE_CURVE('',#7125,#7766,#1181,.T.);
#6758=EDGE_CURVE('',#7126,#7765,#1182,.T.);
#6759=EDGE_CURVE('',#7127,#7764,#1183,.T.);
#6760=EDGE_CURVE('',#7128,#7763,#1184,.T.);
#6761=EDGE_CURVE('',#7129,#7762,#1185,.T.);
#6762=EDGE_CURVE('',#7130,#7761,#1186,.T.);
#6763=EDGE_CURVE('',#7131,#7760,#1187,.T.);
#6764=EDGE_CURVE('',#7132,#7759,#1188,.T.);
#6765=EDGE_CURVE('',#7133,#7758,#1189,.T.);
#6766=EDGE_CURVE('',#7134,#7757,#1190,.T.);
#6767=EDGE_CURVE('',#7135,#7756,#1191,.T.);
#6768=EDGE_CURVE('',#7136,#7755,#1192,.T.);
#6769=EDGE_CURVE('',#7137,#7754,#1193,.T.);
#6770=EDGE_CURVE('',#7138,#7753,#1194,.T.);
#6771=EDGE_CURVE('',#7139,#7752,#1195,.T.);
#6772=EDGE_CURVE('',#7140,#7751,#1196,.T.);
#6773=EDGE_CURVE('',#7141,#7750,#1197,.T.);
#6774=EDGE_CURVE('',#7142,#7749,#1198,.T.);
#6775=EDGE_CURVE('',#7143,#7748,#1199,.T.);
#6776=EDGE_CURVE('',#7144,#7747,#1200,.T.);
#6777=EDGE_CURVE('',#7145,#7746,#1201,.T.);
#6778=EDGE_CURVE('',#7146,#7745,#1202,.T.);
#6779=EDGE_CURVE('',#7147,#7744,#1203,.T.);
#6780=EDGE_CURVE('',#7148,#7743,#1204,.T.);
#6781=EDGE_CURVE('',#7149,#7742,#1205,.T.);
#6782=EDGE_CURVE('',#7150,#7741,#1206,.T.);
#6783=EDGE_CURVE('',#7151,#7740,#1207,.T.);
#6784=EDGE_CURVE('',#7152,#7739,#1208,.T.);
#6785=EDGE_CURVE('',#7153,#7738,#1209,.T.);
#6786=EDGE_CURVE('',#7154,#7737,#1210,.T.);
#6787=EDGE_CURVE('',#7155,#7736,#1211,.T.);
#6788=EDGE_CURVE('',#7156,#7735,#1212,.T.);
#6789=EDGE_CURVE('',#7157,#7734,#1213,.T.);
#6790=EDGE_CURVE('',#7158,#7733,#1214,.T.);
#6791=EDGE_CURVE('',#7159,#7732,#1215,.T.);
#6792=EDGE_CURVE('',#7160,#7731,#1216,.T.);
#6793=EDGE_CURVE('',#7161,#7730,#1217,.T.);
#6794=EDGE_CURVE('',#7162,#7729,#1218,.T.);
#6795=EDGE_CURVE('',#7163,#7728,#1219,.T.);
#6796=EDGE_CURVE('',#7164,#7727,#1220,.T.);
#6797=EDGE_CURVE('',#7165,#7726,#1221,.T.);
#6798=EDGE_CURVE('',#7166,#7725,#1222,.T.);
#6799=EDGE_CURVE('',#7167,#7724,#1223,.T.);
#6800=EDGE_CURVE('',#7168,#7723,#1224,.T.);
#6801=EDGE_CURVE('',#7169,#7722,#1225,.T.);
#6802=EDGE_CURVE('',#7170,#7721,#1226,.T.);
#6803=EDGE_CURVE('',#7171,#7720,#1227,.T.);
#6804=EDGE_CURVE('',#7172,#7719,#1228,.T.);
#6805=EDGE_CURVE('',#7173,#7718,#1229,.T.);
#6806=EDGE_CURVE('',#7174,#7717,#1230,.T.);
#6807=EDGE_CURVE('',#7175,#7716,#1231,.T.);
#6808=EDGE_CURVE('',#7176,#7715,#1232,.T.);
#6809=EDGE_CURVE('',#7177,#7714,#1233,.T.);
#6810=EDGE_CURVE('',#7178,#7713,#1234,.T.);
#6811=EDGE_CURVE('',#7179,#7712,#1235,.T.);
#6812=EDGE_CURVE('',#7180,#7711,#1236,.T.);
#6813=EDGE_CURVE('',#7181,#7710,#1237,.T.);
#6814=EDGE_CURVE('',#7182,#7709,#1238,.T.);
#6815=EDGE_CURVE('',#7183,#7708,#1239,.T.);
#6816=EDGE_CURVE('',#7184,#7707,#1240,.T.);
#6817=EDGE_CURVE('',#7185,#7706,#1241,.T.);
#6818=EDGE_CURVE('',#7186,#7705,#1242,.T.);
#6819=EDGE_CURVE('',#7187,#7704,#1243,.T.);
#6820=EDGE_CURVE('',#7188,#7703,#1244,.T.);
#6821=EDGE_CURVE('',#7189,#7702,#1245,.T.);
#6822=EDGE_CURVE('',#7190,#7701,#1246,.T.);
#6823=EDGE_CURVE('',#7191,#7700,#1247,.T.);
#6824=EDGE_CURVE('',#7192,#7699,#1248,.T.);
#6825=EDGE_CURVE('',#7193,#7698,#1249,.T.);
#6826=EDGE_CURVE('',#7194,#7697,#1250,.T.);
#6827=EDGE_CURVE('',#7195,#7696,#1251,.T.);
#6828=EDGE_CURVE('',#7196,#7695,#1252,.T.);
#6829=EDGE_CURVE('',#7197,#7694,#1253,.T.);
#6830=EDGE_CURVE('',#7198,#7693,#1254,.T.);
#6831=EDGE_CURVE('',#7199,#7692,#1255,.T.);
#6832=EDGE_CURVE('',#7200,#7691,#1256,.T.);
#6833=EDGE_CURVE('',#7201,#7690,#1257,.T.);
#6834=EDGE_CURVE('',#7202,#7689,#1258,.T.);
#6835=EDGE_CURVE('',#7203,#7688,#1259,.T.);
#6836=EDGE_CURVE('',#7204,#7687,#1260,.T.);
#6837=EDGE_CURVE('',#7686,#7205,#1261,.F.);
#6838=EDGE_CURVE('',#7684,#6984,#1262,.F.);
#6839=EDGE_CURVE('',#6983,#7685,#1263,.T.);
#6840=EDGE_CURVE('',#6985,#7683,#1264,.T.);
#6841=EDGE_CURVE('',#6986,#7682,#1265,.T.);
#6842=EDGE_CURVE('',#6987,#7904,#1266,.T.);
#6843=EDGE_CURVE('',#6988,#7903,#1267,.T.);
#6844=EDGE_CURVE('',#6989,#7902,#1268,.T.);
#6845=EDGE_CURVE('',#6990,#7901,#1269,.T.);
#6846=EDGE_CURVE('',#6991,#7900,#1270,.T.);
#6847=EDGE_CURVE('',#6992,#7899,#1271,.T.);
#6848=EDGE_CURVE('',#6993,#7898,#1272,.T.);
#6849=EDGE_CURVE('',#6994,#7897,#1273,.T.);
#6850=EDGE_CURVE('',#6995,#7896,#1274,.T.);
#6851=EDGE_CURVE('',#6996,#7895,#1275,.T.);
#6852=EDGE_CURVE('',#6997,#7894,#1276,.T.);
#6853=EDGE_CURVE('',#6998,#7893,#1277,.T.);
#6854=EDGE_CURVE('',#6999,#7892,#1278,.T.);
#6855=EDGE_CURVE('',#7000,#7891,#1279,.T.);
#6856=EDGE_CURVE('',#7001,#7890,#1280,.T.);
#6857=EDGE_CURVE('',#7002,#7889,#1281,.T.);
#6858=EDGE_CURVE('',#7003,#7888,#1282,.T.);
#6859=EDGE_CURVE('',#7004,#7887,#1283,.T.);
#6860=EDGE_CURVE('',#7005,#7886,#1284,.T.);
#6861=EDGE_CURVE('',#7006,#7885,#1285,.T.);
#6862=EDGE_CURVE('',#7007,#7884,#1286,.T.);
#6863=EDGE_CURVE('',#7008,#7883,#1287,.T.);
#6864=EDGE_CURVE('',#7009,#7882,#1288,.T.);
#6865=EDGE_CURVE('',#7010,#7881,#1289,.T.);
#6866=EDGE_CURVE('',#7011,#7880,#1290,.T.);
#6867=EDGE_CURVE('',#7012,#7879,#1291,.T.);
#6868=EDGE_CURVE('',#7013,#7878,#1292,.T.);
#6869=EDGE_CURVE('',#7014,#7877,#1293,.T.);
#6870=EDGE_CURVE('',#7015,#7876,#1294,.T.);
#6871=EDGE_CURVE('',#7016,#7875,#1295,.T.);
#6872=EDGE_CURVE('',#7017,#7874,#1296,.T.);
#6873=EDGE_CURVE('',#7018,#7873,#1297,.T.);
#6874=EDGE_CURVE('',#7019,#7872,#1298,.T.);
#6875=EDGE_CURVE('',#7020,#7871,#1299,.T.);
#6876=EDGE_CURVE('',#7021,#7870,#1300,.T.);
#6877=EDGE_CURVE('',#7022,#7869,#1301,.T.);
#6878=EDGE_CURVE('',#7023,#7868,#1302,.T.);
#6879=EDGE_CURVE('',#7024,#7867,#1303,.T.);
#6880=EDGE_CURVE('',#7025,#7866,#1304,.T.);
#6881=EDGE_CURVE('',#7026,#7865,#1305,.T.);
#6882=EDGE_CURVE('',#7027,#7864,#1306,.T.);
#6883=EDGE_CURVE('',#7028,#7863,#1307,.T.);
#6884=EDGE_CURVE('',#7029,#7862,#1308,.T.);
#6885=EDGE_CURVE('',#7030,#7861,#1309,.T.);
#6886=EDGE_CURVE('',#7031,#7860,#1310,.T.);
#6887=EDGE_CURVE('',#7032,#7859,#1311,.T.);
#6888=EDGE_CURVE('',#7033,#7858,#1312,.T.);
#6889=EDGE_CURVE('',#7034,#7857,#1313,.T.);
#6890=EDGE_CURVE('',#7035,#7856,#1314,.T.);
#6891=EDGE_CURVE('',#7036,#7855,#1315,.T.);
#6892=EDGE_CURVE('',#7037,#7854,#1316,.T.);
#6893=EDGE_CURVE('',#7038,#7853,#1317,.T.);
#6894=EDGE_CURVE('',#7039,#7852,#1318,.T.);
#6895=EDGE_CURVE('',#7040,#7851,#1319,.T.);
#6896=EDGE_CURVE('',#7041,#7850,#1320,.T.);
#6897=EDGE_CURVE('',#7042,#7849,#1321,.T.);
#6898=EDGE_CURVE('',#7043,#7848,#1322,.T.);
#6899=EDGE_CURVE('',#7044,#7847,#1323,.T.);
#6900=EDGE_CURVE('',#7045,#7846,#1324,.T.);
#6901=EDGE_CURVE('',#7046,#7845,#1325,.T.);
#6902=EDGE_CURVE('',#7047,#7844,#1326,.T.);
#6903=EDGE_CURVE('',#7048,#7843,#1327,.T.);
#6904=EDGE_CURVE('',#7049,#7842,#1328,.T.);
#6905=EDGE_CURVE('',#7050,#7841,#1329,.T.);
#6906=EDGE_CURVE('',#7051,#7840,#1330,.T.);
#6907=EDGE_CURVE('',#7052,#7839,#1331,.T.);
#6908=EDGE_CURVE('',#7053,#7838,#1332,.T.);
#6909=EDGE_CURVE('',#7054,#7837,#1333,.T.);
#6910=EDGE_CURVE('',#7055,#7836,#1334,.T.);
#6911=EDGE_CURVE('',#7056,#7835,#1335,.T.);
#6912=EDGE_CURVE('',#7057,#7834,#1336,.T.);
#6913=EDGE_CURVE('',#7058,#7833,#1337,.T.);
#6914=EDGE_CURVE('',#7059,#7832,#1338,.T.);
#6915=EDGE_CURVE('',#7060,#7831,#1339,.T.);
#6916=EDGE_CURVE('',#7061,#7830,#1340,.T.);
#6917=EDGE_CURVE('',#7062,#7829,#1341,.T.);
#6918=EDGE_CURVE('',#7063,#7828,#1342,.T.);
#6919=EDGE_CURVE('',#7064,#7827,#1343,.T.);
#6920=EDGE_CURVE('',#7065,#7826,#1344,.T.);
#6921=EDGE_CURVE('',#7066,#7825,#1345,.T.);
#6922=EDGE_CURVE('',#7067,#7824,#1346,.T.);
#6923=EDGE_CURVE('',#7068,#7823,#1347,.T.);
#6924=EDGE_CURVE('',#7069,#7822,#1348,.T.);
#6925=EDGE_CURVE('',#7070,#7821,#1349,.T.);
#6926=EDGE_CURVE('',#7071,#7820,#1350,.T.);
#6927=EDGE_CURVE('',#7072,#7819,#1351,.T.);
#6928=EDGE_CURVE('',#7073,#7818,#1352,.T.);
#6929=EDGE_CURVE('',#7074,#7817,#1353,.T.);
#6930=EDGE_CURVE('',#7075,#7816,#1354,.T.);
#6931=EDGE_CURVE('',#7076,#7815,#1355,.T.);
#6932=EDGE_CURVE('',#7077,#7814,#1356,.T.);
#6933=EDGE_CURVE('',#7078,#7813,#1357,.T.);
#6934=EDGE_CURVE('',#7079,#7812,#1358,.T.);
#6935=EDGE_CURVE('',#7080,#7811,#1359,.T.);
#6936=EDGE_CURVE('',#7081,#7810,#1360,.T.);
#6937=EDGE_CURVE('',#7082,#7809,#1361,.T.);
#6938=EDGE_CURVE('',#7083,#7808,#1362,.T.);
#6939=EDGE_CURVE('',#7084,#7807,#1363,.T.);
#6940=EDGE_CURVE('',#7085,#7806,#1364,.T.);
#6941=EDGE_CURVE('',#7086,#7805,#1365,.T.);
#6942=EDGE_CURVE('',#7087,#7804,#1366,.T.);
#6943=EDGE_CURVE('',#7088,#7803,#1367,.T.);
#6944=EDGE_CURVE('',#7089,#7802,#1368,.T.);
#6945=EDGE_CURVE('',#7090,#7801,#1369,.T.);
#6946=EDGE_CURVE('',#7091,#7800,#1370,.T.);
#6947=EDGE_CURVE('',#7092,#7799,#1371,.T.);
#6948=EDGE_CURVE('',#7093,#7798,#1372,.T.);
#6949=EDGE_CURVE('',#7094,#7797,#1373,.T.);
#6950=EDGE_CURVE('',#7095,#7796,#1374,.T.);
#6951=EDGE_CURVE('',#7096,#7795,#1375,.T.);
#6952=EDGE_CURVE('',#7097,#7794,#1376,.T.);
#6953=EDGE_CURVE('',#7098,#7793,#1377,.T.);
#6954=EDGE_CURVE('',#7099,#7792,#1378,.T.);
#6955=EDGE_CURVE('',#7100,#7791,#1379,.T.);
#6956=EDGE_CURVE('',#7101,#7790,#1380,.T.);
#6957=EDGE_CURVE('',#7102,#7789,#1381,.T.);
#6958=EDGE_CURVE('',#7103,#7788,#1382,.T.);
#6959=EDGE_CURVE('',#7104,#7787,#1383,.T.);
#6960=EDGE_CURVE('',#7105,#7786,#1384,.T.);
#6961=EDGE_CURVE('',#7106,#7785,#1385,.T.);
#6962=EDGE_CURVE('',#7107,#7784,#1386,.T.);
#6963=EDGE_CURVE('',#7108,#7783,#1387,.T.);
#6964=EDGE_CURVE('',#7109,#7782,#1388,.T.);
#6965=EDGE_CURVE('',#7110,#7781,#1389,.T.);
#6966=EDGE_CURVE('',#7111,#7780,#1390,.T.);
#6967=EDGE_CURVE('',#7112,#7779,#1391,.T.);
#6968=EDGE_CURVE('',#7113,#7778,#1392,.T.);
#6969=EDGE_CURVE('',#7114,#7777,#1393,.T.);
#6970=EDGE_CURVE('',#7115,#7776,#1394,.T.);
#6971=EDGE_CURVE('',#7116,#7775,#1395,.T.);
#6972=EDGE_CURVE('',#7117,#7774,#1396,.T.);
#6973=EDGE_CURVE('',#7118,#7773,#1397,.T.);
#6974=EDGE_CURVE('',#7119,#7772,#1398,.T.);
#6975=EDGE_CURVE('',#7910,#7444,#1399,.T.);
#6976=EDGE_CURVE('',#7909,#7442,#1400,.T.);
#6977=EDGE_CURVE('',#7911,#7443,#1401,.T.);
#6978=EDGE_CURVE('',#7912,#7445,#1402,.T.);
#6979=VERTEX_POINT('',#12701);
#6980=VERTEX_POINT('',#12703);
#6981=VERTEX_POINT('',#12705);
#6982=VERTEX_POINT('',#12707);
#6983=VERTEX_POINT('',#12709);
#6984=VERTEX_POINT('',#12710);
#6985=VERTEX_POINT('',#12712);
#6986=VERTEX_POINT('',#12714);
#6987=VERTEX_POINT('',#12716);
#6988=VERTEX_POINT('',#12718);
#6989=VERTEX_POINT('',#12720);
#6990=VERTEX_POINT('',#12722);
#6991=VERTEX_POINT('',#12724);
#6992=VERTEX_POINT('',#12726);
#6993=VERTEX_POINT('',#12728);
#6994=VERTEX_POINT('',#12730);
#6995=VERTEX_POINT('',#12732);
#6996=VERTEX_POINT('',#12734);
#6997=VERTEX_POINT('',#12736);
#6998=VERTEX_POINT('',#12738);
#6999=VERTEX_POINT('',#12740);
#7000=VERTEX_POINT('',#12742);
#7001=VERTEX_POINT('',#12744);
#7002=VERTEX_POINT('',#12746);
#7003=VERTEX_POINT('',#12748);
#7004=VERTEX_POINT('',#12750);
#7005=VERTEX_POINT('',#12752);
#7006=VERTEX_POINT('',#12754);
#7007=VERTEX_POINT('',#12756);
#7008=VERTEX_POINT('',#12758);
#7009=VERTEX_POINT('',#12760);
#7010=VERTEX_POINT('',#12762);
#7011=VERTEX_POINT('',#12764);
#7012=VERTEX_POINT('',#12766);
#7013=VERTEX_POINT('',#12768);
#7014=VERTEX_POINT('',#12770);
#7015=VERTEX_POINT('',#12772);
#7016=VERTEX_POINT('',#12774);
#7017=VERTEX_POINT('',#12776);
#7018=VERTEX_POINT('',#12778);
#7019=VERTEX_POINT('',#12780);
#7020=VERTEX_POINT('',#12782);
#7021=VERTEX_POINT('',#12784);
#7022=VERTEX_POINT('',#12786);
#7023=VERTEX_POINT('',#12788);
#7024=VERTEX_POINT('',#12790);
#7025=VERTEX_POINT('',#12792);
#7026=VERTEX_POINT('',#12794);
#7027=VERTEX_POINT('',#12796);
#7028=VERTEX_POINT('',#12798);
#7029=VERTEX_POINT('',#12800);
#7030=VERTEX_POINT('',#12802);
#7031=VERTEX_POINT('',#12804);
#7032=VERTEX_POINT('',#12806);
#7033=VERTEX_POINT('',#12808);
#7034=VERTEX_POINT('',#12810);
#7035=VERTEX_POINT('',#12812);
#7036=VERTEX_POINT('',#12814);
#7037=VERTEX_POINT('',#12816);
#7038=VERTEX_POINT('',#12818);
#7039=VERTEX_POINT('',#12820);
#7040=VERTEX_POINT('',#12822);
#7041=VERTEX_POINT('',#12824);
#7042=VERTEX_POINT('',#12826);
#7043=VERTEX_POINT('',#12828);
#7044=VERTEX_POINT('',#12830);
#7045=VERTEX_POINT('',#12832);
#7046=VERTEX_POINT('',#12834);
#7047=VERTEX_POINT('',#12836);
#7048=VERTEX_POINT('',#12838);
#7049=VERTEX_POINT('',#12840);
#7050=VERTEX_POINT('',#12842);
#7051=VERTEX_POINT('',#12844);
#7052=VERTEX_POINT('',#12846);
#7053=VERTEX_POINT('',#12848);
#7054=VERTEX_POINT('',#12850);
#7055=VERTEX_POINT('',#12852);
#7056=VERTEX_POINT('',#12854);
#7057=VERTEX_POINT('',#12856);
#7058=VERTEX_POINT('',#12858);
#7059=VERTEX_POINT('',#12860);
#7060=VERTEX_POINT('',#12862);
#7061=VERTEX_POINT('',#12864);
#7062=VERTEX_POINT('',#12866);
#7063=VERTEX_POINT('',#12868);
#7064=VERTEX_POINT('',#12870);
#7065=VERTEX_POINT('',#12872);
#7066=VERTEX_POINT('',#12874);
#7067=VERTEX_POINT('',#12876);
#7068=VERTEX_POINT('',#12878);
#7069=VERTEX_POINT('',#12880);
#7070=VERTEX_POINT('',#12882);
#7071=VERTEX_POINT('',#12884);
#7072=VERTEX_POINT('',#12886);
#7073=VERTEX_POINT('',#12888);
#7074=VERTEX_POINT('',#12890);
#7075=VERTEX_POINT('',#12892);
#7076=VERTEX_POINT('',#12894);
#7077=VERTEX_POINT('',#12896);
#7078=VERTEX_POINT('',#12898);
#7079=VERTEX_POINT('',#12900);
#7080=VERTEX_POINT('',#12902);
#7081=VERTEX_POINT('',#12904);
#7082=VERTEX_POINT('',#12906);
#7083=VERTEX_POINT('',#12908);
#7084=VERTEX_POINT('',#12910);
#7085=VERTEX_POINT('',#12912);
#7086=VERTEX_POINT('',#12914);
#7087=VERTEX_POINT('',#12916);
#7088=VERTEX_POINT('',#12918);
#7089=VERTEX_POINT('',#12920);
#7090=VERTEX_POINT('',#12922);
#7091=VERTEX_POINT('',#12924);
#7092=VERTEX_POINT('',#12926);
#7093=VERTEX_POINT('',#12928);
#7094=VERTEX_POINT('',#12930);
#7095=VERTEX_POINT('',#12932);
#7096=VERTEX_POINT('',#12934);
#7097=VERTEX_POINT('',#12936);
#7098=VERTEX_POINT('',#12938);
#7099=VERTEX_POINT('',#12940);
#7100=VERTEX_POINT('',#12942);
#7101=VERTEX_POINT('',#12944);
#7102=VERTEX_POINT('',#12946);
#7103=VERTEX_POINT('',#12948);
#7104=VERTEX_POINT('',#12950);
#7105=VERTEX_POINT('',#12952);
#7106=VERTEX_POINT('',#12954);
#7107=VERTEX_POINT('',#12956);
#7108=VERTEX_POINT('',#12958);
#7109=VERTEX_POINT('',#12960);
#7110=VERTEX_POINT('',#12962);
#7111=VERTEX_POINT('',#12964);
#7112=VERTEX_POINT('',#12966);
#7113=VERTEX_POINT('',#12968);
#7114=VERTEX_POINT('',#12970);
#7115=VERTEX_POINT('',#12972);
#7116=VERTEX_POINT('',#12974);
#7117=VERTEX_POINT('',#12976);
#7118=VERTEX_POINT('',#12978);
#7119=VERTEX_POINT('',#12980);
#7120=VERTEX_POINT('',#12982);
#7121=VERTEX_POINT('',#12984);
#7122=VERTEX_POINT('',#12986);
#7123=VERTEX_POINT('',#12988);
#7124=VERTEX_POINT('',#12990);
#7125=VERTEX_POINT('',#12992);
#7126=VERTEX_POINT('',#12994);
#7127=VERTEX_POINT('',#12996);
#7128=VERTEX_POINT('',#12998);
#7129=VERTEX_POINT('',#13000);
#7130=VERTEX_POINT('',#13002);
#7131=VERTEX_POINT('',#13004);
#7132=VERTEX_POINT('',#13006);
#7133=VERTEX_POINT('',#13008);
#7134=VERTEX_POINT('',#13010);
#7135=VERTEX_POINT('',#13012);
#7136=VERTEX_POINT('',#13014);
#7137=VERTEX_POINT('',#13016);
#7138=VERTEX_POINT('',#13018);
#7139=VERTEX_POINT('',#13020);
#7140=VERTEX_POINT('',#13022);
#7141=VERTEX_POINT('',#13024);
#7142=VERTEX_POINT('',#13026);
#7143=VERTEX_POINT('',#13028);
#7144=VERTEX_POINT('',#13030);
#7145=VERTEX_POINT('',#13032);
#7146=VERTEX_POINT('',#13034);
#7147=VERTEX_POINT('',#13036);
#7148=VERTEX_POINT('',#13038);
#7149=VERTEX_POINT('',#13040);
#7150=VERTEX_POINT('',#13042);
#7151=VERTEX_POINT('',#13044);
#7152=VERTEX_POINT('',#13046);
#7153=VERTEX_POINT('',#13048);
#7154=VERTEX_POINT('',#13050);
#7155=VERTEX_POINT('',#13052);
#7156=VERTEX_POINT('',#13054);
#7157=VERTEX_POINT('',#13056);
#7158=VERTEX_POINT('',#13058);
#7159=VERTEX_POINT('',#13060);
#7160=VERTEX_POINT('',#13062);
#7161=VERTEX_POINT('',#13064);
#7162=VERTEX_POINT('',#13066);
#7163=VERTEX_POINT('',#13068);
#7164=VERTEX_POINT('',#13070);
#7165=VERTEX_POINT('',#13072);
#7166=VERTEX_POINT('',#13074);
#7167=VERTEX_POINT('',#13076);
#7168=VERTEX_POINT('',#13078);
#7169=VERTEX_POINT('',#13080);
#7170=VERTEX_POINT('',#13082);
#7171=VERTEX_POINT('',#13084);
#7172=VERTEX_POINT('',#13086);
#7173=VERTEX_POINT('',#13088);
#7174=VERTEX_POINT('',#13090);
#7175=VERTEX_POINT('',#13092);
#7176=VERTEX_POINT('',#13094);
#7177=VERTEX_POINT('',#13096);
#7178=VERTEX_POINT('',#13098);
#7179=VERTEX_POINT('',#13100);
#7180=VERTEX_POINT('',#13102);
#7181=VERTEX_POINT('',#13104);
#7182=VERTEX_POINT('',#13106);
#7183=VERTEX_POINT('',#13108);
#7184=VERTEX_POINT('',#13110);
#7185=VERTEX_POINT('',#13112);
#7186=VERTEX_POINT('',#13114);
#7187=VERTEX_POINT('',#13116);
#7188=VERTEX_POINT('',#13118);
#7189=VERTEX_POINT('',#13120);
#7190=VERTEX_POINT('',#13122);
#7191=VERTEX_POINT('',#13124);
#7192=VERTEX_POINT('',#13126);
#7193=VERTEX_POINT('',#13128);
#7194=VERTEX_POINT('',#13130);
#7195=VERTEX_POINT('',#13132);
#7196=VERTEX_POINT('',#13134);
#7197=VERTEX_POINT('',#13136);
#7198=VERTEX_POINT('',#13138);
#7199=VERTEX_POINT('',#13140);
#7200=VERTEX_POINT('',#13142);
#7201=VERTEX_POINT('',#13144);
#7202=VERTEX_POINT('',#13146);
#7203=VERTEX_POINT('',#13148);
#7204=VERTEX_POINT('',#13150);
#7205=VERTEX_POINT('',#13152);
#7206=VERTEX_POINT('',#13155);
#7207=VERTEX_POINT('',#13156);
#7208=VERTEX_POINT('',#13158);
#7209=VERTEX_POINT('',#13161);
#7210=VERTEX_POINT('',#13162);
#7211=VERTEX_POINT('',#13164);
#7212=VERTEX_POINT('',#13166);
#7213=VERTEX_POINT('',#13168);
#7214=VERTEX_POINT('',#13170);
#7215=VERTEX_POINT('',#13172);
#7216=VERTEX_POINT('',#13174);
#7217=VERTEX_POINT('',#13176);
#7218=VERTEX_POINT('',#13178);
#7219=VERTEX_POINT('',#13180);
#7220=VERTEX_POINT('',#13182);
#7221=VERTEX_POINT('',#13184);
#7222=VERTEX_POINT('',#13186);
#7223=VERTEX_POINT('',#13188);
#7224=VERTEX_POINT('',#13190);
#7225=VERTEX_POINT('',#13192);
#7226=VERTEX_POINT('',#13194);
#7227=VERTEX_POINT('',#13196);
#7228=VERTEX_POINT('',#13198);
#7229=VERTEX_POINT('',#13200);
#7230=VERTEX_POINT('',#13202);
#7231=VERTEX_POINT('',#13204);
#7232=VERTEX_POINT('',#13206);
#7233=VERTEX_POINT('',#13208);
#7234=VERTEX_POINT('',#13210);
#7235=VERTEX_POINT('',#13212);
#7236=VERTEX_POINT('',#13214);
#7237=VERTEX_POINT('',#13216);
#7238=VERTEX_POINT('',#13218);
#7239=VERTEX_POINT('',#13220);
#7240=VERTEX_POINT('',#13222);
#7241=VERTEX_POINT('',#13224);
#7242=VERTEX_POINT('',#13227);
#7243=VERTEX_POINT('',#13228);
#7244=VERTEX_POINT('',#13230);
#7245=VERTEX_POINT('',#13232);
#7246=VERTEX_POINT('',#13234);
#7247=VERTEX_POINT('',#13236);
#7248=VERTEX_POINT('',#13238);
#7249=VERTEX_POINT('',#13240);
#7250=VERTEX_POINT('',#13242);
#7251=VERTEX_POINT('',#13244);
#7252=VERTEX_POINT('',#13246);
#7253=VERTEX_POINT('',#13248);
#7254=VERTEX_POINT('',#13250);
#7255=VERTEX_POINT('',#13252);
#7256=VERTEX_POINT('',#13254);
#7257=VERTEX_POINT('',#13256);
#7258=VERTEX_POINT('',#13258);
#7259=VERTEX_POINT('',#13260);
#7260=VERTEX_POINT('',#13262);
#7261=VERTEX_POINT('',#13264);
#7262=VERTEX_POINT('',#13266);
#7263=VERTEX_POINT('',#13268);
#7264=VERTEX_POINT('',#13270);
#7265=VERTEX_POINT('',#13272);
#7266=VERTEX_POINT('',#13274);
#7267=VERTEX_POINT('',#13276);
#7268=VERTEX_POINT('',#13278);
#7269=VERTEX_POINT('',#13280);
#7270=VERTEX_POINT('',#13282);
#7271=VERTEX_POINT('',#13284);
#7272=VERTEX_POINT('',#13286);
#7273=VERTEX_POINT('',#13288);
#7274=VERTEX_POINT('',#13290);
#7275=VERTEX_POINT('',#13292);
#7276=VERTEX_POINT('',#13294);
#7277=VERTEX_POINT('',#13296);
#7278=VERTEX_POINT('',#13298);
#7279=VERTEX_POINT('',#13300);
#7280=VERTEX_POINT('',#13303);
#7281=VERTEX_POINT('',#13304);
#7282=VERTEX_POINT('',#13306);
#7283=VERTEX_POINT('',#13308);
#7284=VERTEX_POINT('',#13310);
#7285=VERTEX_POINT('',#13312);
#7286=VERTEX_POINT('',#13314);
#7287=VERTEX_POINT('',#13316);
#7288=VERTEX_POINT('',#13318);
#7289=VERTEX_POINT('',#13320);
#7290=VERTEX_POINT('',#13322);
#7291=VERTEX_POINT('',#13324);
#7292=VERTEX_POINT('',#13326);
#7293=VERTEX_POINT('',#13328);
#7294=VERTEX_POINT('',#13330);
#7295=VERTEX_POINT('',#13332);
#7296=VERTEX_POINT('',#13334);
#7297=VERTEX_POINT('',#13336);
#7298=VERTEX_POINT('',#13338);
#7299=VERTEX_POINT('',#13340);
#7300=VERTEX_POINT('',#13342);
#7301=VERTEX_POINT('',#13344);
#7302=VERTEX_POINT('',#13346);
#7303=VERTEX_POINT('',#13349);
#7304=VERTEX_POINT('',#13350);
#7305=VERTEX_POINT('',#13352);
#7306=VERTEX_POINT('',#13354);
#7307=VERTEX_POINT('',#13356);
#7308=VERTEX_POINT('',#13358);
#7309=VERTEX_POINT('',#13360);
#7310=VERTEX_POINT('',#13362);
#7311=VERTEX_POINT('',#13364);
#7312=VERTEX_POINT('',#13366);
#7313=VERTEX_POINT('',#13368);
#7314=VERTEX_POINT('',#13370);
#7315=VERTEX_POINT('',#13372);
#7316=VERTEX_POINT('',#13374);
#7317=VERTEX_POINT('',#13376);
#7318=VERTEX_POINT('',#13378);
#7319=VERTEX_POINT('',#13380);
#7320=VERTEX_POINT('',#13382);
#7321=VERTEX_POINT('',#13384);
#7322=VERTEX_POINT('',#13386);
#7323=VERTEX_POINT('',#13388);
#7324=VERTEX_POINT('',#13390);
#7325=VERTEX_POINT('',#13392);
#7326=VERTEX_POINT('',#13394);
#7327=VERTEX_POINT('',#13396);
#7328=VERTEX_POINT('',#13398);
#7329=VERTEX_POINT('',#13400);
#7330=VERTEX_POINT('',#13402);
#7331=VERTEX_POINT('',#13404);
#7332=VERTEX_POINT('',#13406);
#7333=VERTEX_POINT('',#13408);
#7334=VERTEX_POINT('',#13410);
#7335=VERTEX_POINT('',#13412);
#7336=VERTEX_POINT('',#13414);
#7337=VERTEX_POINT('',#13416);
#7338=VERTEX_POINT('',#13419);
#7339=VERTEX_POINT('',#13420);
#7340=VERTEX_POINT('',#13422);
#7341=VERTEX_POINT('',#13424);
#7342=VERTEX_POINT('',#13426);
#7343=VERTEX_POINT('',#13428);
#7344=VERTEX_POINT('',#13430);
#7345=VERTEX_POINT('',#13432);
#7346=VERTEX_POINT('',#13434);
#7347=VERTEX_POINT('',#13436);
#7348=VERTEX_POINT('',#13438);
#7349=VERTEX_POINT('',#13440);
#7350=VERTEX_POINT('',#13442);
#7351=VERTEX_POINT('',#13444);
#7352=VERTEX_POINT('',#13446);
#7353=VERTEX_POINT('',#13448);
#7354=VERTEX_POINT('',#13450);
#7355=VERTEX_POINT('',#13452);
#7356=VERTEX_POINT('',#13454);
#7357=VERTEX_POINT('',#13456);
#7358=VERTEX_POINT('',#13458);
#7359=VERTEX_POINT('',#13460);
#7360=VERTEX_POINT('',#13462);
#7361=VERTEX_POINT('',#13464);
#7362=VERTEX_POINT('',#13466);
#7363=VERTEX_POINT('',#13468);
#7364=VERTEX_POINT('',#13470);
#7365=VERTEX_POINT('',#13472);
#7366=VERTEX_POINT('',#13474);
#7367=VERTEX_POINT('',#13476);
#7368=VERTEX_POINT('',#13478);
#7369=VERTEX_POINT('',#13480);
#7370=VERTEX_POINT('',#13482);
#7371=VERTEX_POINT('',#13484);
#7372=VERTEX_POINT('',#13486);
#7373=VERTEX_POINT('',#13488);
#7374=VERTEX_POINT('',#13491);
#7375=VERTEX_POINT('',#13492);
#7376=VERTEX_POINT('',#13494);
#7377=VERTEX_POINT('',#13496);
#7378=VERTEX_POINT('',#13498);
#7379=VERTEX_POINT('',#13500);
#7380=VERTEX_POINT('',#13502);
#7381=VERTEX_POINT('',#13504);
#7382=VERTEX_POINT('',#13506);
#7383=VERTEX_POINT('',#13508);
#7384=VERTEX_POINT('',#13510);
#7385=VERTEX_POINT('',#13512);
#7386=VERTEX_POINT('',#13514);
#7387=VERTEX_POINT('',#13516);
#7388=VERTEX_POINT('',#13518);
#7389=VERTEX_POINT('',#13520);
#7390=VERTEX_POINT('',#13522);
#7391=VERTEX_POINT('',#13525);
#7392=VERTEX_POINT('',#13526);
#7393=VERTEX_POINT('',#13528);
#7394=VERTEX_POINT('',#13530);
#7395=VERTEX_POINT('',#13532);
#7396=VERTEX_POINT('',#13534);
#7397=VERTEX_POINT('',#13536);
#7398=VERTEX_POINT('',#13538);
#7399=VERTEX_POINT('',#13540);
#7400=VERTEX_POINT('',#13542);
#7401=VERTEX_POINT('',#13544);
#7402=VERTEX_POINT('',#13546);
#7403=VERTEX_POINT('',#13548);
#7404=VERTEX_POINT('',#13550);
#7405=VERTEX_POINT('',#13552);
#7406=VERTEX_POINT('',#13554);
#7407=VERTEX_POINT('',#13556);
#7408=VERTEX_POINT('',#13558);
#7409=VERTEX_POINT('',#13560);
#7410=VERTEX_POINT('',#13562);
#7411=VERTEX_POINT('',#13564);
#7412=VERTEX_POINT('',#13566);
#7413=VERTEX_POINT('',#13568);
#7414=VERTEX_POINT('',#13570);
#7415=VERTEX_POINT('',#13572);
#7416=VERTEX_POINT('',#13574);
#7417=VERTEX_POINT('',#13576);
#7418=VERTEX_POINT('',#13578);
#7419=VERTEX_POINT('',#13580);
#7420=VERTEX_POINT('',#13582);
#7421=VERTEX_POINT('',#13584);
#7422=VERTEX_POINT('',#13586);
#7423=VERTEX_POINT('',#13588);
#7424=VERTEX_POINT('',#13590);
#7425=VERTEX_POINT('',#13592);
#7426=VERTEX_POINT('',#13594);
#7427=VERTEX_POINT('',#13596);
#7428=VERTEX_POINT('',#13598);
#7429=VERTEX_POINT('',#13600);
#7430=VERTEX_POINT('',#13602);
#7431=VERTEX_POINT('',#13604);
#7432=VERTEX_POINT('',#13606);
#7433=VERTEX_POINT('',#13608);
#7434=VERTEX_POINT('',#13610);
#7435=VERTEX_POINT('',#13612);
#7436=VERTEX_POINT('',#13614);
#7437=VERTEX_POINT('',#13616);
#7438=VERTEX_POINT('',#13618);
#7439=VERTEX_POINT('',#13620);
#7440=VERTEX_POINT('',#13622);
#7441=VERTEX_POINT('',#13624);
#7442=VERTEX_POINT('',#13627);
#7443=VERTEX_POINT('',#13628);
#7444=VERTEX_POINT('',#13630);
#7445=VERTEX_POINT('',#13632);
#7446=VERTEX_POINT('',#13636);
#7447=VERTEX_POINT('',#13637);
#7448=VERTEX_POINT('',#13639);
#7449=VERTEX_POINT('',#13641);
#7450=VERTEX_POINT('',#13643);
#7451=VERTEX_POINT('',#13645);
#7452=VERTEX_POINT('',#13647);
#7453=VERTEX_POINT('',#13649);
#7454=VERTEX_POINT('',#13651);
#7455=VERTEX_POINT('',#13653);
#7456=VERTEX_POINT('',#13655);
#7457=VERTEX_POINT('',#13657);
#7458=VERTEX_POINT('',#13659);
#7459=VERTEX_POINT('',#13661);
#7460=VERTEX_POINT('',#13663);
#7461=VERTEX_POINT('',#13665);
#7462=VERTEX_POINT('',#13667);
#7463=VERTEX_POINT('',#13669);
#7464=VERTEX_POINT('',#13671);
#7465=VERTEX_POINT('',#13673);
#7466=VERTEX_POINT('',#13675);
#7467=VERTEX_POINT('',#13677);
#7468=VERTEX_POINT('',#13679);
#7469=VERTEX_POINT('',#13681);
#7470=VERTEX_POINT('',#13683);
#7471=VERTEX_POINT('',#13685);
#7472=VERTEX_POINT('',#13687);
#7473=VERTEX_POINT('',#13689);
#7474=VERTEX_POINT('',#13691);
#7475=VERTEX_POINT('',#13693);
#7476=VERTEX_POINT('',#13695);
#7477=VERTEX_POINT('',#13697);
#7478=VERTEX_POINT('',#13699);
#7479=VERTEX_POINT('',#13701);
#7480=VERTEX_POINT('',#13703);
#7481=VERTEX_POINT('',#13705);
#7482=VERTEX_POINT('',#13707);
#7483=VERTEX_POINT('',#13709);
#7484=VERTEX_POINT('',#13711);
#7485=VERTEX_POINT('',#13713);
#7486=VERTEX_POINT('',#13715);
#7487=VERTEX_POINT('',#13717);
#7488=VERTEX_POINT('',#13719);
#7489=VERTEX_POINT('',#13721);
#7490=VERTEX_POINT('',#13723);
#7491=VERTEX_POINT('',#13725);
#7492=VERTEX_POINT('',#13727);
#7493=VERTEX_POINT('',#13729);
#7494=VERTEX_POINT('',#13731);
#7495=VERTEX_POINT('',#13733);
#7496=VERTEX_POINT('',#13735);
#7497=VERTEX_POINT('',#13738);
#7498=VERTEX_POINT('',#13739);
#7499=VERTEX_POINT('',#13741);
#7500=VERTEX_POINT('',#13743);
#7501=VERTEX_POINT('',#13745);
#7502=VERTEX_POINT('',#13747);
#7503=VERTEX_POINT('',#13749);
#7504=VERTEX_POINT('',#13751);
#7505=VERTEX_POINT('',#13753);
#7506=VERTEX_POINT('',#13755);
#7507=VERTEX_POINT('',#13757);
#7508=VERTEX_POINT('',#13759);
#7509=VERTEX_POINT('',#13761);
#7510=VERTEX_POINT('',#13763);
#7511=VERTEX_POINT('',#13765);
#7512=VERTEX_POINT('',#13767);
#7513=VERTEX_POINT('',#13769);
#7514=VERTEX_POINT('',#13772);
#7515=VERTEX_POINT('',#13773);
#7516=VERTEX_POINT('',#13775);
#7517=VERTEX_POINT('',#13777);
#7518=VERTEX_POINT('',#13779);
#7519=VERTEX_POINT('',#13781);
#7520=VERTEX_POINT('',#13783);
#7521=VERTEX_POINT('',#13785);
#7522=VERTEX_POINT('',#13787);
#7523=VERTEX_POINT('',#13789);
#7524=VERTEX_POINT('',#13791);
#7525=VERTEX_POINT('',#13793);
#7526=VERTEX_POINT('',#13795);
#7527=VERTEX_POINT('',#13797);
#7528=VERTEX_POINT('',#13799);
#7529=VERTEX_POINT('',#13801);
#7530=VERTEX_POINT('',#13803);
#7531=VERTEX_POINT('',#13805);
#7532=VERTEX_POINT('',#13807);
#7533=VERTEX_POINT('',#13809);
#7534=VERTEX_POINT('',#13811);
#7535=VERTEX_POINT('',#13813);
#7536=VERTEX_POINT('',#13815);
#7537=VERTEX_POINT('',#13817);
#7538=VERTEX_POINT('',#13819);
#7539=VERTEX_POINT('',#13821);
#7540=VERTEX_POINT('',#13823);
#7541=VERTEX_POINT('',#13825);
#7542=VERTEX_POINT('',#13827);
#7543=VERTEX_POINT('',#13829);
#7544=VERTEX_POINT('',#13831);
#7545=VERTEX_POINT('',#13833);
#7546=VERTEX_POINT('',#13835);
#7547=VERTEX_POINT('',#13837);
#7548=VERTEX_POINT('',#13839);
#7549=VERTEX_POINT('',#13841);
#7550=VERTEX_POINT('',#13844);
#7551=VERTEX_POINT('',#13845);
#7552=VERTEX_POINT('',#13847);
#7553=VERTEX_POINT('',#13849);
#7554=VERTEX_POINT('',#13851);
#7555=VERTEX_POINT('',#13853);
#7556=VERTEX_POINT('',#13855);
#7557=VERTEX_POINT('',#13857);
#7558=VERTEX_POINT('',#13859);
#7559=VERTEX_POINT('',#13861);
#7560=VERTEX_POINT('',#13863);
#7561=VERTEX_POINT('',#13865);
#7562=VERTEX_POINT('',#13867);
#7563=VERTEX_POINT('',#13869);
#7564=VERTEX_POINT('',#13871);
#7565=VERTEX_POINT('',#13873);
#7566=VERTEX_POINT('',#13875);
#7567=VERTEX_POINT('',#13877);
#7568=VERTEX_POINT('',#13879);
#7569=VERTEX_POINT('',#13881);
#7570=VERTEX_POINT('',#13883);
#7571=VERTEX_POINT('',#13885);
#7572=VERTEX_POINT('',#13887);
#7573=VERTEX_POINT('',#13889);
#7574=VERTEX_POINT('',#13891);
#7575=VERTEX_POINT('',#13893);
#7576=VERTEX_POINT('',#13895);
#7577=VERTEX_POINT('',#13897);
#7578=VERTEX_POINT('',#13899);
#7579=VERTEX_POINT('',#13901);
#7580=VERTEX_POINT('',#13903);
#7581=VERTEX_POINT('',#13905);
#7582=VERTEX_POINT('',#13907);
#7583=VERTEX_POINT('',#13909);
#7584=VERTEX_POINT('',#13911);
#7585=VERTEX_POINT('',#13914);
#7586=VERTEX_POINT('',#13915);
#7587=VERTEX_POINT('',#13917);
#7588=VERTEX_POINT('',#13919);
#7589=VERTEX_POINT('',#13921);
#7590=VERTEX_POINT('',#13923);
#7591=VERTEX_POINT('',#13925);
#7592=VERTEX_POINT('',#13927);
#7593=VERTEX_POINT('',#13929);
#7594=VERTEX_POINT('',#13931);
#7595=VERTEX_POINT('',#13933);
#7596=VERTEX_POINT('',#13935);
#7597=VERTEX_POINT('',#13937);
#7598=VERTEX_POINT('',#13939);
#7599=VERTEX_POINT('',#13941);
#7600=VERTEX_POINT('',#13943);
#7601=VERTEX_POINT('',#13945);
#7602=VERTEX_POINT('',#13947);
#7603=VERTEX_POINT('',#13949);
#7604=VERTEX_POINT('',#13951);
#7605=VERTEX_POINT('',#13953);
#7606=VERTEX_POINT('',#13955);
#7607=VERTEX_POINT('',#13957);
#7608=VERTEX_POINT('',#13960);
#7609=VERTEX_POINT('',#13961);
#7610=VERTEX_POINT('',#13963);
#7611=VERTEX_POINT('',#13965);
#7612=VERTEX_POINT('',#13967);
#7613=VERTEX_POINT('',#13969);
#7614=VERTEX_POINT('',#13971);
#7615=VERTEX_POINT('',#13973);
#7616=VERTEX_POINT('',#13975);
#7617=VERTEX_POINT('',#13977);
#7618=VERTEX_POINT('',#13979);
#7619=VERTEX_POINT('',#13981);
#7620=VERTEX_POINT('',#13983);
#7621=VERTEX_POINT('',#13985);
#7622=VERTEX_POINT('',#13987);
#7623=VERTEX_POINT('',#13989);
#7624=VERTEX_POINT('',#13991);
#7625=VERTEX_POINT('',#13993);
#7626=VERTEX_POINT('',#13995);
#7627=VERTEX_POINT('',#13997);
#7628=VERTEX_POINT('',#13999);
#7629=VERTEX_POINT('',#14001);
#7630=VERTEX_POINT('',#14003);
#7631=VERTEX_POINT('',#14005);
#7632=VERTEX_POINT('',#14007);
#7633=VERTEX_POINT('',#14009);
#7634=VERTEX_POINT('',#14011);
#7635=VERTEX_POINT('',#14013);
#7636=VERTEX_POINT('',#14015);
#7637=VERTEX_POINT('',#14017);
#7638=VERTEX_POINT('',#14019);
#7639=VERTEX_POINT('',#14021);
#7640=VERTEX_POINT('',#14023);
#7641=VERTEX_POINT('',#14025);
#7642=VERTEX_POINT('',#14027);
#7643=VERTEX_POINT('',#14029);
#7644=VERTEX_POINT('',#14031);
#7645=VERTEX_POINT('',#14033);
#7646=VERTEX_POINT('',#14036);
#7647=VERTEX_POINT('',#14037);
#7648=VERTEX_POINT('',#14039);
#7649=VERTEX_POINT('',#14041);
#7650=VERTEX_POINT('',#14043);
#7651=VERTEX_POINT('',#14045);
#7652=VERTEX_POINT('',#14047);
#7653=VERTEX_POINT('',#14049);
#7654=VERTEX_POINT('',#14051);
#7655=VERTEX_POINT('',#14053);
#7656=VERTEX_POINT('',#14055);
#7657=VERTEX_POINT('',#14057);
#7658=VERTEX_POINT('',#14059);
#7659=VERTEX_POINT('',#14061);
#7660=VERTEX_POINT('',#14063);
#7661=VERTEX_POINT('',#14065);
#7662=VERTEX_POINT('',#14067);
#7663=VERTEX_POINT('',#14069);
#7664=VERTEX_POINT('',#14071);
#7665=VERTEX_POINT('',#14073);
#7666=VERTEX_POINT('',#14075);
#7667=VERTEX_POINT('',#14077);
#7668=VERTEX_POINT('',#14079);
#7669=VERTEX_POINT('',#14081);
#7670=VERTEX_POINT('',#14083);
#7671=VERTEX_POINT('',#14085);
#7672=VERTEX_POINT('',#14087);
#7673=VERTEX_POINT('',#14089);
#7674=VERTEX_POINT('',#14091);
#7675=VERTEX_POINT('',#14093);
#7676=VERTEX_POINT('',#14095);
#7677=VERTEX_POINT('',#14097);
#7678=VERTEX_POINT('',#14099);
#7679=VERTEX_POINT('',#14102);
#7680=VERTEX_POINT('',#14103);
#7681=VERTEX_POINT('',#14105);
#7682=VERTEX_POINT('',#14108);
#7683=VERTEX_POINT('',#14109);
#7684=VERTEX_POINT('',#14111);
#7685=VERTEX_POINT('',#14113);
#7686=VERTEX_POINT('',#14115);
#7687=VERTEX_POINT('',#14117);
#7688=VERTEX_POINT('',#14119);
#7689=VERTEX_POINT('',#14121);
#7690=VERTEX_POINT('',#14123);
#7691=VERTEX_POINT('',#14125);
#7692=VERTEX_POINT('',#14127);
#7693=VERTEX_POINT('',#14129);
#7694=VERTEX_POINT('',#14131);
#7695=VERTEX_POINT('',#14133);
#7696=VERTEX_POINT('',#14135);
#7697=VERTEX_POINT('',#14137);
#7698=VERTEX_POINT('',#14139);
#7699=VERTEX_POINT('',#14141);
#7700=VERTEX_POINT('',#14143);
#7701=VERTEX_POINT('',#14145);
#7702=VERTEX_POINT('',#14147);
#7703=VERTEX_POINT('',#14149);
#7704=VERTEX_POINT('',#14151);
#7705=VERTEX_POINT('',#14153);
#7706=VERTEX_POINT('',#14155);
#7707=VERTEX_POINT('',#14157);
#7708=VERTEX_POINT('',#14159);
#7709=VERTEX_POINT('',#14161);
#7710=VERTEX_POINT('',#14163);
#7711=VERTEX_POINT('',#14165);
#7712=VERTEX_POINT('',#14167);
#7713=VERTEX_POINT('',#14169);
#7714=VERTEX_POINT('',#14171);
#7715=VERTEX_POINT('',#14173);
#7716=VERTEX_POINT('',#14175);
#7717=VERTEX_POINT('',#14177);
#7718=VERTEX_POINT('',#14179);
#7719=VERTEX_POINT('',#14181);
#7720=VERTEX_POINT('',#14183);
#7721=VERTEX_POINT('',#14185);
#7722=VERTEX_POINT('',#14187);
#7723=VERTEX_POINT('',#14189);
#7724=VERTEX_POINT('',#14191);
#7725=VERTEX_POINT('',#14193);
#7726=VERTEX_POINT('',#14195);
#7727=VERTEX_POINT('',#14197);
#7728=VERTEX_POINT('',#14199);
#7729=VERTEX_POINT('',#14201);
#7730=VERTEX_POINT('',#14203);
#7731=VERTEX_POINT('',#14205);
#7732=VERTEX_POINT('',#14207);
#7733=VERTEX_POINT('',#14209);
#7734=VERTEX_POINT('',#14211);
#7735=VERTEX_POINT('',#14213);
#7736=VERTEX_POINT('',#14215);
#7737=VERTEX_POINT('',#14217);
#7738=VERTEX_POINT('',#14219);
#7739=VERTEX_POINT('',#14221);
#7740=VERTEX_POINT('',#14223);
#7741=VERTEX_POINT('',#14225);
#7742=VERTEX_POINT('',#14227);
#7743=VERTEX_POINT('',#14229);
#7744=VERTEX_POINT('',#14231);
#7745=VERTEX_POINT('',#14233);
#7746=VERTEX_POINT('',#14235);
#7747=VERTEX_POINT('',#14237);
#7748=VERTEX_POINT('',#14239);
#7749=VERTEX_POINT('',#14241);
#7750=VERTEX_POINT('',#14243);
#7751=VERTEX_POINT('',#14245);
#7752=VERTEX_POINT('',#14247);
#7753=VERTEX_POINT('',#14249);
#7754=VERTEX_POINT('',#14251);
#7755=VERTEX_POINT('',#14253);
#7756=VERTEX_POINT('',#14255);
#7757=VERTEX_POINT('',#14257);
#7758=VERTEX_POINT('',#14259);
#7759=VERTEX_POINT('',#14261);
#7760=VERTEX_POINT('',#14263);
#7761=VERTEX_POINT('',#14265);
#7762=VERTEX_POINT('',#14267);
#7763=VERTEX_POINT('',#14269);
#7764=VERTEX_POINT('',#14271);
#7765=VERTEX_POINT('',#14273);
#7766=VERTEX_POINT('',#14275);
#7767=VERTEX_POINT('',#14277);
#7768=VERTEX_POINT('',#14279);
#7769=VERTEX_POINT('',#14281);
#7770=VERTEX_POINT('',#14283);
#7771=VERTEX_POINT('',#14285);
#7772=VERTEX_POINT('',#14287);
#7773=VERTEX_POINT('',#14289);
#7774=VERTEX_POINT('',#14291);
#7775=VERTEX_POINT('',#14293);
#7776=VERTEX_POINT('',#14295);
#7777=VERTEX_POINT('',#14297);
#7778=VERTEX_POINT('',#14299);
#7779=VERTEX_POINT('',#14301);
#7780=VERTEX_POINT('',#14303);
#7781=VERTEX_POINT('',#14305);
#7782=VERTEX_POINT('',#14307);
#7783=VERTEX_POINT('',#14309);
#7784=VERTEX_POINT('',#14311);
#7785=VERTEX_POINT('',#14313);
#7786=VERTEX_POINT('',#14315);
#7787=VERTEX_POINT('',#14317);
#7788=VERTEX_POINT('',#14319);
#7789=VERTEX_POINT('',#14321);
#7790=VERTEX_POINT('',#14323);
#7791=VERTEX_POINT('',#14325);
#7792=VERTEX_POINT('',#14327);
#7793=VERTEX_POINT('',#14329);
#7794=VERTEX_POINT('',#14331);
#7795=VERTEX_POINT('',#14333);
#7796=VERTEX_POINT('',#14335);
#7797=VERTEX_POINT('',#14337);
#7798=VERTEX_POINT('',#14339);
#7799=VERTEX_POINT('',#14341);
#7800=VERTEX_POINT('',#14343);
#7801=VERTEX_POINT('',#14345);
#7802=VERTEX_POINT('',#14347);
#7803=VERTEX_POINT('',#14349);
#7804=VERTEX_POINT('',#14351);
#7805=VERTEX_POINT('',#14353);
#7806=VERTEX_POINT('',#14355);
#7807=VERTEX_POINT('',#14357);
#7808=VERTEX_POINT('',#14359);
#7809=VERTEX_POINT('',#14361);
#7810=VERTEX_POINT('',#14363);
#7811=VERTEX_POINT('',#14365);
#7812=VERTEX_POINT('',#14367);
#7813=VERTEX_POINT('',#14369);
#7814=VERTEX_POINT('',#14371);
#7815=VERTEX_POINT('',#14373);
#7816=VERTEX_POINT('',#14375);
#7817=VERTEX_POINT('',#14377);
#7818=VERTEX_POINT('',#14379);
#7819=VERTEX_POINT('',#14381);
#7820=VERTEX_POINT('',#14383);
#7821=VERTEX_POINT('',#14385);
#7822=VERTEX_POINT('',#14387);
#7823=VERTEX_POINT('',#14389);
#7824=VERTEX_POINT('',#14391);
#7825=VERTEX_POINT('',#14393);
#7826=VERTEX_POINT('',#14395);
#7827=VERTEX_POINT('',#14397);
#7828=VERTEX_POINT('',#14399);
#7829=VERTEX_POINT('',#14401);
#7830=VERTEX_POINT('',#14403);
#7831=VERTEX_POINT('',#14405);
#7832=VERTEX_POINT('',#14407);
#7833=VERTEX_POINT('',#14409);
#7834=VERTEX_POINT('',#14411);
#7835=VERTEX_POINT('',#14413);
#7836=VERTEX_POINT('',#14415);
#7837=VERTEX_POINT('',#14417);
#7838=VERTEX_POINT('',#14419);
#7839=VERTEX_POINT('',#14421);
#7840=VERTEX_POINT('',#14423);
#7841=VERTEX_POINT('',#14425);
#7842=VERTEX_POINT('',#14427);
#7843=VERTEX_POINT('',#14429);
#7844=VERTEX_POINT('',#14431);
#7845=VERTEX_POINT('',#14433);
#7846=VERTEX_POINT('',#14435);
#7847=VERTEX_POINT('',#14437);
#7848=VERTEX_POINT('',#14439);
#7849=VERTEX_POINT('',#14441);
#7850=VERTEX_POINT('',#14443);
#7851=VERTEX_POINT('',#14445);
#7852=VERTEX_POINT('',#14447);
#7853=VERTEX_POINT('',#14449);
#7854=VERTEX_POINT('',#14451);
#7855=VERTEX_POINT('',#14453);
#7856=VERTEX_POINT('',#14455);
#7857=VERTEX_POINT('',#14457);
#7858=VERTEX_POINT('',#14459);
#7859=VERTEX_POINT('',#14461);
#7860=VERTEX_POINT('',#14463);
#7861=VERTEX_POINT('',#14465);
#7862=VERTEX_POINT('',#14467);
#7863=VERTEX_POINT('',#14469);
#7864=VERTEX_POINT('',#14471);
#7865=VERTEX_POINT('',#14473);
#7866=VERTEX_POINT('',#14475);
#7867=VERTEX_POINT('',#14477);
#7868=VERTEX_POINT('',#14479);
#7869=VERTEX_POINT('',#14481);
#7870=VERTEX_POINT('',#14483);
#7871=VERTEX_POINT('',#14485);
#7872=VERTEX_POINT('',#14487);
#7873=VERTEX_POINT('',#14489);
#7874=VERTEX_POINT('',#14491);
#7875=VERTEX_POINT('',#14493);
#7876=VERTEX_POINT('',#14495);
#7877=VERTEX_POINT('',#14497);
#7878=VERTEX_POINT('',#14499);
#7879=VERTEX_POINT('',#14501);
#7880=VERTEX_POINT('',#14503);
#7881=VERTEX_POINT('',#14505);
#7882=VERTEX_POINT('',#14507);
#7883=VERTEX_POINT('',#14509);
#7884=VERTEX_POINT('',#14511);
#7885=VERTEX_POINT('',#14513);
#7886=VERTEX_POINT('',#14515);
#7887=VERTEX_POINT('',#14517);
#7888=VERTEX_POINT('',#14519);
#7889=VERTEX_POINT('',#14521);
#7890=VERTEX_POINT('',#14523);
#7891=VERTEX_POINT('',#14525);
#7892=VERTEX_POINT('',#14527);
#7893=VERTEX_POINT('',#14529);
#7894=VERTEX_POINT('',#14531);
#7895=VERTEX_POINT('',#14533);
#7896=VERTEX_POINT('',#14535);
#7897=VERTEX_POINT('',#14537);
#7898=VERTEX_POINT('',#14539);
#7899=VERTEX_POINT('',#14541);
#7900=VERTEX_POINT('',#14543);
#7901=VERTEX_POINT('',#14545);
#7902=VERTEX_POINT('',#14547);
#7903=VERTEX_POINT('',#14549);
#7904=VERTEX_POINT('',#14551);
#7905=VERTEX_POINT('',#14554);
#7906=VERTEX_POINT('',#14556);
#7907=VERTEX_POINT('',#14558);
#7908=VERTEX_POINT('',#14560);
#7909=VERTEX_POINT('',#14562);
#7910=VERTEX_POINT('',#14563);
#7911=VERTEX_POINT('',#14565);
#7912=VERTEX_POINT('',#14567);
#7913=CIRCLE('',#9869,0.00120283589097597);
#7914=CIRCLE('',#9870,0.00120283589097597);
#7915=CIRCLE('',#9871,0.00120283589097597);
#7916=CIRCLE('',#9872,0.00120283589097597);
#7917=CIRCLE('',#9873,0.005);
#7918=CIRCLE('',#9874,0.005);
#7919=CIRCLE('',#9876,0.005);
#7920=CIRCLE('',#9877,0.005);
#7921=CIRCLE('',#9878,0.00120283589097597);
#7922=CIRCLE('',#9879,0.00120283589097597);
#7923=CIRCLE('',#9880,0.00120283589097597);
#7924=CIRCLE('',#9881,0.00120283589097597);
#7925=EDGE_LOOP('',(#2788));
#7926=EDGE_LOOP('',(#2789));
#7927=EDGE_LOOP('',(#2790));
#7928=EDGE_LOOP('',(#2791));
#7929=EDGE_LOOP('',(#2792,#2793,#2794,#2795,#2796,#2797,#2798,#2799,#2800,
#2801,#2802,#2803,#2804,#2805,#2806,#2807,#2808,#2809,#2810,#2811,#2812,
#2813,#2814,#2815,#2816,#2817,#2818,#2819,#2820,#2821,#2822,#2823,#2824,
#2825,#2826,#2827,#2828,#2829,#2830,#2831,#2832,#2833,#2834,#2835,#2836,
#2837,#2838,#2839,#2840,#2841,#2842,#2843,#2844,#2845,#2846,#2847,#2848,
#2849,#2850,#2851,#2852,#2853,#2854,#2855,#2856,#2857,#2858,#2859,#2860,
#2861,#2862,#2863,#2864,#2865,#2866,#2867,#2868,#2869,#2870,#2871,#2872,
#2873,#2874,#2875,#2876,#2877,#2878,#2879,#2880,#2881,#2882,#2883,#2884,
#2885,#2886,#2887,#2888,#2889,#2890,#2891,#2892,#2893,#2894,#2895,#2896,
#2897,#2898,#2899,#2900,#2901,#2902,#2903,#2904,#2905,#2906,#2907,#2908,
#2909,#2910,#2911,#2912,#2913,#2914,#2915,#2916,#2917,#2918,#2919,#2920,
#2921,#2922,#2923,#2924,#2925,#2926,#2927,#2928,#2929,#2930,#2931,#2932,
#2933,#2934,#2935,#2936,#2937,#2938,#2939,#2940,#2941,#2942,#2943,#2944,
#2945,#2946,#2947,#2948,#2949,#2950,#2951,#2952,#2953,#2954,#2955,#2956,
#2957,#2958,#2959,#2960,#2961,#2962,#2963,#2964,#2965,#2966,#2967,#2968,
#2969,#2970,#2971,#2972,#2973,#2974,#2975,#2976,#2977,#2978,#2979,#2980,
#2981,#2982,#2983,#2984,#2985,#2986,#2987,#2988,#2989,#2990,#2991,#2992,
#2993,#2994,#2995,#2996,#2997,#2998,#2999,#3000,#3001,#3002,#3003,#3004,
#3005,#3006,#3007,#3008,#3009,#3010,#3011,#3012,#3013,#3014));
#7930=EDGE_LOOP('',(#3015,#3016,#3017));
#7931=EDGE_LOOP('',(#3018,#3019,#3020,#3021,#3022,#3023,#3024,#3025,#3026,
#3027,#3028,#3029,#3030,#3031,#3032,#3033,#3034,#3035,#3036,#3037,#3038,
#3039,#3040,#3041,#3042,#3043,#3044,#3045,#3046,#3047,#3048,#3049,#3050));
#7932=EDGE_LOOP('',(#3051,#3052,#3053,#3054,#3055,#3056,#3057,#3058,#3059,
#3060,#3061,#3062,#3063,#3064,#3065,#3066,#3067,#3068,#3069,#3070,#3071,
#3072,#3073,#3074,#3075,#3076,#3077,#3078,#3079,#3080,#3081,#3082,#3083,
#3084,#3085,#3086,#3087,#3088));
#7933=EDGE_LOOP('',(#3089,#3090,#3091,#3092,#3093,#3094,#3095,#3096,#3097,
#3098,#3099,#3100,#3101,#3102,#3103,#3104,#3105,#3106,#3107,#3108,#3109,
#3110,#3111));
#7934=EDGE_LOOP('',(#3112,#3113,#3114,#3115,#3116,#3117,#3118,#3119,#3120,
#3121,#3122,#3123,#3124,#3125,#3126,#3127,#3128,#3129,#3130,#3131,#3132,
#3133,#3134,#3135,#3136,#3137,#3138,#3139,#3140,#3141,#3142,#3143,#3144,
#3145,#3146));
#7935=EDGE_LOOP('',(#3147,#3148,#3149,#3150,#3151,#3152,#3153,#3154,#3155,
#3156,#3157,#3158,#3159,#3160,#3161,#3162,#3163,#3164,#3165,#3166,#3167,
#3168,#3169,#3170,#3171,#3172,#3173,#3174,#3175,#3176,#3177,#3178,#3179,
#3180,#3181,#3182));
#7936=EDGE_LOOP('',(#3183,#3184,#3185,#3186,#3187,#3188,#3189,#3190,#3191,
#3192,#3193,#3194,#3195,#3196,#3197,#3198,#3199));
#7937=EDGE_LOOP('',(#3200,#3201,#3202,#3203,#3204,#3205,#3206,#3207,#3208,
#3209,#3210,#3211,#3212,#3213,#3214,#3215,#3216,#3217,#3218,#3219,#3220,
#3221,#3222,#3223,#3224,#3225,#3226,#3227,#3228,#3229,#3230,#3231,#3232,
#3233,#3234,#3235,#3236,#3237,#3238,#3239,#3240,#3241,#3242,#3243,#3244,
#3245,#3246,#3247,#3248,#3249,#3250));
#7938=EDGE_LOOP('',(#3251,#3252,#3253,#3254));
#7939=EDGE_LOOP('',(#3255,#3256,#3257,#3258,#3259,#3260,#3261,#3262,#3263,
#3264,#3265,#3266,#3267,#3268,#3269,#3270,#3271,#3272,#3273,#3274,#3275,
#3276,#3277,#3278,#3279,#3280,#3281,#3282,#3283,#3284,#3285,#3286,#3287,
#3288,#3289,#3290,#3291,#3292,#3293,#3294,#3295,#3296,#3297,#3298,#3299,
#3300,#3301,#3302,#3303,#3304,#3305));
#7940=EDGE_LOOP('',(#3306,#3307,#3308,#3309,#3310,#3311,#3312,#3313,#3314,
#3315,#3316,#3317,#3318,#3319,#3320,#3321,#3322));
#7941=EDGE_LOOP('',(#3323,#3324,#3325,#3326,#3327,#3328,#3329,#3330,#3331,
#3332,#3333,#3334,#3335,#3336,#3337,#3338,#3339,#3340,#3341,#3342,#3343,
#3344,#3345,#3346,#3347,#3348,#3349,#3350,#3351,#3352,#3353,#3354,#3355,
#3356,#3357,#3358));
#7942=EDGE_LOOP('',(#3359,#3360,#3361,#3362,#3363,#3364,#3365,#3366,#3367,
#3368,#3369,#3370,#3371,#3372,#3373,#3374,#3375,#3376,#3377,#3378,#3379,
#3380,#3381,#3382,#3383,#3384,#3385,#3386,#3387,#3388,#3389,#3390,#3391,
#3392,#3393));
#7943=EDGE_LOOP('',(#3394,#3395,#3396,#3397,#3398,#3399,#3400,#3401,#3402,
#3403,#3404,#3405,#3406,#3407,#3408,#3409,#3410,#3411,#3412,#3413,#3414,
#3415,#3416));
#7944=EDGE_LOOP('',(#3417,#3418,#3419,#3420,#3421,#3422,#3423,#3424,#3425,
#3426,#3427,#3428,#3429,#3430,#3431,#3432,#3433,#3434,#3435,#3436,#3437,
#3438,#3439,#3440,#3441,#3442,#3443,#3444,#3445,#3446,#3447,#3448,#3449,
#3450,#3451,#3452,#3453,#3454));
#7945=EDGE_LOOP('',(#3455,#3456,#3457,#3458,#3459,#3460,#3461,#3462,#3463,
#3464,#3465,#3466,#3467,#3468,#3469,#3470,#3471,#3472,#3473,#3474,#3475,
#3476,#3477,#3478,#3479,#3480,#3481,#3482,#3483,#3484,#3485,#3486,#3487));
#7946=EDGE_LOOP('',(#3488,#3489,#3490));
#7947=EDGE_LOOP('',(#3491,#3492,#3493,#3494,#3495,#3496,#3497,#3498,#3499,
#3500,#3501,#3502,#3503,#3504,#3505,#3506,#3507,#3508,#3509,#3510,#3511,
#3512,#3513,#3514,#3515,#3516,#3517,#3518,#3519,#3520,#3521,#3522,#3523,
#3524,#3525,#3526,#3527,#3528,#3529,#3530,#3531,#3532,#3533,#3534,#3535,
#3536,#3537,#3538,#3539,#3540,#3541,#3542,#3543,#3544,#3545,#3546,#3547,
#3548,#3549,#3550,#3551,#3552,#3553,#3554,#3555,#3556,#3557,#3558,#3559,
#3560,#3561,#3562,#3563,#3564,#3565,#3566,#3567,#3568,#3569,#3570,#3571,
#3572,#3573,#3574,#3575,#3576,#3577,#3578,#3579,#3580,#3581,#3582,#3583,
#3584,#3585,#3586,#3587,#3588,#3589,#3590,#3591,#3592,#3593,#3594,#3595,
#3596,#3597,#3598,#3599,#3600,#3601,#3602,#3603,#3604,#3605,#3606,#3607,
#3608,#3609,#3610,#3611,#3612,#3613,#3614,#3615,#3616,#3617,#3618,#3619,
#3620,#3621,#3622,#3623,#3624,#3625,#3626,#3627,#3628,#3629,#3630,#3631,
#3632,#3633,#3634,#3635,#3636,#3637,#3638,#3639,#3640,#3641,#3642,#3643,
#3644,#3645,#3646,#3647,#3648,#3649,#3650,#3651,#3652,#3653,#3654,#3655,
#3656,#3657,#3658,#3659,#3660,#3661,#3662,#3663,#3664,#3665,#3666,#3667,
#3668,#3669,#3670,#3671,#3672,#3673,#3674,#3675,#3676,#3677,#3678,#3679,
#3680,#3681,#3682,#3683,#3684,#3685,#3686,#3687,#3688,#3689,#3690,#3691,
#3692,#3693,#3694,#3695,#3696,#3697,#3698,#3699,#3700,#3701,#3702,#3703,
#3704,#3705,#3706,#3707,#3708,#3709,#3710,#3711,#3712,#3713));
#7948=EDGE_LOOP('',(#3714));
#7949=EDGE_LOOP('',(#3715));
#7950=EDGE_LOOP('',(#3716));
#7951=EDGE_LOOP('',(#3717));
#7952=EDGE_LOOP('',(#3718,#3719,#3720,#3721));
#7953=EDGE_LOOP('',(#3722,#3723,#3724,#3725));
#7954=EDGE_LOOP('',(#3726,#3727,#3728,#3729));
#7955=EDGE_LOOP('',(#3730,#3731,#3732,#3733));
#7956=EDGE_LOOP('',(#3734,#3735,#3736,#3737));
#7957=EDGE_LOOP('',(#3738,#3739,#3740,#3741));
#7958=EDGE_LOOP('',(#3742,#3743,#3744,#3745));
#7959=EDGE_LOOP('',(#3746,#3747,#3748,#3749));
#7960=EDGE_LOOP('',(#3750,#3751,#3752,#3753));
#7961=EDGE_LOOP('',(#3754,#3755,#3756,#3757));
#7962=EDGE_LOOP('',(#3758,#3759,#3760,#3761));
#7963=EDGE_LOOP('',(#3762,#3763,#3764,#3765));
#7964=EDGE_LOOP('',(#3766,#3767,#3768,#3769));
#7965=EDGE_LOOP('',(#3770,#3771,#3772,#3773));
#7966=EDGE_LOOP('',(#3774,#3775,#3776,#3777));
#7967=EDGE_LOOP('',(#3778,#3779,#3780,#3781));
#7968=EDGE_LOOP('',(#3782,#3783,#3784,#3785));
#7969=EDGE_LOOP('',(#3786,#3787,#3788,#3789));
#7970=EDGE_LOOP('',(#3790,#3791,#3792,#3793));
#7971=EDGE_LOOP('',(#3794,#3795,#3796,#3797));
#7972=EDGE_LOOP('',(#3798,#3799,#3800,#3801));
#7973=EDGE_LOOP('',(#3802,#3803,#3804,#3805));
#7974=EDGE_LOOP('',(#3806,#3807,#3808,#3809));
#7975=EDGE_LOOP('',(#3810,#3811,#3812,#3813));
#7976=EDGE_LOOP('',(#3814,#3815,#3816,#3817));
#7977=EDGE_LOOP('',(#3818,#3819,#3820,#3821));
#7978=EDGE_LOOP('',(#3822,#3823,#3824,#3825));
#7979=EDGE_LOOP('',(#3826,#3827,#3828,#3829));
#7980=EDGE_LOOP('',(#3830,#3831,#3832,#3833));
#7981=EDGE_LOOP('',(#3834,#3835,#3836,#3837));
#7982=EDGE_LOOP('',(#3838,#3839,#3840,#3841));
#7983=EDGE_LOOP('',(#3842,#3843,#3844,#3845));
#7984=EDGE_LOOP('',(#3846,#3847,#3848,#3849));
#7985=EDGE_LOOP('',(#3850,#3851,#3852,#3853));
#7986=EDGE_LOOP('',(#3854,#3855,#3856,#3857));
#7987=EDGE_LOOP('',(#3858,#3859,#3860,#3861));
#7988=EDGE_LOOP('',(#3862,#3863,#3864,#3865));
#7989=EDGE_LOOP('',(#3866,#3867,#3868,#3869));
#7990=EDGE_LOOP('',(#3870,#3871,#3872,#3873));
#7991=EDGE_LOOP('',(#3874,#3875,#3876,#3877));
#7992=EDGE_LOOP('',(#3878,#3879,#3880,#3881));
#7993=EDGE_LOOP('',(#3882,#3883,#3884,#3885));
#7994=EDGE_LOOP('',(#3886,#3887,#3888,#3889));
#7995=EDGE_LOOP('',(#3890,#3891,#3892,#3893));
#7996=EDGE_LOOP('',(#3894,#3895,#3896,#3897));
#7997=EDGE_LOOP('',(#3898,#3899,#3900,#3901));
#7998=EDGE_LOOP('',(#3902,#3903,#3904,#3905));
#7999=EDGE_LOOP('',(#3906,#3907,#3908,#3909));
#8000=EDGE_LOOP('',(#3910,#3911,#3912,#3913));
#8001=EDGE_LOOP('',(#3914,#3915,#3916,#3917));
#8002=EDGE_LOOP('',(#3918,#3919,#3920,#3921));
#8003=EDGE_LOOP('',(#3922,#3923,#3924,#3925));
#8004=EDGE_LOOP('',(#3926,#3927,#3928,#3929));
#8005=EDGE_LOOP('',(#3930,#3931,#3932,#3933));
#8006=EDGE_LOOP('',(#3934,#3935,#3936,#3937));
#8007=EDGE_LOOP('',(#3938,#3939,#3940,#3941));
#8008=EDGE_LOOP('',(#3942,#3943,#3944,#3945));
#8009=EDGE_LOOP('',(#3946,#3947,#3948,#3949));
#8010=EDGE_LOOP('',(#3950,#3951,#3952,#3953));
#8011=EDGE_LOOP('',(#3954,#3955,#3956,#3957));
#8012=EDGE_LOOP('',(#3958,#3959,#3960,#3961));
#8013=EDGE_LOOP('',(#3962,#3963,#3964,#3965));
#8014=EDGE_LOOP('',(#3966,#3967,#3968,#3969));
#8015=EDGE_LOOP('',(#3970,#3971,#3972,#3973));
#8016=EDGE_LOOP('',(#3974,#3975,#3976,#3977));
#8017=EDGE_LOOP('',(#3978,#3979,#3980,#3981));
#8018=EDGE_LOOP('',(#3982,#3983,#3984,#3985));
#8019=EDGE_LOOP('',(#3986,#3987,#3988,#3989));
#8020=EDGE_LOOP('',(#3990,#3991,#3992,#3993));
#8021=EDGE_LOOP('',(#3994,#3995,#3996,#3997));
#8022=EDGE_LOOP('',(#3998,#3999,#4000,#4001));
#8023=EDGE_LOOP('',(#4002,#4003,#4004,#4005));
#8024=EDGE_LOOP('',(#4006,#4007,#4008,#4009));
#8025=EDGE_LOOP('',(#4010,#4011,#4012,#4013));
#8026=EDGE_LOOP('',(#4014,#4015,#4016,#4017));
#8027=EDGE_LOOP('',(#4018,#4019,#4020,#4021));
#8028=EDGE_LOOP('',(#4022,#4023,#4024,#4025));
#8029=EDGE_LOOP('',(#4026,#4027,#4028,#4029));
#8030=EDGE_LOOP('',(#4030,#4031,#4032,#4033));
#8031=EDGE_LOOP('',(#4034,#4035,#4036,#4037));
#8032=EDGE_LOOP('',(#4038,#4039,#4040,#4041));
#8033=EDGE_LOOP('',(#4042,#4043,#4044,#4045));
#8034=EDGE_LOOP('',(#4046,#4047,#4048,#4049));
#8035=EDGE_LOOP('',(#4050,#4051,#4052,#4053));
#8036=EDGE_LOOP('',(#4054,#4055,#4056,#4057));
#8037=EDGE_LOOP('',(#4058,#4059,#4060,#4061));
#8038=EDGE_LOOP('',(#4062,#4063,#4064,#4065));
#8039=EDGE_LOOP('',(#4066,#4067,#4068,#4069));
#8040=EDGE_LOOP('',(#4070,#4071,#4072,#4073));
#8041=EDGE_LOOP('',(#4074,#4075,#4076,#4077));
#8042=EDGE_LOOP('',(#4078,#4079,#4080,#4081));
#8043=EDGE_LOOP('',(#4082,#4083,#4084,#4085));
#8044=EDGE_LOOP('',(#4086,#4087,#4088,#4089));
#8045=EDGE_LOOP('',(#4090,#4091,#4092,#4093));
#8046=EDGE_LOOP('',(#4094,#4095,#4096,#4097));
#8047=EDGE_LOOP('',(#4098,#4099,#4100,#4101));
#8048=EDGE_LOOP('',(#4102,#4103,#4104,#4105));
#8049=EDGE_LOOP('',(#4106,#4107,#4108,#4109));
#8050=EDGE_LOOP('',(#4110,#4111,#4112,#4113));
#8051=EDGE_LOOP('',(#4114,#4115,#4116,#4117));
#8052=EDGE_LOOP('',(#4118,#4119,#4120,#4121));
#8053=EDGE_LOOP('',(#4122,#4123,#4124,#4125));
#8054=EDGE_LOOP('',(#4126,#4127,#4128,#4129));
#8055=EDGE_LOOP('',(#4130,#4131,#4132,#4133));
#8056=EDGE_LOOP('',(#4134,#4135,#4136,#4137));
#8057=EDGE_LOOP('',(#4138,#4139,#4140,#4141));
#8058=EDGE_LOOP('',(#4142,#4143,#4144,#4145));
#8059=EDGE_LOOP('',(#4146,#4147,#4148,#4149));
#8060=EDGE_LOOP('',(#4150,#4151,#4152,#4153));
#8061=EDGE_LOOP('',(#4154,#4155,#4156,#4157));
#8062=EDGE_LOOP('',(#4158,#4159,#4160,#4161));
#8063=EDGE_LOOP('',(#4162,#4163,#4164,#4165));
#8064=EDGE_LOOP('',(#4166,#4167,#4168,#4169));
#8065=EDGE_LOOP('',(#4170,#4171,#4172,#4173));
#8066=EDGE_LOOP('',(#4174,#4175,#4176,#4177));
#8067=EDGE_LOOP('',(#4178,#4179,#4180,#4181));
#8068=EDGE_LOOP('',(#4182,#4183,#4184,#4185));
#8069=EDGE_LOOP('',(#4186,#4187,#4188,#4189));
#8070=EDGE_LOOP('',(#4190,#4191,#4192,#4193));
#8071=EDGE_LOOP('',(#4194,#4195,#4196,#4197));
#8072=EDGE_LOOP('',(#4198,#4199,#4200,#4201));
#8073=EDGE_LOOP('',(#4202,#4203,#4204,#4205));
#8074=EDGE_LOOP('',(#4206,#4207,#4208,#4209));
#8075=EDGE_LOOP('',(#4210,#4211,#4212,#4213));
#8076=EDGE_LOOP('',(#4214,#4215,#4216,#4217));
#8077=EDGE_LOOP('',(#4218,#4219,#4220,#4221));
#8078=EDGE_LOOP('',(#4222,#4223,#4224,#4225));
#8079=EDGE_LOOP('',(#4226,#4227,#4228,#4229));
#8080=EDGE_LOOP('',(#4230,#4231,#4232,#4233));
#8081=EDGE_LOOP('',(#4234,#4235,#4236,#4237));
#8082=EDGE_LOOP('',(#4238,#4239,#4240,#4241));
#8083=EDGE_LOOP('',(#4242,#4243,#4244,#4245));
#8084=EDGE_LOOP('',(#4246,#4247,#4248,#4249));
#8085=EDGE_LOOP('',(#4250,#4251,#4252,#4253));
#8086=EDGE_LOOP('',(#4254,#4255,#4256,#4257));
#8087=EDGE_LOOP('',(#4258,#4259,#4260,#4261));
#8088=EDGE_LOOP('',(#4262,#4263,#4264,#4265));
#8089=EDGE_LOOP('',(#4266,#4267,#4268,#4269));
#8090=EDGE_LOOP('',(#4270,#4271,#4272,#4273));
#8091=EDGE_LOOP('',(#4274,#4275,#4276,#4277));
#8092=EDGE_LOOP('',(#4278,#4279,#4280,#4281));
#8093=EDGE_LOOP('',(#4282,#4283,#4284,#4285));
#8094=EDGE_LOOP('',(#4286,#4287,#4288,#4289));
#8095=EDGE_LOOP('',(#4290,#4291,#4292,#4293));
#8096=EDGE_LOOP('',(#4294,#4295,#4296,#4297));
#8097=EDGE_LOOP('',(#4298,#4299,#4300,#4301));
#8098=EDGE_LOOP('',(#4302,#4303,#4304,#4305));
#8099=EDGE_LOOP('',(#4306,#4307,#4308,#4309));
#8100=EDGE_LOOP('',(#4310,#4311,#4312,#4313));
#8101=EDGE_LOOP('',(#4314,#4315,#4316,#4317));
#8102=EDGE_LOOP('',(#4318,#4319,#4320,#4321));
#8103=EDGE_LOOP('',(#4322,#4323,#4324,#4325));
#8104=EDGE_LOOP('',(#4326,#4327,#4328,#4329));
#8105=EDGE_LOOP('',(#4330,#4331,#4332,#4333));
#8106=EDGE_LOOP('',(#4334,#4335,#4336,#4337));
#8107=EDGE_LOOP('',(#4338,#4339,#4340,#4341));
#8108=EDGE_LOOP('',(#4342,#4343,#4344,#4345));
#8109=EDGE_LOOP('',(#4346,#4347,#4348,#4349));
#8110=EDGE_LOOP('',(#4350,#4351,#4352,#4353));
#8111=EDGE_LOOP('',(#4354,#4355,#4356,#4357));
#8112=EDGE_LOOP('',(#4358,#4359,#4360,#4361));
#8113=EDGE_LOOP('',(#4362,#4363,#4364,#4365));
#8114=EDGE_LOOP('',(#4366,#4367,#4368,#4369));
#8115=EDGE_LOOP('',(#4370,#4371,#4372,#4373));
#8116=EDGE_LOOP('',(#4374,#4375,#4376,#4377));
#8117=EDGE_LOOP('',(#4378,#4379,#4380,#4381));
#8118=EDGE_LOOP('',(#4382,#4383,#4384,#4385));
#8119=EDGE_LOOP('',(#4386,#4387,#4388,#4389));
#8120=EDGE_LOOP('',(#4390,#4391,#4392,#4393));
#8121=EDGE_LOOP('',(#4394,#4395,#4396,#4397));
#8122=EDGE_LOOP('',(#4398,#4399,#4400,#4401));
#8123=EDGE_LOOP('',(#4402,#4403,#4404,#4405));
#8124=EDGE_LOOP('',(#4406,#4407,#4408,#4409));
#8125=EDGE_LOOP('',(#4410,#4411,#4412,#4413));
#8126=EDGE_LOOP('',(#4414,#4415,#4416,#4417));
#8127=EDGE_LOOP('',(#4418,#4419,#4420,#4421));
#8128=EDGE_LOOP('',(#4422,#4423,#4424,#4425));
#8129=EDGE_LOOP('',(#4426,#4427,#4428,#4429));
#8130=EDGE_LOOP('',(#4430,#4431,#4432,#4433));
#8131=EDGE_LOOP('',(#4434,#4435,#4436,#4437));
#8132=EDGE_LOOP('',(#4438,#4439,#4440,#4441));
#8133=EDGE_LOOP('',(#4442,#4443,#4444,#4445));
#8134=EDGE_LOOP('',(#4446,#4447,#4448,#4449));
#8135=EDGE_LOOP('',(#4450,#4451,#4452,#4453));
#8136=EDGE_LOOP('',(#4454,#4455,#4456,#4457));
#8137=EDGE_LOOP('',(#4458,#4459,#4460,#4461));
#8138=EDGE_LOOP('',(#4462,#4463,#4464,#4465));
#8139=EDGE_LOOP('',(#4466,#4467,#4468,#4469));
#8140=EDGE_LOOP('',(#4470,#4471,#4472,#4473));
#8141=EDGE_LOOP('',(#4474,#4475,#4476,#4477));
#8142=EDGE_LOOP('',(#4478,#4479,#4480,#4481));
#8143=EDGE_LOOP('',(#4482,#4483,#4484,#4485));
#8144=EDGE_LOOP('',(#4486,#4487,#4488,#4489));
#8145=EDGE_LOOP('',(#4490,#4491,#4492,#4493));
#8146=EDGE_LOOP('',(#4494,#4495,#4496,#4497));
#8147=EDGE_LOOP('',(#4498,#4499,#4500,#4501));
#8148=EDGE_LOOP('',(#4502,#4503,#4504,#4505));
#8149=EDGE_LOOP('',(#4506,#4507,#4508,#4509));
#8150=EDGE_LOOP('',(#4510,#4511,#4512,#4513));
#8151=EDGE_LOOP('',(#4514,#4515,#4516,#4517));
#8152=EDGE_LOOP('',(#4518,#4519,#4520,#4521));
#8153=EDGE_LOOP('',(#4522,#4523,#4524,#4525));
#8154=EDGE_LOOP('',(#4526,#4527,#4528,#4529));
#8155=EDGE_LOOP('',(#4530,#4531,#4532,#4533));
#8156=EDGE_LOOP('',(#4534,#4535,#4536,#4537));
#8157=EDGE_LOOP('',(#4538,#4539,#4540,#4541));
#8158=EDGE_LOOP('',(#4542,#4543,#4544,#4545));
#8159=EDGE_LOOP('',(#4546,#4547,#4548,#4549));
#8160=EDGE_LOOP('',(#4550,#4551,#4552,#4553));
#8161=EDGE_LOOP('',(#4554,#4555,#4556,#4557));
#8162=EDGE_LOOP('',(#4558,#4559,#4560,#4561));
#8163=EDGE_LOOP('',(#4562,#4563,#4564,#4565));
#8164=EDGE_LOOP('',(#4566,#4567,#4568,#4569));
#8165=EDGE_LOOP('',(#4570,#4571,#4572,#4573));
#8166=EDGE_LOOP('',(#4574,#4575,#4576,#4577));
#8167=EDGE_LOOP('',(#4578,#4579,#4580,#4581));
#8168=EDGE_LOOP('',(#4582,#4583,#4584,#4585));
#8169=EDGE_LOOP('',(#4586,#4587,#4588,#4589));
#8170=EDGE_LOOP('',(#4590,#4591,#4592,#4593));
#8171=EDGE_LOOP('',(#4594,#4595,#4596,#4597));
#8172=EDGE_LOOP('',(#4598,#4599,#4600,#4601));
#8173=EDGE_LOOP('',(#4602,#4603,#4604,#4605));
#8174=EDGE_LOOP('',(#4606,#4607,#4608,#4609));
#8175=EDGE_LOOP('',(#4610,#4611,#4612,#4613));
#8176=EDGE_LOOP('',(#4614,#4615,#4616,#4617));
#8177=EDGE_LOOP('',(#4618,#4619,#4620,#4621));
#8178=EDGE_LOOP('',(#4622,#4623,#4624,#4625));
#8179=EDGE_LOOP('',(#4626,#4627,#4628,#4629));
#8180=EDGE_LOOP('',(#4630,#4631,#4632,#4633));
#8181=EDGE_LOOP('',(#4634,#4635,#4636,#4637));
#8182=EDGE_LOOP('',(#4638,#4639,#4640,#4641));
#8183=EDGE_LOOP('',(#4642,#4643,#4644,#4645));
#8184=EDGE_LOOP('',(#4646,#4647,#4648,#4649));
#8185=EDGE_LOOP('',(#4650,#4651,#4652,#4653));
#8186=EDGE_LOOP('',(#4654,#4655,#4656,#4657));
#8187=EDGE_LOOP('',(#4658,#4659,#4660,#4661));
#8188=EDGE_LOOP('',(#4662,#4663,#4664,#4665));
#8189=EDGE_LOOP('',(#4666,#4667,#4668,#4669));
#8190=EDGE_LOOP('',(#4670,#4671,#4672,#4673));
#8191=EDGE_LOOP('',(#4674,#4675,#4676,#4677));
#8192=EDGE_LOOP('',(#4678,#4679,#4680,#4681));
#8193=EDGE_LOOP('',(#4682,#4683,#4684,#4685));
#8194=EDGE_LOOP('',(#4686,#4687,#4688,#4689));
#8195=EDGE_LOOP('',(#4690,#4691,#4692,#4693));
#8196=EDGE_LOOP('',(#4694,#4695,#4696,#4697));
#8197=EDGE_LOOP('',(#4698,#4699,#4700,#4701));
#8198=EDGE_LOOP('',(#4702,#4703,#4704,#4705));
#8199=EDGE_LOOP('',(#4706,#4707,#4708,#4709));
#8200=EDGE_LOOP('',(#4710,#4711,#4712,#4713));
#8201=EDGE_LOOP('',(#4714,#4715,#4716,#4717));
#8202=EDGE_LOOP('',(#4718,#4719,#4720,#4721));
#8203=EDGE_LOOP('',(#4722,#4723,#4724,#4725));
#8204=EDGE_LOOP('',(#4726,#4727,#4728,#4729));
#8205=EDGE_LOOP('',(#4730,#4731,#4732,#4733));
#8206=EDGE_LOOP('',(#4734,#4735,#4736,#4737));
#8207=EDGE_LOOP('',(#4738,#4739,#4740,#4741));
#8208=EDGE_LOOP('',(#4742,#4743,#4744,#4745));
#8209=EDGE_LOOP('',(#4746,#4747,#4748,#4749));
#8210=EDGE_LOOP('',(#4750,#4751,#4752,#4753));
#8211=EDGE_LOOP('',(#4754,#4755,#4756,#4757));
#8212=EDGE_LOOP('',(#4758,#4759,#4760,#4761));
#8213=EDGE_LOOP('',(#4762,#4763,#4764,#4765));
#8214=EDGE_LOOP('',(#4766,#4767,#4768,#4769));
#8215=EDGE_LOOP('',(#4770,#4771,#4772,#4773));
#8216=EDGE_LOOP('',(#4774,#4775,#4776,#4777));
#8217=EDGE_LOOP('',(#4778,#4779,#4780,#4781));
#8218=EDGE_LOOP('',(#4782,#4783,#4784,#4785));
#8219=EDGE_LOOP('',(#4786,#4787,#4788,#4789));
#8220=EDGE_LOOP('',(#4790,#4791,#4792,#4793));
#8221=EDGE_LOOP('',(#4794,#4795,#4796,#4797));
#8222=EDGE_LOOP('',(#4798,#4799,#4800,#4801));
#8223=EDGE_LOOP('',(#4802,#4803,#4804,#4805));
#8224=EDGE_LOOP('',(#4806,#4807,#4808,#4809));
#8225=EDGE_LOOP('',(#4810,#4811,#4812,#4813));
#8226=EDGE_LOOP('',(#4814,#4815,#4816,#4817));
#8227=EDGE_LOOP('',(#4818,#4819,#4820,#4821));
#8228=EDGE_LOOP('',(#4822,#4823,#4824,#4825));
#8229=EDGE_LOOP('',(#4826,#4827,#4828,#4829));
#8230=EDGE_LOOP('',(#4830,#4831,#4832,#4833));
#8231=EDGE_LOOP('',(#4834,#4835,#4836,#4837));
#8232=EDGE_LOOP('',(#4838,#4839,#4840,#4841));
#8233=EDGE_LOOP('',(#4842,#4843,#4844,#4845));
#8234=EDGE_LOOP('',(#4846,#4847,#4848,#4849));
#8235=EDGE_LOOP('',(#4850,#4851,#4852,#4853));
#8236=EDGE_LOOP('',(#4854,#4855,#4856,#4857));
#8237=EDGE_LOOP('',(#4858,#4859,#4860,#4861));
#8238=EDGE_LOOP('',(#4862,#4863,#4864,#4865));
#8239=EDGE_LOOP('',(#4866,#4867,#4868,#4869));
#8240=EDGE_LOOP('',(#4870,#4871,#4872,#4873));
#8241=EDGE_LOOP('',(#4874,#4875,#4876,#4877));
#8242=EDGE_LOOP('',(#4878,#4879,#4880,#4881));
#8243=EDGE_LOOP('',(#4882,#4883,#4884,#4885));
#8244=EDGE_LOOP('',(#4886,#4887,#4888,#4889));
#8245=EDGE_LOOP('',(#4890,#4891,#4892,#4893));
#8246=EDGE_LOOP('',(#4894,#4895,#4896,#4897));
#8247=EDGE_LOOP('',(#4898,#4899,#4900,#4901));
#8248=EDGE_LOOP('',(#4902,#4903,#4904,#4905));
#8249=EDGE_LOOP('',(#4906,#4907,#4908,#4909));
#8250=EDGE_LOOP('',(#4910,#4911,#4912,#4913));
#8251=EDGE_LOOP('',(#4914,#4915,#4916,#4917));
#8252=EDGE_LOOP('',(#4918,#4919,#4920,#4921));
#8253=EDGE_LOOP('',(#4922,#4923,#4924,#4925));
#8254=EDGE_LOOP('',(#4926,#4927,#4928,#4929));
#8255=EDGE_LOOP('',(#4930,#4931,#4932,#4933));
#8256=EDGE_LOOP('',(#4934,#4935,#4936,#4937));
#8257=EDGE_LOOP('',(#4938,#4939,#4940,#4941));
#8258=EDGE_LOOP('',(#4942,#4943,#4944,#4945));
#8259=EDGE_LOOP('',(#4946,#4947,#4948,#4949));
#8260=EDGE_LOOP('',(#4950,#4951,#4952,#4953));
#8261=EDGE_LOOP('',(#4954,#4955,#4956,#4957));
#8262=EDGE_LOOP('',(#4958,#4959,#4960,#4961));
#8263=EDGE_LOOP('',(#4962,#4963,#4964,#4965));
#8264=EDGE_LOOP('',(#4966,#4967,#4968,#4969));
#8265=EDGE_LOOP('',(#4970,#4971,#4972,#4973));
#8266=EDGE_LOOP('',(#4974,#4975,#4976,#4977));
#8267=EDGE_LOOP('',(#4978,#4979,#4980,#4981));
#8268=EDGE_LOOP('',(#4982,#4983,#4984,#4985));
#8269=EDGE_LOOP('',(#4986,#4987,#4988,#4989));
#8270=EDGE_LOOP('',(#4990,#4991,#4992,#4993));
#8271=EDGE_LOOP('',(#4994,#4995,#4996,#4997));
#8272=EDGE_LOOP('',(#4998,#4999,#5000,#5001));
#8273=EDGE_LOOP('',(#5002,#5003,#5004,#5005));
#8274=EDGE_LOOP('',(#5006,#5007,#5008,#5009));
#8275=EDGE_LOOP('',(#5010,#5011,#5012,#5013));
#8276=EDGE_LOOP('',(#5014,#5015,#5016,#5017));
#8277=EDGE_LOOP('',(#5018,#5019,#5020,#5021));
#8278=EDGE_LOOP('',(#5022,#5023,#5024,#5025));
#8279=EDGE_LOOP('',(#5026,#5027,#5028,#5029));
#8280=EDGE_LOOP('',(#5030,#5031,#5032,#5033));
#8281=EDGE_LOOP('',(#5034,#5035,#5036,#5037));
#8282=EDGE_LOOP('',(#5038,#5039,#5040,#5041));
#8283=EDGE_LOOP('',(#5042,#5043,#5044,#5045));
#8284=EDGE_LOOP('',(#5046,#5047,#5048,#5049));
#8285=EDGE_LOOP('',(#5050,#5051,#5052,#5053));
#8286=EDGE_LOOP('',(#5054,#5055,#5056,#5057));
#8287=EDGE_LOOP('',(#5058,#5059,#5060,#5061));
#8288=EDGE_LOOP('',(#5062,#5063,#5064,#5065));
#8289=EDGE_LOOP('',(#5066,#5067,#5068,#5069));
#8290=EDGE_LOOP('',(#5070,#5071,#5072,#5073));
#8291=EDGE_LOOP('',(#5074,#5075,#5076,#5077));
#8292=EDGE_LOOP('',(#5078,#5079,#5080,#5081));
#8293=EDGE_LOOP('',(#5082,#5083,#5084,#5085));
#8294=EDGE_LOOP('',(#5086,#5087,#5088,#5089));
#8295=EDGE_LOOP('',(#5090,#5091,#5092,#5093));
#8296=EDGE_LOOP('',(#5094,#5095,#5096,#5097));
#8297=EDGE_LOOP('',(#5098,#5099,#5100,#5101));
#8298=EDGE_LOOP('',(#5102,#5103,#5104,#5105));
#8299=EDGE_LOOP('',(#5106,#5107,#5108,#5109));
#8300=EDGE_LOOP('',(#5110,#5111,#5112,#5113));
#8301=EDGE_LOOP('',(#5114,#5115,#5116,#5117));
#8302=EDGE_LOOP('',(#5118,#5119,#5120,#5121));
#8303=EDGE_LOOP('',(#5122,#5123,#5124,#5125));
#8304=EDGE_LOOP('',(#5126,#5127,#5128,#5129));
#8305=EDGE_LOOP('',(#5130,#5131,#5132,#5133));
#8306=EDGE_LOOP('',(#5134,#5135,#5136,#5137));
#8307=EDGE_LOOP('',(#5138,#5139,#5140,#5141));
#8308=EDGE_LOOP('',(#5142,#5143,#5144,#5145));
#8309=EDGE_LOOP('',(#5146,#5147,#5148,#5149));
#8310=EDGE_LOOP('',(#5150,#5151,#5152,#5153));
#8311=EDGE_LOOP('',(#5154,#5155,#5156,#5157));
#8312=EDGE_LOOP('',(#5158,#5159,#5160,#5161));
#8313=EDGE_LOOP('',(#5162,#5163,#5164,#5165));
#8314=EDGE_LOOP('',(#5166,#5167,#5168,#5169));
#8315=EDGE_LOOP('',(#5170,#5171,#5172,#5173));
#8316=EDGE_LOOP('',(#5174,#5175,#5176,#5177));
#8317=EDGE_LOOP('',(#5178,#5179,#5180,#5181));
#8318=EDGE_LOOP('',(#5182,#5183,#5184,#5185));
#8319=EDGE_LOOP('',(#5186,#5187,#5188,#5189));
#8320=EDGE_LOOP('',(#5190,#5191,#5192,#5193));
#8321=EDGE_LOOP('',(#5194,#5195,#5196,#5197));
#8322=EDGE_LOOP('',(#5198,#5199,#5200,#5201));
#8323=EDGE_LOOP('',(#5202,#5203,#5204,#5205));
#8324=EDGE_LOOP('',(#5206,#5207,#5208,#5209));
#8325=EDGE_LOOP('',(#5210,#5211,#5212,#5213));
#8326=EDGE_LOOP('',(#5214,#5215,#5216,#5217));
#8327=EDGE_LOOP('',(#5218,#5219,#5220,#5221));
#8328=EDGE_LOOP('',(#5222,#5223,#5224,#5225));
#8329=EDGE_LOOP('',(#5226,#5227,#5228,#5229));
#8330=EDGE_LOOP('',(#5230,#5231,#5232,#5233));
#8331=EDGE_LOOP('',(#5234,#5235,#5236,#5237));
#8332=EDGE_LOOP('',(#5238,#5239,#5240,#5241));
#8333=EDGE_LOOP('',(#5242,#5243,#5244,#5245));
#8334=EDGE_LOOP('',(#5246,#5247,#5248,#5249));
#8335=EDGE_LOOP('',(#5250,#5251,#5252,#5253));
#8336=EDGE_LOOP('',(#5254,#5255,#5256,#5257));
#8337=EDGE_LOOP('',(#5258,#5259,#5260,#5261));
#8338=EDGE_LOOP('',(#5262,#5263,#5264,#5265));
#8339=EDGE_LOOP('',(#5266,#5267,#5268,#5269));
#8340=EDGE_LOOP('',(#5270,#5271,#5272,#5273));
#8341=EDGE_LOOP('',(#5274,#5275,#5276,#5277));
#8342=EDGE_LOOP('',(#5278,#5279,#5280,#5281));
#8343=EDGE_LOOP('',(#5282,#5283,#5284,#5285));
#8344=EDGE_LOOP('',(#5286,#5287,#5288,#5289));
#8345=EDGE_LOOP('',(#5290,#5291,#5292,#5293));
#8346=EDGE_LOOP('',(#5294,#5295,#5296,#5297));
#8347=EDGE_LOOP('',(#5298,#5299,#5300,#5301));
#8348=EDGE_LOOP('',(#5302,#5303,#5304,#5305));
#8349=EDGE_LOOP('',(#5306,#5307,#5308,#5309));
#8350=EDGE_LOOP('',(#5310,#5311,#5312,#5313));
#8351=EDGE_LOOP('',(#5314,#5315,#5316,#5317));
#8352=EDGE_LOOP('',(#5318,#5319,#5320,#5321));
#8353=EDGE_LOOP('',(#5322,#5323,#5324,#5325));
#8354=EDGE_LOOP('',(#5326,#5327,#5328,#5329));
#8355=EDGE_LOOP('',(#5330,#5331,#5332,#5333));
#8356=EDGE_LOOP('',(#5334,#5335,#5336,#5337));
#8357=EDGE_LOOP('',(#5338,#5339,#5340,#5341));
#8358=EDGE_LOOP('',(#5342,#5343,#5344,#5345));
#8359=EDGE_LOOP('',(#5346,#5347,#5348,#5349));
#8360=EDGE_LOOP('',(#5350,#5351,#5352,#5353));
#8361=EDGE_LOOP('',(#5354,#5355,#5356,#5357));
#8362=EDGE_LOOP('',(#5358,#5359,#5360,#5361));
#8363=EDGE_LOOP('',(#5362,#5363,#5364,#5365));
#8364=EDGE_LOOP('',(#5366,#5367,#5368,#5369));
#8365=EDGE_LOOP('',(#5370,#5371,#5372,#5373));
#8366=EDGE_LOOP('',(#5374,#5375,#5376,#5377));
#8367=EDGE_LOOP('',(#5378,#5379,#5380,#5381));
#8368=EDGE_LOOP('',(#5382,#5383,#5384,#5385));
#8369=EDGE_LOOP('',(#5386,#5387,#5388,#5389));
#8370=EDGE_LOOP('',(#5390,#5391,#5392,#5393));
#8371=EDGE_LOOP('',(#5394,#5395,#5396,#5397));
#8372=EDGE_LOOP('',(#5398,#5399,#5400,#5401));
#8373=EDGE_LOOP('',(#5402,#5403,#5404,#5405));
#8374=EDGE_LOOP('',(#5406,#5407,#5408,#5409));
#8375=EDGE_LOOP('',(#5410,#5411,#5412,#5413));
#8376=EDGE_LOOP('',(#5414,#5415,#5416,#5417));
#8377=EDGE_LOOP('',(#5418,#5419,#5420,#5421));
#8378=EDGE_LOOP('',(#5422,#5423,#5424,#5425));
#8379=EDGE_LOOP('',(#5426,#5427,#5428,#5429));
#8380=EDGE_LOOP('',(#5430,#5431,#5432,#5433));
#8381=EDGE_LOOP('',(#5434,#5435,#5436,#5437));
#8382=EDGE_LOOP('',(#5438,#5439,#5440,#5441));
#8383=EDGE_LOOP('',(#5442,#5443,#5444,#5445));
#8384=EDGE_LOOP('',(#5446,#5447,#5448,#5449));
#8385=EDGE_LOOP('',(#5450,#5451,#5452,#5453));
#8386=EDGE_LOOP('',(#5454,#5455,#5456,#5457));
#8387=EDGE_LOOP('',(#5458,#5459,#5460,#5461));
#8388=EDGE_LOOP('',(#5462,#5463,#5464,#5465));
#8389=EDGE_LOOP('',(#5466,#5467,#5468,#5469));
#8390=EDGE_LOOP('',(#5470,#5471,#5472,#5473));
#8391=EDGE_LOOP('',(#5474,#5475,#5476,#5477));
#8392=EDGE_LOOP('',(#5478,#5479,#5480,#5481));
#8393=EDGE_LOOP('',(#5482,#5483,#5484,#5485));
#8394=EDGE_LOOP('',(#5486,#5487,#5488,#5489));
#8395=EDGE_LOOP('',(#5490,#5491,#5492,#5493));
#8396=EDGE_LOOP('',(#5494,#5495,#5496,#5497));
#8397=EDGE_LOOP('',(#5498,#5499,#5500,#5501));
#8398=EDGE_LOOP('',(#5502,#5503,#5504,#5505));
#8399=EDGE_LOOP('',(#5506,#5507,#5508,#5509));
#8400=EDGE_LOOP('',(#5510,#5511,#5512,#5513));
#8401=EDGE_LOOP('',(#5514,#5515,#5516,#5517));
#8402=EDGE_LOOP('',(#5518,#5519,#5520,#5521));
#8403=EDGE_LOOP('',(#5522,#5523,#5524,#5525));
#8404=EDGE_LOOP('',(#5526,#5527,#5528,#5529));
#8405=EDGE_LOOP('',(#5530,#5531,#5532,#5533));
#8406=EDGE_LOOP('',(#5534,#5535,#5536,#5537));
#8407=EDGE_LOOP('',(#5538,#5539,#5540,#5541));
#8408=EDGE_LOOP('',(#5542,#5543,#5544,#5545));
#8409=EDGE_LOOP('',(#5546,#5547,#5548,#5549));
#8410=EDGE_LOOP('',(#5550,#5551,#5552,#5553));
#8411=EDGE_LOOP('',(#5554,#5555,#5556,#5557));
#8412=EDGE_LOOP('',(#5558));
#8413=EDGE_LOOP('',(#5559));
#8414=EDGE_LOOP('',(#5560));
#8415=EDGE_LOOP('',(#5561));
#8416=EDGE_LOOP('',(#5562));
#8417=EDGE_LOOP('',(#5563));
#8418=EDGE_LOOP('',(#5564));
#8419=EDGE_LOOP('',(#5565));
#8420=EDGE_LOOP('',(#5566,#5567,#5568,#5569));
#8421=EDGE_LOOP('',(#5570,#5571,#5572,#5573));
#8422=EDGE_LOOP('',(#5574,#5575,#5576,#5577));
#8423=EDGE_LOOP('',(#5578,#5579,#5580,#5581));
#8424=FACE_BOUND('',#7925,.T.);
#8425=FACE_BOUND('',#7926,.T.);
#8426=FACE_BOUND('',#7927,.T.);
#8427=FACE_BOUND('',#7928,.T.);
#8428=FACE_BOUND('',#7929,.T.);
#8429=FACE_BOUND('',#7930,.T.);
#8430=FACE_BOUND('',#7931,.T.);
#8431=FACE_BOUND('',#7932,.T.);
#8432=FACE_BOUND('',#7933,.T.);
#8433=FACE_BOUND('',#7934,.T.);
#8434=FACE_BOUND('',#7935,.T.);
#8435=FACE_BOUND('',#7936,.T.);
#8436=FACE_BOUND('',#7937,.T.);
#8437=FACE_BOUND('',#7938,.T.);
#8438=FACE_BOUND('',#7939,.T.);
#8439=FACE_BOUND('',#7940,.T.);
#8440=FACE_BOUND('',#7941,.T.);
#8441=FACE_BOUND('',#7942,.T.);
#8442=FACE_BOUND('',#7943,.T.);
#8443=FACE_BOUND('',#7944,.T.);
#8444=FACE_BOUND('',#7945,.T.);
#8445=FACE_BOUND('',#7946,.T.);
#8446=FACE_BOUND('',#7947,.T.);
#8447=FACE_BOUND('',#7948,.T.);
#8448=FACE_BOUND('',#7949,.T.);
#8449=FACE_BOUND('',#7950,.T.);
#8450=FACE_BOUND('',#7951,.T.);
#8451=FACE_BOUND('',#7952,.T.);
#8452=FACE_BOUND('',#7953,.T.);
#8453=FACE_BOUND('',#7954,.T.);
#8454=FACE_BOUND('',#7955,.T.);
#8455=FACE_BOUND('',#7956,.T.);
#8456=FACE_BOUND('',#7957,.T.);
#8457=FACE_BOUND('',#7958,.T.);
#8458=FACE_BOUND('',#7959,.T.);
#8459=FACE_BOUND('',#7960,.T.);
#8460=FACE_BOUND('',#7961,.T.);
#8461=FACE_BOUND('',#7962,.T.);
#8462=FACE_BOUND('',#7963,.T.);
#8463=FACE_BOUND('',#7964,.T.);
#8464=FACE_BOUND('',#7965,.T.);
#8465=FACE_BOUND('',#7966,.T.);
#8466=FACE_BOUND('',#7967,.T.);
#8467=FACE_BOUND('',#7968,.T.);
#8468=FACE_BOUND('',#7969,.T.);
#8469=FACE_BOUND('',#7970,.T.);
#8470=FACE_BOUND('',#7971,.T.);
#8471=FACE_BOUND('',#7972,.T.);
#8472=FACE_BOUND('',#7973,.T.);
#8473=FACE_BOUND('',#7974,.T.);
#8474=FACE_BOUND('',#7975,.T.);
#8475=FACE_BOUND('',#7976,.T.);
#8476=FACE_BOUND('',#7977,.T.);
#8477=FACE_BOUND('',#7978,.T.);
#8478=FACE_BOUND('',#7979,.T.);
#8479=FACE_BOUND('',#7980,.T.);
#8480=FACE_BOUND('',#7981,.T.);
#8481=FACE_BOUND('',#7982,.T.);
#8482=FACE_BOUND('',#7983,.T.);
#8483=FACE_BOUND('',#7984,.T.);
#8484=FACE_BOUND('',#7985,.T.);
#8485=FACE_BOUND('',#7986,.T.);
#8486=FACE_BOUND('',#7987,.T.);
#8487=FACE_BOUND('',#7988,.T.);
#8488=FACE_BOUND('',#7989,.T.);
#8489=FACE_BOUND('',#7990,.T.);
#8490=FACE_BOUND('',#7991,.T.);
#8491=FACE_BOUND('',#7992,.T.);
#8492=FACE_BOUND('',#7993,.T.);
#8493=FACE_BOUND('',#7994,.T.);
#8494=FACE_BOUND('',#7995,.T.);
#8495=FACE_BOUND('',#7996,.T.);
#8496=FACE_BOUND('',#7997,.T.);
#8497=FACE_BOUND('',#7998,.T.);
#8498=FACE_BOUND('',#7999,.T.);
#8499=FACE_BOUND('',#8000,.T.);
#8500=FACE_BOUND('',#8001,.T.);
#8501=FACE_BOUND('',#8002,.T.);
#8502=FACE_BOUND('',#8003,.T.);
#8503=FACE_BOUND('',#8004,.T.);
#8504=FACE_BOUND('',#8005,.T.);
#8505=FACE_BOUND('',#8006,.T.);
#8506=FACE_BOUND('',#8007,.T.);
#8507=FACE_BOUND('',#8008,.T.);
#8508=FACE_BOUND('',#8009,.T.);
#8509=FACE_BOUND('',#8010,.T.);
#8510=FACE_BOUND('',#8011,.T.);
#8511=FACE_BOUND('',#8012,.T.);
#8512=FACE_BOUND('',#8013,.T.);
#8513=FACE_BOUND('',#8014,.T.);
#8514=FACE_BOUND('',#8015,.T.);
#8515=FACE_BOUND('',#8016,.T.);
#8516=FACE_BOUND('',#8017,.T.);
#8517=FACE_BOUND('',#8018,.T.);
#8518=FACE_BOUND('',#8019,.T.);
#8519=FACE_BOUND('',#8020,.T.);
#8520=FACE_BOUND('',#8021,.T.);
#8521=FACE_BOUND('',#8022,.T.);
#8522=FACE_BOUND('',#8023,.T.);
#8523=FACE_BOUND('',#8024,.T.);
#8524=FACE_BOUND('',#8025,.T.);
#8525=FACE_BOUND('',#8026,.T.);
#8526=FACE_BOUND('',#8027,.T.);
#8527=FACE_BOUND('',#8028,.T.);
#8528=FACE_BOUND('',#8029,.T.);
#8529=FACE_BOUND('',#8030,.T.);
#8530=FACE_BOUND('',#8031,.T.);
#8531=FACE_BOUND('',#8032,.T.);
#8532=FACE_BOUND('',#8033,.T.);
#8533=FACE_BOUND('',#8034,.T.);
#8534=FACE_BOUND('',#8035,.T.);
#8535=FACE_BOUND('',#8036,.T.);
#8536=FACE_BOUND('',#8037,.T.);
#8537=FACE_BOUND('',#8038,.T.);
#8538=FACE_BOUND('',#8039,.T.);
#8539=FACE_BOUND('',#8040,.T.);
#8540=FACE_BOUND('',#8041,.T.);
#8541=FACE_BOUND('',#8042,.T.);
#8542=FACE_BOUND('',#8043,.T.);
#8543=FACE_BOUND('',#8044,.T.);
#8544=FACE_BOUND('',#8045,.T.);
#8545=FACE_BOUND('',#8046,.T.);
#8546=FACE_BOUND('',#8047,.T.);
#8547=FACE_BOUND('',#8048,.T.);
#8548=FACE_BOUND('',#8049,.T.);
#8549=FACE_BOUND('',#8050,.T.);
#8550=FACE_BOUND('',#8051,.T.);
#8551=FACE_BOUND('',#8052,.T.);
#8552=FACE_BOUND('',#8053,.T.);
#8553=FACE_BOUND('',#8054,.T.);
#8554=FACE_BOUND('',#8055,.T.);
#8555=FACE_BOUND('',#8056,.T.);
#8556=FACE_BOUND('',#8057,.T.);
#8557=FACE_BOUND('',#8058,.T.);
#8558=FACE_BOUND('',#8059,.T.);
#8559=FACE_BOUND('',#8060,.T.);
#8560=FACE_BOUND('',#8061,.T.);
#8561=FACE_BOUND('',#8062,.T.);
#8562=FACE_BOUND('',#8063,.T.);
#8563=FACE_BOUND('',#8064,.T.);
#8564=FACE_BOUND('',#8065,.T.);
#8565=FACE_BOUND('',#8066,.T.);
#8566=FACE_BOUND('',#8067,.T.);
#8567=FACE_BOUND('',#8068,.T.);
#8568=FACE_BOUND('',#8069,.T.);
#8569=FACE_BOUND('',#8070,.T.);
#8570=FACE_BOUND('',#8071,.T.);
#8571=FACE_BOUND('',#8072,.T.);
#8572=FACE_BOUND('',#8073,.T.);
#8573=FACE_BOUND('',#8074,.T.);
#8574=FACE_BOUND('',#8075,.T.);
#8575=FACE_BOUND('',#8076,.T.);
#8576=FACE_BOUND('',#8077,.T.);
#8577=FACE_BOUND('',#8078,.T.);
#8578=FACE_BOUND('',#8079,.T.);
#8579=FACE_BOUND('',#8080,.T.);
#8580=FACE_BOUND('',#8081,.T.);
#8581=FACE_BOUND('',#8082,.T.);
#8582=FACE_BOUND('',#8083,.T.);
#8583=FACE_BOUND('',#8084,.T.);
#8584=FACE_BOUND('',#8085,.T.);
#8585=FACE_BOUND('',#8086,.T.);
#8586=FACE_BOUND('',#8087,.T.);
#8587=FACE_BOUND('',#8088,.T.);
#8588=FACE_BOUND('',#8089,.T.);
#8589=FACE_BOUND('',#8090,.T.);
#8590=FACE_BOUND('',#8091,.T.);
#8591=FACE_BOUND('',#8092,.T.);
#8592=FACE_BOUND('',#8093,.T.);
#8593=FACE_BOUND('',#8094,.T.);
#8594=FACE_BOUND('',#8095,.T.);
#8595=FACE_BOUND('',#8096,.T.);
#8596=FACE_BOUND('',#8097,.T.);
#8597=FACE_BOUND('',#8098,.T.);
#8598=FACE_BOUND('',#8099,.T.);
#8599=FACE_BOUND('',#8100,.T.);
#8600=FACE_BOUND('',#8101,.T.);
#8601=FACE_BOUND('',#8102,.T.);
#8602=FACE_BOUND('',#8103,.T.);
#8603=FACE_BOUND('',#8104,.T.);
#8604=FACE_BOUND('',#8105,.T.);
#8605=FACE_BOUND('',#8106,.T.);
#8606=FACE_BOUND('',#8107,.T.);
#8607=FACE_BOUND('',#8108,.T.);
#8608=FACE_BOUND('',#8109,.T.);
#8609=FACE_BOUND('',#8110,.T.);
#8610=FACE_BOUND('',#8111,.T.);
#8611=FACE_BOUND('',#8112,.T.);
#8612=FACE_BOUND('',#8113,.T.);
#8613=FACE_BOUND('',#8114,.T.);
#8614=FACE_BOUND('',#8115,.T.);
#8615=FACE_BOUND('',#8116,.T.);
#8616=FACE_BOUND('',#8117,.T.);
#8617=FACE_BOUND('',#8118,.T.);
#8618=FACE_BOUND('',#8119,.T.);
#8619=FACE_BOUND('',#8120,.T.);
#8620=FACE_BOUND('',#8121,.T.);
#8621=FACE_BOUND('',#8122,.T.);
#8622=FACE_BOUND('',#8123,.T.);
#8623=FACE_BOUND('',#8124,.T.);
#8624=FACE_BOUND('',#8125,.T.);
#8625=FACE_BOUND('',#8126,.T.);
#8626=FACE_BOUND('',#8127,.T.);
#8627=FACE_BOUND('',#8128,.T.);
#8628=FACE_BOUND('',#8129,.T.);
#8629=FACE_BOUND('',#8130,.T.);
#8630=FACE_BOUND('',#8131,.T.);
#8631=FACE_BOUND('',#8132,.T.);
#8632=FACE_BOUND('',#8133,.T.);
#8633=FACE_BOUND('',#8134,.T.);
#8634=FACE_BOUND('',#8135,.T.);
#8635=FACE_BOUND('',#8136,.T.);
#8636=FACE_BOUND('',#8137,.T.);
#8637=FACE_BOUND('',#8138,.T.);
#8638=FACE_BOUND('',#8139,.T.);
#8639=FACE_BOUND('',#8140,.T.);
#8640=FACE_BOUND('',#8141,.T.);
#8641=FACE_BOUND('',#8142,.T.);
#8642=FACE_BOUND('',#8143,.T.);
#8643=FACE_BOUND('',#8144,.T.);
#8644=FACE_BOUND('',#8145,.T.);
#8645=FACE_BOUND('',#8146,.T.);
#8646=FACE_BOUND('',#8147,.T.);
#8647=FACE_BOUND('',#8148,.T.);
#8648=FACE_BOUND('',#8149,.T.);
#8649=FACE_BOUND('',#8150,.T.);
#8650=FACE_BOUND('',#8151,.T.);
#8651=FACE_BOUND('',#8152,.T.);
#8652=FACE_BOUND('',#8153,.T.);
#8653=FACE_BOUND('',#8154,.T.);
#8654=FACE_BOUND('',#8155,.T.);
#8655=FACE_BOUND('',#8156,.T.);
#8656=FACE_BOUND('',#8157,.T.);
#8657=FACE_BOUND('',#8158,.T.);
#8658=FACE_BOUND('',#8159,.T.);
#8659=FACE_BOUND('',#8160,.T.);
#8660=FACE_BOUND('',#8161,.T.);
#8661=FACE_BOUND('',#8162,.T.);
#8662=FACE_BOUND('',#8163,.T.);
#8663=FACE_BOUND('',#8164,.T.);
#8664=FACE_BOUND('',#8165,.T.);
#8665=FACE_BOUND('',#8166,.T.);
#8666=FACE_BOUND('',#8167,.T.);
#8667=FACE_BOUND('',#8168,.T.);
#8668=FACE_BOUND('',#8169,.T.);
#8669=FACE_BOUND('',#8170,.T.);
#8670=FACE_BOUND('',#8171,.T.);
#8671=FACE_BOUND('',#8172,.T.);
#8672=FACE_BOUND('',#8173,.T.);
#8673=FACE_BOUND('',#8174,.T.);
#8674=FACE_BOUND('',#8175,.T.);
#8675=FACE_BOUND('',#8176,.T.);
#8676=FACE_BOUND('',#8177,.T.);
#8677=FACE_BOUND('',#8178,.T.);
#8678=FACE_BOUND('',#8179,.T.);
#8679=FACE_BOUND('',#8180,.T.);
#8680=FACE_BOUND('',#8181,.T.);
#8681=FACE_BOUND('',#8182,.T.);
#8682=FACE_BOUND('',#8183,.T.);
#8683=FACE_BOUND('',#8184,.T.);
#8684=FACE_BOUND('',#8185,.T.);
#8685=FACE_BOUND('',#8186,.T.);
#8686=FACE_BOUND('',#8187,.T.);
#8687=FACE_BOUND('',#8188,.T.);
#8688=FACE_BOUND('',#8189,.T.);
#8689=FACE_BOUND('',#8190,.T.);
#8690=FACE_BOUND('',#8191,.T.);
#8691=FACE_BOUND('',#8192,.T.);
#8692=FACE_BOUND('',#8193,.T.);
#8693=FACE_BOUND('',#8194,.T.);
#8694=FACE_BOUND('',#8195,.T.);
#8695=FACE_BOUND('',#8196,.T.);
#8696=FACE_BOUND('',#8197,.T.);
#8697=FACE_BOUND('',#8198,.T.);
#8698=FACE_BOUND('',#8199,.T.);
#8699=FACE_BOUND('',#8200,.T.);
#8700=FACE_BOUND('',#8201,.T.);
#8701=FACE_BOUND('',#8202,.T.);
#8702=FACE_BOUND('',#8203,.T.);
#8703=FACE_BOUND('',#8204,.T.);
#8704=FACE_BOUND('',#8205,.T.);
#8705=FACE_BOUND('',#8206,.T.);
#8706=FACE_BOUND('',#8207,.T.);
#8707=FACE_BOUND('',#8208,.T.);
#8708=FACE_BOUND('',#8209,.T.);
#8709=FACE_BOUND('',#8210,.T.);
#8710=FACE_BOUND('',#8211,.T.);
#8711=FACE_BOUND('',#8212,.T.);
#8712=FACE_BOUND('',#8213,.T.);
#8713=FACE_BOUND('',#8214,.T.);
#8714=FACE_BOUND('',#8215,.T.);
#8715=FACE_BOUND('',#8216,.T.);
#8716=FACE_BOUND('',#8217,.T.);
#8717=FACE_BOUND('',#8218,.T.);
#8718=FACE_BOUND('',#8219,.T.);
#8719=FACE_BOUND('',#8220,.T.);
#8720=FACE_BOUND('',#8221,.T.);
#8721=FACE_BOUND('',#8222,.T.);
#8722=FACE_BOUND('',#8223,.T.);
#8723=FACE_BOUND('',#8224,.T.);
#8724=FACE_BOUND('',#8225,.T.);
#8725=FACE_BOUND('',#8226,.T.);
#8726=FACE_BOUND('',#8227,.T.);
#8727=FACE_BOUND('',#8228,.T.);
#8728=FACE_BOUND('',#8229,.T.);
#8729=FACE_BOUND('',#8230,.T.);
#8730=FACE_BOUND('',#8231,.T.);
#8731=FACE_BOUND('',#8232,.T.);
#8732=FACE_BOUND('',#8233,.T.);
#8733=FACE_BOUND('',#8234,.T.);
#8734=FACE_BOUND('',#8235,.T.);
#8735=FACE_BOUND('',#8236,.T.);
#8736=FACE_BOUND('',#8237,.T.);
#8737=FACE_BOUND('',#8238,.T.);
#8738=FACE_BOUND('',#8239,.T.);
#8739=FACE_BOUND('',#8240,.T.);
#8740=FACE_BOUND('',#8241,.T.);
#8741=FACE_BOUND('',#8242,.T.);
#8742=FACE_BOUND('',#8243,.T.);
#8743=FACE_BOUND('',#8244,.T.);
#8744=FACE_BOUND('',#8245,.T.);
#8745=FACE_BOUND('',#8246,.T.);
#8746=FACE_BOUND('',#8247,.T.);
#8747=FACE_BOUND('',#8248,.T.);
#8748=FACE_BOUND('',#8249,.T.);
#8749=FACE_BOUND('',#8250,.T.);
#8750=FACE_BOUND('',#8251,.T.);
#8751=FACE_BOUND('',#8252,.T.);
#8752=FACE_BOUND('',#8253,.T.);
#8753=FACE_BOUND('',#8254,.T.);
#8754=FACE_BOUND('',#8255,.T.);
#8755=FACE_BOUND('',#8256,.T.);
#8756=FACE_BOUND('',#8257,.T.);
#8757=FACE_BOUND('',#8258,.T.);
#8758=FACE_BOUND('',#8259,.T.);
#8759=FACE_BOUND('',#8260,.T.);
#8760=FACE_BOUND('',#8261,.T.);
#8761=FACE_BOUND('',#8262,.T.);
#8762=FACE_BOUND('',#8263,.T.);
#8763=FACE_BOUND('',#8264,.T.);
#8764=FACE_BOUND('',#8265,.T.);
#8765=FACE_BOUND('',#8266,.T.);
#8766=FACE_BOUND('',#8267,.T.);
#8767=FACE_BOUND('',#8268,.T.);
#8768=FACE_BOUND('',#8269,.T.);
#8769=FACE_BOUND('',#8270,.T.);
#8770=FACE_BOUND('',#8271,.T.);
#8771=FACE_BOUND('',#8272,.T.);
#8772=FACE_BOUND('',#8273,.T.);
#8773=FACE_BOUND('',#8274,.T.);
#8774=FACE_BOUND('',#8275,.T.);
#8775=FACE_BOUND('',#8276,.T.);
#8776=FACE_BOUND('',#8277,.T.);
#8777=FACE_BOUND('',#8278,.T.);
#8778=FACE_BOUND('',#8279,.T.);
#8779=FACE_BOUND('',#8280,.T.);
#8780=FACE_BOUND('',#8281,.T.);
#8781=FACE_BOUND('',#8282,.T.);
#8782=FACE_BOUND('',#8283,.T.);
#8783=FACE_BOUND('',#8284,.T.);
#8784=FACE_BOUND('',#8285,.T.);
#8785=FACE_BOUND('',#8286,.T.);
#8786=FACE_BOUND('',#8287,.T.);
#8787=FACE_BOUND('',#8288,.T.);
#8788=FACE_BOUND('',#8289,.T.);
#8789=FACE_BOUND('',#8290,.T.);
#8790=FACE_BOUND('',#8291,.T.);
#8791=FACE_BOUND('',#8292,.T.);
#8792=FACE_BOUND('',#8293,.T.);
#8793=FACE_BOUND('',#8294,.T.);
#8794=FACE_BOUND('',#8295,.T.);
#8795=FACE_BOUND('',#8296,.T.);
#8796=FACE_BOUND('',#8297,.T.);
#8797=FACE_BOUND('',#8298,.T.);
#8798=FACE_BOUND('',#8299,.T.);
#8799=FACE_BOUND('',#8300,.T.);
#8800=FACE_BOUND('',#8301,.T.);
#8801=FACE_BOUND('',#8302,.T.);
#8802=FACE_BOUND('',#8303,.T.);
#8803=FACE_BOUND('',#8304,.T.);
#8804=FACE_BOUND('',#8305,.T.);
#8805=FACE_BOUND('',#8306,.T.);
#8806=FACE_BOUND('',#8307,.T.);
#8807=FACE_BOUND('',#8308,.T.);
#8808=FACE_BOUND('',#8309,.T.);
#8809=FACE_BOUND('',#8310,.T.);
#8810=FACE_BOUND('',#8311,.T.);
#8811=FACE_BOUND('',#8312,.T.);
#8812=FACE_BOUND('',#8313,.T.);
#8813=FACE_BOUND('',#8314,.T.);
#8814=FACE_BOUND('',#8315,.T.);
#8815=FACE_BOUND('',#8316,.T.);
#8816=FACE_BOUND('',#8317,.T.);
#8817=FACE_BOUND('',#8318,.T.);
#8818=FACE_BOUND('',#8319,.T.);
#8819=FACE_BOUND('',#8320,.T.);
#8820=FACE_BOUND('',#8321,.T.);
#8821=FACE_BOUND('',#8322,.T.);
#8822=FACE_BOUND('',#8323,.T.);
#8823=FACE_BOUND('',#8324,.T.);
#8824=FACE_BOUND('',#8325,.T.);
#8825=FACE_BOUND('',#8326,.T.);
#8826=FACE_BOUND('',#8327,.T.);
#8827=FACE_BOUND('',#8328,.T.);
#8828=FACE_BOUND('',#8329,.T.);
#8829=FACE_BOUND('',#8330,.T.);
#8830=FACE_BOUND('',#8331,.T.);
#8831=FACE_BOUND('',#8332,.T.);
#8832=FACE_BOUND('',#8333,.T.);
#8833=FACE_BOUND('',#8334,.T.);
#8834=FACE_BOUND('',#8335,.T.);
#8835=FACE_BOUND('',#8336,.T.);
#8836=FACE_BOUND('',#8337,.T.);
#8837=FACE_BOUND('',#8338,.T.);
#8838=FACE_BOUND('',#8339,.T.);
#8839=FACE_BOUND('',#8340,.T.);
#8840=FACE_BOUND('',#8341,.T.);
#8841=FACE_BOUND('',#8342,.T.);
#8842=FACE_BOUND('',#8343,.T.);
#8843=FACE_BOUND('',#8344,.T.);
#8844=FACE_BOUND('',#8345,.T.);
#8845=FACE_BOUND('',#8346,.T.);
#8846=FACE_BOUND('',#8347,.T.);
#8847=FACE_BOUND('',#8348,.T.);
#8848=FACE_BOUND('',#8349,.T.);
#8849=FACE_BOUND('',#8350,.T.);
#8850=FACE_BOUND('',#8351,.T.);
#8851=FACE_BOUND('',#8352,.T.);
#8852=FACE_BOUND('',#8353,.T.);
#8853=FACE_BOUND('',#8354,.T.);
#8854=FACE_BOUND('',#8355,.T.);
#8855=FACE_BOUND('',#8356,.T.);
#8856=FACE_BOUND('',#8357,.T.);
#8857=FACE_BOUND('',#8358,.T.);
#8858=FACE_BOUND('',#8359,.T.);
#8859=FACE_BOUND('',#8360,.T.);
#8860=FACE_BOUND('',#8361,.T.);
#8861=FACE_BOUND('',#8362,.T.);
#8862=FACE_BOUND('',#8363,.T.);
#8863=FACE_BOUND('',#8364,.T.);
#8864=FACE_BOUND('',#8365,.T.);
#8865=FACE_BOUND('',#8366,.T.);
#8866=FACE_BOUND('',#8367,.T.);
#8867=FACE_BOUND('',#8368,.T.);
#8868=FACE_BOUND('',#8369,.T.);
#8869=FACE_BOUND('',#8370,.T.);
#8870=FACE_BOUND('',#8371,.T.);
#8871=FACE_BOUND('',#8372,.T.);
#8872=FACE_BOUND('',#8373,.T.);
#8873=FACE_BOUND('',#8374,.T.);
#8874=FACE_BOUND('',#8375,.T.);
#8875=FACE_BOUND('',#8376,.T.);
#8876=FACE_BOUND('',#8377,.T.);
#8877=FACE_BOUND('',#8378,.T.);
#8878=FACE_BOUND('',#8379,.T.);
#8879=FACE_BOUND('',#8380,.T.);
#8880=FACE_BOUND('',#8381,.T.);
#8881=FACE_BOUND('',#8382,.T.);
#8882=FACE_BOUND('',#8383,.T.);
#8883=FACE_BOUND('',#8384,.T.);
#8884=FACE_BOUND('',#8385,.T.);
#8885=FACE_BOUND('',#8386,.T.);
#8886=FACE_BOUND('',#8387,.T.);
#8887=FACE_BOUND('',#8388,.T.);
#8888=FACE_BOUND('',#8389,.T.);
#8889=FACE_BOUND('',#8390,.T.);
#8890=FACE_BOUND('',#8391,.T.);
#8891=FACE_BOUND('',#8392,.T.);
#8892=FACE_BOUND('',#8393,.T.);
#8893=FACE_BOUND('',#8394,.T.);
#8894=FACE_BOUND('',#8395,.T.);
#8895=FACE_BOUND('',#8396,.T.);
#8896=FACE_BOUND('',#8397,.T.);
#8897=FACE_BOUND('',#8398,.T.);
#8898=FACE_BOUND('',#8399,.T.);
#8899=FACE_BOUND('',#8400,.T.);
#8900=FACE_BOUND('',#8401,.T.);
#8901=FACE_BOUND('',#8402,.T.);
#8902=FACE_BOUND('',#8403,.T.);
#8903=FACE_BOUND('',#8404,.T.);
#8904=FACE_BOUND('',#8405,.T.);
#8905=FACE_BOUND('',#8406,.T.);
#8906=FACE_BOUND('',#8407,.T.);
#8907=FACE_BOUND('',#8408,.T.);
#8908=FACE_BOUND('',#8409,.T.);
#8909=FACE_BOUND('',#8410,.T.);
#8910=FACE_BOUND('',#8411,.T.);
#8911=FACE_BOUND('',#8412,.T.);
#8912=FACE_BOUND('',#8413,.T.);
#8913=FACE_BOUND('',#8414,.T.);
#8914=FACE_BOUND('',#8415,.T.);
#8915=FACE_BOUND('',#8416,.T.);
#8916=FACE_BOUND('',#8417,.T.);
#8917=FACE_BOUND('',#8418,.T.);
#8918=FACE_BOUND('',#8419,.T.);
#8919=FACE_BOUND('',#8420,.T.);
#8920=FACE_BOUND('',#8421,.T.);
#8921=FACE_BOUND('',#8422,.T.);
#8922=FACE_BOUND('',#8423,.T.);
#8923=PLANE('',#9868);
#8924=PLANE('',#9875);
#8925=PLANE('',#9882);
#8926=PLANE('',#9883);
#8927=PLANE('',#9884);
#8928=PLANE('',#9885);
#8929=PLANE('',#9886);
#8930=PLANE('',#9887);
#8931=PLANE('',#9888);
#8932=PLANE('',#9889);
#8933=PLANE('',#9890);
#8934=PLANE('',#9891);
#8935=PLANE('',#9892);
#8936=PLANE('',#9893);
#8937=PLANE('',#9894);
#8938=PLANE('',#9895);
#8939=PLANE('',#9896);
#8940=PLANE('',#9897);
#8941=PLANE('',#9898);
#8942=PLANE('',#9899);
#8943=PLANE('',#9900);
#8944=PLANE('',#9901);
#8945=PLANE('',#9902);
#8946=PLANE('',#9903);
#8947=PLANE('',#9904);
#8948=PLANE('',#9905);
#8949=PLANE('',#9906);
#8950=PLANE('',#9907);
#8951=PLANE('',#9908);
#8952=PLANE('',#9909);
#8953=PLANE('',#9910);
#8954=PLANE('',#9911);
#8955=PLANE('',#9912);
#8956=PLANE('',#9913);
#8957=PLANE('',#9914);
#8958=PLANE('',#9915);
#8959=PLANE('',#9916);
#8960=PLANE('',#9917);
#8961=PLANE('',#9918);
#8962=PLANE('',#9919);
#8963=PLANE('',#9920);
#8964=PLANE('',#9921);
#8965=PLANE('',#9922);
#8966=PLANE('',#9923);
#8967=PLANE('',#9924);
#8968=PLANE('',#9925);
#8969=PLANE('',#9926);
#8970=PLANE('',#9927);
#8971=PLANE('',#9928);
#8972=PLANE('',#9929);
#8973=PLANE('',#9930);
#8974=PLANE('',#9931);
#8975=PLANE('',#9932);
#8976=PLANE('',#9933);
#8977=PLANE('',#9934);
#8978=PLANE('',#9935);
#8979=PLANE('',#9936);
#8980=PLANE('',#9937);
#8981=PLANE('',#9938);
#8982=PLANE('',#9939);
#8983=PLANE('',#9940);
#8984=PLANE('',#9941);
#8985=PLANE('',#9942);
#8986=PLANE('',#9943);
#8987=PLANE('',#9944);
#8988=PLANE('',#9945);
#8989=PLANE('',#9946);
#8990=PLANE('',#9947);
#8991=PLANE('',#9948);
#8992=PLANE('',#9949);
#8993=PLANE('',#9950);
#8994=PLANE('',#9951);
#8995=PLANE('',#9952);
#8996=PLANE('',#9953);
#8997=PLANE('',#9954);
#8998=PLANE('',#9955);
#8999=PLANE('',#9956);
#9000=PLANE('',#9957);
#9001=PLANE('',#9958);
#9002=PLANE('',#9959);
#9003=PLANE('',#9960);
#9004=PLANE('',#9961);
#9005=PLANE('',#9962);
#9006=PLANE('',#9963);
#9007=PLANE('',#9964);
#9008=PLANE('',#9965);
#9009=PLANE('',#9966);
#9010=PLANE('',#9967);
#9011=PLANE('',#9968);
#9012=PLANE('',#9969);
#9013=PLANE('',#9970);
#9014=PLANE('',#9971);
#9015=PLANE('',#9972);
#9016=PLANE('',#9973);
#9017=PLANE('',#9974);
#9018=PLANE('',#9975);
#9019=PLANE('',#9976);
#9020=PLANE('',#9977);
#9021=PLANE('',#9978);
#9022=PLANE('',#9979);
#9023=PLANE('',#9980);
#9024=PLANE('',#9981);
#9025=PLANE('',#9982);
#9026=PLANE('',#9983);
#9027=PLANE('',#9984);
#9028=PLANE('',#9985);
#9029=PLANE('',#9986);
#9030=PLANE('',#9987);
#9031=PLANE('',#9988);
#9032=PLANE('',#9989);
#9033=PLANE('',#9990);
#9034=PLANE('',#9991);
#9035=PLANE('',#9992);
#9036=PLANE('',#9993);
#9037=PLANE('',#9994);
#9038=PLANE('',#9995);
#9039=PLANE('',#9996);
#9040=PLANE('',#9997);
#9041=PLANE('',#9998);
#9042=PLANE('',#9999);
#9043=PLANE('',#10000);
#9044=PLANE('',#10001);
#9045=PLANE('',#10002);
#9046=PLANE('',#10003);
#9047=PLANE('',#10004);
#9048=PLANE('',#10005);
#9049=PLANE('',#10006);
#9050=PLANE('',#10007);
#9051=PLANE('',#10008);
#9052=PLANE('',#10009);
#9053=PLANE('',#10010);
#9054=PLANE('',#10011);
#9055=PLANE('',#10012);
#9056=PLANE('',#10013);
#9057=PLANE('',#10014);
#9058=PLANE('',#10015);
#9059=PLANE('',#10016);
#9060=PLANE('',#10017);
#9061=PLANE('',#10018);
#9062=PLANE('',#10019);
#9063=PLANE('',#10020);
#9064=PLANE('',#10021);
#9065=PLANE('',#10022);
#9066=PLANE('',#10023);
#9067=PLANE('',#10024);
#9068=PLANE('',#10025);
#9069=PLANE('',#10026);
#9070=PLANE('',#10027);
#9071=PLANE('',#10028);
#9072=PLANE('',#10029);
#9073=PLANE('',#10030);
#9074=PLANE('',#10031);
#9075=PLANE('',#10032);
#9076=PLANE('',#10033);
#9077=PLANE('',#10034);
#9078=PLANE('',#10035);
#9079=PLANE('',#10036);
#9080=PLANE('',#10037);
#9081=PLANE('',#10038);
#9082=PLANE('',#10039);
#9083=PLANE('',#10040);
#9084=PLANE('',#10041);
#9085=PLANE('',#10042);
#9086=PLANE('',#10043);
#9087=PLANE('',#10044);
#9088=PLANE('',#10045);
#9089=PLANE('',#10046);
#9090=PLANE('',#10047);
#9091=PLANE('',#10048);
#9092=PLANE('',#10049);
#9093=PLANE('',#10050);
#9094=PLANE('',#10051);
#9095=PLANE('',#10052);
#9096=PLANE('',#10053);
#9097=PLANE('',#10054);
#9098=PLANE('',#10055);
#9099=PLANE('',#10056);
#9100=PLANE('',#10057);
#9101=PLANE('',#10058);
#9102=PLANE('',#10059);
#9103=PLANE('',#10060);
#9104=PLANE('',#10061);
#9105=PLANE('',#10062);
#9106=PLANE('',#10063);
#9107=PLANE('',#10064);
#9108=PLANE('',#10065);
#9109=PLANE('',#10066);
#9110=PLANE('',#10067);
#9111=PLANE('',#10068);
#9112=PLANE('',#10069);
#9113=PLANE('',#10070);
#9114=PLANE('',#10071);
#9115=PLANE('',#10072);
#9116=PLANE('',#10073);
#9117=PLANE('',#10074);
#9118=PLANE('',#10075);
#9119=PLANE('',#10076);
#9120=PLANE('',#10077);
#9121=PLANE('',#10078);
#9122=PLANE('',#10079);
#9123=PLANE('',#10080);
#9124=PLANE('',#10081);
#9125=PLANE('',#10082);
#9126=PLANE('',#10083);
#9127=PLANE('',#10084);
#9128=PLANE('',#10085);
#9129=PLANE('',#10086);
#9130=PLANE('',#10087);
#9131=PLANE('',#10088);
#9132=PLANE('',#10089);
#9133=PLANE('',#10090);
#9134=PLANE('',#10091);
#9135=PLANE('',#10092);
#9136=PLANE('',#10093);
#9137=PLANE('',#10094);
#9138=PLANE('',#10095);
#9139=PLANE('',#10096);
#9140=PLANE('',#10097);
#9141=PLANE('',#10098);
#9142=PLANE('',#10099);
#9143=PLANE('',#10100);
#9144=PLANE('',#10101);
#9145=PLANE('',#10102);
#9146=PLANE('',#10103);
#9147=PLANE('',#10104);
#9148=PLANE('',#10105);
#9149=PLANE('',#10106);
#9150=PLANE('',#10107);
#9151=PLANE('',#10108);
#9152=PLANE('',#10109);
#9153=PLANE('',#10110);
#9154=PLANE('',#10111);
#9155=PLANE('',#10112);
#9156=PLANE('',#10113);
#9157=PLANE('',#10114);
#9158=PLANE('',#10115);
#9159=PLANE('',#10116);
#9160=PLANE('',#10117);
#9161=PLANE('',#10118);
#9162=PLANE('',#10119);
#9163=PLANE('',#10120);
#9164=PLANE('',#10121);
#9165=PLANE('',#10122);
#9166=PLANE('',#10123);
#9167=PLANE('',#10124);
#9168=PLANE('',#10125);
#9169=PLANE('',#10126);
#9170=PLANE('',#10127);
#9171=PLANE('',#10128);
#9172=PLANE('',#10129);
#9173=PLANE('',#10130);
#9174=PLANE('',#10131);
#9175=PLANE('',#10132);
#9176=PLANE('',#10133);
#9177=PLANE('',#10134);
#9178=PLANE('',#10135);
#9179=PLANE('',#10136);
#9180=PLANE('',#10137);
#9181=PLANE('',#10138);
#9182=PLANE('',#10139);
#9183=PLANE('',#10140);
#9184=PLANE('',#10141);
#9185=PLANE('',#10142);
#9186=PLANE('',#10143);
#9187=PLANE('',#10144);
#9188=PLANE('',#10145);
#9189=PLANE('',#10146);
#9190=PLANE('',#10147);
#9191=PLANE('',#10148);
#9192=PLANE('',#10149);
#9193=PLANE('',#10150);
#9194=PLANE('',#10151);
#9195=PLANE('',#10152);
#9196=PLANE('',#10153);
#9197=PLANE('',#10154);
#9198=PLANE('',#10155);
#9199=PLANE('',#10156);
#9200=PLANE('',#10157);
#9201=PLANE('',#10158);
#9202=PLANE('',#10159);
#9203=PLANE('',#10160);
#9204=PLANE('',#10161);
#9205=PLANE('',#10162);
#9206=PLANE('',#10163);
#9207=PLANE('',#10164);
#9208=PLANE('',#10165);
#9209=PLANE('',#10166);
#9210=PLANE('',#10167);
#9211=PLANE('',#10168);
#9212=PLANE('',#10169);
#9213=PLANE('',#10170);
#9214=PLANE('',#10171);
#9215=PLANE('',#10172);
#9216=PLANE('',#10173);
#9217=PLANE('',#10174);
#9218=PLANE('',#10175);
#9219=PLANE('',#10176);
#9220=PLANE('',#10177);
#9221=PLANE('',#10178);
#9222=PLANE('',#10179);
#9223=PLANE('',#10180);
#9224=PLANE('',#10181);
#9225=PLANE('',#10182);
#9226=PLANE('',#10183);
#9227=PLANE('',#10184);
#9228=PLANE('',#10185);
#9229=PLANE('',#10186);
#9230=PLANE('',#10187);
#9231=PLANE('',#10188);
#9232=PLANE('',#10189);
#9233=PLANE('',#10190);
#9234=PLANE('',#10191);
#9235=PLANE('',#10192);
#9236=PLANE('',#10193);
#9237=PLANE('',#10194);
#9238=PLANE('',#10195);
#9239=PLANE('',#10196);
#9240=PLANE('',#10197);
#9241=PLANE('',#10198);
#9242=PLANE('',#10199);
#9243=PLANE('',#10200);
#9244=PLANE('',#10201);
#9245=PLANE('',#10202);
#9246=PLANE('',#10203);
#9247=PLANE('',#10204);
#9248=PLANE('',#10205);
#9249=PLANE('',#10206);
#9250=PLANE('',#10207);
#9251=PLANE('',#10208);
#9252=PLANE('',#10209);
#9253=PLANE('',#10210);
#9254=PLANE('',#10211);
#9255=PLANE('',#10212);
#9256=PLANE('',#10213);
#9257=PLANE('',#10214);
#9258=PLANE('',#10215);
#9259=PLANE('',#10216);
#9260=PLANE('',#10217);
#9261=PLANE('',#10218);
#9262=PLANE('',#10219);
#9263=PLANE('',#10220);
#9264=PLANE('',#10221);
#9265=PLANE('',#10222);
#9266=PLANE('',#10223);
#9267=PLANE('',#10224);
#9268=PLANE('',#10225);
#9269=PLANE('',#10226);
#9270=PLANE('',#10227);
#9271=PLANE('',#10228);
#9272=PLANE('',#10229);
#9273=PLANE('',#10230);
#9274=PLANE('',#10231);
#9275=PLANE('',#10232);
#9276=PLANE('',#10233);
#9277=PLANE('',#10234);
#9278=PLANE('',#10235);
#9279=PLANE('',#10236);
#9280=PLANE('',#10237);
#9281=PLANE('',#10238);
#9282=PLANE('',#10239);
#9283=PLANE('',#10240);
#9284=PLANE('',#10241);
#9285=PLANE('',#10242);
#9286=PLANE('',#10243);
#9287=PLANE('',#10244);
#9288=PLANE('',#10245);
#9289=PLANE('',#10246);
#9290=PLANE('',#10247);
#9291=PLANE('',#10248);
#9292=PLANE('',#10249);
#9293=PLANE('',#10250);
#9294=PLANE('',#10251);
#9295=PLANE('',#10252);
#9296=PLANE('',#10253);
#9297=PLANE('',#10254);
#9298=PLANE('',#10255);
#9299=PLANE('',#10256);
#9300=PLANE('',#10257);
#9301=PLANE('',#10258);
#9302=PLANE('',#10259);
#9303=PLANE('',#10260);
#9304=PLANE('',#10261);
#9305=PLANE('',#10262);
#9306=PLANE('',#10263);
#9307=PLANE('',#10264);
#9308=PLANE('',#10265);
#9309=PLANE('',#10266);
#9310=PLANE('',#10267);
#9311=PLANE('',#10268);
#9312=PLANE('',#10269);
#9313=PLANE('',#10270);
#9314=PLANE('',#10271);
#9315=PLANE('',#10272);
#9316=PLANE('',#10273);
#9317=PLANE('',#10274);
#9318=PLANE('',#10275);
#9319=PLANE('',#10276);
#9320=PLANE('',#10277);
#9321=PLANE('',#10278);
#9322=PLANE('',#10279);
#9323=PLANE('',#10280);
#9324=PLANE('',#10281);
#9325=PLANE('',#10282);
#9326=PLANE('',#10283);
#9327=PLANE('',#10284);
#9328=PLANE('',#10285);
#9329=PLANE('',#10286);
#9330=PLANE('',#10287);
#9331=PLANE('',#10288);
#9332=PLANE('',#10289);
#9333=PLANE('',#10290);
#9334=PLANE('',#10291);
#9335=PLANE('',#10292);
#9336=PLANE('',#10293);
#9337=PLANE('',#10294);
#9338=PLANE('',#10295);
#9339=PLANE('',#10296);
#9340=PLANE('',#10297);
#9341=PLANE('',#10298);
#9342=PLANE('',#10299);
#9343=PLANE('',#10300);
#9344=PLANE('',#10301);
#9345=PLANE('',#10302);
#9346=PLANE('',#10303);
#9347=PLANE('',#10304);
#9348=PLANE('',#10305);
#9349=PLANE('',#10306);
#9350=PLANE('',#10307);
#9351=PLANE('',#10308);
#9352=PLANE('',#10309);
#9353=PLANE('',#10310);
#9354=PLANE('',#10311);
#9355=PLANE('',#10312);
#9356=PLANE('',#10313);
#9357=PLANE('',#10314);
#9358=PLANE('',#10315);
#9359=PLANE('',#10316);
#9360=PLANE('',#10317);
#9361=PLANE('',#10318);
#9362=PLANE('',#10319);
#9363=PLANE('',#10320);
#9364=PLANE('',#10321);
#9365=PLANE('',#10322);
#9366=PLANE('',#10323);
#9367=PLANE('',#10324);
#9368=PLANE('',#10325);
#9369=PLANE('',#10326);
#9370=PLANE('',#10327);
#9371=PLANE('',#10328);
#9372=PLANE('',#10329);
#9373=PLANE('',#10330);
#9374=PLANE('',#10331);
#9375=PLANE('',#10332);
#9376=PLANE('',#10333);
#9377=PLANE('',#10334);
#9378=PLANE('',#10335);
#9379=PLANE('',#10336);
#9380=PLANE('',#10337);
#9381=PLANE('',#10338);
#9382=PLANE('',#10345);
#9383=PLANE('',#10346);
#9384=PLANE('',#10347);
#9385=PLANE('',#10348);
#9386=ADVANCED_FACE('',(#8424,#8425,#8426,#8427,#8428,#8429,#8430,#8431,
#8432,#8433,#8434,#8435,#8436,#8437),#8923,.T.);
#9387=ADVANCED_FACE('',(#8438,#8439,#8440,#8441,#8442,#8443,#8444,#8445,
#8446,#8447,#8448,#8449,#8450,#8451),#8924,.F.);
#9388=ADVANCED_FACE('',(#8452),#8925,.F.);
#9389=ADVANCED_FACE('',(#8453),#8926,.F.);
#9390=ADVANCED_FACE('',(#8454),#8927,.F.);
#9391=ADVANCED_FACE('',(#8455),#8928,.F.);
#9392=ADVANCED_FACE('',(#8456),#8929,.F.);
#9393=ADVANCED_FACE('',(#8457),#8930,.F.);
#9394=ADVANCED_FACE('',(#8458),#8931,.F.);
#9395=ADVANCED_FACE('',(#8459),#8932,.F.);
#9396=ADVANCED_FACE('',(#8460),#8933,.F.);
#9397=ADVANCED_FACE('',(#8461),#8934,.F.);
#9398=ADVANCED_FACE('',(#8462),#8935,.F.);
#9399=ADVANCED_FACE('',(#8463),#8936,.F.);
#9400=ADVANCED_FACE('',(#8464),#8937,.F.);
#9401=ADVANCED_FACE('',(#8465),#8938,.F.);
#9402=ADVANCED_FACE('',(#8466),#8939,.F.);
#9403=ADVANCED_FACE('',(#8467),#8940,.F.);
#9404=ADVANCED_FACE('',(#8468),#8941,.F.);
#9405=ADVANCED_FACE('',(#8469),#8942,.F.);
#9406=ADVANCED_FACE('',(#8470),#8943,.F.);
#9407=ADVANCED_FACE('',(#8471),#8944,.F.);
#9408=ADVANCED_FACE('',(#8472),#8945,.F.);
#9409=ADVANCED_FACE('',(#8473),#8946,.F.);
#9410=ADVANCED_FACE('',(#8474),#8947,.F.);
#9411=ADVANCED_FACE('',(#8475),#8948,.F.);
#9412=ADVANCED_FACE('',(#8476),#8949,.F.);
#9413=ADVANCED_FACE('',(#8477),#8950,.F.);
#9414=ADVANCED_FACE('',(#8478),#8951,.F.);
#9415=ADVANCED_FACE('',(#8479),#8952,.F.);
#9416=ADVANCED_FACE('',(#8480),#8953,.F.);
#9417=ADVANCED_FACE('',(#8481),#8954,.F.);
#9418=ADVANCED_FACE('',(#8482),#8955,.F.);
#9419=ADVANCED_FACE('',(#8483),#8956,.F.);
#9420=ADVANCED_FACE('',(#8484),#8957,.F.);
#9421=ADVANCED_FACE('',(#8485),#8958,.F.);
#9422=ADVANCED_FACE('',(#8486),#8959,.F.);
#9423=ADVANCED_FACE('',(#8487),#8960,.F.);
#9424=ADVANCED_FACE('',(#8488),#8961,.F.);
#9425=ADVANCED_FACE('',(#8489),#8962,.F.);
#9426=ADVANCED_FACE('',(#8490),#8963,.F.);
#9427=ADVANCED_FACE('',(#8491),#8964,.F.);
#9428=ADVANCED_FACE('',(#8492),#8965,.F.);
#9429=ADVANCED_FACE('',(#8493),#8966,.F.);
#9430=ADVANCED_FACE('',(#8494),#8967,.F.);
#9431=ADVANCED_FACE('',(#8495),#8968,.F.);
#9432=ADVANCED_FACE('',(#8496),#8969,.F.);
#9433=ADVANCED_FACE('',(#8497),#8970,.F.);
#9434=ADVANCED_FACE('',(#8498),#8971,.F.);
#9435=ADVANCED_FACE('',(#8499),#8972,.F.);
#9436=ADVANCED_FACE('',(#8500),#8973,.F.);
#9437=ADVANCED_FACE('',(#8501),#8974,.F.);
#9438=ADVANCED_FACE('',(#8502),#8975,.T.);
#9439=ADVANCED_FACE('',(#8503),#8976,.T.);
#9440=ADVANCED_FACE('',(#8504),#8977,.T.);
#9441=ADVANCED_FACE('',(#8505),#8978,.T.);
#9442=ADVANCED_FACE('',(#8506),#8979,.T.);
#9443=ADVANCED_FACE('',(#8507),#8980,.T.);
#9444=ADVANCED_FACE('',(#8508),#8981,.T.);
#9445=ADVANCED_FACE('',(#8509),#8982,.T.);
#9446=ADVANCED_FACE('',(#8510),#8983,.T.);
#9447=ADVANCED_FACE('',(#8511),#8984,.T.);
#9448=ADVANCED_FACE('',(#8512),#8985,.T.);
#9449=ADVANCED_FACE('',(#8513),#8986,.T.);
#9450=ADVANCED_FACE('',(#8514),#8987,.T.);
#9451=ADVANCED_FACE('',(#8515),#8988,.T.);
#9452=ADVANCED_FACE('',(#8516),#8989,.T.);
#9453=ADVANCED_FACE('',(#8517),#8990,.T.);
#9454=ADVANCED_FACE('',(#8518),#8991,.T.);
#9455=ADVANCED_FACE('',(#8519),#8992,.T.);
#9456=ADVANCED_FACE('',(#8520),#8993,.T.);
#9457=ADVANCED_FACE('',(#8521),#8994,.T.);
#9458=ADVANCED_FACE('',(#8522),#8995,.T.);
#9459=ADVANCED_FACE('',(#8523),#8996,.T.);
#9460=ADVANCED_FACE('',(#8524),#8997,.T.);
#9461=ADVANCED_FACE('',(#8525),#8998,.T.);
#9462=ADVANCED_FACE('',(#8526),#8999,.T.);
#9463=ADVANCED_FACE('',(#8527),#9000,.T.);
#9464=ADVANCED_FACE('',(#8528),#9001,.T.);
#9465=ADVANCED_FACE('',(#8529),#9002,.T.);
#9466=ADVANCED_FACE('',(#8530),#9003,.T.);
#9467=ADVANCED_FACE('',(#8531),#9004,.T.);
#9468=ADVANCED_FACE('',(#8532),#9005,.T.);
#9469=ADVANCED_FACE('',(#8533),#9006,.T.);
#9470=ADVANCED_FACE('',(#8534),#9007,.T.);
#9471=ADVANCED_FACE('',(#8535),#9008,.T.);
#9472=ADVANCED_FACE('',(#8536),#9009,.T.);
#9473=ADVANCED_FACE('',(#8537),#9010,.T.);
#9474=ADVANCED_FACE('',(#8538),#9011,.T.);
#9475=ADVANCED_FACE('',(#8539),#9012,.T.);
#9476=ADVANCED_FACE('',(#8540),#9013,.T.);
#9477=ADVANCED_FACE('',(#8541),#9014,.T.);
#9478=ADVANCED_FACE('',(#8542),#9015,.T.);
#9479=ADVANCED_FACE('',(#8543),#9016,.T.);
#9480=ADVANCED_FACE('',(#8544),#9017,.T.);
#9481=ADVANCED_FACE('',(#8545),#9018,.T.);
#9482=ADVANCED_FACE('',(#8546),#9019,.T.);
#9483=ADVANCED_FACE('',(#8547),#9020,.T.);
#9484=ADVANCED_FACE('',(#8548),#9021,.T.);
#9485=ADVANCED_FACE('',(#8549),#9022,.T.);
#9486=ADVANCED_FACE('',(#8550),#9023,.T.);
#9487=ADVANCED_FACE('',(#8551),#9024,.T.);
#9488=ADVANCED_FACE('',(#8552),#9025,.T.);
#9489=ADVANCED_FACE('',(#8553),#9026,.T.);
#9490=ADVANCED_FACE('',(#8554),#9027,.T.);
#9491=ADVANCED_FACE('',(#8555),#9028,.T.);
#9492=ADVANCED_FACE('',(#8556),#9029,.T.);
#9493=ADVANCED_FACE('',(#8557),#9030,.T.);
#9494=ADVANCED_FACE('',(#8558),#9031,.T.);
#9495=ADVANCED_FACE('',(#8559),#9032,.T.);
#9496=ADVANCED_FACE('',(#8560),#9033,.T.);
#9497=ADVANCED_FACE('',(#8561),#9034,.T.);
#9498=ADVANCED_FACE('',(#8562),#9035,.T.);
#9499=ADVANCED_FACE('',(#8563),#9036,.T.);
#9500=ADVANCED_FACE('',(#8564),#9037,.T.);
#9501=ADVANCED_FACE('',(#8565),#9038,.T.);
#9502=ADVANCED_FACE('',(#8566),#9039,.T.);
#9503=ADVANCED_FACE('',(#8567),#9040,.T.);
#9504=ADVANCED_FACE('',(#8568),#9041,.T.);
#9505=ADVANCED_FACE('',(#8569),#9042,.T.);
#9506=ADVANCED_FACE('',(#8570),#9043,.T.);
#9507=ADVANCED_FACE('',(#8571),#9044,.T.);
#9508=ADVANCED_FACE('',(#8572),#9045,.T.);
#9509=ADVANCED_FACE('',(#8573),#9046,.T.);
#9510=ADVANCED_FACE('',(#8574),#9047,.T.);
#9511=ADVANCED_FACE('',(#8575),#9048,.T.);
#9512=ADVANCED_FACE('',(#8576),#9049,.T.);
#9513=ADVANCED_FACE('',(#8577),#9050,.T.);
#9514=ADVANCED_FACE('',(#8578),#9051,.T.);
#9515=ADVANCED_FACE('',(#8579),#9052,.T.);
#9516=ADVANCED_FACE('',(#8580),#9053,.T.);
#9517=ADVANCED_FACE('',(#8581),#9054,.T.);
#9518=ADVANCED_FACE('',(#8582),#9055,.T.);
#9519=ADVANCED_FACE('',(#8583),#9056,.T.);
#9520=ADVANCED_FACE('',(#8584),#9057,.T.);
#9521=ADVANCED_FACE('',(#8585),#9058,.T.);
#9522=ADVANCED_FACE('',(#8586),#9059,.T.);
#9523=ADVANCED_FACE('',(#8587),#9060,.T.);
#9524=ADVANCED_FACE('',(#8588),#9061,.T.);
#9525=ADVANCED_FACE('',(#8589),#9062,.T.);
#9526=ADVANCED_FACE('',(#8590),#9063,.T.);
#9527=ADVANCED_FACE('',(#8591),#9064,.T.);
#9528=ADVANCED_FACE('',(#8592),#9065,.T.);
#9529=ADVANCED_FACE('',(#8593),#9066,.T.);
#9530=ADVANCED_FACE('',(#8594),#9067,.T.);
#9531=ADVANCED_FACE('',(#8595),#9068,.T.);
#9532=ADVANCED_FACE('',(#8596),#9069,.T.);
#9533=ADVANCED_FACE('',(#8597),#9070,.T.);
#9534=ADVANCED_FACE('',(#8598),#9071,.T.);
#9535=ADVANCED_FACE('',(#8599),#9072,.T.);
#9536=ADVANCED_FACE('',(#8600),#9073,.T.);
#9537=ADVANCED_FACE('',(#8601),#9074,.T.);
#9538=ADVANCED_FACE('',(#8602),#9075,.T.);
#9539=ADVANCED_FACE('',(#8603),#9076,.T.);
#9540=ADVANCED_FACE('',(#8604),#9077,.T.);
#9541=ADVANCED_FACE('',(#8605),#9078,.T.);
#9542=ADVANCED_FACE('',(#8606),#9079,.T.);
#9543=ADVANCED_FACE('',(#8607),#9080,.T.);
#9544=ADVANCED_FACE('',(#8608),#9081,.T.);
#9545=ADVANCED_FACE('',(#8609),#9082,.T.);
#9546=ADVANCED_FACE('',(#8610),#9083,.T.);
#9547=ADVANCED_FACE('',(#8611),#9084,.T.);
#9548=ADVANCED_FACE('',(#8612),#9085,.T.);
#9549=ADVANCED_FACE('',(#8613),#9086,.T.);
#9550=ADVANCED_FACE('',(#8614),#9087,.T.);
#9551=ADVANCED_FACE('',(#8615),#9088,.T.);
#9552=ADVANCED_FACE('',(#8616),#9089,.T.);
#9553=ADVANCED_FACE('',(#8617),#9090,.T.);
#9554=ADVANCED_FACE('',(#8618),#9091,.T.);
#9555=ADVANCED_FACE('',(#8619),#9092,.T.);
#9556=ADVANCED_FACE('',(#8620),#9093,.T.);
#9557=ADVANCED_FACE('',(#8621),#9094,.T.);
#9558=ADVANCED_FACE('',(#8622),#9095,.T.);
#9559=ADVANCED_FACE('',(#8623),#9096,.T.);
#9560=ADVANCED_FACE('',(#8624),#9097,.T.);
#9561=ADVANCED_FACE('',(#8625),#9098,.T.);
#9562=ADVANCED_FACE('',(#8626),#9099,.T.);
#9563=ADVANCED_FACE('',(#8627),#9100,.T.);
#9564=ADVANCED_FACE('',(#8628),#9101,.T.);
#9565=ADVANCED_FACE('',(#8629),#9102,.T.);
#9566=ADVANCED_FACE('',(#8630),#9103,.T.);
#9567=ADVANCED_FACE('',(#8631),#9104,.T.);
#9568=ADVANCED_FACE('',(#8632),#9105,.T.);
#9569=ADVANCED_FACE('',(#8633),#9106,.T.);
#9570=ADVANCED_FACE('',(#8634),#9107,.T.);
#9571=ADVANCED_FACE('',(#8635),#9108,.T.);
#9572=ADVANCED_FACE('',(#8636),#9109,.T.);
#9573=ADVANCED_FACE('',(#8637),#9110,.T.);
#9574=ADVANCED_FACE('',(#8638),#9111,.T.);
#9575=ADVANCED_FACE('',(#8639),#9112,.T.);
#9576=ADVANCED_FACE('',(#8640),#9113,.T.);
#9577=ADVANCED_FACE('',(#8641),#9114,.T.);
#9578=ADVANCED_FACE('',(#8642),#9115,.T.);
#9579=ADVANCED_FACE('',(#8643),#9116,.T.);
#9580=ADVANCED_FACE('',(#8644),#9117,.T.);
#9581=ADVANCED_FACE('',(#8645),#9118,.T.);
#9582=ADVANCED_FACE('',(#8646),#9119,.T.);
#9583=ADVANCED_FACE('',(#8647),#9120,.T.);
#9584=ADVANCED_FACE('',(#8648),#9121,.T.);
#9585=ADVANCED_FACE('',(#8649),#9122,.T.);
#9586=ADVANCED_FACE('',(#8650),#9123,.T.);
#9587=ADVANCED_FACE('',(#8651),#9124,.T.);
#9588=ADVANCED_FACE('',(#8652),#9125,.T.);
#9589=ADVANCED_FACE('',(#8653),#9126,.T.);
#9590=ADVANCED_FACE('',(#8654),#9127,.T.);
#9591=ADVANCED_FACE('',(#8655),#9128,.T.);
#9592=ADVANCED_FACE('',(#8656),#9129,.T.);
#9593=ADVANCED_FACE('',(#8657),#9130,.T.);
#9594=ADVANCED_FACE('',(#8658),#9131,.T.);
#9595=ADVANCED_FACE('',(#8659),#9132,.T.);
#9596=ADVANCED_FACE('',(#8660),#9133,.T.);
#9597=ADVANCED_FACE('',(#8661),#9134,.T.);
#9598=ADVANCED_FACE('',(#8662),#9135,.T.);
#9599=ADVANCED_FACE('',(#8663),#9136,.T.);
#9600=ADVANCED_FACE('',(#8664),#9137,.T.);
#9601=ADVANCED_FACE('',(#8665),#9138,.T.);
#9602=ADVANCED_FACE('',(#8666),#9139,.T.);
#9603=ADVANCED_FACE('',(#8667),#9140,.T.);
#9604=ADVANCED_FACE('',(#8668),#9141,.T.);
#9605=ADVANCED_FACE('',(#8669),#9142,.T.);
#9606=ADVANCED_FACE('',(#8670),#9143,.T.);
#9607=ADVANCED_FACE('',(#8671),#9144,.T.);
#9608=ADVANCED_FACE('',(#8672),#9145,.T.);
#9609=ADVANCED_FACE('',(#8673),#9146,.T.);
#9610=ADVANCED_FACE('',(#8674),#9147,.T.);
#9611=ADVANCED_FACE('',(#8675),#9148,.T.);
#9612=ADVANCED_FACE('',(#8676),#9149,.T.);
#9613=ADVANCED_FACE('',(#8677),#9150,.T.);
#9614=ADVANCED_FACE('',(#8678),#9151,.T.);
#9615=ADVANCED_FACE('',(#8679),#9152,.T.);
#9616=ADVANCED_FACE('',(#8680),#9153,.F.);
#9617=ADVANCED_FACE('',(#8681),#9154,.F.);
#9618=ADVANCED_FACE('',(#8682),#9155,.F.);
#9619=ADVANCED_FACE('',(#8683),#9156,.F.);
#9620=ADVANCED_FACE('',(#8684),#9157,.F.);
#9621=ADVANCED_FACE('',(#8685),#9158,.F.);
#9622=ADVANCED_FACE('',(#8686),#9159,.F.);
#9623=ADVANCED_FACE('',(#8687),#9160,.F.);
#9624=ADVANCED_FACE('',(#8688),#9161,.F.);
#9625=ADVANCED_FACE('',(#8689),#9162,.F.);
#9626=ADVANCED_FACE('',(#8690),#9163,.F.);
#9627=ADVANCED_FACE('',(#8691),#9164,.F.);
#9628=ADVANCED_FACE('',(#8692),#9165,.F.);
#9629=ADVANCED_FACE('',(#8693),#9166,.F.);
#9630=ADVANCED_FACE('',(#8694),#9167,.F.);
#9631=ADVANCED_FACE('',(#8695),#9168,.F.);
#9632=ADVANCED_FACE('',(#8696),#9169,.F.);
#9633=ADVANCED_FACE('',(#8697),#9170,.F.);
#9634=ADVANCED_FACE('',(#8698),#9171,.F.);
#9635=ADVANCED_FACE('',(#8699),#9172,.F.);
#9636=ADVANCED_FACE('',(#8700),#9173,.F.);
#9637=ADVANCED_FACE('',(#8701),#9174,.F.);
#9638=ADVANCED_FACE('',(#8702),#9175,.F.);
#9639=ADVANCED_FACE('',(#8703),#9176,.F.);
#9640=ADVANCED_FACE('',(#8704),#9177,.F.);
#9641=ADVANCED_FACE('',(#8705),#9178,.F.);
#9642=ADVANCED_FACE('',(#8706),#9179,.F.);
#9643=ADVANCED_FACE('',(#8707),#9180,.F.);
#9644=ADVANCED_FACE('',(#8708),#9181,.F.);
#9645=ADVANCED_FACE('',(#8709),#9182,.F.);
#9646=ADVANCED_FACE('',(#8710),#9183,.F.);
#9647=ADVANCED_FACE('',(#8711),#9184,.F.);
#9648=ADVANCED_FACE('',(#8712),#9185,.F.);
#9649=ADVANCED_FACE('',(#8713),#9186,.F.);
#9650=ADVANCED_FACE('',(#8714),#9187,.F.);
#9651=ADVANCED_FACE('',(#8715),#9188,.F.);
#9652=ADVANCED_FACE('',(#8716),#9189,.F.);
#9653=ADVANCED_FACE('',(#8717),#9190,.F.);
#9654=ADVANCED_FACE('',(#8718),#9191,.F.);
#9655=ADVANCED_FACE('',(#8719),#9192,.F.);
#9656=ADVANCED_FACE('',(#8720),#9193,.F.);
#9657=ADVANCED_FACE('',(#8721),#9194,.F.);
#9658=ADVANCED_FACE('',(#8722),#9195,.F.);
#9659=ADVANCED_FACE('',(#8723),#9196,.F.);
#9660=ADVANCED_FACE('',(#8724),#9197,.F.);
#9661=ADVANCED_FACE('',(#8725),#9198,.F.);
#9662=ADVANCED_FACE('',(#8726),#9199,.F.);
#9663=ADVANCED_FACE('',(#8727),#9200,.F.);
#9664=ADVANCED_FACE('',(#8728),#9201,.F.);
#9665=ADVANCED_FACE('',(#8729),#9202,.F.);
#9666=ADVANCED_FACE('',(#8730),#9203,.F.);
#9667=ADVANCED_FACE('',(#8731),#9204,.F.);
#9668=ADVANCED_FACE('',(#8732),#9205,.F.);
#9669=ADVANCED_FACE('',(#8733),#9206,.F.);
#9670=ADVANCED_FACE('',(#8734),#9207,.F.);
#9671=ADVANCED_FACE('',(#8735),#9208,.F.);
#9672=ADVANCED_FACE('',(#8736),#9209,.F.);
#9673=ADVANCED_FACE('',(#8737),#9210,.F.);
#9674=ADVANCED_FACE('',(#8738),#9211,.F.);
#9675=ADVANCED_FACE('',(#8739),#9212,.F.);
#9676=ADVANCED_FACE('',(#8740),#9213,.F.);
#9677=ADVANCED_FACE('',(#8741),#9214,.F.);
#9678=ADVANCED_FACE('',(#8742),#9215,.F.);
#9679=ADVANCED_FACE('',(#8743),#9216,.F.);
#9680=ADVANCED_FACE('',(#8744),#9217,.F.);
#9681=ADVANCED_FACE('',(#8745),#9218,.F.);
#9682=ADVANCED_FACE('',(#8746),#9219,.F.);
#9683=ADVANCED_FACE('',(#8747),#9220,.F.);
#9684=ADVANCED_FACE('',(#8748),#9221,.F.);
#9685=ADVANCED_FACE('',(#8749),#9222,.F.);
#9686=ADVANCED_FACE('',(#8750),#9223,.F.);
#9687=ADVANCED_FACE('',(#8751),#9224,.F.);
#9688=ADVANCED_FACE('',(#8752),#9225,.F.);
#9689=ADVANCED_FACE('',(#8753),#9226,.F.);
#9690=ADVANCED_FACE('',(#8754),#9227,.F.);
#9691=ADVANCED_FACE('',(#8755),#9228,.F.);
#9692=ADVANCED_FACE('',(#8756),#9229,.F.);
#9693=ADVANCED_FACE('',(#8757),#9230,.F.);
#9694=ADVANCED_FACE('',(#8758),#9231,.F.);
#9695=ADVANCED_FACE('',(#8759),#9232,.F.);
#9696=ADVANCED_FACE('',(#8760),#9233,.F.);
#9697=ADVANCED_FACE('',(#8761),#9234,.F.);
#9698=ADVANCED_FACE('',(#8762),#9235,.F.);
#9699=ADVANCED_FACE('',(#8763),#9236,.T.);
#9700=ADVANCED_FACE('',(#8764),#9237,.F.);
#9701=ADVANCED_FACE('',(#8765),#9238,.F.);
#9702=ADVANCED_FACE('',(#8766),#9239,.T.);
#9703=ADVANCED_FACE('',(#8767),#9240,.F.);
#9704=ADVANCED_FACE('',(#8768),#9241,.F.);
#9705=ADVANCED_FACE('',(#8769),#9242,.F.);
#9706=ADVANCED_FACE('',(#8770),#9243,.F.);
#9707=ADVANCED_FACE('',(#8771),#9244,.F.);
#9708=ADVANCED_FACE('',(#8772),#9245,.F.);
#9709=ADVANCED_FACE('',(#8773),#9246,.F.);
#9710=ADVANCED_FACE('',(#8774),#9247,.F.);
#9711=ADVANCED_FACE('',(#8775),#9248,.F.);
#9712=ADVANCED_FACE('',(#8776),#9249,.F.);
#9713=ADVANCED_FACE('',(#8777),#9250,.F.);
#9714=ADVANCED_FACE('',(#8778),#9251,.F.);
#9715=ADVANCED_FACE('',(#8779),#9252,.F.);
#9716=ADVANCED_FACE('',(#8780),#9253,.F.);
#9717=ADVANCED_FACE('',(#8781),#9254,.F.);
#9718=ADVANCED_FACE('',(#8782),#9255,.T.);
#9719=ADVANCED_FACE('',(#8783),#9256,.F.);
#9720=ADVANCED_FACE('',(#8784),#9257,.F.);
#9721=ADVANCED_FACE('',(#8785),#9258,.F.);
#9722=ADVANCED_FACE('',(#8786),#9259,.F.);
#9723=ADVANCED_FACE('',(#8787),#9260,.F.);
#9724=ADVANCED_FACE('',(#8788),#9261,.F.);
#9725=ADVANCED_FACE('',(#8789),#9262,.F.);
#9726=ADVANCED_FACE('',(#8790),#9263,.F.);
#9727=ADVANCED_FACE('',(#8791),#9264,.F.);
#9728=ADVANCED_FACE('',(#8792),#9265,.F.);
#9729=ADVANCED_FACE('',(#8793),#9266,.F.);
#9730=ADVANCED_FACE('',(#8794),#9267,.F.);
#9731=ADVANCED_FACE('',(#8795),#9268,.F.);
#9732=ADVANCED_FACE('',(#8796),#9269,.F.);
#9733=ADVANCED_FACE('',(#8797),#9270,.F.);
#9734=ADVANCED_FACE('',(#8798),#9271,.F.);
#9735=ADVANCED_FACE('',(#8799),#9272,.F.);
#9736=ADVANCED_FACE('',(#8800),#9273,.F.);
#9737=ADVANCED_FACE('',(#8801),#9274,.F.);
#9738=ADVANCED_FACE('',(#8802),#9275,.F.);
#9739=ADVANCED_FACE('',(#8803),#9276,.F.);
#9740=ADVANCED_FACE('',(#8804),#9277,.F.);
#9741=ADVANCED_FACE('',(#8805),#9278,.F.);
#9742=ADVANCED_FACE('',(#8806),#9279,.F.);
#9743=ADVANCED_FACE('',(#8807),#9280,.F.);
#9744=ADVANCED_FACE('',(#8808),#9281,.F.);
#9745=ADVANCED_FACE('',(#8809),#9282,.F.);
#9746=ADVANCED_FACE('',(#8810),#9283,.F.);
#9747=ADVANCED_FACE('',(#8811),#9284,.F.);
#9748=ADVANCED_FACE('',(#8812),#9285,.F.);
#9749=ADVANCED_FACE('',(#8813),#9286,.F.);
#9750=ADVANCED_FACE('',(#8814),#9287,.F.);
#9751=ADVANCED_FACE('',(#8815),#9288,.F.);
#9752=ADVANCED_FACE('',(#8816),#9289,.F.);
#9753=ADVANCED_FACE('',(#8817),#9290,.F.);
#9754=ADVANCED_FACE('',(#8818),#9291,.F.);
#9755=ADVANCED_FACE('',(#8819),#9292,.F.);
#9756=ADVANCED_FACE('',(#8820),#9293,.F.);
#9757=ADVANCED_FACE('',(#8821),#9294,.F.);
#9758=ADVANCED_FACE('',(#8822),#9295,.F.);
#9759=ADVANCED_FACE('',(#8823),#9296,.F.);
#9760=ADVANCED_FACE('',(#8824),#9297,.F.);
#9761=ADVANCED_FACE('',(#8825),#9298,.F.);
#9762=ADVANCED_FACE('',(#8826),#9299,.F.);
#9763=ADVANCED_FACE('',(#8827),#9300,.F.);
#9764=ADVANCED_FACE('',(#8828),#9301,.F.);
#9765=ADVANCED_FACE('',(#8829),#9302,.F.);
#9766=ADVANCED_FACE('',(#8830),#9303,.F.);
#9767=ADVANCED_FACE('',(#8831),#9304,.F.);
#9768=ADVANCED_FACE('',(#8832),#9305,.F.);
#9769=ADVANCED_FACE('',(#8833),#9306,.F.);
#9770=ADVANCED_FACE('',(#8834),#9307,.F.);
#9771=ADVANCED_FACE('',(#8835),#9308,.F.);
#9772=ADVANCED_FACE('',(#8836),#9309,.F.);
#9773=ADVANCED_FACE('',(#8837),#9310,.F.);
#9774=ADVANCED_FACE('',(#8838),#9311,.F.);
#9775=ADVANCED_FACE('',(#8839),#9312,.F.);
#9776=ADVANCED_FACE('',(#8840),#9313,.F.);
#9777=ADVANCED_FACE('',(#8841),#9314,.F.);
#9778=ADVANCED_FACE('',(#8842),#9315,.F.);
#9779=ADVANCED_FACE('',(#8843),#9316,.F.);
#9780=ADVANCED_FACE('',(#8844),#9317,.F.);
#9781=ADVANCED_FACE('',(#8845),#9318,.F.);
#9782=ADVANCED_FACE('',(#8846),#9319,.F.);
#9783=ADVANCED_FACE('',(#8847),#9320,.F.);
#9784=ADVANCED_FACE('',(#8848),#9321,.F.);
#9785=ADVANCED_FACE('',(#8849),#9322,.F.);
#9786=ADVANCED_FACE('',(#8850),#9323,.F.);
#9787=ADVANCED_FACE('',(#8851),#9324,.F.);
#9788=ADVANCED_FACE('',(#8852),#9325,.F.);
#9789=ADVANCED_FACE('',(#8853),#9326,.F.);
#9790=ADVANCED_FACE('',(#8854),#9327,.F.);
#9791=ADVANCED_FACE('',(#8855),#9328,.F.);
#9792=ADVANCED_FACE('',(#8856),#9329,.F.);
#9793=ADVANCED_FACE('',(#8857),#9330,.F.);
#9794=ADVANCED_FACE('',(#8858),#9331,.F.);
#9795=ADVANCED_FACE('',(#8859),#9332,.F.);
#9796=ADVANCED_FACE('',(#8860),#9333,.F.);
#9797=ADVANCED_FACE('',(#8861),#9334,.F.);
#9798=ADVANCED_FACE('',(#8862),#9335,.F.);
#9799=ADVANCED_FACE('',(#8863),#9336,.F.);
#9800=ADVANCED_FACE('',(#8864),#9337,.F.);
#9801=ADVANCED_FACE('',(#8865),#9338,.F.);
#9802=ADVANCED_FACE('',(#8866),#9339,.F.);
#9803=ADVANCED_FACE('',(#8867),#9340,.F.);
#9804=ADVANCED_FACE('',(#8868),#9341,.F.);
#9805=ADVANCED_FACE('',(#8869),#9342,.F.);
#9806=ADVANCED_FACE('',(#8870),#9343,.F.);
#9807=ADVANCED_FACE('',(#8871),#9344,.F.);
#9808=ADVANCED_FACE('',(#8872),#9345,.F.);
#9809=ADVANCED_FACE('',(#8873),#9346,.F.);
#9810=ADVANCED_FACE('',(#8874),#9347,.F.);
#9811=ADVANCED_FACE('',(#8875),#9348,.F.);
#9812=ADVANCED_FACE('',(#8876),#9349,.F.);
#9813=ADVANCED_FACE('',(#8877),#9350,.F.);
#9814=ADVANCED_FACE('',(#8878),#9351,.F.);
#9815=ADVANCED_FACE('',(#8879),#9352,.F.);
#9816=ADVANCED_FACE('',(#8880),#9353,.F.);
#9817=ADVANCED_FACE('',(#8881),#9354,.F.);
#9818=ADVANCED_FACE('',(#8882),#9355,.F.);
#9819=ADVANCED_FACE('',(#8883),#9356,.F.);
#9820=ADVANCED_FACE('',(#8884),#9357,.F.);
#9821=ADVANCED_FACE('',(#8885),#9358,.F.);
#9822=ADVANCED_FACE('',(#8886),#9359,.F.);
#9823=ADVANCED_FACE('',(#8887),#9360,.F.);
#9824=ADVANCED_FACE('',(#8888),#9361,.F.);
#9825=ADVANCED_FACE('',(#8889),#9362,.F.);
#9826=ADVANCED_FACE('',(#8890),#9363,.F.);
#9827=ADVANCED_FACE('',(#8891),#9364,.F.);
#9828=ADVANCED_FACE('',(#8892),#9365,.F.);
#9829=ADVANCED_FACE('',(#8893),#9366,.F.);
#9830=ADVANCED_FACE('',(#8894),#9367,.F.);
#9831=ADVANCED_FACE('',(#8895),#9368,.F.);
#9832=ADVANCED_FACE('',(#8896),#9369,.F.);
#9833=ADVANCED_FACE('',(#8897),#9370,.F.);
#9834=ADVANCED_FACE('',(#8898),#9371,.F.);
#9835=ADVANCED_FACE('',(#8899),#9372,.T.);
#9836=ADVANCED_FACE('',(#8900),#9373,.T.);
#9837=ADVANCED_FACE('',(#8901),#9374,.T.);
#9838=ADVANCED_FACE('',(#8902),#9375,.T.);
#9839=ADVANCED_FACE('',(#8903),#9376,.T.);
#9840=ADVANCED_FACE('',(#8904),#9377,.T.);
#9841=ADVANCED_FACE('',(#8905),#9378,.T.);
#9842=ADVANCED_FACE('',(#8906),#9379,.T.);
#9843=ADVANCED_FACE('',(#8907),#9380,.T.);
#9844=ADVANCED_FACE('',(#8908),#9381,.F.);
#9845=ADVANCED_FACE('',(#8909),#12,.T.);
#9846=ADVANCED_FACE('',(#8910),#13,.T.);
#9847=ADVANCED_FACE('',(#8911,#8912),#14,.F.);
#9848=ADVANCED_FACE('',(#8913,#8914),#15,.F.);
#9849=ADVANCED_FACE('',(#8915,#8916),#16,.F.);
#9850=ADVANCED_FACE('',(#8917,#8918),#17,.F.);
#9851=ADVANCED_FACE('',(#8919),#9382,.T.);
#9852=ADVANCED_FACE('',(#8920),#9383,.F.);
#9853=ADVANCED_FACE('',(#8921),#9384,.F.);
#9854=ADVANCED_FACE('',(#8922),#9385,.T.);
#9855=CLOSED_SHELL('',(#9386,#9387,#9388,#9389,#9390,#9391,#9392,#9393,
#9394,#9395,#9396,#9397,#9398,#9399,#9400,#9401,#9402,#9403,#9404,#9405,
#9406,#9407,#9408,#9409,#9410,#9411,#9412,#9413,#9414,#9415,#9416,#9417,
#9418,#9419,#9420,#9421,#9422,#9423,#9424,#9425,#9426,#9427,#9428,#9429,
#9430,#9431,#9432,#9433,#9434,#9435,#9436,#9437,#9438,#9439,#9440,#9441,
#9442,#9443,#9444,#9445,#9446,#9447,#9448,#9449,#9450,#9451,#9452,#9453,
#9454,#9455,#9456,#9457,#9458,#9459,#9460,#9461,#9462,#9463,#9464,#9465,
#9466,#9467,#9468,#9469,#9470,#9471,#9472,#9473,#9474,#9475,#9476,#9477,
#9478,#9479,#9480,#9481,#9482,#9483,#9484,#9485,#9486,#9487,#9488,#9489,
#9490,#9491,#9492,#9493,#9494,#9495,#9496,#9497,#9498,#9499,#9500,#9501,
#9502,#9503,#9504,#9505,#9506,#9507,#9508,#9509,#9510,#9511,#9512,#9513,
#9514,#9515,#9516,#9517,#9518,#9519,#9520,#9521,#9522,#9523,#9524,#9525,
#9526,#9527,#9528,#9529,#9530,#9531,#9532,#9533,#9534,#9535,#9536,#9537,
#9538,#9539,#9540,#9541,#9542,#9543,#9544,#9545,#9546,#9547,#9548,#9549,
#9550,#9551,#9552,#9553,#9554,#9555,#9556,#9557,#9558,#9559,#9560,#9561,
#9562,#9563,#9564,#9565,#9566,#9567,#9568,#9569,#9570,#9571,#9572,#9573,
#9574,#9575,#9576,#9577,#9578,#9579,#9580,#9581,#9582,#9583,#9584,#9585,
#9586,#9587,#9588,#9589,#9590,#9591,#9592,#9593,#9594,#9595,#9596,#9597,
#9598,#9599,#9600,#9601,#9602,#9603,#9604,#9605,#9606,#9607,#9608,#9609,
#9610,#9611,#9612,#9613,#9614,#9615,#9616,#9617,#9618,#9619,#9620,#9621,
#9622,#9623,#9624,#9625,#9626,#9627,#9628,#9629,#9630,#9631,#9632,#9633,
#9634,#9635,#9636,#9637,#9638,#9639,#9640,#9641,#9642,#9643,#9644,#9645,
#9646,#9647,#9648,#9649,#9650,#9651,#9652,#9653,#9654,#9655,#9656,#9657,
#9658,#9659,#9660,#9661,#9662,#9663,#9664,#9665,#9666,#9667,#9668,#9669,
#9670,#9671,#9672,#9673,#9674,#9675,#9676,#9677,#9678,#9679,#9680,#9681,
#9682,#9683,#9684,#9685,#9686,#9687,#9688,#9689,#9690,#9691,#9692,#9693,
#9694,#9695,#9696,#9697,#9698,#9699,#9700,#9701,#9702,#9703,#9704,#9705,
#9706,#9707,#9708,#9709,#9710,#9711,#9712,#9713,#9714,#9715,#9716,#9717,
#9718,#9719,#9720,#9721,#9722,#9723,#9724,#9725,#9726,#9727,#9728,#9729,
#9730,#9731,#9732,#9733,#9734,#9735,#9736,#9737,#9738,#9739,#9740,#9741,
#9742,#9743,#9744,#9745,#9746,#9747,#9748,#9749,#9750,#9751,#9752,#9753,
#9754,#9755,#9756,#9757,#9758,#9759,#9760,#9761,#9762,#9763,#9764,#9765,
#9766,#9767,#9768,#9769,#9770,#9771,#9772,#9773,#9774,#9775,#9776,#9777,
#9778,#9779,#9780,#9781,#9782,#9783,#9784,#9785,#9786,#9787,#9788,#9789,
#9790,#9791,#9792,#9793,#9794,#9795,#9796,#9797,#9798,#9799,#9800,#9801,
#9802,#9803,#9804,#9805,#9806,#9807,#9808,#9809,#9810,#9811,#9812,#9813,
#9814,#9815,#9816,#9817,#9818,#9819,#9820,#9821,#9822,#9823,#9824,#9825,
#9826,#9827,#9828,#9829,#9830,#9831,#9832,#9833,#9834,#9835,#9836,#9837,
#9838,#9839,#9840,#9841,#9842,#9843,#9844,#9845,#9846,#9847,#9848,#9849,
#9850,#9851,#9852,#9853,#9854));
#9856=STYLED_ITEM('',(#9857),#9864);
#9857=PRESENTATION_STYLE_ASSIGNMENT((#9858));
#9858=SURFACE_STYLE_USAGE(.BOTH.,#9859);
#9859=SURFACE_SIDE_STYLE('',(#9860));
#9860=SURFACE_STYLE_FILL_AREA(#9861);
#9861=FILL_AREA_STYLE('',(#9862));
#9862=FILL_AREA_STYLE_COLOUR('',#9863);
#9863=DRAUGHTING_PRE_DEFINED_COLOUR('white');
#9864=MANIFOLD_SOLID_BREP('Part 1',#9855);
#9865=SHAPE_DEFINITION_REPRESENTATION(#15505,#9866);
#9866=SHAPE_REPRESENTATION('Part 1',(#9867),#15500);
#9867=AXIS2_PLACEMENT_3D('',#12698,#10349,#10350);
#9868=AXIS2_PLACEMENT_3D('',#12699,#10351,#10352);
#9869=AXIS2_PLACEMENT_3D('',#12700,#10353,#10354);
#9870=AXIS2_PLACEMENT_3D('',#12702,#10355,#10356);
#9871=AXIS2_PLACEMENT_3D('',#12704,#10357,#10358);
#9872=AXIS2_PLACEMENT_3D('',#12706,#10359,#10360);
#9873=AXIS2_PLACEMENT_3D('',#12711,#10362,#10363);
#9874=AXIS2_PLACEMENT_3D('',#13153,#10584,#10585);
#9875=AXIS2_PLACEMENT_3D('',#13634,#10826,#10827);
#9876=AXIS2_PLACEMENT_3D('',#14110,#11065,#11066);
#9877=AXIS2_PLACEMENT_3D('',#14114,#11068,#11069);
#9878=AXIS2_PLACEMENT_3D('',#14553,#11289,#11290);
#9879=AXIS2_PLACEMENT_3D('',#14555,#11291,#11292);
#9880=AXIS2_PLACEMENT_3D('',#14557,#11293,#11294);
#9881=AXIS2_PLACEMENT_3D('',#14559,#11295,#11296);
#9882=AXIS2_PLACEMENT_3D('',#14569,#11301,#11302);
#9883=AXIS2_PLACEMENT_3D('',#14572,#11305,#11306);
#9884=AXIS2_PLACEMENT_3D('',#14574,#11308,#11309);
#9885=AXIS2_PLACEMENT_3D('',#14576,#11311,#11312);
#9886=AXIS2_PLACEMENT_3D('',#14578,#11314,#11315);
#9887=AXIS2_PLACEMENT_3D('',#14580,#11317,#11318);
#9888=AXIS2_PLACEMENT_3D('',#14582,#11320,#11321);
#9889=AXIS2_PLACEMENT_3D('',#14584,#11323,#11324);
#9890=AXIS2_PLACEMENT_3D('',#14586,#11326,#11327);
#9891=AXIS2_PLACEMENT_3D('',#14588,#11329,#11330);
#9892=AXIS2_PLACEMENT_3D('',#14590,#11332,#11333);
#9893=AXIS2_PLACEMENT_3D('',#14592,#11335,#11336);
#9894=AXIS2_PLACEMENT_3D('',#14594,#11338,#11339);
#9895=AXIS2_PLACEMENT_3D('',#14596,#11341,#11342);
#9896=AXIS2_PLACEMENT_3D('',#14598,#11344,#11345);
#9897=AXIS2_PLACEMENT_3D('',#14600,#11347,#11348);
#9898=AXIS2_PLACEMENT_3D('',#14602,#11350,#11351);
#9899=AXIS2_PLACEMENT_3D('',#14604,#11353,#11354);
#9900=AXIS2_PLACEMENT_3D('',#14606,#11356,#11357);
#9901=AXIS2_PLACEMENT_3D('',#14608,#11359,#11360);
#9902=AXIS2_PLACEMENT_3D('',#14610,#11362,#11363);
#9903=AXIS2_PLACEMENT_3D('',#14612,#11365,#11366);
#9904=AXIS2_PLACEMENT_3D('',#14614,#11368,#11369);
#9905=AXIS2_PLACEMENT_3D('',#14616,#11371,#11372);
#9906=AXIS2_PLACEMENT_3D('',#14618,#11374,#11375);
#9907=AXIS2_PLACEMENT_3D('',#14620,#11377,#11378);
#9908=AXIS2_PLACEMENT_3D('',#14622,#11380,#11381);
#9909=AXIS2_PLACEMENT_3D('',#14624,#11383,#11384);
#9910=AXIS2_PLACEMENT_3D('',#14626,#11386,#11387);
#9911=AXIS2_PLACEMENT_3D('',#14628,#11389,#11390);
#9912=AXIS2_PLACEMENT_3D('',#14630,#11392,#11393);
#9913=AXIS2_PLACEMENT_3D('',#14632,#11395,#11396);
#9914=AXIS2_PLACEMENT_3D('',#14634,#11398,#11399);
#9915=AXIS2_PLACEMENT_3D('',#14636,#11401,#11402);
#9916=AXIS2_PLACEMENT_3D('',#14638,#11404,#11405);
#9917=AXIS2_PLACEMENT_3D('',#14640,#11407,#11408);
#9918=AXIS2_PLACEMENT_3D('',#14642,#11410,#11411);
#9919=AXIS2_PLACEMENT_3D('',#14644,#11413,#11414);
#9920=AXIS2_PLACEMENT_3D('',#14646,#11416,#11417);
#9921=AXIS2_PLACEMENT_3D('',#14648,#11419,#11420);
#9922=AXIS2_PLACEMENT_3D('',#14650,#11422,#11423);
#9923=AXIS2_PLACEMENT_3D('',#14652,#11425,#11426);
#9924=AXIS2_PLACEMENT_3D('',#14654,#11428,#11429);
#9925=AXIS2_PLACEMENT_3D('',#14656,#11431,#11432);
#9926=AXIS2_PLACEMENT_3D('',#14658,#11434,#11435);
#9927=AXIS2_PLACEMENT_3D('',#14660,#11437,#11438);
#9928=AXIS2_PLACEMENT_3D('',#14662,#11440,#11441);
#9929=AXIS2_PLACEMENT_3D('',#14664,#11443,#11444);
#9930=AXIS2_PLACEMENT_3D('',#14666,#11446,#11447);
#9931=AXIS2_PLACEMENT_3D('',#14668,#11449,#11450);
#9932=AXIS2_PLACEMENT_3D('',#14670,#11452,#11453);
#9933=AXIS2_PLACEMENT_3D('',#14673,#11456,#11457);
#9934=AXIS2_PLACEMENT_3D('',#14675,#11459,#11460);
#9935=AXIS2_PLACEMENT_3D('',#14677,#11462,#11463);
#9936=AXIS2_PLACEMENT_3D('',#14679,#11465,#11466);
#9937=AXIS2_PLACEMENT_3D('',#14681,#11468,#11469);
#9938=AXIS2_PLACEMENT_3D('',#14683,#11471,#11472);
#9939=AXIS2_PLACEMENT_3D('',#14685,#11474,#11475);
#9940=AXIS2_PLACEMENT_3D('',#14687,#11477,#11478);
#9941=AXIS2_PLACEMENT_3D('',#14689,#11480,#11481);
#9942=AXIS2_PLACEMENT_3D('',#14691,#11483,#11484);
#9943=AXIS2_PLACEMENT_3D('',#14693,#11486,#11487);
#9944=AXIS2_PLACEMENT_3D('',#14695,#11489,#11490);
#9945=AXIS2_PLACEMENT_3D('',#14697,#11492,#11493);
#9946=AXIS2_PLACEMENT_3D('',#14699,#11495,#11496);
#9947=AXIS2_PLACEMENT_3D('',#14701,#11498,#11499);
#9948=AXIS2_PLACEMENT_3D('',#14703,#11501,#11502);
#9949=AXIS2_PLACEMENT_3D('',#14706,#11505,#11506);
#9950=AXIS2_PLACEMENT_3D('',#14708,#11508,#11509);
#9951=AXIS2_PLACEMENT_3D('',#14710,#11511,#11512);
#9952=AXIS2_PLACEMENT_3D('',#14712,#11514,#11515);
#9953=AXIS2_PLACEMENT_3D('',#14714,#11517,#11518);
#9954=AXIS2_PLACEMENT_3D('',#14716,#11520,#11521);
#9955=AXIS2_PLACEMENT_3D('',#14718,#11523,#11524);
#9956=AXIS2_PLACEMENT_3D('',#14720,#11526,#11527);
#9957=AXIS2_PLACEMENT_3D('',#14722,#11529,#11530);
#9958=AXIS2_PLACEMENT_3D('',#14724,#11532,#11533);
#9959=AXIS2_PLACEMENT_3D('',#14726,#11535,#11536);
#9960=AXIS2_PLACEMENT_3D('',#14728,#11538,#11539);
#9961=AXIS2_PLACEMENT_3D('',#14730,#11541,#11542);
#9962=AXIS2_PLACEMENT_3D('',#14732,#11544,#11545);
#9963=AXIS2_PLACEMENT_3D('',#14734,#11547,#11548);
#9964=AXIS2_PLACEMENT_3D('',#14736,#11550,#11551);
#9965=AXIS2_PLACEMENT_3D('',#14738,#11553,#11554);
#9966=AXIS2_PLACEMENT_3D('',#14740,#11556,#11557);
#9967=AXIS2_PLACEMENT_3D('',#14742,#11559,#11560);
#9968=AXIS2_PLACEMENT_3D('',#14744,#11562,#11563);
#9969=AXIS2_PLACEMENT_3D('',#14746,#11565,#11566);
#9970=AXIS2_PLACEMENT_3D('',#14748,#11568,#11569);
#9971=AXIS2_PLACEMENT_3D('',#14750,#11571,#11572);
#9972=AXIS2_PLACEMENT_3D('',#14752,#11574,#11575);
#9973=AXIS2_PLACEMENT_3D('',#14754,#11577,#11578);
#9974=AXIS2_PLACEMENT_3D('',#14756,#11580,#11581);
#9975=AXIS2_PLACEMENT_3D('',#14758,#11583,#11584);
#9976=AXIS2_PLACEMENT_3D('',#14760,#11586,#11587);
#9977=AXIS2_PLACEMENT_3D('',#14762,#11589,#11590);
#9978=AXIS2_PLACEMENT_3D('',#14764,#11592,#11593);
#9979=AXIS2_PLACEMENT_3D('',#14766,#11595,#11596);
#9980=AXIS2_PLACEMENT_3D('',#14768,#11598,#11599);
#9981=AXIS2_PLACEMENT_3D('',#14770,#11601,#11602);
#9982=AXIS2_PLACEMENT_3D('',#14772,#11604,#11605);
#9983=AXIS2_PLACEMENT_3D('',#14774,#11607,#11608);
#9984=AXIS2_PLACEMENT_3D('',#14777,#11611,#11612);
#9985=AXIS2_PLACEMENT_3D('',#14779,#11614,#11615);
#9986=AXIS2_PLACEMENT_3D('',#14781,#11617,#11618);
#9987=AXIS2_PLACEMENT_3D('',#14783,#11620,#11621);
#9988=AXIS2_PLACEMENT_3D('',#14785,#11623,#11624);
#9989=AXIS2_PLACEMENT_3D('',#14787,#11626,#11627);
#9990=AXIS2_PLACEMENT_3D('',#14789,#11629,#11630);
#9991=AXIS2_PLACEMENT_3D('',#14791,#11632,#11633);
#9992=AXIS2_PLACEMENT_3D('',#14793,#11635,#11636);
#9993=AXIS2_PLACEMENT_3D('',#14795,#11638,#11639);
#9994=AXIS2_PLACEMENT_3D('',#14797,#11641,#11642);
#9995=AXIS2_PLACEMENT_3D('',#14799,#11644,#11645);
#9996=AXIS2_PLACEMENT_3D('',#14801,#11647,#11648);
#9997=AXIS2_PLACEMENT_3D('',#14803,#11650,#11651);
#9998=AXIS2_PLACEMENT_3D('',#14805,#11653,#11654);
#9999=AXIS2_PLACEMENT_3D('',#14807,#11656,#11657);
#10000=AXIS2_PLACEMENT_3D('',#14809,#11659,#11660);
#10001=AXIS2_PLACEMENT_3D('',#14811,#11662,#11663);
#10002=AXIS2_PLACEMENT_3D('',#14813,#11665,#11666);
#10003=AXIS2_PLACEMENT_3D('',#14815,#11668,#11669);
#10004=AXIS2_PLACEMENT_3D('',#14817,#11671,#11672);
#10005=AXIS2_PLACEMENT_3D('',#14819,#11674,#11675);
#10006=AXIS2_PLACEMENT_3D('',#14821,#11677,#11678);
#10007=AXIS2_PLACEMENT_3D('',#14823,#11680,#11681);
#10008=AXIS2_PLACEMENT_3D('',#14825,#11683,#11684);
#10009=AXIS2_PLACEMENT_3D('',#14827,#11686,#11687);
#10010=AXIS2_PLACEMENT_3D('',#14829,#11689,#11690);
#10011=AXIS2_PLACEMENT_3D('',#14831,#11692,#11693);
#10012=AXIS2_PLACEMENT_3D('',#14833,#11695,#11696);
#10013=AXIS2_PLACEMENT_3D('',#14835,#11698,#11699);
#10014=AXIS2_PLACEMENT_3D('',#14837,#11701,#11702);
#10015=AXIS2_PLACEMENT_3D('',#14839,#11704,#11705);
#10016=AXIS2_PLACEMENT_3D('',#14841,#11707,#11708);
#10017=AXIS2_PLACEMENT_3D('',#14843,#11710,#11711);
#10018=AXIS2_PLACEMENT_3D('',#14846,#11714,#11715);
#10019=AXIS2_PLACEMENT_3D('',#14848,#11717,#11718);
#10020=AXIS2_PLACEMENT_3D('',#14850,#11720,#11721);
#10021=AXIS2_PLACEMENT_3D('',#14852,#11723,#11724);
#10022=AXIS2_PLACEMENT_3D('',#14854,#11726,#11727);
#10023=AXIS2_PLACEMENT_3D('',#14856,#11729,#11730);
#10024=AXIS2_PLACEMENT_3D('',#14858,#11732,#11733);
#10025=AXIS2_PLACEMENT_3D('',#14860,#11735,#11736);
#10026=AXIS2_PLACEMENT_3D('',#14862,#11738,#11739);
#10027=AXIS2_PLACEMENT_3D('',#14864,#11741,#11742);
#10028=AXIS2_PLACEMENT_3D('',#14866,#11744,#11745);
#10029=AXIS2_PLACEMENT_3D('',#14868,#11747,#11748);
#10030=AXIS2_PLACEMENT_3D('',#14870,#11750,#11751);
#10031=AXIS2_PLACEMENT_3D('',#14872,#11753,#11754);
#10032=AXIS2_PLACEMENT_3D('',#14874,#11756,#11757);
#10033=AXIS2_PLACEMENT_3D('',#14876,#11759,#11760);
#10034=AXIS2_PLACEMENT_3D('',#14878,#11762,#11763);
#10035=AXIS2_PLACEMENT_3D('',#14880,#11765,#11766);
#10036=AXIS2_PLACEMENT_3D('',#14882,#11768,#11769);
#10037=AXIS2_PLACEMENT_3D('',#14884,#11771,#11772);
#10038=AXIS2_PLACEMENT_3D('',#14886,#11774,#11775);
#10039=AXIS2_PLACEMENT_3D('',#14888,#11777,#11778);
#10040=AXIS2_PLACEMENT_3D('',#14891,#11781,#11782);
#10041=AXIS2_PLACEMENT_3D('',#14893,#11784,#11785);
#10042=AXIS2_PLACEMENT_3D('',#14895,#11787,#11788);
#10043=AXIS2_PLACEMENT_3D('',#14897,#11790,#11791);
#10044=AXIS2_PLACEMENT_3D('',#14899,#11793,#11794);
#10045=AXIS2_PLACEMENT_3D('',#14901,#11796,#11797);
#10046=AXIS2_PLACEMENT_3D('',#14903,#11799,#11800);
#10047=AXIS2_PLACEMENT_3D('',#14905,#11802,#11803);
#10048=AXIS2_PLACEMENT_3D('',#14907,#11805,#11806);
#10049=AXIS2_PLACEMENT_3D('',#14909,#11808,#11809);
#10050=AXIS2_PLACEMENT_3D('',#14911,#11811,#11812);
#10051=AXIS2_PLACEMENT_3D('',#14913,#11814,#11815);
#10052=AXIS2_PLACEMENT_3D('',#14915,#11817,#11818);
#10053=AXIS2_PLACEMENT_3D('',#14917,#11820,#11821);
#10054=AXIS2_PLACEMENT_3D('',#14919,#11823,#11824);
#10055=AXIS2_PLACEMENT_3D('',#14921,#11826,#11827);
#10056=AXIS2_PLACEMENT_3D('',#14923,#11829,#11830);
#10057=AXIS2_PLACEMENT_3D('',#14925,#11832,#11833);
#10058=AXIS2_PLACEMENT_3D('',#14927,#11835,#11836);
#10059=AXIS2_PLACEMENT_3D('',#14929,#11838,#11839);
#10060=AXIS2_PLACEMENT_3D('',#14931,#11841,#11842);
#10061=AXIS2_PLACEMENT_3D('',#14933,#11844,#11845);
#10062=AXIS2_PLACEMENT_3D('',#14935,#11847,#11848);
#10063=AXIS2_PLACEMENT_3D('',#14937,#11850,#11851);
#10064=AXIS2_PLACEMENT_3D('',#14939,#11853,#11854);
#10065=AXIS2_PLACEMENT_3D('',#14941,#11856,#11857);
#10066=AXIS2_PLACEMENT_3D('',#14943,#11859,#11860);
#10067=AXIS2_PLACEMENT_3D('',#14945,#11862,#11863);
#10068=AXIS2_PLACEMENT_3D('',#14947,#11865,#11866);
#10069=AXIS2_PLACEMENT_3D('',#14949,#11868,#11869);
#10070=AXIS2_PLACEMENT_3D('',#14951,#11871,#11872);
#10071=AXIS2_PLACEMENT_3D('',#14953,#11874,#11875);
#10072=AXIS2_PLACEMENT_3D('',#14955,#11877,#11878);
#10073=AXIS2_PLACEMENT_3D('',#14957,#11880,#11881);
#10074=AXIS2_PLACEMENT_3D('',#14959,#11883,#11884);
#10075=AXIS2_PLACEMENT_3D('',#14961,#11886,#11887);
#10076=AXIS2_PLACEMENT_3D('',#14963,#11889,#11890);
#10077=AXIS2_PLACEMENT_3D('',#14966,#11893,#11894);
#10078=AXIS2_PLACEMENT_3D('',#14968,#11896,#11897);
#10079=AXIS2_PLACEMENT_3D('',#14970,#11899,#11900);
#10080=AXIS2_PLACEMENT_3D('',#14972,#11902,#11903);
#10081=AXIS2_PLACEMENT_3D('',#14974,#11905,#11906);
#10082=AXIS2_PLACEMENT_3D('',#14976,#11908,#11909);
#10083=AXIS2_PLACEMENT_3D('',#14978,#11911,#11912);
#10084=AXIS2_PLACEMENT_3D('',#14980,#11914,#11915);
#10085=AXIS2_PLACEMENT_3D('',#14982,#11917,#11918);
#10086=AXIS2_PLACEMENT_3D('',#14984,#11920,#11921);
#10087=AXIS2_PLACEMENT_3D('',#14986,#11923,#11924);
#10088=AXIS2_PLACEMENT_3D('',#14988,#11926,#11927);
#10089=AXIS2_PLACEMENT_3D('',#14990,#11929,#11930);
#10090=AXIS2_PLACEMENT_3D('',#14992,#11932,#11933);
#10091=AXIS2_PLACEMENT_3D('',#14994,#11935,#11936);
#10092=AXIS2_PLACEMENT_3D('',#14996,#11938,#11939);
#10093=AXIS2_PLACEMENT_3D('',#14998,#11941,#11942);
#10094=AXIS2_PLACEMENT_3D('',#15000,#11944,#11945);
#10095=AXIS2_PLACEMENT_3D('',#15002,#11947,#11948);
#10096=AXIS2_PLACEMENT_3D('',#15004,#11950,#11951);
#10097=AXIS2_PLACEMENT_3D('',#15006,#11953,#11954);
#10098=AXIS2_PLACEMENT_3D('',#15008,#11956,#11957);
#10099=AXIS2_PLACEMENT_3D('',#15010,#11959,#11960);
#10100=AXIS2_PLACEMENT_3D('',#15012,#11962,#11963);
#10101=AXIS2_PLACEMENT_3D('',#15014,#11965,#11966);
#10102=AXIS2_PLACEMENT_3D('',#15016,#11968,#11969);
#10103=AXIS2_PLACEMENT_3D('',#15018,#11971,#11972);
#10104=AXIS2_PLACEMENT_3D('',#15020,#11974,#11975);
#10105=AXIS2_PLACEMENT_3D('',#15022,#11977,#11978);
#10106=AXIS2_PLACEMENT_3D('',#15024,#11980,#11981);
#10107=AXIS2_PLACEMENT_3D('',#15026,#11983,#11984);
#10108=AXIS2_PLACEMENT_3D('',#15028,#11986,#11987);
#10109=AXIS2_PLACEMENT_3D('',#15031,#11990,#11991);
#10110=AXIS2_PLACEMENT_3D('',#15033,#11993,#11994);
#10111=AXIS2_PLACEMENT_3D('',#15036,#11997,#11998);
#10112=AXIS2_PLACEMENT_3D('',#15038,#12000,#12001);
#10113=AXIS2_PLACEMENT_3D('',#15040,#12003,#12004);
#10114=AXIS2_PLACEMENT_3D('',#15042,#12006,#12007);
#10115=AXIS2_PLACEMENT_3D('',#15044,#12009,#12010);
#10116=AXIS2_PLACEMENT_3D('',#15046,#12012,#12013);
#10117=AXIS2_PLACEMENT_3D('',#15048,#12015,#12016);
#10118=AXIS2_PLACEMENT_3D('',#15050,#12018,#12019);
#10119=AXIS2_PLACEMENT_3D('',#15052,#12021,#12022);
#10120=AXIS2_PLACEMENT_3D('',#15054,#12024,#12025);
#10121=AXIS2_PLACEMENT_3D('',#15056,#12027,#12028);
#10122=AXIS2_PLACEMENT_3D('',#15058,#12030,#12031);
#10123=AXIS2_PLACEMENT_3D('',#15060,#12033,#12034);
#10124=AXIS2_PLACEMENT_3D('',#15062,#12036,#12037);
#10125=AXIS2_PLACEMENT_3D('',#15064,#12039,#12040);
#10126=AXIS2_PLACEMENT_3D('',#15066,#12042,#12043);
#10127=AXIS2_PLACEMENT_3D('',#15068,#12045,#12046);
#10128=AXIS2_PLACEMENT_3D('',#15070,#12048,#12049);
#10129=AXIS2_PLACEMENT_3D('',#15072,#12051,#12052);
#10130=AXIS2_PLACEMENT_3D('',#15074,#12054,#12055);
#10131=AXIS2_PLACEMENT_3D('',#15076,#12057,#12058);
#10132=AXIS2_PLACEMENT_3D('',#15078,#12060,#12061);
#10133=AXIS2_PLACEMENT_3D('',#15080,#12063,#12064);
#10134=AXIS2_PLACEMENT_3D('',#15082,#12066,#12067);
#10135=AXIS2_PLACEMENT_3D('',#15084,#12069,#12070);
#10136=AXIS2_PLACEMENT_3D('',#15086,#12072,#12073);
#10137=AXIS2_PLACEMENT_3D('',#15088,#12075,#12076);
#10138=AXIS2_PLACEMENT_3D('',#15090,#12078,#12079);
#10139=AXIS2_PLACEMENT_3D('',#15092,#12081,#12082);
#10140=AXIS2_PLACEMENT_3D('',#15094,#12084,#12085);
#10141=AXIS2_PLACEMENT_3D('',#15096,#12087,#12088);
#10142=AXIS2_PLACEMENT_3D('',#15098,#12090,#12091);
#10143=AXIS2_PLACEMENT_3D('',#15100,#12093,#12094);
#10144=AXIS2_PLACEMENT_3D('',#15102,#12096,#12097);
#10145=AXIS2_PLACEMENT_3D('',#15104,#12099,#12100);
#10146=AXIS2_PLACEMENT_3D('',#15106,#12102,#12103);
#10147=AXIS2_PLACEMENT_3D('',#15108,#12105,#12106);
#10148=AXIS2_PLACEMENT_3D('',#15110,#12108,#12109);
#10149=AXIS2_PLACEMENT_3D('',#15112,#12111,#12112);
#10150=AXIS2_PLACEMENT_3D('',#15114,#12114,#12115);
#10151=AXIS2_PLACEMENT_3D('',#15116,#12117,#12118);
#10152=AXIS2_PLACEMENT_3D('',#15118,#12120,#12121);
#10153=AXIS2_PLACEMENT_3D('',#15120,#12123,#12124);
#10154=AXIS2_PLACEMENT_3D('',#15122,#12126,#12127);
#10155=AXIS2_PLACEMENT_3D('',#15124,#12129,#12130);
#10156=AXIS2_PLACEMENT_3D('',#15126,#12132,#12133);
#10157=AXIS2_PLACEMENT_3D('',#15128,#12135,#12136);
#10158=AXIS2_PLACEMENT_3D('',#15130,#12138,#12139);
#10159=AXIS2_PLACEMENT_3D('',#15132,#12141,#12142);
#10160=AXIS2_PLACEMENT_3D('',#15134,#12144,#12145);
#10161=AXIS2_PLACEMENT_3D('',#15136,#12147,#12148);
#10162=AXIS2_PLACEMENT_3D('',#15138,#12150,#12151);
#10163=AXIS2_PLACEMENT_3D('',#15140,#12153,#12154);
#10164=AXIS2_PLACEMENT_3D('',#15142,#12156,#12157);
#10165=AXIS2_PLACEMENT_3D('',#15144,#12159,#12160);
#10166=AXIS2_PLACEMENT_3D('',#15146,#12162,#12163);
#10167=AXIS2_PLACEMENT_3D('',#15148,#12165,#12166);
#10168=AXIS2_PLACEMENT_3D('',#15150,#12168,#12169);
#10169=AXIS2_PLACEMENT_3D('',#15152,#12171,#12172);
#10170=AXIS2_PLACEMENT_3D('',#15154,#12174,#12175);
#10171=AXIS2_PLACEMENT_3D('',#15156,#12177,#12178);
#10172=AXIS2_PLACEMENT_3D('',#15158,#12180,#12181);
#10173=AXIS2_PLACEMENT_3D('',#15160,#12183,#12184);
#10174=AXIS2_PLACEMENT_3D('',#15162,#12186,#12187);
#10175=AXIS2_PLACEMENT_3D('',#15164,#12189,#12190);
#10176=AXIS2_PLACEMENT_3D('',#15166,#12192,#12193);
#10177=AXIS2_PLACEMENT_3D('',#15168,#12195,#12196);
#10178=AXIS2_PLACEMENT_3D('',#15170,#12198,#12199);
#10179=AXIS2_PLACEMENT_3D('',#15172,#12201,#12202);
#10180=AXIS2_PLACEMENT_3D('',#15174,#12204,#12205);
#10181=AXIS2_PLACEMENT_3D('',#15176,#12207,#12208);
#10182=AXIS2_PLACEMENT_3D('',#15178,#12210,#12211);
#10183=AXIS2_PLACEMENT_3D('',#15180,#12213,#12214);
#10184=AXIS2_PLACEMENT_3D('',#15182,#12216,#12217);
#10185=AXIS2_PLACEMENT_3D('',#15184,#12219,#12220);
#10186=AXIS2_PLACEMENT_3D('',#15186,#12222,#12223);
#10187=AXIS2_PLACEMENT_3D('',#15188,#12225,#12226);
#10188=AXIS2_PLACEMENT_3D('',#15190,#12228,#12229);
#10189=AXIS2_PLACEMENT_3D('',#15192,#12231,#12232);
#10190=AXIS2_PLACEMENT_3D('',#15194,#12234,#12235);
#10191=AXIS2_PLACEMENT_3D('',#15196,#12237,#12238);
#10192=AXIS2_PLACEMENT_3D('',#15198,#12240,#12241);
#10193=AXIS2_PLACEMENT_3D('',#15200,#12243,#12244);
#10194=AXIS2_PLACEMENT_3D('',#15202,#12246,#12247);
#10195=AXIS2_PLACEMENT_3D('',#15204,#12249,#12250);
#10196=AXIS2_PLACEMENT_3D('',#15207,#12253,#12254);
#10197=AXIS2_PLACEMENT_3D('',#15210,#12257,#12258);
#10198=AXIS2_PLACEMENT_3D('',#15212,#12260,#12261);
#10199=AXIS2_PLACEMENT_3D('',#15214,#12263,#12264);
#10200=AXIS2_PLACEMENT_3D('',#15216,#12266,#12267);
#10201=AXIS2_PLACEMENT_3D('',#15218,#12269,#12270);
#10202=AXIS2_PLACEMENT_3D('',#15220,#12272,#12273);
#10203=AXIS2_PLACEMENT_3D('',#15222,#12275,#12276);
#10204=AXIS2_PLACEMENT_3D('',#15224,#12278,#12279);
#10205=AXIS2_PLACEMENT_3D('',#15226,#12281,#12282);
#10206=AXIS2_PLACEMENT_3D('',#15228,#12284,#12285);
#10207=AXIS2_PLACEMENT_3D('',#15230,#12287,#12288);
#10208=AXIS2_PLACEMENT_3D('',#15232,#12290,#12291);
#10209=AXIS2_PLACEMENT_3D('',#15234,#12293,#12294);
#10210=AXIS2_PLACEMENT_3D('',#15236,#12296,#12297);
#10211=AXIS2_PLACEMENT_3D('',#15238,#12299,#12300);
#10212=AXIS2_PLACEMENT_3D('',#15240,#12302,#12303);
#10213=AXIS2_PLACEMENT_3D('',#15242,#12305,#12306);
#10214=AXIS2_PLACEMENT_3D('',#15244,#12308,#12309);
#10215=AXIS2_PLACEMENT_3D('',#15246,#12311,#12312);
#10216=AXIS2_PLACEMENT_3D('',#15248,#12314,#12315);
#10217=AXIS2_PLACEMENT_3D('',#15250,#12317,#12318);
#10218=AXIS2_PLACEMENT_3D('',#15252,#12320,#12321);
#10219=AXIS2_PLACEMENT_3D('',#15254,#12323,#12324);
#10220=AXIS2_PLACEMENT_3D('',#15256,#12326,#12327);
#10221=AXIS2_PLACEMENT_3D('',#15258,#12329,#12330);
#10222=AXIS2_PLACEMENT_3D('',#15260,#12332,#12333);
#10223=AXIS2_PLACEMENT_3D('',#15262,#12335,#12336);
#10224=AXIS2_PLACEMENT_3D('',#15264,#12338,#12339);
#10225=AXIS2_PLACEMENT_3D('',#15266,#12341,#12342);
#10226=AXIS2_PLACEMENT_3D('',#15268,#12344,#12345);
#10227=AXIS2_PLACEMENT_3D('',#15270,#12347,#12348);
#10228=AXIS2_PLACEMENT_3D('',#15272,#12350,#12351);
#10229=AXIS2_PLACEMENT_3D('',#15274,#12353,#12354);
#10230=AXIS2_PLACEMENT_3D('',#15276,#12356,#12357);
#10231=AXIS2_PLACEMENT_3D('',#15278,#12359,#12360);
#10232=AXIS2_PLACEMENT_3D('',#15280,#12362,#12363);
#10233=AXIS2_PLACEMENT_3D('',#15282,#12365,#12366);
#10234=AXIS2_PLACEMENT_3D('',#15284,#12368,#12369);
#10235=AXIS2_PLACEMENT_3D('',#15286,#12371,#12372);
#10236=AXIS2_PLACEMENT_3D('',#15288,#12374,#12375);
#10237=AXIS2_PLACEMENT_3D('',#15290,#12377,#12378);
#10238=AXIS2_PLACEMENT_3D('',#15292,#12380,#12381);
#10239=AXIS2_PLACEMENT_3D('',#15294,#12383,#12384);
#10240=AXIS2_PLACEMENT_3D('',#15296,#12386,#12387);
#10241=AXIS2_PLACEMENT_3D('',#15298,#12389,#12390);
#10242=AXIS2_PLACEMENT_3D('',#15300,#12392,#12393);
#10243=AXIS2_PLACEMENT_3D('',#15302,#12395,#12396);
#10244=AXIS2_PLACEMENT_3D('',#15304,#12398,#12399);
#10245=AXIS2_PLACEMENT_3D('',#15306,#12401,#12402);
#10246=AXIS2_PLACEMENT_3D('',#15308,#12404,#12405);
#10247=AXIS2_PLACEMENT_3D('',#15310,#12407,#12408);
#10248=AXIS2_PLACEMENT_3D('',#15312,#12410,#12411);
#10249=AXIS2_PLACEMENT_3D('',#15314,#12413,#12414);
#10250=AXIS2_PLACEMENT_3D('',#15316,#12416,#12417);
#10251=AXIS2_PLACEMENT_3D('',#15318,#12419,#12420);
#10252=AXIS2_PLACEMENT_3D('',#15320,#12422,#12423);
#10253=AXIS2_PLACEMENT_3D('',#15322,#12425,#12426);
#10254=AXIS2_PLACEMENT_3D('',#15324,#12428,#12429);
#10255=AXIS2_PLACEMENT_3D('',#15326,#12431,#12432);
#10256=AXIS2_PLACEMENT_3D('',#15328,#12434,#12435);
#10257=AXIS2_PLACEMENT_3D('',#15330,#12437,#12438);
#10258=AXIS2_PLACEMENT_3D('',#15332,#12440,#12441);
#10259=AXIS2_PLACEMENT_3D('',#15334,#12443,#12444);
#10260=AXIS2_PLACEMENT_3D('',#15336,#12446,#12447);
#10261=AXIS2_PLACEMENT_3D('',#15338,#12449,#12450);
#10262=AXIS2_PLACEMENT_3D('',#15340,#12452,#12453);
#10263=AXIS2_PLACEMENT_3D('',#15342,#12455,#12456);
#10264=AXIS2_PLACEMENT_3D('',#15344,#12458,#12459);
#10265=AXIS2_PLACEMENT_3D('',#15346,#12461,#12462);
#10266=AXIS2_PLACEMENT_3D('',#15348,#12464,#12465);
#10267=AXIS2_PLACEMENT_3D('',#15350,#12467,#12468);
#10268=AXIS2_PLACEMENT_3D('',#15352,#12470,#12471);
#10269=AXIS2_PLACEMENT_3D('',#15354,#12473,#12474);
#10270=AXIS2_PLACEMENT_3D('',#15356,#12476,#12477);
#10271=AXIS2_PLACEMENT_3D('',#15358,#12479,#12480);
#10272=AXIS2_PLACEMENT_3D('',#15360,#12482,#12483);
#10273=AXIS2_PLACEMENT_3D('',#15362,#12485,#12486);
#10274=AXIS2_PLACEMENT_3D('',#15364,#12488,#12489);
#10275=AXIS2_PLACEMENT_3D('',#15366,#12491,#12492);
#10276=AXIS2_PLACEMENT_3D('',#15368,#12494,#12495);
#10277=AXIS2_PLACEMENT_3D('',#15370,#12497,#12498);
#10278=AXIS2_PLACEMENT_3D('',#15372,#12500,#12501);
#10279=AXIS2_PLACEMENT_3D('',#15374,#12503,#12504);
#10280=AXIS2_PLACEMENT_3D('',#15376,#12506,#12507);
#10281=AXIS2_PLACEMENT_3D('',#15378,#12509,#12510);
#10282=AXIS2_PLACEMENT_3D('',#15380,#12512,#12513);
#10283=AXIS2_PLACEMENT_3D('',#15382,#12515,#12516);
#10284=AXIS2_PLACEMENT_3D('',#15384,#12518,#12519);
#10285=AXIS2_PLACEMENT_3D('',#15386,#12521,#12522);
#10286=AXIS2_PLACEMENT_3D('',#15388,#12524,#12525);
#10287=AXIS2_PLACEMENT_3D('',#15390,#12527,#12528);
#10288=AXIS2_PLACEMENT_3D('',#15392,#12530,#12531);
#10289=AXIS2_PLACEMENT_3D('',#15394,#12533,#12534);
#10290=AXIS2_PLACEMENT_3D('',#15396,#12536,#12537);
#10291=AXIS2_PLACEMENT_3D('',#15398,#12539,#12540);
#10292=AXIS2_PLACEMENT_3D('',#15400,#12542,#12543);
#10293=AXIS2_PLACEMENT_3D('',#15402,#12545,#12546);
#10294=AXIS2_PLACEMENT_3D('',#15404,#12548,#12549);
#10295=AXIS2_PLACEMENT_3D('',#15406,#12551,#12552);
#10296=AXIS2_PLACEMENT_3D('',#15408,#12554,#12555);
#10297=AXIS2_PLACEMENT_3D('',#15410,#12557,#12558);
#10298=AXIS2_PLACEMENT_3D('',#15412,#12560,#12561);
#10299=AXIS2_PLACEMENT_3D('',#15414,#12563,#12564);
#10300=AXIS2_PLACEMENT_3D('',#15416,#12566,#12567);
#10301=AXIS2_PLACEMENT_3D('',#15418,#12569,#12570);
#10302=AXIS2_PLACEMENT_3D('',#15420,#12572,#12573);
#10303=AXIS2_PLACEMENT_3D('',#15422,#12575,#12576);
#10304=AXIS2_PLACEMENT_3D('',#15424,#12578,#12579);
#10305=AXIS2_PLACEMENT_3D('',#15426,#12581,#12582);
#10306=AXIS2_PLACEMENT_3D('',#15428,#12584,#12585);
#10307=AXIS2_PLACEMENT_3D('',#15430,#12587,#12588);
#10308=AXIS2_PLACEMENT_3D('',#15432,#12590,#12591);
#10309=AXIS2_PLACEMENT_3D('',#15434,#12593,#12594);
#10310=AXIS2_PLACEMENT_3D('',#15436,#12596,#12597);
#10311=AXIS2_PLACEMENT_3D('',#15438,#12599,#12600);
#10312=AXIS2_PLACEMENT_3D('',#15440,#12602,#12603);
#10313=AXIS2_PLACEMENT_3D('',#15442,#12605,#12606);
#10314=AXIS2_PLACEMENT_3D('',#15444,#12608,#12609);
#10315=AXIS2_PLACEMENT_3D('',#15446,#12611,#12612);
#10316=AXIS2_PLACEMENT_3D('',#15448,#12614,#12615);
#10317=AXIS2_PLACEMENT_3D('',#15450,#12617,#12618);
#10318=AXIS2_PLACEMENT_3D('',#15452,#12620,#12621);
#10319=AXIS2_PLACEMENT_3D('',#15454,#12623,#12624);
#10320=AXIS2_PLACEMENT_3D('',#15456,#12626,#12627);
#10321=AXIS2_PLACEMENT_3D('',#15458,#12629,#12630);
#10322=AXIS2_PLACEMENT_3D('',#15460,#12632,#12633);
#10323=AXIS2_PLACEMENT_3D('',#15462,#12635,#12636);
#10324=AXIS2_PLACEMENT_3D('',#15464,#12638,#12639);
#10325=AXIS2_PLACEMENT_3D('',#15466,#12641,#12642);
#10326=AXIS2_PLACEMENT_3D('',#15468,#12644,#12645);
#10327=AXIS2_PLACEMENT_3D('',#15470,#12647,#12648);
#10328=AXIS2_PLACEMENT_3D('',#15472,#12650,#12651);
#10329=AXIS2_PLACEMENT_3D('',#15474,#12653,#12654);
#10330=AXIS2_PLACEMENT_3D('',#15476,#12656,#12657);
#10331=AXIS2_PLACEMENT_3D('',#15477,#12658,#12659);
#10332=AXIS2_PLACEMENT_3D('',#15478,#12660,#12661);
#10333=AXIS2_PLACEMENT_3D('',#15479,#12662,#12663);
#10334=AXIS2_PLACEMENT_3D('',#15480,#12664,#12665);
#10335=AXIS2_PLACEMENT_3D('',#15481,#12666,#12667);
#10336=AXIS2_PLACEMENT_3D('',#15482,#12668,#12669);
#10337=AXIS2_PLACEMENT_3D('',#15483,#12670,#12671);
#10338=AXIS2_PLACEMENT_3D('',#15484,#12672,#12673);
#10339=AXIS2_PLACEMENT_3D('',#15485,#12674,#12675);
#10340=AXIS2_PLACEMENT_3D('',#15486,#12676,#12677);
#10341=AXIS2_PLACEMENT_3D('',#15487,#12678,#12679);
#10342=AXIS2_PLACEMENT_3D('',#15488,#12680,#12681);
#10343=AXIS2_PLACEMENT_3D('',#15489,#12682,#12683);
#10344=AXIS2_PLACEMENT_3D('',#15490,#12684,#12685);
#10345=AXIS2_PLACEMENT_3D('',#15491,#12686,#12687);
#10346=AXIS2_PLACEMENT_3D('',#15494,#12690,#12691);
#10347=AXIS2_PLACEMENT_3D('',#15496,#12693,#12694);
#10348=AXIS2_PLACEMENT_3D('',#15498,#12696,#12697);
#10349=DIRECTION('',(0.,0.,1.));
#10350=DIRECTION('',(1.,0.,0.));
#10351=DIRECTION('',(0.,0.,1.));
#10352=DIRECTION('',(1.,0.,0.));
#10353=DIRECTION('',(0.,0.,1.));
#10354=DIRECTION('',(1.,0.,0.));
#10355=DIRECTION('',(0.,0.,1.));
#10356=DIRECTION('',(1.,0.,0.));
#10357=DIRECTION('',(0.,0.,1.));
#10358=DIRECTION('',(1.,0.,0.));
#10359=DIRECTION('',(0.,0.,1.));
#10360=DIRECTION('',(1.,0.,0.));
#10361=DIRECTION('',(0.,1.,0.));
#10362=DIRECTION('',(0.,0.,1.));
#10363=DIRECTION('',(1.,0.,0.));
#10364=DIRECTION('',(1.,0.,0.));
#10365=DIRECTION('',(-0.77131496512143,0.636453631130916,0.));
#10366=DIRECTION('',(-0.839005289257506,0.544123262320155,0.));
#10367=DIRECTION('',(-0.936899849353607,0.349597872249229,0.));
#10368=DIRECTION('',(-0.960587342091097,0.277978341268454,0.));
#10369=DIRECTION('',(-0.98142505973973,0.191845907214271,0.));
#10370=DIRECTION('',(-0.995508966117932,0.0946673036417818,0.));
#10371=DIRECTION('',(-0.999122539162155,0.0418825946923931,0.));
#10372=DIRECTION('',(-0.99450685833371,-0.104671432240198,0.));
#10373=DIRECTION('',(-0.827121695344972,-0.562022865272989,0.));
#10374=DIRECTION('',(-0.585959326413297,-0.810340464119419,0.));
#10375=DIRECTION('',(-0.548018556218078,-0.836466175072641,0.));
#10376=DIRECTION('',(-0.543294062074983,-0.839542471894105,0.));
#10377=DIRECTION('',(-0.497854728902751,-0.867260438916228,0.));
#10378=DIRECTION('',(-0.429928113839351,-0.902863121924103,0.));
#10379=DIRECTION('',(-0.328015684198766,-0.944672276993252,0.));
#10380=DIRECTION('',(0.208118851557106,0.978103544430011,0.));
#10381=DIRECTION('',(-0.384605062664593,-0.923081223822024,0.));
#10382=DIRECTION('',(-0.487441435075757,-0.873155683352795,0.));
#10383=DIRECTION('',(-0.528130241387548,-0.849163381294749,0.));
#10384=DIRECTION('',(-0.557304573749281,-0.830308142847059,0.));
#10385=DIRECTION('',(-0.519365911483798,-0.854551958624286,0.));
#10386=DIRECTION('',(-0.36561608895476,-0.930765746843654,0.));
#10387=DIRECTION('',(-0.163376858968709,-0.986563734359579,0.));
#10388=DIRECTION('',(0.0350989438918036,-0.99938384224365,0.));
#10389=DIRECTION('',(0.288786719107393,-0.957393456666165,0.));
#10390=DIRECTION('',(0.560099425911957,-0.828425393800248,0.));
#10391=DIRECTION('',(0.778116039621871,-0.628120552826585,0.));
#10392=DIRECTION('',(0.910458812584153,-0.413599746842105,0.));
#10393=DIRECTION('',(0.973150038641795,-0.230171680037906,0.));
#10394=DIRECTION('',(0.996129152309336,-0.0879017173864248,0.));
#10395=DIRECTION('',(0.997960287603578,0.0638377973161981,0.));
#10396=DIRECTION('',(0.981155096194945,0.193221834197608,0.));
#10397=DIRECTION('',(0.973894916829229,0.226999319325386,0.));
#10398=DIRECTION('',(0.982449879445398,0.186526765848024,0.));
#10399=DIRECTION('',(0.996065364400651,0.0886216104649339,0.));
#10400=DIRECTION('',(0.990355049294964,-0.138552792595348,0.));
#10401=DIRECTION('',(0.854968867908066,-0.518679317987521,0.));
#10402=DIRECTION('',(-0.498477434071395,-0.866902674884325,0.));
#10403=DIRECTION('',(-0.611364525492643,-0.791349111940587,0.));
#10404=DIRECTION('',(-0.687495126355285,-0.726188991404945,0.));
#10405=DIRECTION('',(-0.693736540362173,-0.720228861242261,0.));
#10406=DIRECTION('',(-0.645003285540322,-0.764179796672347,0.));
#10407=DIRECTION('',(-0.593483911440506,-0.804845852857103,0.));
#10408=DIRECTION('',(-0.535858862839857,-0.844307573764428,0.));
#10409=DIRECTION('',(-0.46726733959219,-0.884116074591135,0.));
#10410=DIRECTION('',(-0.378104520930437,-0.925762913089504,0.));
#10411=DIRECTION('',(-0.252191900985971,-0.967677242202731,0.));
#10412=DIRECTION('',(-0.0590479241558739,-0.998255149074064,0.));
#10413=DIRECTION('',(0.109262448065476,-0.994012936255228,0.));
#10414=DIRECTION('',(0.262990035091266,-0.964798549668632,0.));
#10415=DIRECTION('',(0.398231021590218,-0.917285153833426,0.));
#10416=DIRECTION('',(0.377742508267276,-0.925910685459427,0.));
#10417=DIRECTION('',(0.383889630828136,-0.923378985759714,0.));
#10418=DIRECTION('',(0.392788569866772,-0.919628805215461,0.));
#10419=DIRECTION('',(0.267874371017571,-0.96345385014122,0.));
#10420=DIRECTION('',(0.18234004313302,-0.983235530618299,0.));
#10421=DIRECTION('',(0.114140101113881,-0.993464663346268,0.));
#10422=DIRECTION('',(0.0520430221633217,-0.998644843697752,0.));
#10423=DIRECTION('',(-0.0146367608500383,-0.999892876878228,0.));
#10424=DIRECTION('',(-0.0962243338386982,-0.995359672468851,0.));
#10425=DIRECTION('',(-0.2120774925884,-0.977252852202242,0.));
#10426=DIRECTION('',(-0.356722491332762,-0.934210396097875,0.));
#10427=DIRECTION('',(-0.434397412709498,-0.900721315297519,0.));
#10428=DIRECTION('',(-0.528798473130798,-0.848747415203449,0.));
#10429=DIRECTION('',(-0.435829149008515,-0.900029417782838,0.));
#10430=DIRECTION('',(-0.124125059752534,-0.992266581892906,0.));
#10431=DIRECTION('',(0.0371042992365646,-0.999311398403002,0.));
#10432=DIRECTION('',(0.117104352673491,-0.99311961544666,0.));
#10433=DIRECTION('',(0.110422534478209,-0.993884733698737,0.));
#10434=DIRECTION('',(-0.0444980167231379,-0.99900947268167,0.));
#10435=DIRECTION('',(-0.278258031923212,-0.96050636003632,0.));
#10436=DIRECTION('',(-0.567219260290465,-0.823566822277062,0.));
#10437=DIRECTION('',(-0.767989180299239,-0.64046281620661,0.));
#10438=DIRECTION('',(-0.873807127174539,-0.486272664766362,0.));
#10439=DIRECTION('',(-0.889991188071513,-0.45597772440664,0.));
#10440=DIRECTION('',(-0.883245456773883,-0.468910933001455,0.));
#10441=DIRECTION('',(-0.874157925472953,-0.485641762344245,0.));
#10442=DIRECTION('',(-0.855778455359103,-0.517342473940801,0.));
#10443=DIRECTION('',(-0.795729262110439,-0.605652492293375,0.));
#10444=DIRECTION('',(-0.821540415158942,-0.570150283925627,0.));
#10445=DIRECTION('',(-0.872733081999968,-0.488197672652008,0.));
#10446=DIRECTION('',(-0.896839614776079,-0.442355858295438,0.));
#10447=DIRECTION('',(-0.92467804263783,-0.380749940858134,0.));
#10448=DIRECTION('',(-0.988110666690544,-0.153744301918375,0.));
#10449=DIRECTION('',(-0.999611631441195,0.0278672978143165,0.));
#10450=DIRECTION('',(-0.981534069799088,0.191287401110578,0.));
#10451=DIRECTION('',(-0.939884277326498,0.341493111547579,0.));
#10452=DIRECTION('',(-0.926136602206987,0.377188274012458,0.));
#10453=DIRECTION('',(-0.956660398642041,0.291205909400981,0.));
#10454=DIRECTION('',(-0.98593037946212,0.167156474160233,0.));
#10455=DIRECTION('',(-0.998966982385889,-0.0454419201050265,0.));
#10456=DIRECTION('',(-0.955588972703491,-0.294702757448054,0.));
#10457=DIRECTION('',(-0.890577748243928,-0.454831039324247,0.));
#10458=DIRECTION('',(-0.790299248874241,-0.612721059886806,0.));
#10459=DIRECTION('',(-0.654459995673823,-0.756096630109287,0.));
#10460=DIRECTION('',(-0.487630910913037,-0.873049881004586,0.));
#10461=DIRECTION('',(-0.303416271165953,-0.95285810401746,0.));
#10462=DIRECTION('',(-0.116102889316543,-0.99323719175852,0.));
#10463=DIRECTION('',(0.0617471831907473,-0.998091822112579,0.));
#10464=DIRECTION('',(0.237749426485654,-0.971326520901053,0.));
#10465=DIRECTION('',(0.465960578073804,-0.884805481267565,0.));
#10466=DIRECTION('',(0.693680168207083,-0.720283155596598,0.));
#10467=DIRECTION('',(0.84700822139107,-0.53157978977378,0.));
#10468=DIRECTION('',(0.925502958262043,-0.378740378423277,0.));
#10469=DIRECTION('',(0.961361721048878,-0.275288287622156,0.));
#10470=DIRECTION('',(0.977634189791825,-0.210312602927363,0.));
#10471=DIRECTION('',(0.985232734254107,-0.171220499223009,0.));
#10472=DIRECTION('',(0.987499809676206,-0.157620195055889,0.));
#10473=DIRECTION('',(0.987380267022282,-0.15836732079254,0.));
#10474=DIRECTION('',(0.984372859128435,-0.176096775130355,0.));
#10475=DIRECTION('',(0.981440932954438,-0.191764686846985,0.));
#10476=DIRECTION('',(0.972823515258464,-0.231547852851555,0.));
#10477=DIRECTION('',(0.942808285347786,-0.333335472279156,0.));
#10478=DIRECTION('',(0.888478366636263,-0.458918502589902,0.));
#10479=DIRECTION('',(0.791586470770397,-0.611057165323563,0.));
#10480=DIRECTION('',(0.675986774879338,-0.736913753561589,0.));
#10481=DIRECTION('',(0.571379681759506,-0.820685846881988,0.));
#10482=DIRECTION('',(0.444222260678257,-0.895916616163523,0.));
#10483=DIRECTION('',(0.298134123857925,-0.954523988274505,0.));
#10484=DIRECTION('',(0.143132021843289,-0.989703604279106,0.));
#10485=DIRECTION('',(-0.0136812279060773,-0.999906407621724,0.));
#10486=DIRECTION('',(-0.160548988710186,-0.987027873073571,0.));
#10487=DIRECTION('',(-0.290740861735265,-0.95680183492583,0.));
#10488=DIRECTION('',(-0.439261107830606,-0.89835943761249,0.));
#10489=DIRECTION('',(-0.618542419342455,-0.7857514081909,0.));
#10490=DIRECTION('',(-0.77863521118282,-0.627476858462753,0.));
#10491=DIRECTION('',(-0.900470914480147,-0.434916235814769,0.));
#10492=DIRECTION('',(-0.973756678790624,-0.22759158708233,0.));
#10493=DIRECTION('',(-0.999674821091092,-0.0255000407155308,0.));
#10494=DIRECTION('',(-0.987395825000477,0.158270290236757,0.));
#10495=DIRECTION('',(-0.94801509484141,0.318225360323203,0.));
#10496=DIRECTION('',(-0.928314141067604,0.371796793280841,0.));
#10497=DIRECTION('',(0.377549987799029,0.925989204425706,0.));
#10498=DIRECTION('',(-0.360319682614248,-0.932828883729898,0.));
#10499=DIRECTION('',(-0.927489252429726,0.373849818279142,0.));
#10500=DIRECTION('',(-0.934762614353532,0.35527293002275,0.));
#10501=DIRECTION('',(-0.963506646924075,0.267684406219575,0.));
#10502=DIRECTION('',(-0.986062148506307,0.16637740015737,0.));
#10503=DIRECTION('',(-0.998608482791359,0.0527361175774335,0.));
#10504=DIRECTION('',(-0.997570981969118,-0.0696572748043511,0.));
#10505=DIRECTION('',(-0.980773145886958,-0.195151316436758,0.));
#10506=DIRECTION('',(-0.948398614453107,-0.317080538827956,0.));
#10507=DIRECTION('',(-0.903433021376164,-0.428729257092556,0.));
#10508=DIRECTION('',(-0.897093997346145,-0.441839744619601,0.));
#10509=DIRECTION('',(-0.880267278653667,-0.474478153481978,0.));
#10510=DIRECTION('',(-0.823309545824189,-0.567592628347803,0.));
#10511=DIRECTION('',(-0.738813115393543,-0.673910365347267,0.));
#10512=DIRECTION('',(-0.364463042886139,-0.931217853335178,0.));
#10513=DIRECTION('',(-0.109353290668517,-0.994002946585153,0.));
#10514=DIRECTION('',(0.00733288830995822,-0.999973114013089,0.));
#10515=DIRECTION('',(0.103101011275801,-0.994670891035777,0.));
#10516=DIRECTION('',(0.138699622184635,-0.990334496423223,0.));
#10517=DIRECTION('',(0.0167006099777345,-0.999860535087955,0.));
#10518=DIRECTION('',(-0.243115725463145,-0.969997290734633,0.));
#10519=DIRECTION('',(-0.403026085329733,-0.915188491264937,0.));
#10520=DIRECTION('',(-0.369780915294158,-0.929118977679508,0.));
#10521=DIRECTION('',(-0.24862366101221,-0.968600162701249,0.));
#10522=DIRECTION('',(-0.119185493859232,-0.992872004869475,0.));
#10523=DIRECTION('',(0.00913835610658761,-0.999958244352068,0.));
#10524=DIRECTION('',(0.127685098212572,-0.991814758760146,0.));
#10525=DIRECTION('',(0.230944947156494,-0.972966819261009,0.));
#10526=DIRECTION('',(0.31703768567193,-0.948412940582206,0.));
#10527=DIRECTION('',(0.386729871223273,-0.922193041994804,0.));
#10528=DIRECTION('',(0.390672117417089,-0.920529899934189,0.));
#10529=DIRECTION('',(0.270709082015688,-0.962661203598765,0.));
#10530=DIRECTION('',(0.0907939422359157,-0.995869700338986,0.));
#10531=DIRECTION('',(-0.147367734321384,-0.989081771584626,0.));
#10532=DIRECTION('',(-0.34465742096723,-0.938728534866293,0.));
#10533=DIRECTION('',(-0.482806490681183,-0.87572706510426,0.));
#10534=DIRECTION('',(-0.548797287503995,-0.835955463663141,0.));
#10535=DIRECTION('',(-0.630049739679998,-0.776554779477383,0.));
#10536=DIRECTION('',(-0.680032392703621,-0.733182068025255,0.));
#10537=DIRECTION('',(-0.672557610372044,-0.740044769409694,0.));
#10538=DIRECTION('',(-0.552943352581088,-0.833218848104378,0.));
#10539=DIRECTION('',(-0.273786781791266,-0.961790412780446,0.));
#10540=DIRECTION('',(0.186413523220863,-0.982471372794335,0.));
#10541=DIRECTION('',(0.722771792509448,-0.691086778887196,0.));
#10542=DIRECTION('',(0.951820576709336,-0.306655490335175,0.));
#10543=DIRECTION('',(0.999963540025637,-0.00853923997767208,0.));
#10544=DIRECTION('',(0.989775954480323,0.142630851966063,0.));
#10545=DIRECTION('',(0.975726898654183,0.218990911324396,0.));
#10546=DIRECTION('',(0.974456408083148,0.224576732422773,0.));
#10547=DIRECTION('',(0.988397905818378,0.151886733370114,0.));
#10548=DIRECTION('',(0.999883247335065,0.0152804351602321,0.));
#10549=DIRECTION('',(0.99057905035672,-0.136942122790535,0.));
#10550=DIRECTION('',(0.946944287000327,-0.321397755619795,0.));
#10551=DIRECTION('',(0.874620125165342,-0.484808866106801,0.));
#10552=DIRECTION('',(0.675709249281303,-0.737168237538555,0.));
#10553=DIRECTION('',(0.359971108429795,-0.932963451103967,0.));
#10554=DIRECTION('',(0.0465528444524829,-0.998915828622904,0.));
#10555=DIRECTION('',(-0.227796111233574,-0.973708853665643,0.));
#10556=DIRECTION('',(-0.416087824065247,-0.909324432017885,0.));
#10557=DIRECTION('',(-0.560811909173628,-0.827943236296445,0.));
#10558=DIRECTION('',(-0.52753201960617,-0.849535148354814,0.));
#10559=DIRECTION('',(-0.467549213340917,-0.883967042996677,0.));
#10560=DIRECTION('',(-0.434398975954787,-0.900720561378185,0.));
#10561=DIRECTION('',(-0.384844474610951,-0.922981435545386,0.));
#10562=DIRECTION('',(-0.307863851343029,-0.95143042259339,0.));
#10563=DIRECTION('',(-0.183764928070759,-0.98297021888313,0.));
#10564=DIRECTION('',(0.0969678049254609,-0.995287518663797,0.));
#10565=DIRECTION('',(0.635662499326982,-0.771967089291619,0.));
#10566=DIRECTION('',(0.895559297277363,-0.44494218170463,0.));
#10567=DIRECTION('',(0.972571633456431,-0.232603563592413,0.));
#10568=DIRECTION('',(0.996795526729259,-0.0799917364015823,0.));
#10569=DIRECTION('',(0.999919181966276,0.0127133605271309,0.));
#10570=DIRECTION('',(0.997939414800282,0.0641632635397443,0.));
#10571=DIRECTION('',(0.99436816929739,0.10598086566997,0.));
#10572=DIRECTION('',(0.987164721073402,0.159705395863985,0.));
#10573=DIRECTION('',(0.976854617942813,0.213904313663379,0.));
#10574=DIRECTION('',(0.964135651180306,0.265409958598255,0.));
#10575=DIRECTION('',(0.94904122482986,0.315151953148697,0.));
#10576=DIRECTION('',(0.942668482366572,0.333730628430631,0.));
#10577=DIRECTION('',(0.913459921530942,0.406928705987531,0.));
#10578=DIRECTION('',(0.892415696627647,0.451214166901474,0.));
#10579=DIRECTION('',(0.859409211070347,0.511288380395491,0.));
#10580=DIRECTION('',(0.812879782832671,0.582431505554009,0.));
#10581=DIRECTION('',(0.999999133089056,0.00131674642077932,0.));
#10582=DIRECTION('',(-0.999999999706487,-2.42286303218112E-5,0.));
#10583=DIRECTION('',(1.,0.,0.));
#10584=DIRECTION('',(0.,0.,1.));
#10585=DIRECTION('',(1.,0.,0.));
#10586=DIRECTION('',(0.,1.,0.));
#10587=DIRECTION('',(0.94479477721036,0.327662675561355,0.));
#10588=DIRECTION('',(-0.944170195183314,-0.329458104358511,0.));
#10589=DIRECTION('',(-0.576446077597631,0.817135190542119,0.));
#10590=DIRECTION('',(-0.803432904943681,0.595395303352116,0.));
#10591=DIRECTION('',(-0.95182655207224,0.306636942931329,0.));
#10592=DIRECTION('',(-0.996921149234388,0.0784106001073053,0.));
#10593=DIRECTION('',(-0.987478356628574,0.157754540949323,0.));
#10594=DIRECTION('',(-0.871662804532656,0.490106065249416,0.));
#10595=DIRECTION('',(-0.637912359607508,0.770108967263713,0.));
#10596=DIRECTION('',(-0.335785505997368,0.941938476739374,0.));
#10597=DIRECTION('',(-0.0223341242525615,0.999750562337362,0.));
#10598=DIRECTION('',(0.274495327194745,0.961588433451781,0.));
#10599=DIRECTION('',(0.537066451181461,0.843539938008481,0.));
#10600=DIRECTION('',(0.748827568600916,0.662764869696064,0.));
#10601=DIRECTION('',(0.889829827141187,0.456292536351281,0.));
#10602=DIRECTION('',(0.939881394504704,0.341501045772767,0.));
#10603=DIRECTION('',(0.965241358259727,0.261360135263428,0.));
#10604=DIRECTION('',(0.986003045224385,0.166727306726402,0.));
#10605=DIRECTION('',(0.997459488027146,0.0712360143791281,0.));
#10606=DIRECTION('',(0.999203843455101,-0.0398958547289669,0.));
#10607=DIRECTION('',(0.964724138297372,-0.26326286670625,0.));
#10608=DIRECTION('',(0.679434146697816,-0.733736492414689,0.));
#10609=DIRECTION('',(0.025196691704607,-0.999682512964563,0.));
#10610=DIRECTION('',(-0.423471505469692,-0.905909423758928,0.));
#10611=DIRECTION('',(-0.469367568142618,-0.883002879936348,0.));
#10612=DIRECTION('',(-0.467782243698981,-0.88384374890585,0.));
#10613=DIRECTION('',(-0.575822271391522,-0.817574896733937,0.));
#10614=DIRECTION('',(-0.811193486615378,-0.584777844375782,0.));
#10615=DIRECTION('',(-0.925253569626397,-0.379349221553978,0.));
#10616=DIRECTION('',(-0.986027461499847,-0.166582847761012,0.));
#10617=DIRECTION('',(-0.99900828974181,0.0445245665576217,0.));
#10618=DIRECTION('',(-0.967775279611189,0.251815424812471,0.));
#10619=DIRECTION('',(-0.890783392685302,0.454428154185084,0.));
#10620=DIRECTION('',(-0.762614497346825,0.646853251082848,0.));
#10621=DIRECTION('',(-0.580178765388045,0.814489165178276,0.));
#10622=DIRECTION('',(-0.901617545666359,0.432534162057254,0.));
#10623=DIRECTION('',(-0.921850807268127,0.387544951120644,0.));
#10624=DIRECTION('',(-0.934320671136459,0.35643356111219,0.));
#10625=DIRECTION('',(-0.937154871050748,0.348913667926401,0.));
#10626=DIRECTION('',(-0.941844259315698,0.336049685603281,0.));
#10627=DIRECTION('',(-0.81321706703456,0.581960481376278,0.));
#10628=DIRECTION('',(-0.242536781535829,0.970142211019726,0.));
#10629=DIRECTION('',(0.519273946997071,0.854607844552157,0.));
#10630=DIRECTION('',(0.873175148974792,0.487406564597616,0.));
#10631=DIRECTION('',(0.986756706464631,0.162207281732583,0.));
#10632=DIRECTION('',(0.996537246631433,-0.0831475560449187,0.));
#10633=DIRECTION('',(0.980163505050915,-0.198190573353791,0.));
#10634=DIRECTION('',(0.967792316573859,-0.251749939385502,0.));
#10635=DIRECTION('',(0.940877367643714,-0.33874736759986,0.));
#10636=DIRECTION('',(0.932339099049282,-0.361585127437473,0.));
#10637=DIRECTION('',(0.929365181141776,-0.36916169909853,0.));
#10638=DIRECTION('',(0.925252059775458,-0.3793529041424,0.));
#10639=DIRECTION('',(0.913329490266798,-0.407221367574187,0.));
#10640=DIRECTION('',(0.923604292051314,-0.38334724689815,0.));
#10641=DIRECTION('',(0.912234395972226,-0.409668654897087,0.));
#10642=DIRECTION('',(0.879751466395725,-0.475433862250651,0.));
#10643=DIRECTION('',(0.851424274728784,-0.524477553764282,0.));
#10644=DIRECTION('',(0.8576140941101,-0.51429375417529,0.));
#10645=DIRECTION('',(0.829152094632129,-0.55902307999505,0.));
#10646=DIRECTION('',(0.758549701728793,-0.651615185525291,0.));
#10647=DIRECTION('',(0.644359373274868,-0.764722824344102,0.));
#10648=DIRECTION('',(0.426635025580879,-0.904423880129004,0.));
#10649=DIRECTION('',(0.133962577258384,-0.990986391376941,0.));
#10650=DIRECTION('',(-0.160021830703797,-0.987113475593463,0.));
#10651=DIRECTION('',(-0.63179457873093,-0.775135865694658,0.));
#10652=DIRECTION('',(-0.972752127457715,-0.231847576063433,0.));
#10653=DIRECTION('',(-0.982063391377898,0.188551041671323,0.));
#10654=DIRECTION('',(-0.894677156781066,0.446713314256636,0.));
#10655=DIRECTION('',(-0.823769711032224,0.566924565692726,0.));
#10656=DIRECTION('',(-0.824357824608451,0.566069056747339,0.));
#10657=DIRECTION('',(-0.850140565200229,0.526555808439177,0.));
#10658=DIRECTION('',(-0.871437361730035,0.490506803807039,0.));
#10659=DIRECTION('',(-0.884291684657136,0.466934916713501,0.));
#10660=DIRECTION('',(-0.545971622757586,0.837803668614222,0.));
#10661=DIRECTION('',(-0.528721574844649,0.848795320612569,0.));
#10662=DIRECTION('',(-0.479499880476424,0.877541944651705,0.));
#10663=DIRECTION('',(-0.406137171288445,0.913812124070271,0.));
#10664=DIRECTION('',(-0.286944517474991,0.957947203081175,0.));
#10665=DIRECTION('',(-0.0660722657255223,0.997814840389687,0.));
#10666=DIRECTION('',(0.280268201231672,0.95992173398583,0.));
#10667=DIRECTION('',(0.762661135752177,0.646798262221845,0.));
#10668=DIRECTION('',(0.992322175455418,0.123679828991744,0.));
#10669=DIRECTION('',(0.950750832402601,-0.309956214142838,0.));
#10670=DIRECTION('',(0.857665840677004,-0.514207453987016,0.));
#10671=DIRECTION('',(0.818910355230457,-0.573921449413007,0.));
#10672=DIRECTION('',(0.766114167284105,-0.642704506508693,0.));
#10673=DIRECTION('',(0.673113825949901,-0.739538895065761,0.));
#10674=DIRECTION('',(0.503213384862973,-0.864162189229979,0.));
#10675=DIRECTION('',(0.203928781841337,-0.978985726114895,0.));
#10676=DIRECTION('',(-0.206956794770541,-0.978350083098225,0.));
#10677=DIRECTION('',(-0.555463157577572,-0.831541147853763,0.));
#10678=DIRECTION('',(-0.755654734553568,-0.654970168898384,0.));
#10679=DIRECTION('',(-0.882587516029213,-0.470148143194657,0.));
#10680=DIRECTION('',(-0.992638227870226,0.121117086204458,0.));
#10681=DIRECTION('',(-0.731909405965201,0.68140195293209,0.));
#10682=DIRECTION('',(-0.573449002006819,0.819241260006711,0.));
#10683=DIRECTION('',(0.376496550026011,0.926418020020396,0.));
#10684=DIRECTION('',(0.818139142139076,0.575020298859038,0.));
#10685=DIRECTION('',(0.982460351258342,0.18647160160554,0.));
#10686=DIRECTION('',(0.99974570044345,-0.0225507083001059,0.));
#10687=DIRECTION('',(0.998360707307802,-0.057235461943318,0.));
#10688=DIRECTION('',(0.996661838342059,-0.0816405536031424,0.));
#10689=DIRECTION('',(0.990572824732956,-0.136987148669398,0.));
#10690=DIRECTION('',(0.983945443744482,-0.178469503653911,0.));
#10691=DIRECTION('',(0.975370964930114,-0.220570806706824,0.));
#10692=DIRECTION('',(0.970133644869099,-0.242571043393472,0.));
#10693=DIRECTION('',(0.958889777977954,-0.283778775967107,0.));
#10694=DIRECTION('',(0.951038405122506,-0.309072729275877,0.));
#10695=DIRECTION('',(0.93715841613563,-0.34890414595725,0.));
#10696=DIRECTION('',(0.90920839465023,-0.416341320430187,0.));
#10697=DIRECTION('',(0.836860476176981,-0.547416243285524,0.));
#10698=DIRECTION('',(0.684273383177292,-0.729225573519678,0.));
#10699=DIRECTION('',(0.5071360305519,-0.861866025850922,0.));
#10700=DIRECTION('',(0.213293770162455,-0.976988110270481,0.));
#10701=DIRECTION('',(-0.246520134187631,-0.969137670013973,0.));
#10702=DIRECTION('',(-0.695739394338914,-0.718294295651108,0.));
#10703=DIRECTION('',(-0.925136183523444,-0.37963540658858,0.));
#10704=DIRECTION('',(-0.998954529407308,-0.045714857285388,0.));
#10705=DIRECTION('',(-0.965850039798813,0.259101718675566,0.));
#10706=DIRECTION('',(-0.923132203739276,0.384482684160767,0.));
#10707=DIRECTION('',(-0.909719756224027,0.415222789759542,0.));
#10708=DIRECTION('',(-0.920656550262736,0.390373560142484,0.));
#10709=DIRECTION('',(-0.944410422809811,0.328768844765125,0.));
#10710=DIRECTION('',(-0.9694901236869,0.245130373625054,0.));
#10711=DIRECTION('',(-0.980406755541479,0.196983739655413,0.));
#10712=DIRECTION('',(-0.985756634058034,0.168178055674855,0.));
#10713=DIRECTION('',(-0.987030897821189,0.160530391970799,0.));
#10714=DIRECTION('',(-0.98596155192054,0.166972507121503,0.));
#10715=DIRECTION('',(-0.934366714777432,0.356312843321749,0.));
#10716=DIRECTION('',(-0.764062697189896,0.645141995814024,0.));
#10717=DIRECTION('',(-0.205584280451721,0.978639414509322,0.));
#10718=DIRECTION('',(0.996620254531937,0.0821466265691882,0.));
#10719=DIRECTION('',(0.999840878685609,0.0178386465066818,0.));
#10720=DIRECTION('',(0.99951729461156,-0.0310673103500705,0.));
#10721=DIRECTION('',(0.998589918847546,-0.0530864763951318,0.));
#10722=DIRECTION('',(0.995343678282408,-0.0963896369079517,0.));
#10723=DIRECTION('',(0.989154210371747,-0.146880727475888,0.));
#10724=DIRECTION('',(0.973272724283534,-0.22965235501886,0.));
#10725=DIRECTION('',(0.956240707061146,-0.292581117229395,0.));
#10726=DIRECTION('',(0.927406968009422,-0.374053894094917,0.));
#10727=DIRECTION('',(0.756057270893997,-0.654505464551918,0.));
#10728=DIRECTION('',(0.396149546530532,-0.918186003369499,0.));
#10729=DIRECTION('',(-0.0191760950123145,-0.99981612178444,0.));
#10730=DIRECTION('',(-0.43394549036701,-0.900939127460971,0.));
#10731=DIRECTION('',(-0.704092283538404,-0.710108482037552,0.));
#10732=DIRECTION('',(-0.862133006657883,-0.506682029315269,0.));
#10733=DIRECTION('',(-0.978850270742297,-0.204577974053251,0.));
#10734=DIRECTION('',(-0.986632309834245,0.162962220134431,0.));
#10735=DIRECTION('',(-0.973849690477239,0.227193266531791,0.));
#10736=DIRECTION('',(-0.978221983846913,0.207561437455538,0.));
#10737=DIRECTION('',(-0.98212061584643,0.18825274481247,0.));
#10738=DIRECTION('',(-0.987511460783974,0.157547182838356,0.));
#10739=DIRECTION('',(-0.990263069593562,0.139208667112133,0.));
#10740=DIRECTION('',(-0.99166422219205,0.12884902182103,0.));
#10741=DIRECTION('',(-0.997843648667402,0.0656357586542986,0.));
#10742=DIRECTION('',(-0.99999717050312,-0.00237886228131075,0.));
#10743=DIRECTION('',(-0.996874077462191,-0.0790067951755158,0.));
#10744=DIRECTION('',(-0.998498983539629,-0.0547702462138734,0.));
#10745=DIRECTION('',(-0.982418435758816,0.186692305897168,0.));
#10746=DIRECTION('',(-0.857417380076077,0.514621643873902,0.));
#10747=DIRECTION('',(-0.219373761850857,0.975640893265244,0.));
#10748=DIRECTION('',(0.537550045758066,0.843231847302687,0.));
#10749=DIRECTION('',(0.844996515895661,0.534771809395554,0.));
#10750=DIRECTION('',(0.938747813879557,0.344604907011426,0.));
#10751=DIRECTION('',(0.970324118728755,0.241807991210518,0.));
#10752=DIRECTION('',(0.986237499252567,0.165334796906289,0.));
#10753=DIRECTION('',(0.992920243437244,0.118782954048655,0.));
#10754=DIRECTION('',(0.247648674452307,0.968849902741397,0.));
#10755=DIRECTION('',(0.382673679996304,0.923883572014399,0.));
#10756=DIRECTION('',(0.889204263185642,0.457510413359609,0.));
#10757=DIRECTION('',(0.994306140212671,-0.106561247812609,0.));
#10758=DIRECTION('',(0.962306503917098,-0.271967263689681,0.));
#10759=DIRECTION('',(0.91891159698977,-0.394463530529388,0.));
#10760=DIRECTION('',(0.701107087231394,-0.713055995160205,0.));
#10761=DIRECTION('',(0.179962811560944,-0.983673414531002,0.));
#10762=DIRECTION('',(-0.422729305869146,-0.906255998026711,0.));
#10763=DIRECTION('',(-0.698864010388108,-0.715254566559523,0.));
#10764=DIRECTION('',(-0.826200281978859,-0.56337651180898,0.));
#10765=DIRECTION('',(-0.891202269631044,-0.453606122759025,0.));
#10766=DIRECTION('',(-0.977314195285424,-0.211794626215124,0.));
#10767=DIRECTION('',(-0.966633069066686,0.256165005000137,0.));
#10768=DIRECTION('',(-0.558048602490685,0.829808265359049,0.));
#10769=DIRECTION('',(-0.0848162090586374,0.996396613142037,0.));
#10770=DIRECTION('',(0.186507264924112,0.982453581667107,0.));
#10771=DIRECTION('',(1.,0.,0.));
#10772=DIRECTION('',(0.980785174844612,-0.195090852694387,0.));
#10773=DIRECTION('',(0.70710678118682,-0.707106781186276,0.));
#10774=DIRECTION('',(0.195090852694385,-0.980785174844613,0.));
#10775=DIRECTION('',(0.,-1.,0.));
#10776=DIRECTION('',(-0.195090852694266,-0.980785174844637,0.));
#10777=DIRECTION('',(-0.70710678118716,-0.707106781185936,0.));
#10778=DIRECTION('',(-0.980785174844606,-0.195090852694418,0.));
#10779=DIRECTION('',(-1.,0.,0.));
#10780=DIRECTION('',(0.,-1.,0.));
#10781=DIRECTION('',(1.,0.,0.));
#10782=DIRECTION('',(0.980785174844579,-0.195090852694558,0.));
#10783=DIRECTION('',(0.707106781186774,-0.707106781186321,0.));
#10784=DIRECTION('',(0.195090852694555,-0.980785174844579,0.));
#10785=DIRECTION('',(0.,-1.,0.));
#10786=DIRECTION('',(-0.195090852694249,-0.98078517484464,0.));
#10787=DIRECTION('',(-0.707106781187182,-0.707106781185913,0.));
#10788=DIRECTION('',(-0.980785174844368,-0.195090852695615,0.));
#10789=DIRECTION('',(-1.,0.,0.));
#10790=DIRECTION('',(-0.980785174844369,0.195090852695614,0.));
#10791=DIRECTION('',(-0.707106781187001,0.707106781186094,0.));
#10792=DIRECTION('',(-0.195090852694249,0.98078517484464,0.));
#10793=DIRECTION('',(0.,1.,0.));
#10794=DIRECTION('',(-1.,0.,0.));
#10795=DIRECTION('',(0.,-1.,0.));
#10796=DIRECTION('',(-0.195090852694249,-0.98078517484464,0.));
#10797=DIRECTION('',(-0.707106781187001,-0.707106781186094,0.));
#10798=DIRECTION('',(-0.980785174844372,-0.195090852695599,0.));
#10799=DIRECTION('',(-1.,0.,0.));
#10800=DIRECTION('',(-0.980785174844354,0.195090852695685,0.));
#10801=DIRECTION('',(-0.70710678118691,0.707106781186185,0.));
#10802=DIRECTION('',(-0.195090852694249,0.98078517484464,0.));
#10803=DIRECTION('',(0.,1.,0.));
#10804=DIRECTION('',(0.195090852694555,0.980785174844579,0.));
#10805=DIRECTION('',(0.707106781186502,0.707106781186593,0.));
#10806=DIRECTION('',(0.980785174844592,0.195090852694488,0.));
#10807=DIRECTION('',(1.,0.,0.));
#10808=DIRECTION('',(0.,1.,0.));
#10809=DIRECTION('',(-1.,0.,0.));
#10810=DIRECTION('',(-0.980785174844456,0.195090852695172,0.));
#10811=DIRECTION('',(-0.707106781186729,0.707106781186366,0.));
#10812=DIRECTION('',(-0.195090852694283,0.980785174844633,0.));
#10813=DIRECTION('',(0.,1.,0.));
#10814=DIRECTION('',(-1.,0.,0.));
#10815=DIRECTION('',(-0.980785174844456,0.195090852695172,0.));
#10816=DIRECTION('',(-0.707106781186729,0.707106781186366,0.));
#10817=DIRECTION('',(-0.195090852694283,0.980785174844633,0.));
#10818=DIRECTION('',(0.,1.,0.));
#10819=DIRECTION('',(0.195090852694385,0.980785174844613,0.));
#10820=DIRECTION('',(0.707106781186548,0.707106781186548,0.));
#10821=DIRECTION('',(0.980785174844626,0.195090852694317,0.));
#10822=DIRECTION('',(0.,-1.,0.));
#10823=DIRECTION('',(0.999997951679086,-0.0020240152251507,0.));
#10824=DIRECTION('',(0.,-1.,0.));
#10825=DIRECTION('',(1.,1.86786901631197E-16,0.));
#10826=DIRECTION('',(0.,0.,1.));
#10827=DIRECTION('',(1.,0.,0.));
#10828=DIRECTION('',(1.,0.,0.));
#10829=DIRECTION('',(0.980785174844626,0.195090852694317,0.));
#10830=DIRECTION('',(0.707106781186548,0.707106781186548,0.));
#10831=DIRECTION('',(0.195090852694385,0.980785174844613,0.));
#10832=DIRECTION('',(0.,1.,0.));
#10833=DIRECTION('',(-0.195090852694283,0.980785174844633,0.));
#10834=DIRECTION('',(-0.707106781186729,0.707106781186366,0.));
#10835=DIRECTION('',(-0.980785174844456,0.195090852695172,0.));
#10836=DIRECTION('',(-1.,0.,0.));
#10837=DIRECTION('',(0.,1.,0.));
#10838=DIRECTION('',(-0.195090852694283,0.980785174844633,0.));
#10839=DIRECTION('',(-0.707106781186729,0.707106781186366,0.));
#10840=DIRECTION('',(-0.980785174844456,0.195090852695172,0.));
#10841=DIRECTION('',(-1.,0.,0.));
#10842=DIRECTION('',(0.,1.,0.));
#10843=DIRECTION('',(1.,0.,0.));
#10844=DIRECTION('',(0.980785174844592,0.195090852694488,0.));
#10845=DIRECTION('',(0.707106781186502,0.707106781186593,0.));
#10846=DIRECTION('',(0.195090852694555,0.980785174844579,0.));
#10847=DIRECTION('',(0.,1.,0.));
#10848=DIRECTION('',(-0.195090852694249,0.98078517484464,0.));
#10849=DIRECTION('',(-0.70710678118691,0.707106781186185,0.));
#10850=DIRECTION('',(-0.980785174844354,0.195090852695685,0.));
#10851=DIRECTION('',(-1.,0.,0.));
#10852=DIRECTION('',(-0.980785174844372,-0.195090852695599,0.));
#10853=DIRECTION('',(-0.707106781187001,-0.707106781186094,0.));
#10854=DIRECTION('',(-0.195090852694249,-0.98078517484464,0.));
#10855=DIRECTION('',(0.,-1.,0.));
#10856=DIRECTION('',(-1.,0.,0.));
#10857=DIRECTION('',(0.,1.,0.));
#10858=DIRECTION('',(-0.195090852694249,0.98078517484464,0.));
#10859=DIRECTION('',(-0.707106781187001,0.707106781186094,0.));
#10860=DIRECTION('',(-0.980785174844369,0.195090852695614,0.));
#10861=DIRECTION('',(-1.,0.,0.));
#10862=DIRECTION('',(-0.980785174844368,-0.195090852695615,0.));
#10863=DIRECTION('',(-0.707106781187182,-0.707106781185913,0.));
#10864=DIRECTION('',(-0.195090852694249,-0.98078517484464,0.));
#10865=DIRECTION('',(0.,-1.,0.));
#10866=DIRECTION('',(0.195090852694555,-0.980785174844579,0.));
#10867=DIRECTION('',(0.707106781186774,-0.707106781186321,0.));
#10868=DIRECTION('',(0.980785174844579,-0.195090852694558,0.));
#10869=DIRECTION('',(1.,0.,0.));
#10870=DIRECTION('',(0.,-1.,0.));
#10871=DIRECTION('',(-1.,0.,0.));
#10872=DIRECTION('',(-0.980785174844606,-0.195090852694418,0.));
#10873=DIRECTION('',(-0.70710678118716,-0.707106781185936,0.));
#10874=DIRECTION('',(-0.195090852694266,-0.980785174844637,0.));
#10875=DIRECTION('',(0.,-1.,0.));
#10876=DIRECTION('',(0.195090852694385,-0.980785174844613,0.));
#10877=DIRECTION('',(0.70710678118682,-0.707106781186276,0.));
#10878=DIRECTION('',(0.980785174844612,-0.195090852694387,0.));
#10879=DIRECTION('',(0.247648674452307,0.968849902741397,0.));
#10880=DIRECTION('',(0.186507264924112,0.982453581667107,0.));
#10881=DIRECTION('',(-0.0848162090586374,0.996396613142037,0.));
#10882=DIRECTION('',(-0.558048602490685,0.829808265359049,0.));
#10883=DIRECTION('',(-0.966633069066686,0.256165005000137,0.));
#10884=DIRECTION('',(-0.977314195285424,-0.211794626215124,0.));
#10885=DIRECTION('',(-0.891202269631044,-0.453606122759025,0.));
#10886=DIRECTION('',(-0.826200281978859,-0.56337651180898,0.));
#10887=DIRECTION('',(-0.698864010388108,-0.715254566559523,0.));
#10888=DIRECTION('',(-0.422729305869146,-0.906255998026711,0.));
#10889=DIRECTION('',(0.179962811560944,-0.983673414531002,0.));
#10890=DIRECTION('',(0.701107087231394,-0.713055995160205,0.));
#10891=DIRECTION('',(0.91891159698977,-0.394463530529388,0.));
#10892=DIRECTION('',(0.962306503917098,-0.271967263689681,0.));
#10893=DIRECTION('',(0.994306140212671,-0.106561247812609,0.));
#10894=DIRECTION('',(0.889204263185642,0.457510413359609,0.));
#10895=DIRECTION('',(0.382673679996304,0.923883572014399,0.));
#10896=DIRECTION('',(0.996620254531937,0.0821466265691882,0.));
#10897=DIRECTION('',(0.992920243437244,0.118782954048655,0.));
#10898=DIRECTION('',(0.986237499252567,0.165334796906289,0.));
#10899=DIRECTION('',(0.970324118728755,0.241807991210518,0.));
#10900=DIRECTION('',(0.938747813879557,0.344604907011426,0.));
#10901=DIRECTION('',(0.844996515895661,0.534771809395554,0.));
#10902=DIRECTION('',(0.537550045758066,0.843231847302687,0.));
#10903=DIRECTION('',(-0.219373761850857,0.975640893265244,0.));
#10904=DIRECTION('',(-0.857417380076077,0.514621643873902,0.));
#10905=DIRECTION('',(-0.982418435758816,0.186692305897168,0.));
#10906=DIRECTION('',(-0.998498983539629,-0.0547702462138734,0.));
#10907=DIRECTION('',(-0.996874077462191,-0.0790067951755158,0.));
#10908=DIRECTION('',(-0.99999717050312,-0.00237886228131075,0.));
#10909=DIRECTION('',(-0.997843648667402,0.0656357586542986,0.));
#10910=DIRECTION('',(-0.99166422219205,0.12884902182103,0.));
#10911=DIRECTION('',(-0.990263069593562,0.139208667112133,0.));
#10912=DIRECTION('',(-0.987511460783974,0.157547182838356,0.));
#10913=DIRECTION('',(-0.98212061584643,0.18825274481247,0.));
#10914=DIRECTION('',(-0.978221983846913,0.207561437455538,0.));
#10915=DIRECTION('',(-0.973849690477239,0.227193266531791,0.));
#10916=DIRECTION('',(-0.986632309834245,0.162962220134431,0.));
#10917=DIRECTION('',(-0.978850270742297,-0.204577974053251,0.));
#10918=DIRECTION('',(-0.862133006657883,-0.506682029315269,0.));
#10919=DIRECTION('',(-0.704092283538404,-0.710108482037552,0.));
#10920=DIRECTION('',(-0.43394549036701,-0.900939127460971,0.));
#10921=DIRECTION('',(-0.0191760950123145,-0.99981612178444,0.));
#10922=DIRECTION('',(0.396149546530532,-0.918186003369499,0.));
#10923=DIRECTION('',(0.756057270893997,-0.654505464551918,0.));
#10924=DIRECTION('',(0.927406968009422,-0.374053894094917,0.));
#10925=DIRECTION('',(0.956240707061146,-0.292581117229395,0.));
#10926=DIRECTION('',(0.973272724283534,-0.22965235501886,0.));
#10927=DIRECTION('',(0.989154210371747,-0.146880727475888,0.));
#10928=DIRECTION('',(0.995343678282408,-0.0963896369079517,0.));
#10929=DIRECTION('',(0.998589918847546,-0.0530864763951318,0.));
#10930=DIRECTION('',(0.99951729461156,-0.0310673103500705,0.));
#10931=DIRECTION('',(0.999840878685609,0.0178386465066818,0.));
#10932=DIRECTION('',(0.376496550026011,0.926418020020396,0.));
#10933=DIRECTION('',(-0.205584280451721,0.978639414509322,0.));
#10934=DIRECTION('',(-0.764062697189896,0.645141995814024,0.));
#10935=DIRECTION('',(-0.934366714777432,0.356312843321749,0.));
#10936=DIRECTION('',(-0.98596155192054,0.166972507121503,0.));
#10937=DIRECTION('',(-0.987030897821189,0.160530391970799,0.));
#10938=DIRECTION('',(-0.985756634058034,0.168178055674855,0.));
#10939=DIRECTION('',(-0.980406755541479,0.196983739655413,0.));
#10940=DIRECTION('',(-0.9694901236869,0.245130373625054,0.));
#10941=DIRECTION('',(-0.944410422809811,0.328768844765125,0.));
#10942=DIRECTION('',(-0.920656550262736,0.390373560142484,0.));
#10943=DIRECTION('',(-0.909719756224027,0.415222789759542,0.));
#10944=DIRECTION('',(-0.923132203739276,0.384482684160767,0.));
#10945=DIRECTION('',(-0.965850039798813,0.259101718675566,0.));
#10946=DIRECTION('',(-0.998954529407308,-0.045714857285388,0.));
#10947=DIRECTION('',(-0.925136183523444,-0.37963540658858,0.));
#10948=DIRECTION('',(-0.695739394338914,-0.718294295651108,0.));
#10949=DIRECTION('',(-0.246520134187631,-0.969137670013973,0.));
#10950=DIRECTION('',(0.213293770162455,-0.976988110270481,0.));
#10951=DIRECTION('',(0.5071360305519,-0.861866025850922,0.));
#10952=DIRECTION('',(0.684273383177292,-0.729225573519678,0.));
#10953=DIRECTION('',(0.836860476176981,-0.547416243285524,0.));
#10954=DIRECTION('',(0.90920839465023,-0.416341320430187,0.));
#10955=DIRECTION('',(0.93715841613563,-0.34890414595725,0.));
#10956=DIRECTION('',(0.951038405122506,-0.309072729275877,0.));
#10957=DIRECTION('',(0.958889777977954,-0.283778775967107,0.));
#10958=DIRECTION('',(0.970133644869099,-0.242571043393472,0.));
#10959=DIRECTION('',(0.975370964930114,-0.220570806706824,0.));
#10960=DIRECTION('',(0.983945443744482,-0.178469503653911,0.));
#10961=DIRECTION('',(0.990572824732956,-0.136987148669398,0.));
#10962=DIRECTION('',(0.996661838342059,-0.0816405536031424,0.));
#10963=DIRECTION('',(0.998360707307802,-0.057235461943318,0.));
#10964=DIRECTION('',(0.99974570044345,-0.0225507083001059,0.));
#10965=DIRECTION('',(0.982460351258342,0.18647160160554,0.));
#10966=DIRECTION('',(0.818139142139076,0.575020298859038,0.));
#10967=DIRECTION('',(-0.545971622757586,0.837803668614222,0.));
#10968=DIRECTION('',(-0.573449002006819,0.819241260006711,0.));
#10969=DIRECTION('',(-0.731909405965201,0.68140195293209,0.));
#10970=DIRECTION('',(-0.992638227870226,0.121117086204458,0.));
#10971=DIRECTION('',(-0.882587516029213,-0.470148143194657,0.));
#10972=DIRECTION('',(-0.755654734553568,-0.654970168898384,0.));
#10973=DIRECTION('',(-0.555463157577572,-0.831541147853763,0.));
#10974=DIRECTION('',(-0.206956794770541,-0.978350083098225,0.));
#10975=DIRECTION('',(0.203928781841337,-0.978985726114895,0.));
#10976=DIRECTION('',(0.503213384862973,-0.864162189229979,0.));
#10977=DIRECTION('',(0.673113825949901,-0.739538895065761,0.));
#10978=DIRECTION('',(0.766114167284105,-0.642704506508693,0.));
#10979=DIRECTION('',(0.818910355230457,-0.573921449413007,0.));
#10980=DIRECTION('',(0.857665840677004,-0.514207453987016,0.));
#10981=DIRECTION('',(0.950750832402601,-0.309956214142838,0.));
#10982=DIRECTION('',(0.992322175455418,0.123679828991744,0.));
#10983=DIRECTION('',(0.762661135752177,0.646798262221845,0.));
#10984=DIRECTION('',(0.280268201231672,0.95992173398583,0.));
#10985=DIRECTION('',(-0.0660722657255223,0.997814840389687,0.));
#10986=DIRECTION('',(-0.286944517474991,0.957947203081175,0.));
#10987=DIRECTION('',(-0.406137171288445,0.913812124070271,0.));
#10988=DIRECTION('',(-0.479499880476424,0.877541944651705,0.));
#10989=DIRECTION('',(-0.528721574844649,0.848795320612569,0.));
#10990=DIRECTION('',(-0.901617545666359,0.432534162057254,0.));
#10991=DIRECTION('',(-0.884291684657136,0.466934916713501,0.));
#10992=DIRECTION('',(-0.871437361730035,0.490506803807039,0.));
#10993=DIRECTION('',(-0.850140565200229,0.526555808439177,0.));
#10994=DIRECTION('',(-0.824357824608451,0.566069056747339,0.));
#10995=DIRECTION('',(-0.823769711032224,0.566924565692726,0.));
#10996=DIRECTION('',(-0.894677156781066,0.446713314256636,0.));
#10997=DIRECTION('',(-0.982063391377898,0.188551041671323,0.));
#10998=DIRECTION('',(-0.972752127457715,-0.231847576063433,0.));
#10999=DIRECTION('',(-0.63179457873093,-0.775135865694658,0.));
#11000=DIRECTION('',(-0.160021830703797,-0.987113475593463,0.));
#11001=DIRECTION('',(0.133962577258384,-0.990986391376941,0.));
#11002=DIRECTION('',(0.426635025580879,-0.904423880129004,0.));
#11003=DIRECTION('',(0.644359373274868,-0.764722824344102,0.));
#11004=DIRECTION('',(0.758549701728793,-0.651615185525291,0.));
#11005=DIRECTION('',(0.829152094632129,-0.55902307999505,0.));
#11006=DIRECTION('',(0.8576140941101,-0.51429375417529,0.));
#11007=DIRECTION('',(0.851424274728784,-0.524477553764282,0.));
#11008=DIRECTION('',(0.879751466395725,-0.475433862250651,0.));
#11009=DIRECTION('',(0.912234395972226,-0.409668654897087,0.));
#11010=DIRECTION('',(0.923604292051314,-0.38334724689815,0.));
#11011=DIRECTION('',(0.913329490266798,-0.407221367574187,0.));
#11012=DIRECTION('',(0.925252059775458,-0.3793529041424,0.));
#11013=DIRECTION('',(0.929365181141776,-0.36916169909853,0.));
#11014=DIRECTION('',(0.932339099049282,-0.361585127437473,0.));
#11015=DIRECTION('',(0.940877367643714,-0.33874736759986,0.));
#11016=DIRECTION('',(0.967792316573859,-0.251749939385502,0.));
#11017=DIRECTION('',(0.980163505050915,-0.198190573353791,0.));
#11018=DIRECTION('',(0.996537246631433,-0.0831475560449187,0.));
#11019=DIRECTION('',(0.986756706464631,0.162207281732583,0.));
#11020=DIRECTION('',(0.873175148974792,0.487406564597616,0.));
#11021=DIRECTION('',(0.519273946997071,0.854607844552157,0.));
#11022=DIRECTION('',(-0.242536781535829,0.970142211019726,0.));
#11023=DIRECTION('',(-0.81321706703456,0.581960481376278,0.));
#11024=DIRECTION('',(-0.941844259315698,0.336049685603281,0.));
#11025=DIRECTION('',(-0.937154871050748,0.348913667926401,0.));
#11026=DIRECTION('',(-0.934320671136459,0.35643356111219,0.));
#11027=DIRECTION('',(-0.921850807268127,0.387544951120644,0.));
#11028=DIRECTION('',(-0.576446077597631,0.817135190542119,0.));
#11029=DIRECTION('',(-0.580178765388045,0.814489165178276,0.));
#11030=DIRECTION('',(-0.762614497346825,0.646853251082848,0.));
#11031=DIRECTION('',(-0.890783392685302,0.454428154185084,0.));
#11032=DIRECTION('',(-0.967775279611189,0.251815424812471,0.));
#11033=DIRECTION('',(-0.99900828974181,0.0445245665576217,0.));
#11034=DIRECTION('',(-0.986027461499847,-0.166582847761012,0.));
#11035=DIRECTION('',(-0.925253569626397,-0.379349221553978,0.));
#11036=DIRECTION('',(-0.811193486615378,-0.584777844375782,0.));
#11037=DIRECTION('',(-0.575822271391522,-0.817574896733937,0.));
#11038=DIRECTION('',(-0.467782243698981,-0.88384374890585,0.));
#11039=DIRECTION('',(-0.469367568142618,-0.883002879936348,0.));
#11040=DIRECTION('',(-0.423471505469692,-0.905909423758928,0.));
#11041=DIRECTION('',(0.025196691704607,-0.999682512964563,0.));
#11042=DIRECTION('',(0.679434146697816,-0.733736492414689,0.));
#11043=DIRECTION('',(0.964724138297372,-0.26326286670625,0.));
#11044=DIRECTION('',(0.999203843455101,-0.0398958547289669,0.));
#11045=DIRECTION('',(0.997459488027146,0.0712360143791281,0.));
#11046=DIRECTION('',(0.986003045224385,0.166727306726402,0.));
#11047=DIRECTION('',(0.965241358259727,0.261360135263428,0.));
#11048=DIRECTION('',(0.939881394504704,0.341501045772767,0.));
#11049=DIRECTION('',(0.889829827141187,0.456292536351281,0.));
#11050=DIRECTION('',(0.748827568600916,0.662764869696064,0.));
#11051=DIRECTION('',(0.537066451181461,0.843539938008481,0.));
#11052=DIRECTION('',(0.274495327194745,0.961588433451781,0.));
#11053=DIRECTION('',(-0.0223341242525615,0.999750562337362,0.));
#11054=DIRECTION('',(-0.335785505997368,0.941938476739374,0.));
#11055=DIRECTION('',(-0.637912359607508,0.770108967263713,0.));
#11056=DIRECTION('',(-0.871662804532656,0.490106065249416,0.));
#11057=DIRECTION('',(-0.987478356628574,0.157754540949323,0.));
#11058=DIRECTION('',(-0.996921149234388,0.0784106001073053,0.));
#11059=DIRECTION('',(-0.95182655207224,0.306636942931329,0.));
#11060=DIRECTION('',(-0.803432904943681,0.595395303352116,0.));
#11061=DIRECTION('',(0.,1.,0.));
#11062=DIRECTION('',(-0.944170195183314,-0.329458104358511,0.));
#11063=DIRECTION('',(0.94479477721036,0.327662675561355,0.));
#11064=DIRECTION('',(1.,0.,0.));
#11065=DIRECTION('',(0.,0.,1.));
#11066=DIRECTION('',(1.,0.,0.));
#11067=DIRECTION('',(0.,1.,0.));
#11068=DIRECTION('',(0.,0.,1.));
#11069=DIRECTION('',(1.,0.,0.));
#11070=DIRECTION('',(1.,0.,0.));
#11071=DIRECTION('',(-0.999999999706487,-2.42286303218112E-5,0.));
#11072=DIRECTION('',(0.999999133089056,0.00131674642077932,0.));
#11073=DIRECTION('',(0.812879782832671,0.582431505554009,0.));
#11074=DIRECTION('',(0.859409211070347,0.511288380395491,0.));
#11075=DIRECTION('',(0.892415696627647,0.451214166901474,0.));
#11076=DIRECTION('',(0.913459921530942,0.406928705987531,0.));
#11077=DIRECTION('',(0.942668482366572,0.333730628430631,0.));
#11078=DIRECTION('',(0.94904122482986,0.315151953148697,0.));
#11079=DIRECTION('',(0.964135651180306,0.265409958598255,0.));
#11080=DIRECTION('',(0.976854617942813,0.213904313663379,0.));
#11081=DIRECTION('',(0.987164721073402,0.159705395863985,0.));
#11082=DIRECTION('',(0.99436816929739,0.10598086566997,0.));
#11083=DIRECTION('',(0.997939414800282,0.0641632635397443,0.));
#11084=DIRECTION('',(0.999919181966276,0.0127133605271309,0.));
#11085=DIRECTION('',(0.996795526729259,-0.0799917364015823,0.));
#11086=DIRECTION('',(0.972571633456431,-0.232603563592413,0.));
#11087=DIRECTION('',(0.895559297277363,-0.44494218170463,0.));
#11088=DIRECTION('',(0.635662499326982,-0.771967089291619,0.));
#11089=DIRECTION('',(0.0969678049254609,-0.995287518663797,0.));
#11090=DIRECTION('',(-0.183764928070759,-0.98297021888313,0.));
#11091=DIRECTION('',(-0.307863851343029,-0.95143042259339,0.));
#11092=DIRECTION('',(-0.384844474610951,-0.922981435545386,0.));
#11093=DIRECTION('',(-0.434398975954787,-0.900720561378185,0.));
#11094=DIRECTION('',(-0.467549213340917,-0.883967042996677,0.));
#11095=DIRECTION('',(-0.52753201960617,-0.849535148354814,0.));
#11096=DIRECTION('',(-0.560811909173628,-0.827943236296445,0.));
#11097=DIRECTION('',(-0.416087824065247,-0.909324432017885,0.));
#11098=DIRECTION('',(-0.227796111233574,-0.973708853665643,0.));
#11099=DIRECTION('',(0.0465528444524829,-0.998915828622904,0.));
#11100=DIRECTION('',(0.359971108429795,-0.932963451103967,0.));
#11101=DIRECTION('',(0.675709249281303,-0.737168237538555,0.));
#11102=DIRECTION('',(0.874620125165342,-0.484808866106801,0.));
#11103=DIRECTION('',(0.946944287000327,-0.321397755619795,0.));
#11104=DIRECTION('',(0.99057905035672,-0.136942122790535,0.));
#11105=DIRECTION('',(0.999883247335065,0.0152804351602321,0.));
#11106=DIRECTION('',(0.988397905818378,0.151886733370114,0.));
#11107=DIRECTION('',(0.974456408083148,0.224576732422773,0.));
#11108=DIRECTION('',(0.975726898654183,0.218990911324396,0.));
#11109=DIRECTION('',(0.989775954480323,0.142630851966063,0.));
#11110=DIRECTION('',(0.999963540025637,-0.00853923997767208,0.));
#11111=DIRECTION('',(0.951820576709336,-0.306655490335175,0.));
#11112=DIRECTION('',(0.722771792509448,-0.691086778887196,0.));
#11113=DIRECTION('',(0.186413523220863,-0.982471372794335,0.));
#11114=DIRECTION('',(-0.273786781791266,-0.961790412780446,0.));
#11115=DIRECTION('',(-0.552943352581088,-0.833218848104378,0.));
#11116=DIRECTION('',(-0.672557610372044,-0.740044769409694,0.));
#11117=DIRECTION('',(-0.680032392703621,-0.733182068025255,0.));
#11118=DIRECTION('',(-0.630049739679998,-0.776554779477383,0.));
#11119=DIRECTION('',(-0.548797287503995,-0.835955463663141,0.));
#11120=DIRECTION('',(-0.482806490681183,-0.87572706510426,0.));
#11121=DIRECTION('',(-0.34465742096723,-0.938728534866293,0.));
#11122=DIRECTION('',(-0.147367734321384,-0.989081771584626,0.));
#11123=DIRECTION('',(0.0907939422359157,-0.995869700338986,0.));
#11124=DIRECTION('',(0.270709082015688,-0.962661203598765,0.));
#11125=DIRECTION('',(0.390672117417089,-0.920529899934189,0.));
#11126=DIRECTION('',(0.386729871223273,-0.922193041994804,0.));
#11127=DIRECTION('',(0.31703768567193,-0.948412940582206,0.));
#11128=DIRECTION('',(0.230944947156494,-0.972966819261009,0.));
#11129=DIRECTION('',(0.127685098212572,-0.991814758760146,0.));
#11130=DIRECTION('',(0.00913835610658761,-0.999958244352068,0.));
#11131=DIRECTION('',(-0.119185493859232,-0.992872004869475,0.));
#11132=DIRECTION('',(-0.24862366101221,-0.968600162701249,0.));
#11133=DIRECTION('',(-0.369780915294158,-0.929118977679508,0.));
#11134=DIRECTION('',(-0.403026085329733,-0.915188491264937,0.));
#11135=DIRECTION('',(-0.243115725463145,-0.969997290734633,0.));
#11136=DIRECTION('',(0.0167006099777345,-0.999860535087955,0.));
#11137=DIRECTION('',(0.138699622184635,-0.990334496423223,0.));
#11138=DIRECTION('',(0.103101011275801,-0.994670891035777,0.));
#11139=DIRECTION('',(0.00733288830995822,-0.999973114013089,0.));
#11140=DIRECTION('',(-0.109353290668517,-0.994002946585153,0.));
#11141=DIRECTION('',(-0.364463042886139,-0.931217853335178,0.));
#11142=DIRECTION('',(-0.738813115393543,-0.673910365347267,0.));
#11143=DIRECTION('',(-0.823309545824189,-0.567592628347803,0.));
#11144=DIRECTION('',(-0.880267278653667,-0.474478153481978,0.));
#11145=DIRECTION('',(-0.897093997346145,-0.441839744619601,0.));
#11146=DIRECTION('',(-0.903433021376164,-0.428729257092556,0.));
#11147=DIRECTION('',(-0.948398614453107,-0.317080538827956,0.));
#11148=DIRECTION('',(-0.980773145886958,-0.195151316436758,0.));
#11149=DIRECTION('',(-0.997570981969118,-0.0696572748043511,0.));
#11150=DIRECTION('',(-0.998608482791359,0.0527361175774335,0.));
#11151=DIRECTION('',(-0.986062148506307,0.16637740015737,0.));
#11152=DIRECTION('',(-0.963506646924075,0.267684406219575,0.));
#11153=DIRECTION('',(-0.934762614353532,0.35527293002275,0.));
#11154=DIRECTION('',(-0.927489252429726,0.373849818279142,0.));
#11155=DIRECTION('',(-0.360319682614248,-0.932828883729898,0.));
#11156=DIRECTION('',(0.377549987799029,0.925989204425706,0.));
#11157=DIRECTION('',(-0.928314141067604,0.371796793280841,0.));
#11158=DIRECTION('',(-0.94801509484141,0.318225360323203,0.));
#11159=DIRECTION('',(-0.987395825000477,0.158270290236757,0.));
#11160=DIRECTION('',(-0.999674821091092,-0.0255000407155308,0.));
#11161=DIRECTION('',(-0.973756678790624,-0.22759158708233,0.));
#11162=DIRECTION('',(-0.900470914480147,-0.434916235814769,0.));
#11163=DIRECTION('',(-0.77863521118282,-0.627476858462753,0.));
#11164=DIRECTION('',(-0.618542419342455,-0.7857514081909,0.));
#11165=DIRECTION('',(-0.439261107830606,-0.89835943761249,0.));
#11166=DIRECTION('',(-0.290740861735265,-0.95680183492583,0.));
#11167=DIRECTION('',(-0.160548988710186,-0.987027873073571,0.));
#11168=DIRECTION('',(-0.0136812279060773,-0.999906407621724,0.));
#11169=DIRECTION('',(0.143132021843289,-0.989703604279106,0.));
#11170=DIRECTION('',(0.298134123857925,-0.954523988274505,0.));
#11171=DIRECTION('',(0.444222260678257,-0.895916616163523,0.));
#11172=DIRECTION('',(0.571379681759506,-0.820685846881988,0.));
#11173=DIRECTION('',(0.675986774879338,-0.736913753561589,0.));
#11174=DIRECTION('',(0.791586470770397,-0.611057165323563,0.));
#11175=DIRECTION('',(0.888478366636263,-0.458918502589902,0.));
#11176=DIRECTION('',(0.942808285347786,-0.333335472279156,0.));
#11177=DIRECTION('',(0.972823515258464,-0.231547852851555,0.));
#11178=DIRECTION('',(0.981440932954438,-0.191764686846985,0.));
#11179=DIRECTION('',(0.984372859128435,-0.176096775130355,0.));
#11180=DIRECTION('',(0.987380267022282,-0.15836732079254,0.));
#11181=DIRECTION('',(0.987499809676206,-0.157620195055889,0.));
#11182=DIRECTION('',(0.985232734254107,-0.171220499223009,0.));
#11183=DIRECTION('',(0.977634189791825,-0.210312602927363,0.));
#11184=DIRECTION('',(0.961361721048878,-0.275288287622156,0.));
#11185=DIRECTION('',(0.925502958262043,-0.378740378423277,0.));
#11186=DIRECTION('',(0.84700822139107,-0.53157978977378,0.));
#11187=DIRECTION('',(0.693680168207083,-0.720283155596598,0.));
#11188=DIRECTION('',(0.465960578073804,-0.884805481267565,0.));
#11189=DIRECTION('',(0.237749426485654,-0.971326520901053,0.));
#11190=DIRECTION('',(0.0617471831907473,-0.998091822112579,0.));
#11191=DIRECTION('',(-0.116102889316543,-0.99323719175852,0.));
#11192=DIRECTION('',(-0.303416271165953,-0.95285810401746,0.));
#11193=DIRECTION('',(-0.487630910913037,-0.873049881004586,0.));
#11194=DIRECTION('',(-0.654459995673823,-0.756096630109287,0.));
#11195=DIRECTION('',(-0.790299248874241,-0.612721059886806,0.));
#11196=DIRECTION('',(-0.890577748243928,-0.454831039324247,0.));
#11197=DIRECTION('',(-0.955588972703491,-0.294702757448054,0.));
#11198=DIRECTION('',(-0.998966982385889,-0.0454419201050265,0.));
#11199=DIRECTION('',(-0.98593037946212,0.167156474160233,0.));
#11200=DIRECTION('',(-0.956660398642041,0.291205909400981,0.));
#11201=DIRECTION('',(-0.926136602206987,0.377188274012458,0.));
#11202=DIRECTION('',(-0.939884277326498,0.341493111547579,0.));
#11203=DIRECTION('',(-0.981534069799088,0.191287401110578,0.));
#11204=DIRECTION('',(-0.999611631441195,0.0278672978143165,0.));
#11205=DIRECTION('',(-0.988110666690544,-0.153744301918375,0.));
#11206=DIRECTION('',(-0.92467804263783,-0.380749940858134,0.));
#11207=DIRECTION('',(-0.896839614776079,-0.442355858295438,0.));
#11208=DIRECTION('',(-0.872733081999968,-0.488197672652008,0.));
#11209=DIRECTION('',(-0.821540415158942,-0.570150283925627,0.));
#11210=DIRECTION('',(-0.795729262110439,-0.605652492293375,0.));
#11211=DIRECTION('',(-0.855778455359103,-0.517342473940801,0.));
#11212=DIRECTION('',(-0.874157925472953,-0.485641762344245,0.));
#11213=DIRECTION('',(-0.883245456773883,-0.468910933001455,0.));
#11214=DIRECTION('',(-0.889991188071513,-0.45597772440664,0.));
#11215=DIRECTION('',(-0.873807127174539,-0.486272664766362,0.));
#11216=DIRECTION('',(-0.767989180299239,-0.64046281620661,0.));
#11217=DIRECTION('',(-0.567219260290465,-0.823566822277062,0.));
#11218=DIRECTION('',(-0.278258031923212,-0.96050636003632,0.));
#11219=DIRECTION('',(-0.0444980167231379,-0.99900947268167,0.));
#11220=DIRECTION('',(0.110422534478209,-0.993884733698737,0.));
#11221=DIRECTION('',(0.117104352673491,-0.99311961544666,0.));
#11222=DIRECTION('',(0.0371042992365646,-0.999311398403002,0.));
#11223=DIRECTION('',(-0.124125059752534,-0.992266581892906,0.));
#11224=DIRECTION('',(-0.435829149008515,-0.900029417782838,0.));
#11225=DIRECTION('',(-0.528798473130798,-0.848747415203449,0.));
#11226=DIRECTION('',(-0.434397412709498,-0.900721315297519,0.));
#11227=DIRECTION('',(-0.356722491332762,-0.934210396097875,0.));
#11228=DIRECTION('',(-0.2120774925884,-0.977252852202242,0.));
#11229=DIRECTION('',(-0.0962243338386982,-0.995359672468851,0.));
#11230=DIRECTION('',(-0.0146367608500383,-0.999892876878228,0.));
#11231=DIRECTION('',(0.0520430221633217,-0.998644843697752,0.));
#11232=DIRECTION('',(0.114140101113881,-0.993464663346268,0.));
#11233=DIRECTION('',(0.18234004313302,-0.983235530618299,0.));
#11234=DIRECTION('',(0.267874371017571,-0.96345385014122,0.));
#11235=DIRECTION('',(0.392788569866772,-0.919628805215461,0.));
#11236=DIRECTION('',(0.383889630828136,-0.923378985759714,0.));
#11237=DIRECTION('',(0.377742508267276,-0.925910685459427,0.));
#11238=DIRECTION('',(0.398231021590218,-0.917285153833426,0.));
#11239=DIRECTION('',(0.262990035091266,-0.964798549668632,0.));
#11240=DIRECTION('',(0.109262448065476,-0.994012936255228,0.));
#11241=DIRECTION('',(-0.0590479241558739,-0.998255149074064,0.));
#11242=DIRECTION('',(-0.252191900985971,-0.967677242202731,0.));
#11243=DIRECTION('',(-0.378104520930437,-0.925762913089504,0.));
#11244=DIRECTION('',(-0.46726733959219,-0.884116074591135,0.));
#11245=DIRECTION('',(-0.535858862839857,-0.844307573764428,0.));
#11246=DIRECTION('',(-0.593483911440506,-0.804845852857103,0.));
#11247=DIRECTION('',(-0.645003285540322,-0.764179796672347,0.));
#11248=DIRECTION('',(-0.693736540362173,-0.720228861242261,0.));
#11249=DIRECTION('',(-0.687495126355285,-0.726188991404945,0.));
#11250=DIRECTION('',(-0.611364525492643,-0.791349111940587,0.));
#11251=DIRECTION('',(-0.498477434071395,-0.866902674884325,0.));
#11252=DIRECTION('',(0.854968867908066,-0.518679317987521,0.));
#11253=DIRECTION('',(0.990355049294964,-0.138552792595348,0.));
#11254=DIRECTION('',(0.996065364400651,0.0886216104649339,0.));
#11255=DIRECTION('',(0.982449879445398,0.186526765848024,0.));
#11256=DIRECTION('',(0.973894916829229,0.226999319325386,0.));
#11257=DIRECTION('',(0.981155096194945,0.193221834197608,0.));
#11258=DIRECTION('',(0.997960287603578,0.0638377973161981,0.));
#11259=DIRECTION('',(0.996129152309336,-0.0879017173864248,0.));
#11260=DIRECTION('',(0.973150038641795,-0.230171680037906,0.));
#11261=DIRECTION('',(0.910458812584153,-0.413599746842105,0.));
#11262=DIRECTION('',(0.778116039621871,-0.628120552826585,0.));
#11263=DIRECTION('',(0.560099425911957,-0.828425393800248,0.));
#11264=DIRECTION('',(0.288786719107393,-0.957393456666165,0.));
#11265=DIRECTION('',(0.0350989438918036,-0.99938384224365,0.));
#11266=DIRECTION('',(-0.163376858968709,-0.986563734359579,0.));
#11267=DIRECTION('',(-0.36561608895476,-0.930765746843654,0.));
#11268=DIRECTION('',(-0.519365911483798,-0.854551958624286,0.));
#11269=DIRECTION('',(-0.557304573749281,-0.830308142847059,0.));
#11270=DIRECTION('',(-0.528130241387548,-0.849163381294749,0.));
#11271=DIRECTION('',(-0.487441435075757,-0.873155683352795,0.));
#11272=DIRECTION('',(-0.384605062664593,-0.923081223822024,0.));
#11273=DIRECTION('',(0.208118851557106,0.978103544430011,0.));
#11274=DIRECTION('',(-0.328015684198766,-0.944672276993252,0.));
#11275=DIRECTION('',(-0.429928113839351,-0.902863121924103,0.));
#11276=DIRECTION('',(-0.497854728902751,-0.867260438916228,0.));
#11277=DIRECTION('',(-0.543294062074983,-0.839542471894105,0.));
#11278=DIRECTION('',(-0.548018556218078,-0.836466175072641,0.));
#11279=DIRECTION('',(-0.585959326413297,-0.810340464119419,0.));
#11280=DIRECTION('',(-0.827121695344972,-0.562022865272989,0.));
#11281=DIRECTION('',(-0.99450685833371,-0.104671432240198,0.));
#11282=DIRECTION('',(-0.999122539162155,0.0418825946923931,0.));
#11283=DIRECTION('',(-0.995508966117932,0.0946673036417818,0.));
#11284=DIRECTION('',(-0.98142505973973,0.191845907214271,0.));
#11285=DIRECTION('',(-0.960587342091097,0.277978341268454,0.));
#11286=DIRECTION('',(-0.936899849353607,0.349597872249229,0.));
#11287=DIRECTION('',(-0.839005289257506,0.544123262320155,0.));
#11288=DIRECTION('',(-0.77131496512143,0.636453631130916,0.));
#11289=DIRECTION('',(0.,0.,1.));
#11290=DIRECTION('',(1.,0.,0.));
#11291=DIRECTION('',(0.,0.,1.));
#11292=DIRECTION('',(1.,0.,0.));
#11293=DIRECTION('',(0.,0.,1.));
#11294=DIRECTION('',(1.,0.,0.));
#11295=DIRECTION('',(0.,0.,1.));
#11296=DIRECTION('',(1.,0.,0.));
#11297=DIRECTION('',(0.999997951679086,-0.0020240152251507,0.));
#11298=DIRECTION('',(0.,-1.,0.));
#11299=DIRECTION('',(1.,1.86786901631198E-16,0.));
#11300=DIRECTION('',(0.,-1.,0.));
#11301=DIRECTION('',(0.,1.,0.));
#11302=DIRECTION('',(0.,0.,1.));
#11303=DIRECTION('',(0.,0.,-1.));
#11304=DIRECTION('',(0.,0.,-1.));
#11305=DIRECTION('',(0.195090852694387,0.980785174844612,0.));
#11306=DIRECTION('',(-0.980785174844612,0.195090852694387,0.));
#11307=DIRECTION('',(0.,0.,-1.));
#11308=DIRECTION('',(0.707106781186276,0.70710678118682,0.));
#11309=DIRECTION('',(-0.70710678118682,0.707106781186276,0.));
#11310=DIRECTION('',(0.,0.,-1.));
#11311=DIRECTION('',(0.980785174844613,0.195090852694385,0.));
#11312=DIRECTION('',(-0.195090852694385,0.980785174844613,0.));
#11313=DIRECTION('',(0.,0.,-1.));
#11314=DIRECTION('',(1.,0.,0.));
#11315=DIRECTION('',(0.,0.,-1.));
#11316=DIRECTION('',(0.,0.,-1.));
#11317=DIRECTION('',(0.980785174844636,-0.195090852694266,0.));
#11318=DIRECTION('',(0.195090852694266,0.980785174844637,0.));
#11319=DIRECTION('',(0.,0.,-1.));
#11320=DIRECTION('',(0.707106781185936,-0.707106781187159,0.));
#11321=DIRECTION('',(0.70710678118716,0.707106781185936,0.));
#11322=DIRECTION('',(0.,0.,-1.));
#11323=DIRECTION('',(0.195090852694418,-0.980785174844606,0.));
#11324=DIRECTION('',(0.980785174844606,0.195090852694418,0.));
#11325=DIRECTION('',(0.,0.,-1.));
#11326=DIRECTION('',(0.,-1.,0.));
#11327=DIRECTION('',(0.,0.,-1.));
#11328=DIRECTION('',(0.,0.,-1.));
#11329=DIRECTION('',(1.,0.,0.));
#11330=DIRECTION('',(0.,0.,-1.));
#11331=DIRECTION('',(0.,0.,-1.));
#11332=DIRECTION('',(0.,1.,0.));
#11333=DIRECTION('',(0.,0.,1.));
#11334=DIRECTION('',(0.,0.,-1.));
#11335=DIRECTION('',(0.195090852694558,0.980785174844579,0.));
#11336=DIRECTION('',(-0.980785174844579,0.195090852694558,0.));
#11337=DIRECTION('',(0.,0.,-1.));
#11338=DIRECTION('',(0.707106781186321,0.707106781186774,0.));
#11339=DIRECTION('',(-0.707106781186774,0.707106781186321,0.));
#11340=DIRECTION('',(0.,0.,-1.));
#11341=DIRECTION('',(0.980785174844579,0.195090852694555,0.));
#11342=DIRECTION('',(-0.195090852694555,0.980785174844579,0.));
#11343=DIRECTION('',(0.,0.,-1.));
#11344=DIRECTION('',(1.,0.,0.));
#11345=DIRECTION('',(0.,0.,-1.));
#11346=DIRECTION('',(0.,0.,-1.));
#11347=DIRECTION('',(0.98078517484464,-0.195090852694249,0.));
#11348=DIRECTION('',(0.195090852694249,0.98078517484464,0.));
#11349=DIRECTION('',(0.,0.,-1.));
#11350=DIRECTION('',(0.707106781185913,-0.707106781187182,0.));
#11351=DIRECTION('',(0.707106781187182,0.707106781185913,0.));
#11352=DIRECTION('',(0.,0.,-1.));
#11353=DIRECTION('',(0.195090852695615,-0.980785174844368,0.));
#11354=DIRECTION('',(0.980785174844368,0.195090852695615,0.));
#11355=DIRECTION('',(0.,0.,-1.));
#11356=DIRECTION('',(0.,-1.,0.));
#11357=DIRECTION('',(0.,0.,-1.));
#11358=DIRECTION('',(0.,0.,-1.));
#11359=DIRECTION('',(-0.195090852695614,-0.980785174844368,0.));
#11360=DIRECTION('',(0.980785174844369,-0.195090852695614,0.));
#11361=DIRECTION('',(0.,0.,-1.));
#11362=DIRECTION('',(-0.707106781186094,-0.707106781187001,0.));
#11363=DIRECTION('',(0.707106781187001,-0.707106781186094,0.));
#11364=DIRECTION('',(0.,0.,-1.));
#11365=DIRECTION('',(-0.98078517484464,-0.195090852694249,0.));
#11366=DIRECTION('',(0.195090852694249,-0.98078517484464,0.));
#11367=DIRECTION('',(0.,0.,-1.));
#11368=DIRECTION('',(-1.,0.,0.));
#11369=DIRECTION('',(0.,0.,1.));
#11370=DIRECTION('',(0.,0.,-1.));
#11371=DIRECTION('',(0.,-1.,0.));
#11372=DIRECTION('',(0.,0.,-1.));
#11373=DIRECTION('',(0.,0.,-1.));
#11374=DIRECTION('',(1.,0.,0.));
#11375=DIRECTION('',(0.,0.,-1.));
#11376=DIRECTION('',(0.,0.,-1.));
#11377=DIRECTION('',(0.98078517484464,-0.195090852694249,0.));
#11378=DIRECTION('',(0.195090852694249,0.98078517484464,0.));
#11379=DIRECTION('',(0.,0.,-1.));
#11380=DIRECTION('',(0.707106781186094,-0.707106781187001,0.));
#11381=DIRECTION('',(0.707106781187001,0.707106781186094,0.));
#11382=DIRECTION('',(0.,0.,-1.));
#11383=DIRECTION('',(0.195090852695599,-0.980785174844371,0.));
#11384=DIRECTION('',(0.980785174844372,0.195090852695599,0.));
#11385=DIRECTION('',(0.,0.,-1.));
#11386=DIRECTION('',(0.,-1.,0.));
#11387=DIRECTION('',(0.,0.,-1.));
#11388=DIRECTION('',(0.,0.,-1.));
#11389=DIRECTION('',(-0.195090852695685,-0.980785174844354,0.));
#11390=DIRECTION('',(0.980785174844354,-0.195090852695685,0.));
#11391=DIRECTION('',(0.,0.,-1.));
#11392=DIRECTION('',(-0.707106781186185,-0.70710678118691,0.));
#11393=DIRECTION('',(0.70710678118691,-0.707106781186185,0.));
#11394=DIRECTION('',(0.,0.,-1.));
#11395=DIRECTION('',(-0.98078517484464,-0.195090852694249,0.));
#11396=DIRECTION('',(0.195090852694249,-0.98078517484464,0.));
#11397=DIRECTION('',(0.,0.,-1.));
#11398=DIRECTION('',(-1.,0.,0.));
#11399=DIRECTION('',(0.,0.,1.));
#11400=DIRECTION('',(0.,0.,-1.));
#11401=DIRECTION('',(-0.980785174844579,0.195090852694555,0.));
#11402=DIRECTION('',(-0.195090852694555,-0.980785174844579,0.));
#11403=DIRECTION('',(0.,0.,-1.));
#11404=DIRECTION('',(-0.707106781186593,0.707106781186502,0.));
#11405=DIRECTION('',(-0.707106781186502,-0.707106781186593,0.));
#11406=DIRECTION('',(0.,0.,-1.));
#11407=DIRECTION('',(-0.195090852694488,0.980785174844592,0.));
#11408=DIRECTION('',(-0.980785174844592,-0.195090852694488,0.));
#11409=DIRECTION('',(0.,0.,-1.));
#11410=DIRECTION('',(0.,1.,0.));
#11411=DIRECTION('',(0.,0.,1.));
#11412=DIRECTION('',(0.,0.,-1.));
#11413=DIRECTION('',(-1.,0.,0.));
#11414=DIRECTION('',(0.,0.,1.));
#11415=DIRECTION('',(0.,0.,-1.));
#11416=DIRECTION('',(0.,-1.,0.));
#11417=DIRECTION('',(0.,0.,-1.));
#11418=DIRECTION('',(0.,0.,-1.));
#11419=DIRECTION('',(-0.195090852695172,-0.980785174844456,0.));
#11420=DIRECTION('',(0.980785174844456,-0.195090852695172,0.));
#11421=DIRECTION('',(0.,0.,-1.));
#11422=DIRECTION('',(-0.707106781186366,-0.707106781186729,0.));
#11423=DIRECTION('',(0.707106781186729,-0.707106781186366,0.));
#11424=DIRECTION('',(0.,0.,-1.));
#11425=DIRECTION('',(-0.980785174844633,-0.195090852694283,0.));
#11426=DIRECTION('',(0.195090852694283,-0.980785174844633,0.));
#11427=DIRECTION('',(0.,0.,-1.));
#11428=DIRECTION('',(-1.,0.,0.));
#11429=DIRECTION('',(0.,0.,1.));
#11430=DIRECTION('',(0.,0.,-1.));
#11431=DIRECTION('',(0.,-1.,0.));
#11432=DIRECTION('',(0.,0.,-1.));
#11433=DIRECTION('',(0.,0.,-1.));
#11434=DIRECTION('',(-0.195090852695172,-0.980785174844456,0.));
#11435=DIRECTION('',(0.980785174844456,-0.195090852695172,0.));
#11436=DIRECTION('',(0.,0.,-1.));
#11437=DIRECTION('',(-0.707106781186366,-0.707106781186729,0.));
#11438=DIRECTION('',(0.707106781186729,-0.707106781186366,0.));
#11439=DIRECTION('',(0.,0.,-1.));
#11440=DIRECTION('',(-0.980785174844633,-0.195090852694283,0.));
#11441=DIRECTION('',(0.195090852694283,-0.980785174844633,0.));
#11442=DIRECTION('',(0.,0.,-1.));
#11443=DIRECTION('',(-1.,0.,0.));
#11444=DIRECTION('',(0.,0.,1.));
#11445=DIRECTION('',(0.,0.,-1.));
#11446=DIRECTION('',(-0.980785174844613,0.195090852694385,0.));
#11447=DIRECTION('',(-0.195090852694385,-0.980785174844613,0.));
#11448=DIRECTION('',(0.,0.,-1.));
#11449=DIRECTION('',(-0.707106781186548,0.707106781186548,0.));
#11450=DIRECTION('',(-0.707106781186548,-0.707106781186548,0.));
#11451=DIRECTION('',(0.,0.,-1.));
#11452=DIRECTION('',(-0.968849902741397,0.247648674452307,0.));
#11453=DIRECTION('',(-0.247648674452307,-0.968849902741398,0.));
#11454=DIRECTION('',(0.,0.,-1.));
#11455=DIRECTION('',(0.,0.,-1.));
#11456=DIRECTION('',(-0.923883572014399,0.382673679996304,0.));
#11457=DIRECTION('',(-0.382673679996304,-0.923883572014399,0.));
#11458=DIRECTION('',(0.,0.,-1.));
#11459=DIRECTION('',(-0.457510413359609,0.889204263185641,0.));
#11460=DIRECTION('',(-0.889204263185642,-0.457510413359609,0.));
#11461=DIRECTION('',(0.,0.,-1.));
#11462=DIRECTION('',(0.106561247812609,0.994306140212671,0.));
#11463=DIRECTION('',(-0.994306140212671,0.106561247812609,0.));
#11464=DIRECTION('',(0.,0.,-1.));
#11465=DIRECTION('',(0.271967263689681,0.962306503917098,0.));
#11466=DIRECTION('',(-0.962306503917098,0.271967263689681,0.));
#11467=DIRECTION('',(0.,0.,-1.));
#11468=DIRECTION('',(0.394463530529388,0.91891159698977,0.));
#11469=DIRECTION('',(-0.91891159698977,0.394463530529388,0.));
#11470=DIRECTION('',(0.,0.,-1.));
#11471=DIRECTION('',(0.713055995160205,0.701107087231394,0.));
#11472=DIRECTION('',(-0.701107087231394,0.713055995160205,0.));
#11473=DIRECTION('',(0.,0.,-1.));
#11474=DIRECTION('',(0.983673414531002,0.179962811560944,0.));
#11475=DIRECTION('',(-0.179962811560944,0.983673414531002,0.));
#11476=DIRECTION('',(0.,0.,-1.));
#11477=DIRECTION('',(0.906255998026711,-0.422729305869146,0.));
#11478=DIRECTION('',(0.422729305869146,0.906255998026711,0.));
#11479=DIRECTION('',(0.,0.,-1.));
#11480=DIRECTION('',(0.715254566559523,-0.698864010388108,0.));
#11481=DIRECTION('',(0.698864010388108,0.715254566559523,0.));
#11482=DIRECTION('',(0.,0.,-1.));
#11483=DIRECTION('',(0.56337651180898,-0.826200281978859,0.));
#11484=DIRECTION('',(0.826200281978859,0.56337651180898,0.));
#11485=DIRECTION('',(0.,0.,-1.));
#11486=DIRECTION('',(0.453606122759025,-0.891202269631044,0.));
#11487=DIRECTION('',(0.891202269631044,0.453606122759025,0.));
#11488=DIRECTION('',(0.,0.,-1.));
#11489=DIRECTION('',(0.211794626215124,-0.977314195285424,0.));
#11490=DIRECTION('',(0.977314195285424,0.211794626215124,0.));
#11491=DIRECTION('',(0.,0.,-1.));
#11492=DIRECTION('',(-0.256165005000137,-0.966633069066686,0.));
#11493=DIRECTION('',(0.966633069066686,-0.256165005000137,0.));
#11494=DIRECTION('',(0.,0.,-1.));
#11495=DIRECTION('',(-0.829808265359049,-0.558048602490685,0.));
#11496=DIRECTION('',(0.558048602490685,-0.829808265359049,0.));
#11497=DIRECTION('',(0.,0.,-1.));
#11498=DIRECTION('',(-0.996396613142037,-0.0848162090586374,0.));
#11499=DIRECTION('',(0.0848162090586374,-0.996396613142037,0.));
#11500=DIRECTION('',(0.,0.,-1.));
#11501=DIRECTION('',(-0.0821466265691882,0.996620254531937,0.));
#11502=DIRECTION('',(-0.996620254531937,-0.0821466265691882,0.));
#11503=DIRECTION('',(0.,0.,-1.));
#11504=DIRECTION('',(0.,0.,-1.));
#11505=DIRECTION('',(-0.0178386465066818,0.999840878685608,0.));
#11506=DIRECTION('',(-0.999840878685609,-0.0178386465066818,0.));
#11507=DIRECTION('',(0.,0.,-1.));
#11508=DIRECTION('',(0.0310673103500705,0.99951729461156,0.));
#11509=DIRECTION('',(-0.99951729461156,0.0310673103500705,0.));
#11510=DIRECTION('',(0.,0.,-1.));
#11511=DIRECTION('',(0.0530864763951318,0.998589918847546,0.));
#11512=DIRECTION('',(-0.998589918847546,0.0530864763951318,0.));
#11513=DIRECTION('',(0.,0.,-1.));
#11514=DIRECTION('',(0.0963896369079517,0.995343678282408,0.));
#11515=DIRECTION('',(-0.995343678282408,0.0963896369079517,0.));
#11516=DIRECTION('',(0.,0.,-1.));
#11517=DIRECTION('',(0.146880727475888,0.989154210371747,0.));
#11518=DIRECTION('',(-0.989154210371747,0.146880727475888,0.));
#11519=DIRECTION('',(0.,0.,-1.));
#11520=DIRECTION('',(0.22965235501886,0.973272724283534,0.));
#11521=DIRECTION('',(-0.973272724283534,0.22965235501886,0.));
#11522=DIRECTION('',(0.,0.,-1.));
#11523=DIRECTION('',(0.292581117229395,0.956240707061145,0.));
#11524=DIRECTION('',(-0.956240707061145,0.292581117229395,0.));
#11525=DIRECTION('',(0.,0.,-1.));
#11526=DIRECTION('',(0.374053894094917,0.927406968009422,0.));
#11527=DIRECTION('',(-0.927406968009422,0.374053894094917,0.));
#11528=DIRECTION('',(0.,0.,-1.));
#11529=DIRECTION('',(0.654505464551917,0.756057270893997,0.));
#11530=DIRECTION('',(-0.756057270893997,0.654505464551917,0.));
#11531=DIRECTION('',(0.,0.,-1.));
#11532=DIRECTION('',(0.918186003369499,0.396149546530532,0.));
#11533=DIRECTION('',(-0.396149546530532,0.918186003369499,0.));
#11534=DIRECTION('',(0.,0.,-1.));
#11535=DIRECTION('',(0.99981612178444,-0.0191760950123145,0.));
#11536=DIRECTION('',(0.0191760950123145,0.99981612178444,0.));
#11537=DIRECTION('',(0.,0.,-1.));
#11538=DIRECTION('',(0.900939127460971,-0.43394549036701,0.));
#11539=DIRECTION('',(0.43394549036701,0.900939127460971,0.));
#11540=DIRECTION('',(0.,0.,-1.));
#11541=DIRECTION('',(0.710108482037552,-0.704092283538404,0.));
#11542=DIRECTION('',(0.704092283538404,0.710108482037552,0.));
#11543=DIRECTION('',(0.,0.,-1.));
#11544=DIRECTION('',(0.506682029315269,-0.862133006657883,0.));
#11545=DIRECTION('',(0.862133006657883,0.506682029315269,0.));
#11546=DIRECTION('',(0.,0.,-1.));
#11547=DIRECTION('',(0.204577974053251,-0.978850270742297,0.));
#11548=DIRECTION('',(0.978850270742297,0.204577974053251,0.));
#11549=DIRECTION('',(0.,0.,-1.));
#11550=DIRECTION('',(-0.162962220134431,-0.986632309834245,0.));
#11551=DIRECTION('',(0.986632309834245,-0.162962220134431,0.));
#11552=DIRECTION('',(0.,0.,-1.));
#11553=DIRECTION('',(-0.227193266531791,-0.973849690477239,0.));
#11554=DIRECTION('',(0.973849690477239,-0.227193266531791,0.));
#11555=DIRECTION('',(0.,0.,-1.));
#11556=DIRECTION('',(-0.207561437455538,-0.978221983846913,0.));
#11557=DIRECTION('',(0.978221983846913,-0.207561437455538,0.));
#11558=DIRECTION('',(0.,0.,-1.));
#11559=DIRECTION('',(-0.18825274481247,-0.98212061584643,0.));
#11560=DIRECTION('',(0.98212061584643,-0.18825274481247,0.));
#11561=DIRECTION('',(0.,0.,-1.));
#11562=DIRECTION('',(-0.157547182838356,-0.987511460783974,0.));
#11563=DIRECTION('',(0.987511460783974,-0.157547182838356,0.));
#11564=DIRECTION('',(0.,0.,-1.));
#11565=DIRECTION('',(-0.139208667112133,-0.990263069593562,0.));
#11566=DIRECTION('',(0.990263069593562,-0.139208667112133,0.));
#11567=DIRECTION('',(0.,0.,-1.));
#11568=DIRECTION('',(-0.12884902182103,-0.99166422219205,0.));
#11569=DIRECTION('',(0.99166422219205,-0.12884902182103,0.));
#11570=DIRECTION('',(0.,0.,-1.));
#11571=DIRECTION('',(-0.0656357586542986,-0.997843648667403,0.));
#11572=DIRECTION('',(0.997843648667403,-0.0656357586542986,0.));
#11573=DIRECTION('',(0.,0.,-1.));
#11574=DIRECTION('',(0.00237886228131075,-0.99999717050312,0.));
#11575=DIRECTION('',(0.99999717050312,0.00237886228131075,0.));
#11576=DIRECTION('',(0.,0.,-1.));
#11577=DIRECTION('',(0.0790067951755158,-0.996874077462191,0.));
#11578=DIRECTION('',(0.996874077462191,0.0790067951755158,0.));
#11579=DIRECTION('',(0.,0.,-1.));
#11580=DIRECTION('',(0.0547702462138734,-0.998498983539629,0.));
#11581=DIRECTION('',(0.998498983539629,0.0547702462138734,0.));
#11582=DIRECTION('',(0.,0.,-1.));
#11583=DIRECTION('',(-0.186692305897167,-0.982418435758816,0.));
#11584=DIRECTION('',(0.982418435758816,-0.186692305897167,0.));
#11585=DIRECTION('',(0.,0.,-1.));
#11586=DIRECTION('',(-0.514621643873902,-0.857417380076077,0.));
#11587=DIRECTION('',(0.857417380076077,-0.514621643873902,0.));
#11588=DIRECTION('',(0.,0.,-1.));
#11589=DIRECTION('',(-0.975640893265244,-0.219373761850857,0.));
#11590=DIRECTION('',(0.219373761850857,-0.975640893265244,0.));
#11591=DIRECTION('',(0.,0.,-1.));
#11592=DIRECTION('',(-0.843231847302686,0.537550045758066,0.));
#11593=DIRECTION('',(-0.537550045758066,-0.843231847302686,0.));
#11594=DIRECTION('',(0.,0.,-1.));
#11595=DIRECTION('',(-0.534771809395554,0.844996515895661,0.));
#11596=DIRECTION('',(-0.844996515895661,-0.534771809395554,0.));
#11597=DIRECTION('',(0.,0.,-1.));
#11598=DIRECTION('',(-0.344604907011426,0.938747813879557,0.));
#11599=DIRECTION('',(-0.938747813879557,-0.344604907011426,0.));
#11600=DIRECTION('',(0.,0.,-1.));
#11601=DIRECTION('',(-0.241807991210518,0.970324118728754,0.));
#11602=DIRECTION('',(-0.970324118728755,-0.241807991210518,0.));
#11603=DIRECTION('',(0.,0.,-1.));
#11604=DIRECTION('',(-0.165334796906289,0.986237499252566,0.));
#11605=DIRECTION('',(-0.986237499252567,-0.165334796906289,0.));
#11606=DIRECTION('',(0.,0.,-1.));
#11607=DIRECTION('',(-0.926418020020397,0.376496550026011,0.));
#11608=DIRECTION('',(-0.376496550026011,-0.926418020020397,0.));
#11609=DIRECTION('',(0.,0.,-1.));
#11610=DIRECTION('',(0.,0.,-1.));
#11611=DIRECTION('',(-0.575020298859038,0.818139142139075,0.));
#11612=DIRECTION('',(-0.818139142139076,-0.575020298859038,0.));
#11613=DIRECTION('',(0.,0.,-1.));
#11614=DIRECTION('',(-0.18647160160554,0.982460351258342,0.));
#11615=DIRECTION('',(-0.982460351258342,-0.18647160160554,0.));
#11616=DIRECTION('',(0.,0.,-1.));
#11617=DIRECTION('',(0.0225507083001059,0.999745700443449,0.));
#11618=DIRECTION('',(-0.99974570044345,0.0225507083001059,0.));
#11619=DIRECTION('',(0.,0.,-1.));
#11620=DIRECTION('',(0.057235461943318,0.998360707307802,0.));
#11621=DIRECTION('',(-0.998360707307802,0.057235461943318,0.));
#11622=DIRECTION('',(0.,0.,-1.));
#11623=DIRECTION('',(0.0816405536031424,0.996661838342059,0.));
#11624=DIRECTION('',(-0.996661838342059,0.0816405536031424,0.));
#11625=DIRECTION('',(0.,0.,-1.));
#11626=DIRECTION('',(0.136987148669398,0.990572824732956,0.));
#11627=DIRECTION('',(-0.990572824732956,0.136987148669398,0.));
#11628=DIRECTION('',(0.,0.,-1.));
#11629=DIRECTION('',(0.178469503653911,0.983945443744482,0.));
#11630=DIRECTION('',(-0.983945443744483,0.178469503653911,0.));
#11631=DIRECTION('',(0.,0.,-1.));
#11632=DIRECTION('',(0.220570806706824,0.975370964930113,0.));
#11633=DIRECTION('',(-0.975370964930114,0.220570806706824,0.));
#11634=DIRECTION('',(0.,0.,-1.));
#11635=DIRECTION('',(0.242571043393472,0.970133644869098,0.));
#11636=DIRECTION('',(-0.970133644869099,0.242571043393472,0.));
#11637=DIRECTION('',(0.,0.,-1.));
#11638=DIRECTION('',(0.283778775967107,0.958889777977954,0.));
#11639=DIRECTION('',(-0.958889777977954,0.283778775967107,0.));
#11640=DIRECTION('',(0.,0.,-1.));
#11641=DIRECTION('',(0.309072729275877,0.951038405122506,0.));
#11642=DIRECTION('',(-0.951038405122506,0.309072729275877,0.));
#11643=DIRECTION('',(0.,0.,-1.));
#11644=DIRECTION('',(0.34890414595725,0.93715841613563,0.));
#11645=DIRECTION('',(-0.93715841613563,0.34890414595725,0.));
#11646=DIRECTION('',(0.,0.,-1.));
#11647=DIRECTION('',(0.416341320430187,0.90920839465023,0.));
#11648=DIRECTION('',(-0.909208394650231,0.416341320430187,0.));
#11649=DIRECTION('',(0.,0.,-1.));
#11650=DIRECTION('',(0.547416243285524,0.836860476176981,0.));
#11651=DIRECTION('',(-0.836860476176981,0.547416243285524,0.));
#11652=DIRECTION('',(0.,0.,-1.));
#11653=DIRECTION('',(0.729225573519678,0.684273383177292,0.));
#11654=DIRECTION('',(-0.684273383177292,0.729225573519678,0.));
#11655=DIRECTION('',(0.,0.,-1.));
#11656=DIRECTION('',(0.861866025850922,0.5071360305519,0.));
#11657=DIRECTION('',(-0.5071360305519,0.861866025850922,0.));
#11658=DIRECTION('',(0.,0.,-1.));
#11659=DIRECTION('',(0.976988110270481,0.213293770162455,0.));
#11660=DIRECTION('',(-0.213293770162455,0.976988110270481,0.));
#11661=DIRECTION('',(0.,0.,-1.));
#11662=DIRECTION('',(0.969137670013973,-0.246520134187631,0.));
#11663=DIRECTION('',(0.246520134187631,0.969137670013973,0.));
#11664=DIRECTION('',(0.,0.,-1.));
#11665=DIRECTION('',(0.718294295651107,-0.695739394338914,0.));
#11666=DIRECTION('',(0.695739394338915,0.718294295651108,0.));
#11667=DIRECTION('',(0.,0.,-1.));
#11668=DIRECTION('',(0.37963540658858,-0.925136183523444,0.));
#11669=DIRECTION('',(0.925136183523444,0.37963540658858,0.));
#11670=DIRECTION('',(0.,0.,-1.));
#11671=DIRECTION('',(0.045714857285388,-0.998954529407308,0.));
#11672=DIRECTION('',(0.998954529407308,0.045714857285388,0.));
#11673=DIRECTION('',(0.,0.,-1.));
#11674=DIRECTION('',(-0.259101718675566,-0.965850039798812,0.));
#11675=DIRECTION('',(0.965850039798813,-0.259101718675566,0.));
#11676=DIRECTION('',(0.,0.,-1.));
#11677=DIRECTION('',(-0.384482684160767,-0.923132203739276,0.));
#11678=DIRECTION('',(0.923132203739276,-0.384482684160767,0.));
#11679=DIRECTION('',(0.,0.,-1.));
#11680=DIRECTION('',(-0.415222789759542,-0.909719756224027,0.));
#11681=DIRECTION('',(0.909719756224027,-0.415222789759542,0.));
#11682=DIRECTION('',(0.,0.,-1.));
#11683=DIRECTION('',(-0.390373560142484,-0.920656550262736,0.));
#11684=DIRECTION('',(0.920656550262736,-0.390373560142484,0.));
#11685=DIRECTION('',(0.,0.,-1.));
#11686=DIRECTION('',(-0.328768844765125,-0.94441042280981,0.));
#11687=DIRECTION('',(0.944410422809811,-0.328768844765125,0.));
#11688=DIRECTION('',(0.,0.,-1.));
#11689=DIRECTION('',(-0.245130373625054,-0.9694901236869,0.));
#11690=DIRECTION('',(0.9694901236869,-0.245130373625054,0.));
#11691=DIRECTION('',(0.,0.,-1.));
#11692=DIRECTION('',(-0.196983739655412,-0.980406755541479,0.));
#11693=DIRECTION('',(0.980406755541479,-0.196983739655413,0.));
#11694=DIRECTION('',(0.,0.,-1.));
#11695=DIRECTION('',(-0.168178055674855,-0.985756634058034,0.));
#11696=DIRECTION('',(0.985756634058034,-0.168178055674855,0.));
#11697=DIRECTION('',(0.,0.,-1.));
#11698=DIRECTION('',(-0.160530391970799,-0.987030897821189,0.));
#11699=DIRECTION('',(0.987030897821189,-0.160530391970799,0.));
#11700=DIRECTION('',(0.,0.,-1.));
#11701=DIRECTION('',(-0.166972507121503,-0.98596155192054,0.));
#11702=DIRECTION('',(0.98596155192054,-0.166972507121503,0.));
#11703=DIRECTION('',(0.,0.,-1.));
#11704=DIRECTION('',(-0.356312843321749,-0.934366714777432,0.));
#11705=DIRECTION('',(0.934366714777432,-0.356312843321749,0.));
#11706=DIRECTION('',(0.,0.,-1.));
#11707=DIRECTION('',(-0.645141995814024,-0.764062697189896,0.));
#11708=DIRECTION('',(0.764062697189896,-0.645141995814024,0.));
#11709=DIRECTION('',(0.,0.,-1.));
#11710=DIRECTION('',(-0.837803668614222,-0.545971622757586,0.));
#11711=DIRECTION('',(0.545971622757586,-0.837803668614222,0.));
#11712=DIRECTION('',(0.,0.,-1.));
#11713=DIRECTION('',(0.,0.,-1.));
#11714=DIRECTION('',(-0.84879532061257,-0.528721574844649,0.));
#11715=DIRECTION('',(0.528721574844649,-0.84879532061257,0.));
#11716=DIRECTION('',(0.,0.,-1.));
#11717=DIRECTION('',(-0.877541944651705,-0.479499880476424,0.));
#11718=DIRECTION('',(0.479499880476424,-0.877541944651705,0.));
#11719=DIRECTION('',(0.,0.,-1.));
#11720=DIRECTION('',(-0.913812124070271,-0.406137171288445,0.));
#11721=DIRECTION('',(0.406137171288445,-0.913812124070271,0.));
#11722=DIRECTION('',(0.,0.,-1.));
#11723=DIRECTION('',(-0.957947203081174,-0.286944517474991,0.));
#11724=DIRECTION('',(0.286944517474991,-0.957947203081175,0.));
#11725=DIRECTION('',(0.,0.,-1.));
#11726=DIRECTION('',(-0.997814840389687,-0.0660722657255223,0.));
#11727=DIRECTION('',(0.0660722657255223,-0.997814840389687,0.));
#11728=DIRECTION('',(0.,0.,-1.));
#11729=DIRECTION('',(-0.95992173398583,0.280268201231672,0.));
#11730=DIRECTION('',(-0.280268201231672,-0.95992173398583,0.));
#11731=DIRECTION('',(0.,0.,-1.));
#11732=DIRECTION('',(-0.646798262221845,0.762661135752177,0.));
#11733=DIRECTION('',(-0.762661135752177,-0.646798262221845,0.));
#11734=DIRECTION('',(0.,0.,-1.));
#11735=DIRECTION('',(-0.123679828991744,0.992322175455418,0.));
#11736=DIRECTION('',(-0.992322175455418,-0.123679828991744,0.));
#11737=DIRECTION('',(0.,0.,-1.));
#11738=DIRECTION('',(0.309956214142838,0.950750832402601,0.));
#11739=DIRECTION('',(-0.950750832402601,0.309956214142838,0.));
#11740=DIRECTION('',(0.,0.,-1.));
#11741=DIRECTION('',(0.514207453987016,0.857665840677004,0.));
#11742=DIRECTION('',(-0.857665840677004,0.514207453987016,0.));
#11743=DIRECTION('',(0.,0.,-1.));
#11744=DIRECTION('',(0.573921449413007,0.818910355230457,0.));
#11745=DIRECTION('',(-0.818910355230457,0.573921449413007,0.));
#11746=DIRECTION('',(0.,0.,-1.));
#11747=DIRECTION('',(0.642704506508693,0.766114167284105,0.));
#11748=DIRECTION('',(-0.766114167284105,0.642704506508693,0.));
#11749=DIRECTION('',(0.,0.,-1.));
#11750=DIRECTION('',(0.739538895065761,0.673113825949901,0.));
#11751=DIRECTION('',(-0.673113825949901,0.739538895065761,0.));
#11752=DIRECTION('',(0.,0.,-1.));
#11753=DIRECTION('',(0.864162189229979,0.503213384862973,0.));
#11754=DIRECTION('',(-0.503213384862973,0.864162189229979,0.));
#11755=DIRECTION('',(0.,0.,-1.));
#11756=DIRECTION('',(0.978985726114895,0.203928781841337,0.));
#11757=DIRECTION('',(-0.203928781841337,0.978985726114895,0.));
#11758=DIRECTION('',(0.,0.,-1.));
#11759=DIRECTION('',(0.978350083098225,-0.206956794770541,0.));
#11760=DIRECTION('',(0.206956794770542,0.978350083098225,0.));
#11761=DIRECTION('',(0.,0.,-1.));
#11762=DIRECTION('',(0.831541147853763,-0.555463157577572,0.));
#11763=DIRECTION('',(0.555463157577572,0.831541147853763,0.));
#11764=DIRECTION('',(0.,0.,-1.));
#11765=DIRECTION('',(0.654970168898384,-0.755654734553568,0.));
#11766=DIRECTION('',(0.755654734553568,0.654970168898384,0.));
#11767=DIRECTION('',(0.,0.,-1.));
#11768=DIRECTION('',(0.470148143194657,-0.882587516029213,0.));
#11769=DIRECTION('',(0.882587516029213,0.470148143194657,0.));
#11770=DIRECTION('',(0.,0.,-1.));
#11771=DIRECTION('',(-0.121117086204458,-0.992638227870225,0.));
#11772=DIRECTION('',(0.992638227870226,-0.121117086204458,0.));
#11773=DIRECTION('',(0.,0.,-1.));
#11774=DIRECTION('',(-0.68140195293209,-0.731909405965201,0.));
#11775=DIRECTION('',(0.731909405965201,-0.68140195293209,0.));
#11776=DIRECTION('',(0.,0.,-1.));
#11777=DIRECTION('',(-0.432534162057254,-0.901617545666359,0.));
#11778=DIRECTION('',(0.901617545666359,-0.432534162057254,0.));
#11779=DIRECTION('',(0.,0.,-1.));
#11780=DIRECTION('',(0.,0.,-1.));
#11781=DIRECTION('',(-0.387544951120644,-0.921850807268127,0.));
#11782=DIRECTION('',(0.921850807268127,-0.387544951120644,0.));
#11783=DIRECTION('',(0.,0.,-1.));
#11784=DIRECTION('',(-0.35643356111219,-0.934320671136459,0.));
#11785=DIRECTION('',(0.934320671136459,-0.35643356111219,0.));
#11786=DIRECTION('',(0.,0.,-1.));
#11787=DIRECTION('',(-0.348913667926401,-0.937154871050748,0.));
#11788=DIRECTION('',(0.937154871050748,-0.348913667926401,0.));
#11789=DIRECTION('',(0.,0.,-1.));
#11790=DIRECTION('',(-0.336049685603281,-0.941844259315698,0.));
#11791=DIRECTION('',(0.941844259315698,-0.336049685603281,0.));
#11792=DIRECTION('',(0.,0.,-1.));
#11793=DIRECTION('',(-0.581960481376278,-0.813217067034559,0.));
#11794=DIRECTION('',(0.81321706703456,-0.581960481376278,0.));
#11795=DIRECTION('',(0.,0.,-1.));
#11796=DIRECTION('',(-0.970142211019725,-0.242536781535829,0.));
#11797=DIRECTION('',(0.242536781535829,-0.970142211019726,0.));
#11798=DIRECTION('',(0.,0.,-1.));
#11799=DIRECTION('',(-0.854607844552156,0.519273946997071,0.));
#11800=DIRECTION('',(-0.519273946997071,-0.854607844552157,0.));
#11801=DIRECTION('',(0.,0.,-1.));
#11802=DIRECTION('',(-0.487406564597616,0.873175148974792,0.));
#11803=DIRECTION('',(-0.873175148974792,-0.487406564597616,0.));
#11804=DIRECTION('',(0.,0.,-1.));
#11805=DIRECTION('',(-0.162207281732583,0.986756706464631,0.));
#11806=DIRECTION('',(-0.986756706464631,-0.162207281732583,0.));
#11807=DIRECTION('',(0.,0.,-1.));
#11808=DIRECTION('',(0.0831475560449187,0.996537246631433,0.));
#11809=DIRECTION('',(-0.996537246631433,0.0831475560449187,0.));
#11810=DIRECTION('',(0.,0.,-1.));
#11811=DIRECTION('',(0.198190573353791,0.980163505050915,0.));
#11812=DIRECTION('',(-0.980163505050915,0.198190573353791,0.));
#11813=DIRECTION('',(0.,0.,-1.));
#11814=DIRECTION('',(0.251749939385502,0.967792316573859,0.));
#11815=DIRECTION('',(-0.967792316573859,0.251749939385502,0.));
#11816=DIRECTION('',(0.,0.,-1.));
#11817=DIRECTION('',(0.33874736759986,0.940877367643714,0.));
#11818=DIRECTION('',(-0.940877367643715,0.33874736759986,0.));
#11819=DIRECTION('',(0.,0.,-1.));
#11820=DIRECTION('',(0.361585127437473,0.932339099049282,0.));
#11821=DIRECTION('',(-0.932339099049282,0.361585127437473,0.));
#11822=DIRECTION('',(0.,0.,-1.));
#11823=DIRECTION('',(0.36916169909853,0.929365181141776,0.));
#11824=DIRECTION('',(-0.929365181141776,0.36916169909853,0.));
#11825=DIRECTION('',(0.,0.,-1.));
#11826=DIRECTION('',(0.3793529041424,0.925252059775458,0.));
#11827=DIRECTION('',(-0.925252059775458,0.3793529041424,0.));
#11828=DIRECTION('',(0.,0.,-1.));
#11829=DIRECTION('',(0.407221367574186,0.913329490266798,0.));
#11830=DIRECTION('',(-0.913329490266798,0.407221367574187,0.));
#11831=DIRECTION('',(0.,0.,-1.));
#11832=DIRECTION('',(0.38334724689815,0.923604292051314,0.));
#11833=DIRECTION('',(-0.923604292051314,0.38334724689815,0.));
#11834=DIRECTION('',(0.,0.,-1.));
#11835=DIRECTION('',(0.409668654897087,0.912234395972226,0.));
#11836=DIRECTION('',(-0.912234395972226,0.409668654897087,0.));
#11837=DIRECTION('',(0.,0.,-1.));
#11838=DIRECTION('',(0.475433862250651,0.879751466395725,0.));
#11839=DIRECTION('',(-0.879751466395726,0.475433862250651,0.));
#11840=DIRECTION('',(0.,0.,-1.));
#11841=DIRECTION('',(0.524477553764282,0.851424274728783,0.));
#11842=DIRECTION('',(-0.851424274728784,0.524477553764282,0.));
#11843=DIRECTION('',(0.,0.,-1.));
#11844=DIRECTION('',(0.51429375417529,0.8576140941101,0.));
#11845=DIRECTION('',(-0.8576140941101,0.51429375417529,0.));
#11846=DIRECTION('',(0.,0.,-1.));
#11847=DIRECTION('',(0.559023079995051,0.829152094632129,0.));
#11848=DIRECTION('',(-0.829152094632129,0.559023079995051,0.));
#11849=DIRECTION('',(0.,0.,-1.));
#11850=DIRECTION('',(0.651615185525291,0.758549701728793,0.));
#11851=DIRECTION('',(-0.758549701728793,0.651615185525291,0.));
#11852=DIRECTION('',(0.,0.,-1.));
#11853=DIRECTION('',(0.764722824344101,0.644359373274868,0.));
#11854=DIRECTION('',(-0.644359373274868,0.764722824344102,0.));
#11855=DIRECTION('',(0.,0.,-1.));
#11856=DIRECTION('',(0.904423880129004,0.426635025580879,0.));
#11857=DIRECTION('',(-0.426635025580879,0.904423880129004,0.));
#11858=DIRECTION('',(0.,0.,-1.));
#11859=DIRECTION('',(0.990986391376941,0.133962577258384,0.));
#11860=DIRECTION('',(-0.133962577258384,0.990986391376941,0.));
#11861=DIRECTION('',(0.,0.,-1.));
#11862=DIRECTION('',(0.987113475593463,-0.160021830703797,0.));
#11863=DIRECTION('',(0.160021830703797,0.987113475593463,0.));
#11864=DIRECTION('',(0.,0.,-1.));
#11865=DIRECTION('',(0.775135865694658,-0.63179457873093,0.));
#11866=DIRECTION('',(0.63179457873093,0.775135865694658,0.));
#11867=DIRECTION('',(0.,0.,-1.));
#11868=DIRECTION('',(0.231847576063433,-0.972752127457715,0.));
#11869=DIRECTION('',(0.972752127457715,0.231847576063433,0.));
#11870=DIRECTION('',(0.,0.,-1.));
#11871=DIRECTION('',(-0.188551041671323,-0.982063391377898,0.));
#11872=DIRECTION('',(0.982063391377898,-0.188551041671323,0.));
#11873=DIRECTION('',(0.,0.,-1.));
#11874=DIRECTION('',(-0.446713314256636,-0.894677156781066,0.));
#11875=DIRECTION('',(0.894677156781066,-0.446713314256636,0.));
#11876=DIRECTION('',(0.,0.,-1.));
#11877=DIRECTION('',(-0.566924565692726,-0.823769711032224,0.));
#11878=DIRECTION('',(0.823769711032224,-0.566924565692726,0.));
#11879=DIRECTION('',(0.,0.,-1.));
#11880=DIRECTION('',(-0.566069056747339,-0.824357824608451,0.));
#11881=DIRECTION('',(0.824357824608451,-0.566069056747339,0.));
#11882=DIRECTION('',(0.,0.,-1.));
#11883=DIRECTION('',(-0.526555808439177,-0.850140565200229,0.));
#11884=DIRECTION('',(0.850140565200229,-0.526555808439177,0.));
#11885=DIRECTION('',(0.,0.,-1.));
#11886=DIRECTION('',(-0.490506803807039,-0.871437361730035,0.));
#11887=DIRECTION('',(0.871437361730035,-0.490506803807039,0.));
#11888=DIRECTION('',(0.,0.,-1.));
#11889=DIRECTION('',(-0.817135190542119,-0.576446077597631,0.));
#11890=DIRECTION('',(0.576446077597631,-0.817135190542119,0.));
#11891=DIRECTION('',(0.,0.,-1.));
#11892=DIRECTION('',(0.,0.,-1.));
#11893=DIRECTION('',(-0.595395303352116,-0.803432904943681,0.));
#11894=DIRECTION('',(0.803432904943681,-0.595395303352116,0.));
#11895=DIRECTION('',(0.,0.,-1.));
#11896=DIRECTION('',(-0.306636942931329,-0.95182655207224,0.));
#11897=DIRECTION('',(0.95182655207224,-0.306636942931329,0.));
#11898=DIRECTION('',(0.,0.,-1.));
#11899=DIRECTION('',(-0.0784106001073053,-0.996921149234387,0.));
#11900=DIRECTION('',(0.996921149234388,-0.0784106001073053,0.));
#11901=DIRECTION('',(0.,0.,-1.));
#11902=DIRECTION('',(-0.157754540949323,-0.987478356628574,0.));
#11903=DIRECTION('',(0.987478356628574,-0.157754540949323,0.));
#11904=DIRECTION('',(0.,0.,-1.));
#11905=DIRECTION('',(-0.490106065249416,-0.871662804532656,0.));
#11906=DIRECTION('',(0.871662804532656,-0.490106065249416,0.));
#11907=DIRECTION('',(0.,0.,-1.));
#11908=DIRECTION('',(-0.770108967263712,-0.637912359607508,0.));
#11909=DIRECTION('',(0.637912359607508,-0.770108967263713,0.));
#11910=DIRECTION('',(0.,0.,-1.));
#11911=DIRECTION('',(-0.941938476739374,-0.335785505997368,0.));
#11912=DIRECTION('',(0.335785505997368,-0.941938476739374,0.));
#11913=DIRECTION('',(0.,0.,-1.));
#11914=DIRECTION('',(-0.999750562337362,-0.0223341242525615,0.));
#11915=DIRECTION('',(0.0223341242525615,-0.999750562337362,0.));
#11916=DIRECTION('',(0.,0.,-1.));
#11917=DIRECTION('',(-0.961588433451781,0.274495327194745,0.));
#11918=DIRECTION('',(-0.274495327194745,-0.961588433451781,0.));
#11919=DIRECTION('',(0.,0.,-1.));
#11920=DIRECTION('',(-0.84353993800848,0.537066451181461,0.));
#11921=DIRECTION('',(-0.537066451181461,-0.843539938008481,0.));
#11922=DIRECTION('',(0.,0.,-1.));
#11923=DIRECTION('',(-0.662764869696064,0.748827568600916,0.));
#11924=DIRECTION('',(-0.748827568600916,-0.662764869696064,0.));
#11925=DIRECTION('',(0.,0.,-1.));
#11926=DIRECTION('',(-0.456292536351281,0.889829827141187,0.));
#11927=DIRECTION('',(-0.889829827141187,-0.456292536351281,0.));
#11928=DIRECTION('',(0.,0.,-1.));
#11929=DIRECTION('',(-0.341501045772767,0.939881394504704,0.));
#11930=DIRECTION('',(-0.939881394504704,-0.341501045772767,0.));
#11931=DIRECTION('',(0.,0.,-1.));
#11932=DIRECTION('',(-0.261360135263428,0.965241358259727,0.));
#11933=DIRECTION('',(-0.965241358259727,-0.261360135263428,0.));
#11934=DIRECTION('',(0.,0.,-1.));
#11935=DIRECTION('',(-0.166727306726402,0.986003045224385,0.));
#11936=DIRECTION('',(-0.986003045224385,-0.166727306726402,0.));
#11937=DIRECTION('',(0.,0.,-1.));
#11938=DIRECTION('',(-0.0712360143791281,0.997459488027146,0.));
#11939=DIRECTION('',(-0.997459488027146,-0.0712360143791281,0.));
#11940=DIRECTION('',(0.,0.,-1.));
#11941=DIRECTION('',(0.0398958547289669,0.999203843455101,0.));
#11942=DIRECTION('',(-0.999203843455101,0.0398958547289669,0.));
#11943=DIRECTION('',(0.,0.,-1.));
#11944=DIRECTION('',(0.26326286670625,0.964724138297372,0.));
#11945=DIRECTION('',(-0.964724138297372,0.26326286670625,0.));
#11946=DIRECTION('',(0.,0.,-1.));
#11947=DIRECTION('',(0.733736492414689,0.679434146697816,0.));
#11948=DIRECTION('',(-0.679434146697816,0.733736492414689,0.));
#11949=DIRECTION('',(0.,0.,-1.));
#11950=DIRECTION('',(0.999682512964563,0.025196691704607,0.));
#11951=DIRECTION('',(-0.025196691704607,0.999682512964563,0.));
#11952=DIRECTION('',(0.,0.,-1.));
#11953=DIRECTION('',(0.905909423758928,-0.423471505469692,0.));
#11954=DIRECTION('',(0.423471505469692,0.905909423758928,0.));
#11955=DIRECTION('',(0.,0.,-1.));
#11956=DIRECTION('',(0.883002879936348,-0.469367568142618,0.));
#11957=DIRECTION('',(0.469367568142618,0.883002879936348,0.));
#11958=DIRECTION('',(0.,0.,-1.));
#11959=DIRECTION('',(0.88384374890585,-0.467782243698981,0.));
#11960=DIRECTION('',(0.467782243698981,0.88384374890585,0.));
#11961=DIRECTION('',(0.,0.,-1.));
#11962=DIRECTION('',(0.817574896733937,-0.575822271391522,0.));
#11963=DIRECTION('',(0.575822271391522,0.817574896733937,0.));
#11964=DIRECTION('',(0.,0.,-1.));
#11965=DIRECTION('',(0.584777844375782,-0.811193486615378,0.));
#11966=DIRECTION('',(0.811193486615378,0.584777844375782,0.));
#11967=DIRECTION('',(0.,0.,-1.));
#11968=DIRECTION('',(0.379349221553978,-0.925253569626397,0.));
#11969=DIRECTION('',(0.925253569626397,0.379349221553978,0.));
#11970=DIRECTION('',(0.,0.,-1.));
#11971=DIRECTION('',(0.166582847761012,-0.986027461499847,0.));
#11972=DIRECTION('',(0.986027461499847,0.166582847761012,0.));
#11973=DIRECTION('',(0.,0.,-1.));
#11974=DIRECTION('',(-0.0445245665576217,-0.99900828974181,0.));
#11975=DIRECTION('',(0.99900828974181,-0.0445245665576217,0.));
#11976=DIRECTION('',(0.,0.,-1.));
#11977=DIRECTION('',(-0.251815424812471,-0.967775279611189,0.));
#11978=DIRECTION('',(0.967775279611189,-0.251815424812471,0.));
#11979=DIRECTION('',(0.,0.,-1.));
#11980=DIRECTION('',(-0.454428154185084,-0.890783392685302,0.));
#11981=DIRECTION('',(0.890783392685302,-0.454428154185084,0.));
#11982=DIRECTION('',(0.,0.,-1.));
#11983=DIRECTION('',(-0.646853251082848,-0.762614497346825,0.));
#11984=DIRECTION('',(0.762614497346825,-0.646853251082848,0.));
#11985=DIRECTION('',(0.,0.,-1.));
#11986=DIRECTION('',(-1.,0.,0.));
#11987=DIRECTION('',(0.,0.,1.));
#11988=DIRECTION('',(0.,0.,-1.));
#11989=DIRECTION('',(0.,0.,-1.));
#11990=DIRECTION('',(-0.327662675561355,0.94479477721036,0.));
#11991=DIRECTION('',(-0.94479477721036,-0.327662675561355,0.));
#11992=DIRECTION('',(0.,0.,-1.));
#11993=DIRECTION('',(-0.373849818279142,-0.927489252429726,0.));
#11994=DIRECTION('',(0.927489252429726,-0.373849818279142,0.));
#11995=DIRECTION('',(0.,0.,-1.));
#11996=DIRECTION('',(0.,0.,-1.));
#11997=DIRECTION('',(-0.35527293002275,-0.934762614353532,0.));
#11998=DIRECTION('',(0.934762614353532,-0.35527293002275,0.));
#11999=DIRECTION('',(0.,0.,-1.));
#12000=DIRECTION('',(-0.267684406219575,-0.963506646924075,0.));
#12001=DIRECTION('',(0.963506646924075,-0.267684406219575,0.));
#12002=DIRECTION('',(0.,0.,-1.));
#12003=DIRECTION('',(-0.16637740015737,-0.986062148506307,0.));
#12004=DIRECTION('',(0.986062148506307,-0.16637740015737,0.));
#12005=DIRECTION('',(0.,0.,-1.));
#12006=DIRECTION('',(-0.0527361175774335,-0.998608482791358,0.));
#12007=DIRECTION('',(0.998608482791359,-0.0527361175774335,0.));
#12008=DIRECTION('',(0.,0.,-1.));
#12009=DIRECTION('',(0.0696572748043511,-0.997570981969118,0.));
#12010=DIRECTION('',(0.997570981969118,0.0696572748043511,0.));
#12011=DIRECTION('',(0.,0.,-1.));
#12012=DIRECTION('',(0.195151316436758,-0.980773145886958,0.));
#12013=DIRECTION('',(0.980773145886958,0.195151316436758,0.));
#12014=DIRECTION('',(0.,0.,-1.));
#12015=DIRECTION('',(0.317080538827956,-0.948398614453107,0.));
#12016=DIRECTION('',(0.948398614453107,0.317080538827956,0.));
#12017=DIRECTION('',(0.,0.,-1.));
#12018=DIRECTION('',(0.428729257092556,-0.903433021376164,0.));
#12019=DIRECTION('',(0.903433021376164,0.428729257092556,0.));
#12020=DIRECTION('',(0.,0.,-1.));
#12021=DIRECTION('',(0.441839744619601,-0.897093997346145,0.));
#12022=DIRECTION('',(0.897093997346145,0.441839744619601,0.));
#12023=DIRECTION('',(0.,0.,-1.));
#12024=DIRECTION('',(0.474478153481978,-0.880267278653667,0.));
#12025=DIRECTION('',(0.880267278653667,0.474478153481978,0.));
#12026=DIRECTION('',(0.,0.,-1.));
#12027=DIRECTION('',(0.567592628347803,-0.823309545824189,0.));
#12028=DIRECTION('',(0.823309545824189,0.567592628347803,0.));
#12029=DIRECTION('',(0.,0.,-1.));
#12030=DIRECTION('',(0.673910365347267,-0.738813115393543,0.));
#12031=DIRECTION('',(0.738813115393543,0.673910365347267,0.));
#12032=DIRECTION('',(0.,0.,-1.));
#12033=DIRECTION('',(0.931217853335178,-0.364463042886139,0.));
#12034=DIRECTION('',(0.364463042886139,0.931217853335178,0.));
#12035=DIRECTION('',(0.,0.,-1.));
#12036=DIRECTION('',(0.994002946585153,-0.109353290668517,0.));
#12037=DIRECTION('',(0.109353290668517,0.994002946585153,0.));
#12038=DIRECTION('',(0.,0.,-1.));
#12039=DIRECTION('',(0.999973114013089,0.00733288830995822,0.));
#12040=DIRECTION('',(-0.00733288830995822,0.999973114013089,0.));
#12041=DIRECTION('',(0.,0.,-1.));
#12042=DIRECTION('',(0.994670891035777,0.103101011275801,0.));
#12043=DIRECTION('',(-0.103101011275801,0.994670891035777,0.));
#12044=DIRECTION('',(0.,0.,-1.));
#12045=DIRECTION('',(0.990334496423223,0.138699622184635,0.));
#12046=DIRECTION('',(-0.138699622184635,0.990334496423224,0.));
#12047=DIRECTION('',(0.,0.,-1.));
#12048=DIRECTION('',(0.999860535087955,0.0167006099777345,0.));
#12049=DIRECTION('',(-0.0167006099777345,0.999860535087955,0.));
#12050=DIRECTION('',(0.,0.,-1.));
#12051=DIRECTION('',(0.969997290734633,-0.243115725463145,0.));
#12052=DIRECTION('',(0.243115725463145,0.969997290734633,0.));
#12053=DIRECTION('',(0.,0.,-1.));
#12054=DIRECTION('',(0.915188491264936,-0.403026085329733,0.));
#12055=DIRECTION('',(0.403026085329733,0.915188491264937,0.));
#12056=DIRECTION('',(0.,0.,-1.));
#12057=DIRECTION('',(0.929118977679508,-0.369780915294158,0.));
#12058=DIRECTION('',(0.369780915294158,0.929118977679508,0.));
#12059=DIRECTION('',(0.,0.,-1.));
#12060=DIRECTION('',(0.968600162701249,-0.24862366101221,0.));
#12061=DIRECTION('',(0.24862366101221,0.968600162701249,0.));
#12062=DIRECTION('',(0.,0.,-1.));
#12063=DIRECTION('',(0.992872004869475,-0.119185493859232,0.));
#12064=DIRECTION('',(0.119185493859232,0.992872004869475,0.));
#12065=DIRECTION('',(0.,0.,-1.));
#12066=DIRECTION('',(0.999958244352067,0.00913835610658761,0.));
#12067=DIRECTION('',(-0.00913835610658761,0.999958244352068,0.));
#12068=DIRECTION('',(0.,0.,-1.));
#12069=DIRECTION('',(0.991814758760145,0.127685098212572,0.));
#12070=DIRECTION('',(-0.127685098212572,0.991814758760146,0.));
#12071=DIRECTION('',(0.,0.,-1.));
#12072=DIRECTION('',(0.972966819261009,0.230944947156493,0.));
#12073=DIRECTION('',(-0.230944947156494,0.972966819261009,0.));
#12074=DIRECTION('',(0.,0.,-1.));
#12075=DIRECTION('',(0.948412940582206,0.31703768567193,0.));
#12076=DIRECTION('',(-0.31703768567193,0.948412940582206,0.));
#12077=DIRECTION('',(0.,0.,-1.));
#12078=DIRECTION('',(0.922193041994805,0.386729871223273,0.));
#12079=DIRECTION('',(-0.386729871223273,0.922193041994805,0.));
#12080=DIRECTION('',(0.,0.,-1.));
#12081=DIRECTION('',(0.920529899934189,0.390672117417089,0.));
#12082=DIRECTION('',(-0.390672117417089,0.920529899934189,0.));
#12083=DIRECTION('',(0.,0.,-1.));
#12084=DIRECTION('',(0.962661203598765,0.270709082015688,0.));
#12085=DIRECTION('',(-0.270709082015688,0.962661203598765,0.));
#12086=DIRECTION('',(0.,0.,-1.));
#12087=DIRECTION('',(0.995869700338986,0.0907939422359157,0.));
#12088=DIRECTION('',(-0.0907939422359157,0.995869700338986,0.));
#12089=DIRECTION('',(0.,0.,-1.));
#12090=DIRECTION('',(0.989081771584626,-0.147367734321384,0.));
#12091=DIRECTION('',(0.147367734321384,0.989081771584626,0.));
#12092=DIRECTION('',(0.,0.,-1.));
#12093=DIRECTION('',(0.938728534866293,-0.34465742096723,0.));
#12094=DIRECTION('',(0.34465742096723,0.938728534866294,0.));
#12095=DIRECTION('',(0.,0.,-1.));
#12096=DIRECTION('',(0.87572706510426,-0.482806490681183,0.));
#12097=DIRECTION('',(0.482806490681183,0.87572706510426,0.));
#12098=DIRECTION('',(0.,0.,-1.));
#12099=DIRECTION('',(0.835955463663141,-0.548797287503995,0.));
#12100=DIRECTION('',(0.548797287503995,0.835955463663141,0.));
#12101=DIRECTION('',(0.,0.,-1.));
#12102=DIRECTION('',(0.776554779477383,-0.630049739679998,0.));
#12103=DIRECTION('',(0.630049739679998,0.776554779477383,0.));
#12104=DIRECTION('',(0.,0.,-1.));
#12105=DIRECTION('',(0.733182068025254,-0.68003239270362,0.));
#12106=DIRECTION('',(0.68003239270362,0.733182068025255,0.));
#12107=DIRECTION('',(0.,0.,-1.));
#12108=DIRECTION('',(0.740044769409693,-0.672557610372044,0.));
#12109=DIRECTION('',(0.672557610372044,0.740044769409693,0.));
#12110=DIRECTION('',(0.,0.,-1.));
#12111=DIRECTION('',(0.833218848104378,-0.552943352581088,0.));
#12112=DIRECTION('',(0.552943352581088,0.833218848104378,0.));
#12113=DIRECTION('',(0.,0.,-1.));
#12114=DIRECTION('',(0.961790412780446,-0.273786781791266,0.));
#12115=DIRECTION('',(0.273786781791266,0.961790412780447,0.));
#12116=DIRECTION('',(0.,0.,-1.));
#12117=DIRECTION('',(0.982471372794335,0.186413523220863,0.));
#12118=DIRECTION('',(-0.186413523220863,0.982471372794335,0.));
#12119=DIRECTION('',(0.,0.,-1.));
#12120=DIRECTION('',(0.691086778887196,0.722771792509448,0.));
#12121=DIRECTION('',(-0.722771792509448,0.691086778887196,0.));
#12122=DIRECTION('',(0.,0.,-1.));
#12123=DIRECTION('',(0.306655490335175,0.951820576709336,0.));
#12124=DIRECTION('',(-0.951820576709336,0.306655490335175,0.));
#12125=DIRECTION('',(0.,0.,-1.));
#12126=DIRECTION('',(0.00853923997767208,0.999963540025637,0.));
#12127=DIRECTION('',(-0.999963540025637,0.00853923997767208,0.));
#12128=DIRECTION('',(0.,0.,-1.));
#12129=DIRECTION('',(-0.142630851966063,0.989775954480323,0.));
#12130=DIRECTION('',(-0.989775954480324,-0.142630851966063,0.));
#12131=DIRECTION('',(0.,0.,-1.));
#12132=DIRECTION('',(-0.218990911324396,0.975726898654183,0.));
#12133=DIRECTION('',(-0.975726898654183,-0.218990911324396,0.));
#12134=DIRECTION('',(0.,0.,-1.));
#12135=DIRECTION('',(-0.224576732422773,0.974456408083148,0.));
#12136=DIRECTION('',(-0.974456408083148,-0.224576732422773,0.));
#12137=DIRECTION('',(0.,0.,-1.));
#12138=DIRECTION('',(-0.151886733370114,0.988397905818378,0.));
#12139=DIRECTION('',(-0.988397905818378,-0.151886733370114,0.));
#12140=DIRECTION('',(0.,0.,-1.));
#12141=DIRECTION('',(-0.0152804351602321,0.999883247335065,0.));
#12142=DIRECTION('',(-0.999883247335065,-0.0152804351602321,0.));
#12143=DIRECTION('',(0.,0.,-1.));
#12144=DIRECTION('',(0.136942122790535,0.99057905035672,0.));
#12145=DIRECTION('',(-0.99057905035672,0.136942122790535,0.));
#12146=DIRECTION('',(0.,0.,-1.));
#12147=DIRECTION('',(0.321397755619795,0.946944287000327,0.));
#12148=DIRECTION('',(-0.946944287000327,0.321397755619795,0.));
#12149=DIRECTION('',(0.,0.,-1.));
#12150=DIRECTION('',(0.484808866106801,0.874620125165342,0.));
#12151=DIRECTION('',(-0.874620125165342,0.484808866106801,0.));
#12152=DIRECTION('',(0.,0.,-1.));
#12153=DIRECTION('',(0.737168237538554,0.675709249281302,0.));
#12154=DIRECTION('',(-0.675709249281303,0.737168237538554,0.));
#12155=DIRECTION('',(0.,0.,-1.));
#12156=DIRECTION('',(0.932963451103967,0.359971108429795,0.));
#12157=DIRECTION('',(-0.359971108429795,0.932963451103968,0.));
#12158=DIRECTION('',(0.,0.,-1.));
#12159=DIRECTION('',(0.998915828622904,0.0465528444524829,0.));
#12160=DIRECTION('',(-0.0465528444524829,0.998915828622904,0.));
#12161=DIRECTION('',(0.,0.,-1.));
#12162=DIRECTION('',(0.973708853665643,-0.227796111233574,0.));
#12163=DIRECTION('',(0.227796111233575,0.973708853665643,0.));
#12164=DIRECTION('',(0.,0.,-1.));
#12165=DIRECTION('',(0.909324432017884,-0.416087824065247,0.));
#12166=DIRECTION('',(0.416087824065247,0.909324432017884,0.));
#12167=DIRECTION('',(0.,0.,-1.));
#12168=DIRECTION('',(0.827943236296445,-0.560811909173628,0.));
#12169=DIRECTION('',(0.560811909173628,0.827943236296445,0.));
#12170=DIRECTION('',(0.,0.,-1.));
#12171=DIRECTION('',(0.849535148354814,-0.52753201960617,0.));
#12172=DIRECTION('',(0.52753201960617,0.849535148354814,0.));
#12173=DIRECTION('',(0.,0.,-1.));
#12174=DIRECTION('',(0.883967042996677,-0.467549213340917,0.));
#12175=DIRECTION('',(0.467549213340917,0.883967042996677,0.));
#12176=DIRECTION('',(0.,0.,-1.));
#12177=DIRECTION('',(0.900720561378185,-0.434398975954787,0.));
#12178=DIRECTION('',(0.434398975954787,0.900720561378185,0.));
#12179=DIRECTION('',(0.,0.,-1.));
#12180=DIRECTION('',(0.922981435545386,-0.384844474610951,0.));
#12181=DIRECTION('',(0.384844474610951,0.922981435545386,0.));
#12182=DIRECTION('',(0.,0.,-1.));
#12183=DIRECTION('',(0.95143042259339,-0.307863851343029,0.));
#12184=DIRECTION('',(0.307863851343029,0.951430422593391,0.));
#12185=DIRECTION('',(0.,0.,-1.));
#12186=DIRECTION('',(0.98297021888313,-0.183764928070759,0.));
#12187=DIRECTION('',(0.183764928070759,0.98297021888313,0.));
#12188=DIRECTION('',(0.,0.,-1.));
#12189=DIRECTION('',(0.995287518663797,0.0969678049254609,0.));
#12190=DIRECTION('',(-0.0969678049254609,0.995287518663797,0.));
#12191=DIRECTION('',(0.,0.,-1.));
#12192=DIRECTION('',(0.771967089291619,0.635662499326982,0.));
#12193=DIRECTION('',(-0.635662499326982,0.771967089291619,0.));
#12194=DIRECTION('',(0.,0.,-1.));
#12195=DIRECTION('',(0.44494218170463,0.895559297277363,0.));
#12196=DIRECTION('',(-0.895559297277363,0.44494218170463,0.));
#12197=DIRECTION('',(0.,0.,-1.));
#12198=DIRECTION('',(0.232603563592413,0.972571633456431,0.));
#12199=DIRECTION('',(-0.972571633456431,0.232603563592413,0.));
#12200=DIRECTION('',(0.,0.,-1.));
#12201=DIRECTION('',(0.0799917364015823,0.996795526729258,0.));
#12202=DIRECTION('',(-0.996795526729259,0.0799917364015823,0.));
#12203=DIRECTION('',(0.,0.,-1.));
#12204=DIRECTION('',(-0.0127133605271309,0.999919181966276,0.));
#12205=DIRECTION('',(-0.999919181966276,-0.0127133605271309,0.));
#12206=DIRECTION('',(0.,0.,-1.));
#12207=DIRECTION('',(-0.0641632635397443,0.997939414800282,0.));
#12208=DIRECTION('',(-0.997939414800282,-0.0641632635397443,0.));
#12209=DIRECTION('',(0.,0.,-1.));
#12210=DIRECTION('',(-0.10598086566997,0.99436816929739,0.));
#12211=DIRECTION('',(-0.994368169297391,-0.10598086566997,0.));
#12212=DIRECTION('',(0.,0.,-1.));
#12213=DIRECTION('',(-0.159705395863985,0.987164721073402,0.));
#12214=DIRECTION('',(-0.987164721073402,-0.159705395863985,0.));
#12215=DIRECTION('',(0.,0.,-1.));
#12216=DIRECTION('',(-0.213904313663379,0.976854617942813,0.));
#12217=DIRECTION('',(-0.976854617942813,-0.213904313663379,0.));
#12218=DIRECTION('',(0.,0.,-1.));
#12219=DIRECTION('',(-0.265409958598255,0.964135651180306,0.));
#12220=DIRECTION('',(-0.964135651180306,-0.265409958598255,0.));
#12221=DIRECTION('',(0.,0.,-1.));
#12222=DIRECTION('',(-0.315151953148697,0.94904122482986,0.));
#12223=DIRECTION('',(-0.94904122482986,-0.315151953148697,0.));
#12224=DIRECTION('',(0.,0.,-1.));
#12225=DIRECTION('',(-0.333730628430631,0.942668482366572,0.));
#12226=DIRECTION('',(-0.942668482366572,-0.333730628430631,0.));
#12227=DIRECTION('',(0.,0.,-1.));
#12228=DIRECTION('',(-0.406928705987531,0.913459921530942,0.));
#12229=DIRECTION('',(-0.913459921530942,-0.406928705987531,0.));
#12230=DIRECTION('',(0.,0.,-1.));
#12231=DIRECTION('',(-0.451214166901474,0.892415696627647,0.));
#12232=DIRECTION('',(-0.892415696627647,-0.451214166901474,0.));
#12233=DIRECTION('',(0.,0.,-1.));
#12234=DIRECTION('',(-0.511288380395491,0.859409211070347,0.));
#12235=DIRECTION('',(-0.859409211070347,-0.511288380395491,0.));
#12236=DIRECTION('',(0.,0.,-1.));
#12237=DIRECTION('',(-0.582431505554009,0.812879782832671,0.));
#12238=DIRECTION('',(-0.812879782832671,-0.582431505554009,0.));
#12239=DIRECTION('',(0.,0.,-1.));
#12240=DIRECTION('',(-0.00131674642077932,0.999999133089056,0.));
#12241=DIRECTION('',(-0.999999133089056,-0.00131674642077932,0.));
#12242=DIRECTION('',(0.,0.,-1.));
#12243=DIRECTION('',(2.42286303218112E-5,-0.999999999706487,0.));
#12244=DIRECTION('',(0.999999999706487,2.42286303218112E-5,0.));
#12245=DIRECTION('',(0.,0.,-1.));
#12246=DIRECTION('',(0.,1.,0.));
#12247=DIRECTION('',(0.,0.,1.));
#12248=DIRECTION('',(0.,0.,-1.));
#12249=DIRECTION('',(-1.,0.,0.));
#12250=DIRECTION('',(0.,0.,1.));
#12251=DIRECTION('',(0.,0.,-1.));
#12252=DIRECTION('',(0.,0.,-1.));
#12253=DIRECTION('',(0.,1.,0.));
#12254=DIRECTION('',(0.,0.,1.));
#12255=DIRECTION('',(0.,0.,-1.));
#12256=DIRECTION('',(0.,0.,-1.));
#12257=DIRECTION('',(-0.636453631130916,-0.77131496512143,0.));
#12258=DIRECTION('',(0.77131496512143,-0.636453631130916,0.));
#12259=DIRECTION('',(0.,0.,-1.));
#12260=DIRECTION('',(-0.544123262320155,-0.839005289257506,0.));
#12261=DIRECTION('',(0.839005289257507,-0.544123262320155,0.));
#12262=DIRECTION('',(0.,0.,-1.));
#12263=DIRECTION('',(-0.349597872249229,-0.936899849353607,0.));
#12264=DIRECTION('',(0.936899849353607,-0.349597872249229,0.));
#12265=DIRECTION('',(0.,0.,-1.));
#12266=DIRECTION('',(-0.277978341268454,-0.960587342091097,0.));
#12267=DIRECTION('',(0.960587342091098,-0.277978341268454,0.));
#12268=DIRECTION('',(0.,0.,-1.));
#12269=DIRECTION('',(-0.191845907214271,-0.98142505973973,0.));
#12270=DIRECTION('',(0.98142505973973,-0.191845907214271,0.));
#12271=DIRECTION('',(0.,0.,-1.));
#12272=DIRECTION('',(-0.0946673036417818,-0.995508966117932,0.));
#12273=DIRECTION('',(0.995508966117932,-0.0946673036417818,0.));
#12274=DIRECTION('',(0.,0.,-1.));
#12275=DIRECTION('',(-0.0418825946923931,-0.999122539162155,0.));
#12276=DIRECTION('',(0.999122539162155,-0.0418825946923931,0.));
#12277=DIRECTION('',(0.,0.,-1.));
#12278=DIRECTION('',(0.104671432240198,-0.99450685833371,0.));
#12279=DIRECTION('',(0.99450685833371,0.104671432240198,0.));
#12280=DIRECTION('',(0.,0.,-1.));
#12281=DIRECTION('',(0.562022865272989,-0.827121695344972,0.));
#12282=DIRECTION('',(0.827121695344972,0.562022865272989,0.));
#12283=DIRECTION('',(0.,0.,-1.));
#12284=DIRECTION('',(0.810340464119419,-0.585959326413297,0.));
#12285=DIRECTION('',(0.585959326413297,0.810340464119419,0.));
#12286=DIRECTION('',(0.,0.,-1.));
#12287=DIRECTION('',(0.836466175072641,-0.548018556218078,0.));
#12288=DIRECTION('',(0.548018556218078,0.836466175072641,0.));
#12289=DIRECTION('',(0.,0.,-1.));
#12290=DIRECTION('',(0.839542471894105,-0.543294062074983,0.));
#12291=DIRECTION('',(0.543294062074983,0.839542471894105,0.));
#12292=DIRECTION('',(0.,0.,-1.));
#12293=DIRECTION('',(0.867260438916228,-0.49785472890275,0.));
#12294=DIRECTION('',(0.497854728902751,0.867260438916228,0.));
#12295=DIRECTION('',(0.,0.,-1.));
#12296=DIRECTION('',(0.902863121924103,-0.429928113839351,0.));
#12297=DIRECTION('',(0.429928113839351,0.902863121924103,0.));
#12298=DIRECTION('',(0.,0.,-1.));
#12299=DIRECTION('',(0.944672276993252,-0.328015684198766,0.));
#12300=DIRECTION('',(0.328015684198766,0.944672276993252,0.));
#12301=DIRECTION('',(0.,0.,-1.));
#12302=DIRECTION('',(-0.978103544430011,0.208118851557106,0.));
#12303=DIRECTION('',(-0.208118851557106,-0.978103544430011,0.));
#12304=DIRECTION('',(0.,0.,-1.));
#12305=DIRECTION('',(0.923081223822023,-0.384605062664593,0.));
#12306=DIRECTION('',(0.384605062664593,0.923081223822024,0.));
#12307=DIRECTION('',(0.,0.,-1.));
#12308=DIRECTION('',(0.873155683352795,-0.487441435075757,0.));
#12309=DIRECTION('',(0.487441435075757,0.873155683352795,0.));
#12310=DIRECTION('',(0.,0.,-1.));
#12311=DIRECTION('',(0.849163381294748,-0.528130241387548,0.));
#12312=DIRECTION('',(0.528130241387548,0.849163381294749,0.));
#12313=DIRECTION('',(0.,0.,-1.));
#12314=DIRECTION('',(0.830308142847059,-0.557304573749281,0.));
#12315=DIRECTION('',(0.557304573749281,0.830308142847059,0.));
#12316=DIRECTION('',(0.,0.,-1.));
#12317=DIRECTION('',(0.854551958624286,-0.519365911483798,0.));
#12318=DIRECTION('',(0.519365911483798,0.854551958624286,0.));
#12319=DIRECTION('',(0.,0.,-1.));
#12320=DIRECTION('',(0.930765746843654,-0.36561608895476,0.));
#12321=DIRECTION('',(0.36561608895476,0.930765746843654,0.));
#12322=DIRECTION('',(0.,0.,-1.));
#12323=DIRECTION('',(0.986563734359579,-0.163376858968709,0.));
#12324=DIRECTION('',(0.163376858968709,0.986563734359579,0.));
#12325=DIRECTION('',(0.,0.,-1.));
#12326=DIRECTION('',(0.99938384224365,0.0350989438918036,0.));
#12327=DIRECTION('',(-0.0350989438918036,0.99938384224365,0.));
#12328=DIRECTION('',(0.,0.,-1.));
#12329=DIRECTION('',(0.957393456666165,0.288786719107393,0.));
#12330=DIRECTION('',(-0.288786719107393,0.957393456666165,0.));
#12331=DIRECTION('',(0.,0.,-1.));
#12332=DIRECTION('',(0.828425393800248,0.560099425911957,0.));
#12333=DIRECTION('',(-0.560099425911957,0.828425393800248,0.));
#12334=DIRECTION('',(0.,0.,-1.));
#12335=DIRECTION('',(0.628120552826585,0.778116039621871,0.));
#12336=DIRECTION('',(-0.778116039621871,0.628120552826585,0.));
#12337=DIRECTION('',(0.,0.,-1.));
#12338=DIRECTION('',(0.413599746842105,0.910458812584153,0.));
#12339=DIRECTION('',(-0.910458812584153,0.413599746842105,0.));
#12340=DIRECTION('',(0.,0.,-1.));
#12341=DIRECTION('',(0.230171680037906,0.973150038641795,0.));
#12342=DIRECTION('',(-0.973150038641796,0.230171680037907,0.));
#12343=DIRECTION('',(0.,0.,-1.));
#12344=DIRECTION('',(0.0879017173864248,0.996129152309336,0.));
#12345=DIRECTION('',(-0.996129152309337,0.0879017173864249,0.));
#12346=DIRECTION('',(0.,0.,-1.));
#12347=DIRECTION('',(-0.063837797316198,0.997960287603578,0.));
#12348=DIRECTION('',(-0.997960287603578,-0.0638377973161981,0.));
#12349=DIRECTION('',(0.,0.,-1.));
#12350=DIRECTION('',(-0.193221834197608,0.981155096194945,0.));
#12351=DIRECTION('',(-0.981155096194945,-0.193221834197608,0.));
#12352=DIRECTION('',(0.,0.,-1.));
#12353=DIRECTION('',(-0.226999319325386,0.973894916829229,0.));
#12354=DIRECTION('',(-0.973894916829229,-0.226999319325386,0.));
#12355=DIRECTION('',(0.,0.,-1.));
#12356=DIRECTION('',(-0.186526765848024,0.982449879445398,0.));
#12357=DIRECTION('',(-0.982449879445398,-0.186526765848024,0.));
#12358=DIRECTION('',(0.,0.,-1.));
#12359=DIRECTION('',(-0.0886216104649339,0.996065364400651,0.));
#12360=DIRECTION('',(-0.996065364400651,-0.0886216104649339,0.));
#12361=DIRECTION('',(0.,0.,-1.));
#12362=DIRECTION('',(0.138552792595348,0.990355049294964,0.));
#12363=DIRECTION('',(-0.990355049294964,0.138552792595348,0.));
#12364=DIRECTION('',(0.,0.,-1.));
#12365=DIRECTION('',(0.518679317987521,0.854968867908066,0.));
#12366=DIRECTION('',(-0.854968867908066,0.518679317987521,0.));
#12367=DIRECTION('',(0.,0.,-1.));
#12368=DIRECTION('',(0.866902674884325,-0.498477434071395,0.));
#12369=DIRECTION('',(0.498477434071395,0.866902674884325,0.));
#12370=DIRECTION('',(0.,0.,-1.));
#12371=DIRECTION('',(0.791349111940587,-0.611364525492643,0.));
#12372=DIRECTION('',(0.611364525492643,0.791349111940587,0.));
#12373=DIRECTION('',(0.,0.,-1.));
#12374=DIRECTION('',(0.726188991404944,-0.687495126355285,0.));
#12375=DIRECTION('',(0.687495126355285,0.726188991404945,0.));
#12376=DIRECTION('',(0.,0.,-1.));
#12377=DIRECTION('',(0.720228861242261,-0.693736540362173,0.));
#12378=DIRECTION('',(0.693736540362173,0.720228861242261,0.));
#12379=DIRECTION('',(0.,0.,-1.));
#12380=DIRECTION('',(0.764179796672347,-0.645003285540322,0.));
#12381=DIRECTION('',(0.645003285540322,0.764179796672348,0.));
#12382=DIRECTION('',(0.,0.,-1.));
#12383=DIRECTION('',(0.804845852857103,-0.593483911440507,0.));
#12384=DIRECTION('',(0.593483911440507,0.804845852857103,0.));
#12385=DIRECTION('',(0.,0.,-1.));
#12386=DIRECTION('',(0.844307573764428,-0.535858862839857,0.));
#12387=DIRECTION('',(0.535858862839857,0.844307573764428,0.));
#12388=DIRECTION('',(0.,0.,-1.));
#12389=DIRECTION('',(0.884116074591135,-0.46726733959219,0.));
#12390=DIRECTION('',(0.46726733959219,0.884116074591135,0.));
#12391=DIRECTION('',(0.,0.,-1.));
#12392=DIRECTION('',(0.925762913089504,-0.378104520930437,0.));
#12393=DIRECTION('',(0.378104520930437,0.925762913089504,0.));
#12394=DIRECTION('',(0.,0.,-1.));
#12395=DIRECTION('',(0.967677242202731,-0.252191900985971,0.));
#12396=DIRECTION('',(0.252191900985971,0.967677242202731,0.));
#12397=DIRECTION('',(0.,0.,-1.));
#12398=DIRECTION('',(0.998255149074064,-0.0590479241558739,0.));
#12399=DIRECTION('',(0.0590479241558739,0.998255149074064,0.));
#12400=DIRECTION('',(0.,0.,-1.));
#12401=DIRECTION('',(0.994012936255227,0.109262448065476,0.));
#12402=DIRECTION('',(-0.109262448065476,0.994012936255228,0.));
#12403=DIRECTION('',(0.,0.,-1.));
#12404=DIRECTION('',(0.964798549668632,0.262990035091266,0.));
#12405=DIRECTION('',(-0.262990035091266,0.964798549668632,0.));
#12406=DIRECTION('',(0.,0.,-1.));
#12407=DIRECTION('',(0.917285153833426,0.398231021590218,0.));
#12408=DIRECTION('',(-0.398231021590218,0.917285153833426,0.));
#12409=DIRECTION('',(0.,0.,-1.));
#12410=DIRECTION('',(0.925910685459427,0.377742508267276,0.));
#12411=DIRECTION('',(-0.377742508267276,0.925910685459427,0.));
#12412=DIRECTION('',(0.,0.,-1.));
#12413=DIRECTION('',(0.923378985759714,0.383889630828136,0.));
#12414=DIRECTION('',(-0.383889630828136,0.923378985759714,0.));
#12415=DIRECTION('',(0.,0.,-1.));
#12416=DIRECTION('',(0.919628805215461,0.392788569866772,0.));
#12417=DIRECTION('',(-0.392788569866772,0.919628805215461,0.));
#12418=DIRECTION('',(0.,0.,-1.));
#12419=DIRECTION('',(0.96345385014122,0.267874371017571,0.));
#12420=DIRECTION('',(-0.267874371017571,0.963453850141221,0.));
#12421=DIRECTION('',(0.,0.,-1.));
#12422=DIRECTION('',(0.983235530618299,0.18234004313302,0.));
#12423=DIRECTION('',(-0.18234004313302,0.983235530618299,0.));
#12424=DIRECTION('',(0.,0.,-1.));
#12425=DIRECTION('',(0.993464663346268,0.114140101113881,0.));
#12426=DIRECTION('',(-0.114140101113881,0.993464663346268,0.));
#12427=DIRECTION('',(0.,0.,-1.));
#12428=DIRECTION('',(0.998644843697752,0.0520430221633217,0.));
#12429=DIRECTION('',(-0.0520430221633217,0.998644843697752,0.));
#12430=DIRECTION('',(0.,0.,-1.));
#12431=DIRECTION('',(0.999892876878228,-0.0146367608500383,0.));
#12432=DIRECTION('',(0.0146367608500383,0.999892876878228,0.));
#12433=DIRECTION('',(0.,0.,-1.));
#12434=DIRECTION('',(0.995359672468851,-0.0962243338386982,0.));
#12435=DIRECTION('',(0.0962243338386982,0.995359672468851,0.));
#12436=DIRECTION('',(0.,0.,-1.));
#12437=DIRECTION('',(0.977252852202242,-0.2120774925884,0.));
#12438=DIRECTION('',(0.2120774925884,0.977252852202242,0.));
#12439=DIRECTION('',(0.,0.,-1.));
#12440=DIRECTION('',(0.934210396097874,-0.356722491332762,0.));
#12441=DIRECTION('',(0.356722491332762,0.934210396097875,0.));
#12442=DIRECTION('',(0.,0.,-1.));
#12443=DIRECTION('',(0.900721315297519,-0.434397412709498,0.));
#12444=DIRECTION('',(0.434397412709498,0.900721315297519,0.));
#12445=DIRECTION('',(0.,0.,-1.));
#12446=DIRECTION('',(0.848747415203449,-0.528798473130798,0.));
#12447=DIRECTION('',(0.528798473130798,0.848747415203449,0.));
#12448=DIRECTION('',(0.,0.,-1.));
#12449=DIRECTION('',(0.900029417782838,-0.435829149008515,0.));
#12450=DIRECTION('',(0.435829149008515,0.900029417782838,0.));
#12451=DIRECTION('',(0.,0.,-1.));
#12452=DIRECTION('',(0.992266581892905,-0.124125059752534,0.));
#12453=DIRECTION('',(0.124125059752534,0.992266581892905,0.));
#12454=DIRECTION('',(0.,0.,-1.));
#12455=DIRECTION('',(0.999311398403002,0.0371042992365646,0.));
#12456=DIRECTION('',(-0.0371042992365646,0.999311398403002,0.));
#12457=DIRECTION('',(0.,0.,-1.));
#12458=DIRECTION('',(0.99311961544666,0.117104352673491,0.));
#12459=DIRECTION('',(-0.117104352673491,0.99311961544666,0.));
#12460=DIRECTION('',(0.,0.,-1.));
#12461=DIRECTION('',(0.993884733698737,0.110422534478209,0.));
#12462=DIRECTION('',(-0.110422534478209,0.993884733698737,0.));
#12463=DIRECTION('',(0.,0.,-1.));
#12464=DIRECTION('',(0.999009472681669,-0.0444980167231379,0.));
#12465=DIRECTION('',(0.0444980167231379,0.99900947268167,0.));
#12466=DIRECTION('',(0.,0.,-1.));
#12467=DIRECTION('',(0.96050636003632,-0.278258031923212,0.));
#12468=DIRECTION('',(0.278258031923212,0.96050636003632,0.));
#12469=DIRECTION('',(0.,0.,-1.));
#12470=DIRECTION('',(0.823566822277062,-0.567219260290464,0.));
#12471=DIRECTION('',(0.567219260290465,0.823566822277063,0.));
#12472=DIRECTION('',(0.,0.,-1.));
#12473=DIRECTION('',(0.64046281620661,-0.767989180299239,0.));
#12474=DIRECTION('',(0.767989180299239,0.64046281620661,0.));
#12475=DIRECTION('',(0.,0.,-1.));
#12476=DIRECTION('',(0.486272664766362,-0.873807127174539,0.));
#12477=DIRECTION('',(0.87380712717454,0.486272664766362,0.));
#12478=DIRECTION('',(0.,0.,-1.));
#12479=DIRECTION('',(0.45597772440664,-0.889991188071513,0.));
#12480=DIRECTION('',(0.889991188071513,0.45597772440664,0.));
#12481=DIRECTION('',(0.,0.,-1.));
#12482=DIRECTION('',(0.468910933001455,-0.883245456773883,0.));
#12483=DIRECTION('',(0.883245456773883,0.468910933001455,0.));
#12484=DIRECTION('',(0.,0.,-1.));
#12485=DIRECTION('',(0.485641762344245,-0.874157925472952,0.));
#12486=DIRECTION('',(0.874157925472953,0.485641762344245,0.));
#12487=DIRECTION('',(0.,0.,-1.));
#12488=DIRECTION('',(0.517342473940801,-0.855778455359103,0.));
#12489=DIRECTION('',(0.855778455359103,0.517342473940801,0.));
#12490=DIRECTION('',(0.,0.,-1.));
#12491=DIRECTION('',(0.605652492293375,-0.795729262110439,0.));
#12492=DIRECTION('',(0.795729262110439,0.605652492293375,0.));
#12493=DIRECTION('',(0.,0.,-1.));
#12494=DIRECTION('',(0.570150283925627,-0.821540415158942,0.));
#12495=DIRECTION('',(0.821540415158942,0.570150283925627,0.));
#12496=DIRECTION('',(0.,0.,-1.));
#12497=DIRECTION('',(0.488197672652008,-0.872733081999968,0.));
#12498=DIRECTION('',(0.872733081999968,0.488197672652008,0.));
#12499=DIRECTION('',(0.,0.,-1.));
#12500=DIRECTION('',(0.442355858295438,-0.896839614776079,0.));
#12501=DIRECTION('',(0.89683961477608,0.442355858295438,0.));
#12502=DIRECTION('',(0.,0.,-1.));
#12503=DIRECTION('',(0.380749940858134,-0.924678042637829,0.));
#12504=DIRECTION('',(0.92467804263783,0.380749940858134,0.));
#12505=DIRECTION('',(0.,0.,-1.));
#12506=DIRECTION('',(0.153744301918375,-0.988110666690544,0.));
#12507=DIRECTION('',(0.988110666690544,0.153744301918375,0.));
#12508=DIRECTION('',(0.,0.,-1.));
#12509=DIRECTION('',(-0.0278672978143165,-0.999611631441195,0.));
#12510=DIRECTION('',(0.999611631441195,-0.0278672978143165,0.));
#12511=DIRECTION('',(0.,0.,-1.));
#12512=DIRECTION('',(-0.191287401110578,-0.981534069799088,0.));
#12513=DIRECTION('',(0.981534069799088,-0.191287401110578,0.));
#12514=DIRECTION('',(0.,0.,-1.));
#12515=DIRECTION('',(-0.341493111547579,-0.939884277326497,0.));
#12516=DIRECTION('',(0.939884277326498,-0.341493111547579,0.));
#12517=DIRECTION('',(0.,0.,-1.));
#12518=DIRECTION('',(-0.377188274012458,-0.926136602206987,0.));
#12519=DIRECTION('',(0.926136602206987,-0.377188274012458,0.));
#12520=DIRECTION('',(0.,0.,-1.));
#12521=DIRECTION('',(-0.291205909400981,-0.95666039864204,0.));
#12522=DIRECTION('',(0.956660398642041,-0.291205909400981,0.));
#12523=DIRECTION('',(0.,0.,-1.));
#12524=DIRECTION('',(-0.167156474160233,-0.98593037946212,0.));
#12525=DIRECTION('',(0.98593037946212,-0.167156474160233,0.));
#12526=DIRECTION('',(0.,0.,-1.));
#12527=DIRECTION('',(0.0454419201050265,-0.998966982385889,0.));
#12528=DIRECTION('',(0.998966982385889,0.0454419201050265,0.));
#12529=DIRECTION('',(0.,0.,-1.));
#12530=DIRECTION('',(0.294702757448054,-0.955588972703491,0.));
#12531=DIRECTION('',(0.955588972703491,0.294702757448054,0.));
#12532=DIRECTION('',(0.,0.,-1.));
#12533=DIRECTION('',(0.454831039324247,-0.890577748243928,0.));
#12534=DIRECTION('',(0.890577748243928,0.454831039324247,0.));
#12535=DIRECTION('',(0.,0.,-1.));
#12536=DIRECTION('',(0.612721059886806,-0.790299248874241,0.));
#12537=DIRECTION('',(0.790299248874241,0.612721059886806,0.));
#12538=DIRECTION('',(0.,0.,-1.));
#12539=DIRECTION('',(0.756096630109287,-0.654459995673823,0.));
#12540=DIRECTION('',(0.654459995673823,0.756096630109287,0.));
#12541=DIRECTION('',(0.,0.,-1.));
#12542=DIRECTION('',(0.873049881004586,-0.487630910913036,0.));
#12543=DIRECTION('',(0.487630910913037,0.873049881004587,0.));
#12544=DIRECTION('',(0.,0.,-1.));
#12545=DIRECTION('',(0.95285810401746,-0.303416271165953,0.));
#12546=DIRECTION('',(0.303416271165953,0.95285810401746,0.));
#12547=DIRECTION('',(0.,0.,-1.));
#12548=DIRECTION('',(0.99323719175852,-0.116102889316543,0.));
#12549=DIRECTION('',(0.116102889316543,0.99323719175852,0.));
#12550=DIRECTION('',(0.,0.,-1.));
#12551=DIRECTION('',(0.998091822112579,0.0617471831907473,0.));
#12552=DIRECTION('',(-0.0617471831907473,0.998091822112579,0.));
#12553=DIRECTION('',(0.,0.,-1.));
#12554=DIRECTION('',(0.971326520901053,0.237749426485654,0.));
#12555=DIRECTION('',(-0.237749426485654,0.971326520901053,0.));
#12556=DIRECTION('',(0.,0.,-1.));
#12557=DIRECTION('',(0.884805481267565,0.465960578073804,0.));
#12558=DIRECTION('',(-0.465960578073804,0.884805481267565,0.));
#12559=DIRECTION('',(0.,0.,-1.));
#12560=DIRECTION('',(0.720283155596598,0.693680168207083,0.));
#12561=DIRECTION('',(-0.693680168207083,0.720283155596598,0.));
#12562=DIRECTION('',(0.,0.,-1.));
#12563=DIRECTION('',(0.53157978977378,0.84700822139107,0.));
#12564=DIRECTION('',(-0.84700822139107,0.53157978977378,0.));
#12565=DIRECTION('',(0.,0.,-1.));
#12566=DIRECTION('',(0.378740378423277,0.925502958262043,0.));
#12567=DIRECTION('',(-0.925502958262043,0.378740378423277,0.));
#12568=DIRECTION('',(0.,0.,-1.));
#12569=DIRECTION('',(0.275288287622156,0.961361721048878,0.));
#12570=DIRECTION('',(-0.961361721048878,0.275288287622156,0.));
#12571=DIRECTION('',(0.,0.,-1.));
#12572=DIRECTION('',(0.210312602927363,0.977634189791824,0.));
#12573=DIRECTION('',(-0.977634189791825,0.210312602927363,0.));
#12574=DIRECTION('',(0.,0.,-1.));
#12575=DIRECTION('',(0.171220499223009,0.985232734254107,0.));
#12576=DIRECTION('',(-0.985232734254107,0.171220499223009,0.));
#12577=DIRECTION('',(0.,0.,-1.));
#12578=DIRECTION('',(0.157620195055889,0.987499809676206,0.));
#12579=DIRECTION('',(-0.987499809676206,0.157620195055889,0.));
#12580=DIRECTION('',(0.,0.,-1.));
#12581=DIRECTION('',(0.15836732079254,0.987380267022282,0.));
#12582=DIRECTION('',(-0.987380267022282,0.15836732079254,0.));
#12583=DIRECTION('',(0.,0.,-1.));
#12584=DIRECTION('',(0.176096775130355,0.984372859128435,0.));
#12585=DIRECTION('',(-0.984372859128435,0.176096775130355,0.));
#12586=DIRECTION('',(0.,0.,-1.));
#12587=DIRECTION('',(0.191764686846985,0.981440932954438,0.));
#12588=DIRECTION('',(-0.981440932954438,0.191764686846985,0.));
#12589=DIRECTION('',(0.,0.,-1.));
#12590=DIRECTION('',(0.231547852851555,0.972823515258464,0.));
#12591=DIRECTION('',(-0.972823515258464,0.231547852851555,0.));
#12592=DIRECTION('',(0.,0.,-1.));
#12593=DIRECTION('',(0.333335472279156,0.942808285347786,0.));
#12594=DIRECTION('',(-0.942808285347786,0.333335472279156,0.));
#12595=DIRECTION('',(0.,0.,-1.));
#12596=DIRECTION('',(0.458918502589902,0.888478366636263,0.));
#12597=DIRECTION('',(-0.888478366636263,0.458918502589902,0.));
#12598=DIRECTION('',(0.,0.,-1.));
#12599=DIRECTION('',(0.611057165323563,0.791586470770397,0.));
#12600=DIRECTION('',(-0.791586470770397,0.611057165323563,0.));
#12601=DIRECTION('',(0.,0.,-1.));
#12602=DIRECTION('',(0.736913753561589,0.675986774879338,0.));
#12603=DIRECTION('',(-0.675986774879338,0.73691375356159,0.));
#12604=DIRECTION('',(0.,0.,-1.));
#12605=DIRECTION('',(0.820685846881988,0.571379681759506,0.));
#12606=DIRECTION('',(-0.571379681759506,0.820685846881988,0.));
#12607=DIRECTION('',(0.,0.,-1.));
#12608=DIRECTION('',(0.895916616163523,0.444222260678257,0.));
#12609=DIRECTION('',(-0.444222260678258,0.895916616163524,0.));
#12610=DIRECTION('',(0.,0.,-1.));
#12611=DIRECTION('',(0.954523988274505,0.298134123857925,0.));
#12612=DIRECTION('',(-0.298134123857925,0.954523988274505,0.));
#12613=DIRECTION('',(0.,0.,-1.));
#12614=DIRECTION('',(0.989703604279106,0.143132021843289,0.));
#12615=DIRECTION('',(-0.143132021843289,0.989703604279106,0.));
#12616=DIRECTION('',(0.,0.,-1.));
#12617=DIRECTION('',(0.999906407621724,-0.0136812279060773,0.));
#12618=DIRECTION('',(0.0136812279060773,0.999906407621724,0.));
#12619=DIRECTION('',(0.,0.,-1.));
#12620=DIRECTION('',(0.987027873073571,-0.160548988710186,0.));
#12621=DIRECTION('',(0.160548988710186,0.987027873073571,0.));
#12622=DIRECTION('',(0.,0.,-1.));
#12623=DIRECTION('',(0.95680183492583,-0.290740861735265,0.));
#12624=DIRECTION('',(0.290740861735265,0.95680183492583,0.));
#12625=DIRECTION('',(0.,0.,-1.));
#12626=DIRECTION('',(0.89835943761249,-0.439261107830606,0.));
#12627=DIRECTION('',(0.439261107830606,0.89835943761249,0.));
#12628=DIRECTION('',(0.,0.,-1.));
#12629=DIRECTION('',(0.7857514081909,-0.618542419342455,0.));
#12630=DIRECTION('',(0.618542419342455,0.7857514081909,0.));
#12631=DIRECTION('',(0.,0.,-1.));
#12632=DIRECTION('',(0.627476858462753,-0.77863521118282,0.));
#12633=DIRECTION('',(0.77863521118282,0.627476858462753,0.));
#12634=DIRECTION('',(0.,0.,-1.));
#12635=DIRECTION('',(0.434916235814769,-0.900470914480147,0.));
#12636=DIRECTION('',(0.900470914480147,0.434916235814769,0.));
#12637=DIRECTION('',(0.,0.,-1.));
#12638=DIRECTION('',(0.22759158708233,-0.973756678790624,0.));
#12639=DIRECTION('',(0.973756678790624,0.22759158708233,0.));
#12640=DIRECTION('',(0.,0.,-1.));
#12641=DIRECTION('',(0.0255000407155308,-0.999674821091092,0.));
#12642=DIRECTION('',(0.999674821091092,0.0255000407155308,0.));
#12643=DIRECTION('',(0.,0.,-1.));
#12644=DIRECTION('',(-0.158270290236757,-0.987395825000477,0.));
#12645=DIRECTION('',(0.987395825000477,-0.158270290236757,0.));
#12646=DIRECTION('',(0.,0.,-1.));
#12647=DIRECTION('',(-0.318225360323203,-0.94801509484141,0.));
#12648=DIRECTION('',(0.94801509484141,-0.318225360323203,0.));
#12649=DIRECTION('',(0.,0.,-1.));
#12650=DIRECTION('',(-0.371796793280841,-0.928314141067604,0.));
#12651=DIRECTION('',(0.928314141067604,-0.371796793280841,0.));
#12652=DIRECTION('',(0.,0.,-1.));
#12653=DIRECTION('',(-0.925989204425706,0.377549987799029,0.));
#12654=DIRECTION('',(-0.377549987799029,-0.925989204425706,0.));
#12655=DIRECTION('',(0.,0.,-1.));
#12656=DIRECTION('',(-0.982453581667107,0.186507264924112,0.));
#12657=DIRECTION('',(-0.186507264924112,-0.982453581667107,0.));
#12658=DIRECTION('',(-0.118782954048655,0.992920243437243,0.));
#12659=DIRECTION('',(-0.992920243437244,-0.118782954048655,0.));
#12660=DIRECTION('',(-0.978639414509322,-0.205584280451721,0.));
#12661=DIRECTION('',(0.205584280451721,-0.978639414509322,0.));
#12662=DIRECTION('',(-0.819241260006711,-0.573449002006819,0.));
#12663=DIRECTION('',(0.57344900200682,-0.819241260006711,0.));
#12664=DIRECTION('',(-0.466934916713501,-0.884291684657136,0.));
#12665=DIRECTION('',(0.884291684657136,-0.466934916713501,0.));
#12666=DIRECTION('',(-0.814489165178275,-0.580178765388045,0.));
#12667=DIRECTION('',(0.580178765388045,-0.814489165178276,0.));
#12668=DIRECTION('',(0.32945810435851,-0.944170195183314,0.));
#12669=DIRECTION('',(0.944170195183314,0.329458104358511,0.));
#12670=DIRECTION('',(0.932828883729898,-0.360319682614248,0.));
#12671=DIRECTION('',(0.360319682614248,0.932828883729898,0.));
#12672=DIRECTION('',(-0.195090852694317,0.980785174844626,0.));
#12673=DIRECTION('',(-0.980785174844627,-0.195090852694317,0.));
#12674=DIRECTION('',(0.,0.,1.));
#12675=DIRECTION('',(1.,0.,0.));
#12676=DIRECTION('',(0.,0.,-1.));
#12677=DIRECTION('',(-1.,0.,0.));
#12678=DIRECTION('',(0.,0.,1.));
#12679=DIRECTION('',(1.,0.,0.));
#12680=DIRECTION('',(0.,0.,1.));
#12681=DIRECTION('',(1.,0.,0.));
#12682=DIRECTION('',(0.,0.,1.));
#12683=DIRECTION('',(1.,0.,0.));
#12684=DIRECTION('',(0.,0.,1.));
#12685=DIRECTION('',(1.,0.,0.));
#12686=DIRECTION('',(-0.0020240152251507,-0.999997951679086,0.));
#12687=DIRECTION('',(0.999997951679086,-0.0020240152251507,0.));
#12688=DIRECTION('',(0.,0.,1.));
#12689=DIRECTION('',(0.,0.,1.));
#12690=DIRECTION('',(-1.,0.,0.));
#12691=DIRECTION('',(0.,0.,1.));
#12692=DIRECTION('',(0.,0.,1.));
#12693=DIRECTION('',(1.86786901631198E-16,-1.,0.));
#12694=DIRECTION('',(1.,1.86786901631198E-16,0.));
#12695=DIRECTION('',(0.,0.,1.));
#12696=DIRECTION('',(-1.,0.,0.));
#12697=DIRECTION('',(0.,0.,1.));
#12698=CARTESIAN_POINT('',(0.,0.,0.));
#12699=CARTESIAN_POINT('',(-0.0365116697442623,-0.000256222335602088,0.0015));
#12700=CARTESIAN_POINT('',(0.0887109732151109,-0.0576814764253181,0.0015));
#12701=CARTESIAN_POINT('',(0.0899138091060869,-0.0576814764253181,0.0015));
#12702=CARTESIAN_POINT('',(0.0887109732151109,0.057608523574682,0.0015));
#12703=CARTESIAN_POINT('',(0.0899138091060869,0.057608523574682,0.0015));
#12704=CARTESIAN_POINT('',(-0.106875026784889,0.057664524574682,0.0015));
#12705=CARTESIAN_POINT('',(-0.105672190893913,0.057664524574682,0.0015));
#12706=CARTESIAN_POINT('',(-0.106875186171505,-0.0576818815079239,0.0015));
#12707=CARTESIAN_POINT('',(-0.105672350280529,-0.0576818815079239,0.0015));
#12708=CARTESIAN_POINT('',(0.0953117915,-0.0565187495000012,0.0015));
#12709=CARTESIAN_POINT('',(0.0953117915,-0.0600312500000023,0.0015));
#12710=CARTESIAN_POINT('',(0.0953117915,0.06003125,0.0015));
#12711=CARTESIAN_POINT('',(0.0903117915,0.06003125,0.0015));
#12712=CARTESIAN_POINT('',(0.0903117915,0.06503125,0.0015));
#12713=CARTESIAN_POINT('',(0.0867992914999999,0.06503125,0.0015));
#12714=CARTESIAN_POINT('',(-0.110076575216153,0.06503125,0.0015));
#12715=CARTESIAN_POINT('',(-0.111866407946226,0.0665081376421227,0.0015));
#12716=CARTESIAN_POINT('',(-0.113656240676299,0.0679850252842454,0.0015));
#12717=CARTESIAN_POINT('',(-0.116434474801878,0.0697868039324311,0.0015));
#12718=CARTESIAN_POINT('',(-0.119212708927457,0.0715885825806168,0.0015));
#12719=CARTESIAN_POINT('',(-0.122911102434077,0.0729686132226825,0.0015));
#12720=CARTESIAN_POINT('',(-0.126609495940696,0.0743486438647481,0.0015));
#12721=CARTESIAN_POINT('',(-0.130033199503801,0.0753394079481004,0.0015));
#12722=CARTESIAN_POINT('',(-0.133456903066905,0.0763301720314527,0.0015));
#12723=CARTESIAN_POINT('',(-0.137059207417783,0.0770343392415699,0.0015));
#12724=CARTESIAN_POINT('',(-0.140661511768661,0.0777385064516871,0.0015));
#12725=CARTESIAN_POINT('',(-0.141949578027342,0.0778609943084232,0.0015));
#12726=CARTESIAN_POINT('',(-0.143237644286024,0.0779834821651593,0.0015));
#12727=CARTESIAN_POINT('',(-0.144279743212115,0.0780271663032305,0.0015));
#12728=CARTESIAN_POINT('',(-0.145321842138207,0.0780708504413018,0.0015));
#12729=CARTESIAN_POINT('',(-0.145719777074393,0.0780289679551631,0.0015));
#12730=CARTESIAN_POINT('',(-0.146117712010579,0.0779870854690243,0.0015));
#12731=CARTESIAN_POINT('',(-0.146236126412826,0.0779066237884584,0.0015));
#12732=CARTESIAN_POINT('',(-0.146354540815072,0.0778261621078925,0.0015));
#12733=CARTESIAN_POINT('',(-0.146447105222763,0.0776981520537672,0.0015));
#12734=CARTESIAN_POINT('',(-0.146539669630454,0.077570141999642,0.0015));
#12735=CARTESIAN_POINT('',(-0.146908360092469,0.077007392623643,0.0015));
#12736=CARTESIAN_POINT('',(-0.147277050554484,0.0764446432476441,0.0015));
#12737=CARTESIAN_POINT('',(-0.147443117939791,0.0761880223255809,0.0015));
#12738=CARTESIAN_POINT('',(-0.147609185325097,0.0759314014035177,0.0015));
#12739=CARTESIAN_POINT('',(-0.147661407966959,0.0758404298235101,0.0015));
#12740=CARTESIAN_POINT('',(-0.147713630608821,0.0757494582435026,0.0015));
#12741=CARTESIAN_POINT('',(-0.147729297164528,0.0757165579633395,0.0015));
#12742=CARTESIAN_POINT('',(-0.147744963720235,0.0756836576831763,0.0015));
#12743=CARTESIAN_POINT('',(-0.14775018590547,0.0756686179949692,0.0015));
#12744=CARTESIAN_POINT('',(-0.147755408090706,0.0756535783067621,0.0015));
#12745=CARTESIAN_POINT('',(-0.147757497122701,0.0756437604090377,0.0015));
#12746=CARTESIAN_POINT('',(-0.147759586154697,0.0756339425113134,0.0015));
#12747=CARTESIAN_POINT('',(-0.147763763823935,0.0756239157893401,0.0015));
#12748=CARTESIAN_POINT('',(-0.147767941493172,0.0756138890673668,0.0015));
#12749=CARTESIAN_POINT('',(-0.147791963782108,0.0755708578504823,0.0015));
#12750=CARTESIAN_POINT('',(-0.147815986071044,0.0755278266335978,0.0015));
#12751=CARTESIAN_POINT('',(-0.147908942073546,0.075378365710495,0.0015));
#12752=CARTESIAN_POINT('',(-0.148001898076048,0.0752289047873923,0.0015));
#12753=CARTESIAN_POINT('',(-0.148311055073723,0.0747683028388728,0.0015));
#12754=CARTESIAN_POINT('',(-0.148620212071398,0.0743077008903534,0.0015));
#12755=CARTESIAN_POINT('',(-0.149259545076125,0.0732557580128506,0.0015));
#12756=CARTESIAN_POINT('',(-0.149898878080853,0.0722038151353478,0.0015));
#12757=CARTESIAN_POINT('',(-0.150244460501495,0.0713240500222627,0.0015));
#12758=CARTESIAN_POINT('',(-0.150590042922137,0.0704442849091776,0.0015));
#12759=CARTESIAN_POINT('',(-0.150652268995556,0.0700685279766883,0.0015));
#12760=CARTESIAN_POINT('',(-0.150714495068973,0.069692771044199,0.0015));
#12761=CARTESIAN_POINT('',(-0.150702794200233,0.0693596083372075,0.0015));
#12762=CARTESIAN_POINT('',(-0.150691093331492,0.0690264456302159,0.0015));
#12763=CARTESIAN_POINT('',(-0.150603995855794,0.0687376977487905,0.0015));
#12764=CARTESIAN_POINT('',(-0.150516898380095,0.0684489498673652,0.0015));
#12765=CARTESIAN_POINT('',(-0.15035293621165,0.0682064385958332,0.0015));
#12766=CARTESIAN_POINT('',(-0.150188974043205,0.0679639273243011,0.0015));
#12767=CARTESIAN_POINT('',(-0.149952520648657,0.0677730544604372,0.0015));
#12768=CARTESIAN_POINT('',(-0.14971606725411,0.0675821815965734,0.0015));
#12769=CARTESIAN_POINT('',(-0.149409015473296,0.0674426952880699,0.0015));
#12770=CARTESIAN_POINT('',(-0.149101963692483,0.0673032089795663,0.0015));
#12771=CARTESIAN_POINT('',(-0.148726174390261,0.0672143264315542,0.0015));
#12772=CARTESIAN_POINT('',(-0.148350385088039,0.067125443883542,0.0015));
#12773=CARTESIAN_POINT('',(-0.147907718339762,0.0670863815116465,0.0015));
#12774=CARTESIAN_POINT('',(-0.147465051591484,0.0670473191397509,0.0015));
#12775=CARTESIAN_POINT('',(-0.146374777424333,0.0671170620966263,0.0015));
#12776=CARTESIAN_POINT('',(-0.145284503257183,0.0671868050535016,0.0015));
#12777=CARTESIAN_POINT('',(-0.143922411368134,0.0674550459199745,0.0015));
#12778=CARTESIAN_POINT('',(-0.142560319479086,0.0677232867864474,0.0015));
#12779=CARTESIAN_POINT('',(-0.140588008396293,0.0681830009358442,0.0015));
#12780=CARTESIAN_POINT('',(-0.1386156973135,0.0686427150852408,0.0015));
#12781=CARTESIAN_POINT('',(-0.137217571991048,0.0689081614964047,0.0015));
#12782=CARTESIAN_POINT('',(-0.135819446668596,0.0691736079075686,0.0015));
#12783=CARTESIAN_POINT('',(-0.134976576339597,0.0692485994981195,0.0015));
#12784=CARTESIAN_POINT('',(-0.134133706010598,0.0693235910886703,0.0015));
#12785=CARTESIAN_POINT('',(-0.133921682684663,0.0692939285712483,0.0015));
#12786=CARTESIAN_POINT('',(-0.133709659358728,0.0692642660538264,0.0015));
#12787=CARTESIAN_POINT('',(-0.133646992346395,0.0692262481979285,0.0015));
#12788=CARTESIAN_POINT('',(-0.133584325334062,0.0691882303420307,0.0015));
#12789=CARTESIAN_POINT('',(-0.13360834801775,0.0691464524653928,0.0015));
#12790=CARTESIAN_POINT('',(-0.133632370701438,0.069104674588755,0.0015));
#12791=CARTESIAN_POINT('',(-0.133744126412888,0.0689600182023899,0.0015));
#12792=CARTESIAN_POINT('',(-0.133855882124337,0.0688153618160248,0.0015));
#12793=CARTESIAN_POINT('',(-0.134254861576521,0.0683939268489018,0.0015));
#12794=CARTESIAN_POINT('',(-0.134653841028705,0.0679724918817788,0.0015));
#12795=CARTESIAN_POINT('',(-0.135373956253299,0.0672248769905376,0.0015));
#12796=CARTESIAN_POINT('',(-0.136094071477893,0.0664772620992965,0.0015));
#12797=CARTESIAN_POINT('',(-0.136750539913622,0.0656994987498953,0.0015));
#12798=CARTESIAN_POINT('',(-0.13740700834935,0.064921735400494,0.0015));
#12799=CARTESIAN_POINT('',(-0.137988276765031,0.0641334554408529,0.0015));
#12800=CARTESIAN_POINT('',(-0.138569545180713,0.0633451754812119,0.0015));
#12801=CARTESIAN_POINT('',(-0.139064059160908,0.062566011548757,0.0015));
#12802=CARTESIAN_POINT('',(-0.139558573141103,0.0617868476163022,0.0015));
#12803=CARTESIAN_POINT('',(-0.139954990647397,0.0610367864417513,0.0015));
#12804=CARTESIAN_POINT('',(-0.140351408153691,0.0602867252672004,0.0015));
#12805=CARTESIAN_POINT('',(-0.140639235471508,0.0595819998765765,0.0015));
#12806=CARTESIAN_POINT('',(-0.140927062789326,0.0588772744859526,0.0015));
#12807=CARTESIAN_POINT('',(-0.141093668617497,0.0582379967466217,0.0015));
#12808=CARTESIAN_POINT('',(-0.141260274445668,0.0575987190072908,0.0015));
#12809=CARTESIAN_POINT('',(-0.141293027483025,0.0570450011813717,0.0015));
#12810=CARTESIAN_POINT('',(-0.141325780520381,0.0564912833554526,0.0015));
#12811=CARTESIAN_POINT('',(-0.141280477895692,0.0560791436333022,0.0015));
#12812=CARTESIAN_POINT('',(-0.141235175271003,0.0556670039111519,0.0015));
#12813=CARTESIAN_POINT('',(-0.141121721727616,0.0552507911292645,0.0015));
#12814=CARTESIAN_POINT('',(-0.14100826818423,0.0548345783473771,0.0015));
#12815=CARTESIAN_POINT('',(-0.1402708872602,0.0531360954626638,0.0015));
#12816=CARTESIAN_POINT('',(-0.13953350633617,0.0514376125779505,0.0015));
#12817=CARTESIAN_POINT('',(-0.139176304760623,0.0505620511877903,0.0015));
#12818=CARTESIAN_POINT('',(-0.138819103185077,0.0496864897976301,0.0015));
#12819=CARTESIAN_POINT('',(-0.138544413241562,0.0490257714528953,0.0015));
#12820=CARTESIAN_POINT('',(-0.138269723298047,0.0483650531081606,0.0015));
#12821=CARTESIAN_POINT('',(-0.137988929686218,0.0477076360813732,0.0015));
#12822=CARTESIAN_POINT('',(-0.13770813607439,0.0470502190545858,0.0015));
#12823=CARTESIAN_POINT('',(-0.137476888680211,0.0462185000983831,0.0015));
#12824=CARTESIAN_POINT('',(-0.137245641286033,0.0453867811421805,0.0015));
#12825=CARTESIAN_POINT('',(-0.137068835834147,0.044433389888596,0.0015));
#12826=CARTESIAN_POINT('',(-0.136892030382261,0.0434799986350114,0.0015));
#12827=CARTESIAN_POINT('',(-0.136774562202557,0.0424575666898425,0.0015));
#12828=CARTESIAN_POINT('',(-0.136657094022853,0.0414351347446736,0.0015));
#12829=CARTESIAN_POINT('',(-0.136603109204342,0.0403992290957884,0.0015));
#12830=CARTESIAN_POINT('',(-0.136549124385831,0.0393633234469032,0.0015));
#12831=CARTESIAN_POINT('',(-0.136563681291323,0.0383688857936815,0.0015));
#12832=CARTESIAN_POINT('',(-0.136578238196814,0.0373744481404598,0.0015));
#12833=CARTESIAN_POINT('',(-0.136665253958676,0.0364743433876238,0.0015));
#12834=CARTESIAN_POINT('',(-0.136752269720539,0.0355742386347877,0.0015));
#12835=CARTESIAN_POINT('',(-0.136915660681633,0.0348213332660707,0.0015));
#12836=CARTESIAN_POINT('',(-0.137079051642728,0.0340684278973538,0.0015));
#12837=CARTESIAN_POINT('',(-0.137560542726943,0.0328074645787211,0.0015));
#12838=CARTESIAN_POINT('',(-0.138042033811157,0.0315465012600884,0.0015));
#12839=CARTESIAN_POINT('',(-0.138302101320211,0.031007252309779,0.0015));
#12840=CARTESIAN_POINT('',(-0.138562168829264,0.0304680033594697,0.0015));
#12841=CARTESIAN_POINT('',(-0.138768969969964,0.0301360774131058,0.0015));
#12842=CARTESIAN_POINT('',(-0.138975771110663,0.0298041514667419,0.0015));
#12843=CARTESIAN_POINT('',(-0.139175521965754,0.0293916465982204,0.0015));
#12844=CARTESIAN_POINT('',(-0.139375272820846,0.028979141729699,0.0015));
#12845=CARTESIAN_POINT('',(-0.139454389578508,0.0283466754505118,0.0015));
#12846=CARTESIAN_POINT('',(-0.13953350633617,0.0277142091713246,0.0015));
#12847=CARTESIAN_POINT('',(-0.139500214461195,0.0268175758749071,0.0015));
#12848=CARTESIAN_POINT('',(-0.139466922586221,0.0259209425784896,0.0015));
#12849=CARTESIAN_POINT('',(-0.139324747221415,0.024715204786524,0.0015));
#12850=CARTESIAN_POINT('',(-0.13918257185661,0.0235094669945585,0.0015));
#12851=CARTESIAN_POINT('',(-0.139041571276236,0.0222403571616989,0.0015));
#12852=CARTESIAN_POINT('',(-0.138900570695863,0.0209712473288393,0.0015));
#12853=CARTESIAN_POINT('',(-0.138919501067998,0.0205462481383818,0.0015));
#12854=CARTESIAN_POINT('',(-0.138938431440133,0.0201212489479243,0.0015));
#12855=CARTESIAN_POINT('',(-0.139033345811443,0.0197936183071427,0.0015));
#12856=CARTESIAN_POINT('',(-0.139128260182752,0.0194659876663611,0.0015));
#12857=CARTESIAN_POINT('',(-0.13931351926657,0.0191970030855497,0.0015));
#12858=CARTESIAN_POINT('',(-0.139498778350387,0.0189280185047383,0.0015));
#12859=CARTESIAN_POINT('',(-0.139796054866782,0.0186801054354313,0.0015));
#12860=CARTESIAN_POINT('',(-0.140093331383177,0.0184321923661244,0.0015));
#12861=CARTESIAN_POINT('',(-0.141089735695016,0.0178776945086061,0.0015));
#12862=CARTESIAN_POINT('',(-0.142086140006854,0.0173231966510878,0.0015));
#12863=CARTESIAN_POINT('',(-0.142898720950932,0.0169068792596995,0.0015));
#12864=CARTESIAN_POINT('',(-0.143711301895009,0.0164905618683112,0.0015));
#12865=CARTESIAN_POINT('',(-0.143968236250822,0.0163541566056739,0.0015));
#12866=CARTESIAN_POINT('',(-0.144225170606635,0.0162177513430366,0.0015));
#12867=CARTESIAN_POINT('',(-0.144300371021435,0.0161759734663988,0.0015));
#12868=CARTESIAN_POINT('',(-0.144375571436235,0.0161341955897609,0.0015));
#12869=CARTESIAN_POINT('',(-0.144398549603925,0.0161203046322996,0.0015));
#12870=CARTESIAN_POINT('',(-0.144421527771616,0.0161064136748382,0.0015));
#12871=CARTESIAN_POINT('',(-0.144440327480563,0.0160921046741261,0.0015));
#12872=CARTESIAN_POINT('',(-0.14445912718951,0.0160777956734139,0.0015));
#12873=CARTESIAN_POINT('',(-0.144563572078481,0.0160053107633564,0.0015));
#12874=CARTESIAN_POINT('',(-0.144668016967452,0.015932825853299,0.0015));
#12875=CARTESIAN_POINT('',(-0.144873773592154,0.0158177277696077,0.0015));
#12876=CARTESIAN_POINT('',(-0.145079530216856,0.0157026296859165,0.0015));
#12877=CARTESIAN_POINT('',(-0.145666510311286,0.0154131084836902,0.0015));
#12878=CARTESIAN_POINT('',(-0.146253490405717,0.0151235872814639,0.0015));
#12879=CARTESIAN_POINT('',(-0.147336584018824,0.0146776073726536,0.0015));
#12880=CARTESIAN_POINT('',(-0.148419677631932,0.0142316274638433,0.0015));
#12881=CARTESIAN_POINT('',(-0.149188033231803,0.0141120757786835,0.0015));
#12882=CARTESIAN_POINT('',(-0.149956388831674,0.0139925240935237,0.0015));
#12883=CARTESIAN_POINT('',(-0.150770373516827,0.0140152164601629,0.0015));
#12884=CARTESIAN_POINT('',(-0.15158435820198,0.0140379088268021,0.0015));
#12885=CARTESIAN_POINT('',(-0.15241635940646,0.0142000543427068,0.0015));
#12886=CARTESIAN_POINT('',(-0.153248360610938,0.0143621998586115,0.0015));
#12887=CARTESIAN_POINT('',(-0.154070766163538,0.0146610088055066,0.0015));
#12888=CARTESIAN_POINT('',(-0.154893171716137,0.0149598177524018,0.0015));
#12889=CARTESIAN_POINT('',(-0.156153690937832,0.0154731902597161,0.0015));
#12890=CARTESIAN_POINT('',(-0.157414210159527,0.0159865627670305,0.0015));
#12891=CARTESIAN_POINT('',(-0.15853921231246,0.0163290116396796,0.0015));
#12892=CARTESIAN_POINT('',(-0.159664214465393,0.0166714605123287,0.0015));
#12893=CARTESIAN_POINT('',(-0.160613226725795,0.0168323578197735,0.0015));
#12894=CARTESIAN_POINT('',(-0.161562238986196,0.0169932551272183,0.0015));
#12895=CARTESIAN_POINT('',(-0.1622958338358,0.0169598846964304,0.0015));
#12896=CARTESIAN_POINT('',(-0.163029428685402,0.0169265142656425,0.0015));
#12897=CARTESIAN_POINT('',(-0.163685359073019,0.0167242259393367,0.0015));
#12898=CARTESIAN_POINT('',(-0.164341289460635,0.016521937613031,0.0015));
#12899=CARTESIAN_POINT('',(-0.164914283856924,0.0162293010214419,0.0015));
#12900=CARTESIAN_POINT('',(-0.165487278253213,0.0159366644298529,0.0015));
#12901=CARTESIAN_POINT('',(-0.165971951440019,0.0155608960495314,0.0015));
#12902=CARTESIAN_POINT('',(-0.166456624626826,0.01518512766921,0.0015));
#12903=CARTESIAN_POINT('',(-0.166847591385993,0.0147334443714599,0.0015));
#12904=CARTESIAN_POINT('',(-0.167238558145161,0.0142817610737098,0.0015));
#12905=CARTESIAN_POINT('',(-0.167528767796329,0.0137621723935249,0.0015));
#12906=CARTESIAN_POINT('',(-0.167818977447498,0.0132425837133399,0.0015));
#12907=CARTESIAN_POINT('',(-0.168003339258124,0.012663608022116,0.0015));
#12908=CARTESIAN_POINT('',(-0.168187701068751,0.0120846323308922,0.0015));
#12909=CARTESIAN_POINT('',(-0.168261416028638,0.0114540154687304,0.0015));
#12910=CARTESIAN_POINT('',(-0.168335130988524,0.0108233986065686,0.0015));
#12911=CARTESIAN_POINT('',(-0.168293402061238,0.010148885229311,0.0015));
#12912=CARTESIAN_POINT('',(-0.168251673133952,0.00947437185205344,0.0015));
#12913=CARTESIAN_POINT('',(-0.168048136204433,0.00864282066580507,0.0015));
#12914=CARTESIAN_POINT('',(-0.167844599274915,0.0078112694795567,0.0015));
#12915=CARTESIAN_POINT('',(-0.167469511448478,0.00709902088943017,0.0015));
#12916=CARTESIAN_POINT('',(-0.167094423622042,0.00638677229930362,0.0015));
#12917=CARTESIAN_POINT('',(-0.16650887963842,0.00577877240598975,0.0015));
#12918=CARTESIAN_POINT('',(-0.165923335654798,0.00517077251267588,0.0015));
#12919=CARTESIAN_POINT('',(-0.165092607133455,0.00464940981325672,0.0015));
#12920=CARTESIAN_POINT('',(-0.164261878612112,0.00412804711383754,0.0015));
#12921=CARTESIAN_POINT('',(-0.163149850405807,0.00367297565251676,0.0015));
#12922=CARTESIAN_POINT('',(-0.162037822199503,0.00321790419119597,0.0015));
#12923=CARTESIAN_POINT('',(-0.160603353562673,0.00280714057742351,0.0015));
#12924=CARTESIAN_POINT('',(-0.159168884925844,0.00239637696365107,0.0015));
#12925=CARTESIAN_POINT('',(-0.157373884973317,0.00201022934707593,0.0015));
#12926=CARTESIAN_POINT('',(-0.15557888502079,0.00162408173050078,0.0015));
#12927=CARTESIAN_POINT('',(-0.15338526523591,0.00124285944503038,0.0015));
#12928=CARTESIAN_POINT('',(-0.15119164545103,0.000861637159559992,0.0015));
#12929=CARTESIAN_POINT('',(-0.150920088660755,0.000818292508925638,0.0015));
#12930=CARTESIAN_POINT('',(-0.15064853187048,0.000774947858291273,0.0015));
#12931=CARTESIAN_POINT('',(-0.148834324034575,0.000483964491569288,0.0015));
#12932=CARTESIAN_POINT('',(-0.147020116198671,0.000192981124847307,0.0015));
#12933=CARTESIAN_POINT('',(-0.144323349189126,-0.000289449865864258,0.0015));
#12934=CARTESIAN_POINT('',(-0.14162658217958,-0.000771880856575823,0.0015));
#12935=CARTESIAN_POINT('',(-0.140357576956221,-0.0010198330064133,0.0015));
#12936=CARTESIAN_POINT('',(-0.139088571732863,-0.00126778515625079,0.0015));
#12937=CARTESIAN_POINT('',(-0.137552154623982,-0.00163347747049475,0.0015));
#12938=CARTESIAN_POINT('',(-0.136015737515101,-0.0019991697847387,0.0015));
#12939=CARTESIAN_POINT('',(-0.134714125707687,-0.00245936237456969,0.0015));
#12940=CARTESIAN_POINT('',(-0.133412513900273,-0.0029195549644007,0.0015));
#12941=CARTESIAN_POINT('',(-0.13235099471378,-0.00346785283391453,0.0015));
#12942=CARTESIAN_POINT('',(-0.131289475527288,-0.00401615070342837,0.0015));
#12943=CARTESIAN_POINT('',(-0.130473336675921,-0.00464616083048497,0.0015));
#12944=CARTESIAN_POINT('',(-0.129657197824555,-0.00527617095754158,0.0015));
#12945=CARTESIAN_POINT('',(-0.129342557710021,-0.00561916972088782,0.0015));
#12946=CARTESIAN_POINT('',(-0.129027917595488,-0.00596216848423407,0.0015));
#12947=CARTESIAN_POINT('',(-0.128776727682909,-0.00632295836303761,0.0015));
#12948=CARTESIAN_POINT('',(-0.12852553777033,-0.00668374824184116,0.0015));
#12949=CARTESIAN_POINT('',(-0.128338189654518,-0.00706159578533713,0.0015));
#12950=CARTESIAN_POINT('',(-0.128150841538705,-0.00743944332883311,0.0015));
#12951=CARTESIAN_POINT('',(-0.128027727209222,-0.00783361350724541,0.0015));
#12952=CARTESIAN_POINT('',(-0.127904612879739,-0.00822778368565771,0.0015));
#12953=CARTESIAN_POINT('',(-0.127845242448319,-0.00863830768446014,0.0015));
#12954=CARTESIAN_POINT('',(-0.127785872016899,-0.00904883168326259,0.0015));
#12955=CARTESIAN_POINT('',(-0.127791714358836,-0.00947582516503548,0.0015));
#12956=CARTESIAN_POINT('',(-0.127797556700774,-0.00990281864680834,0.0015));
#12957=CARTESIAN_POINT('',(-0.127869591197848,-0.0103456744816935,0.0015));
#12958=CARTESIAN_POINT('',(-0.127941625694922,-0.0107885303165787,0.0015));
#12959=CARTESIAN_POINT('',(-0.128080830939408,-0.0112466421642239,0.0015));
#12960=CARTESIAN_POINT('',(-0.128220036183894,-0.011704754011869,0.0015));
#12961=CARTESIAN_POINT('',(-0.128555826365746,-0.0123914988056755,0.0015));
#12962=CARTESIAN_POINT('',(-0.128891616547598,-0.013078243599482,0.0015));
#12963=CARTESIAN_POINT('',(-0.129333157460795,-0.0136391451374668,0.0015));
#12964=CARTESIAN_POINT('',(-0.129774698373991,-0.0142000466754517,0.0015));
#12965=CARTESIAN_POINT('',(-0.130309847816124,-0.0146313062510972,0.0015));
#12966=CARTESIAN_POINT('',(-0.130844997258256,-0.0150625658267427,0.0015));
#12967=CARTESIAN_POINT('',(-0.131461613816422,-0.0153603839440256,0.0015));
#12968=CARTESIAN_POINT('',(-0.132078230374587,-0.0156582020613084,0.0015));
#12969=CARTESIAN_POINT('',(-0.132766326407343,-0.0158190275237375,0.0015));
#12970=CARTESIAN_POINT('',(-0.133454422440099,-0.0159798529861667,0.0015));
#12971=CARTESIAN_POINT('',(-0.134202443532006,-0.0159989337591313,0.0015));
#12972=CARTESIAN_POINT('',(-0.134950464623913,-0.0160180145320959,0.0015));
#12973=CARTESIAN_POINT('',(-0.135746269362068,-0.015890454496201,0.0015));
#12974=CARTESIAN_POINT('',(-0.136542074100223,-0.015762894460306,0.0015));
#12975=CARTESIAN_POINT('',(-0.13737352067697,-0.0154837982856621,0.0015));
#12976=CARTESIAN_POINT('',(-0.138204967253718,-0.0152047021110182,0.0015));
#12977=CARTESIAN_POINT('',(-0.13882223673307,-0.0149574810434285,0.0015));
#12978=CARTESIAN_POINT('',(-0.139439506212423,-0.0147102599758388,0.0015));
#12979=CARTESIAN_POINT('',(-0.13945935083212,-0.0147589314212097,0.0015));
#12980=CARTESIAN_POINT('',(-0.139479195451818,-0.0148076028665806,0.0015));
#12981=CARTESIAN_POINT('',(-0.139460395348118,-0.0147589314212097,0.0015));
#12982=CARTESIAN_POINT('',(-0.139441595244418,-0.0147102599758388,0.0015));
#12983=CARTESIAN_POINT('',(-0.140052597627784,-0.0144639788147459,0.0015));
#12984=CARTESIAN_POINT('',(-0.14066360001115,-0.014217697653653,0.0015));
#12985=CARTESIAN_POINT('',(-0.141312103124202,-0.0139712226689188,0.0015));
#12986=CARTESIAN_POINT('',(-0.141960606237254,-0.0137247476841847,0.0015));
#12987=CARTESIAN_POINT('',(-0.14259010081711,-0.0135498595468115,0.0015));
#12988=CARTESIAN_POINT('',(-0.143219595396966,-0.0133749714094384,0.0015));
#12989=CARTESIAN_POINT('',(-0.143831244385474,-0.0132717684128819,0.0015));
#12990=CARTESIAN_POINT('',(-0.144442893373981,-0.0131685654163254,0.0015));
#12991=CARTESIAN_POINT('',(-0.145037860107741,-0.0131371454592883,0.0015));
#12992=CARTESIAN_POINT('',(-0.145632826841501,-0.0131057255022512,0.0015));
#12993=CARTESIAN_POINT('',(-0.146212273867608,-0.0131461864834361,0.0015));
#12994=CARTESIAN_POINT('',(-0.146791720893716,-0.0131866474646211,0.0015));
#12995=CARTESIAN_POINT('',(-0.147356810364512,-0.0132990872827309,0.0015));
#12996=CARTESIAN_POINT('',(-0.147921899835308,-0.0134115271008406,0.0015));
#12997=CARTESIAN_POINT('',(-0.148473795087395,-0.0135960436545779,0.0015));
#12998=CARTESIAN_POINT('',(-0.149025690339481,-0.0137805602083153,0.0015));
#12999=CARTESIAN_POINT('',(-0.149566598830703,-0.0140372513963829,0.0015));
#13000=CARTESIAN_POINT('',(-0.150107507321925,-0.0142939425844505,0.0015));
#13001=CARTESIAN_POINT('',(-0.151113311488237,-0.0147893246261266,0.0015));
#13002=CARTESIAN_POINT('',(-0.152119115654549,-0.0152847066678027,0.0015));
#13003=CARTESIAN_POINT('',(-0.153626255524774,-0.0160970791823838,0.0015));
#13004=CARTESIAN_POINT('',(-0.155133395394999,-0.0169094516969648,0.0015));
#13005=CARTESIAN_POINT('',(-0.155645958659004,-0.0172628146959571,0.0015));
#13006=CARTESIAN_POINT('',(-0.15615852192301,-0.0176161776949493,0.0015));
#13007=CARTESIAN_POINT('',(-0.156506584575705,-0.0179336639774132,0.0015));
#13008=CARTESIAN_POINT('',(-0.156854647228401,-0.0182511502598771,0.0015));
#13009=CARTESIAN_POINT('',(-0.15698938110754,-0.0185954007844586,0.0015));
#13010=CARTESIAN_POINT('',(-0.15712411498668,-0.0189396513090402,0.0015));
#13011=CARTESIAN_POINT('',(-0.157185737483016,-0.0194997893950449,0.0015));
#13012=CARTESIAN_POINT('',(-0.157247359979351,-0.0200599274810495,0.0015));
#13013=CARTESIAN_POINT('',(-0.157242268062551,-0.0207543032418823,0.0015));
#13014=CARTESIAN_POINT('',(-0.15723717614575,-0.021448679002715,0.0015));
#13015=CARTESIAN_POINT('',(-0.157160800946518,-0.0221855116150593,0.0015));
#13016=CARTESIAN_POINT('',(-0.157084425747285,-0.0229223442274036,0.0015));
#13017=CARTESIAN_POINT('',(-0.156904258185516,-0.0242087655510277,0.0015));
#13018=CARTESIAN_POINT('',(-0.156724090623746,-0.0254951868746517,0.0015));
#13019=CARTESIAN_POINT('',(-0.156709990842035,-0.0263393365975843,0.0015));
#13020=CARTESIAN_POINT('',(-0.156695891060325,-0.0271834863205168,0.0015));
#13021=CARTESIAN_POINT('',(-0.156879844301769,-0.0279174336844004,0.0015));
#13022=CARTESIAN_POINT('',(-0.157063797543213,-0.0286513810482839,0.0015));
#13023=CARTESIAN_POINT('',(-0.157486669015898,-0.0296116342903749,0.0015));
#13024=CARTESIAN_POINT('',(-0.157909540488582,-0.0305718875324657,0.0015));
#13025=CARTESIAN_POINT('',(-0.158368536977327,-0.031725171357409,0.0015));
#13026=CARTESIAN_POINT('',(-0.158827533466073,-0.0328784551823522,0.0015));
#13027=CARTESIAN_POINT('',(-0.159130217701535,-0.0340576671629116,0.0015));
#13028=CARTESIAN_POINT('',(-0.159432901936997,-0.0352368791434709,0.0015));
#13029=CARTESIAN_POINT('',(-0.159578747318897,-0.0364518407301462,0.0015));
#13030=CARTESIAN_POINT('',(-0.159724592700797,-0.0376668023168217,0.0015));
#13031=CARTESIAN_POINT('',(-0.159713073023607,-0.0389273349601129,0.0015));
#13032=CARTESIAN_POINT('',(-0.159701553346417,-0.0401878676034041,0.0015));
#13033=CARTESIAN_POINT('',(-0.159532142799363,-0.0415037915695524,0.0015));
#13034=CARTESIAN_POINT('',(-0.159362732252309,-0.0428197155357009,0.0015));
#13035=CARTESIAN_POINT('',(-0.159034903445605,-0.0442008522752062,0.0015));
#13036=CARTESIAN_POINT('',(-0.158707074638901,-0.0455819890147116,0.0015));
#13037=CARTESIAN_POINT('',(-0.158220302551279,-0.047038159583321,0.0015));
#13038=CARTESIAN_POINT('',(-0.157733530463655,-0.0484943301519304,0.0015));
#13039=CARTESIAN_POINT('',(-0.157087287705329,-0.0500353556053908,0.0015));
#13040=CARTESIAN_POINT('',(-0.156441044947002,-0.0515763810588512,0.0015));
#13041=CARTESIAN_POINT('',(-0.1558248203784,-0.0530283739582227,0.0015));
#13042=CARTESIAN_POINT('',(-0.155208595809798,-0.0544803668575941,0.0015));
#13043=CARTESIAN_POINT('',(-0.155060284012194,-0.0550077744071541,0.0015));
#13044=CARTESIAN_POINT('',(-0.15491197221459,-0.0555351819567142,0.0015));
#13045=CARTESIAN_POINT('',(-0.154870194337952,-0.0559934209147717,0.0015));
#13046=CARTESIAN_POINT('',(-0.154828416461315,-0.0564516598728292,0.0015));
#13047=CARTESIAN_POINT('',(-0.154894183862403,-0.0568930681490737,0.0015));
#13048=CARTESIAN_POINT('',(-0.15495995126349,-0.0573344764253181,0.0015));
#13049=CARTESIAN_POINT('',(-0.155134406751758,-0.057809633305565,0.0015));
#13050=CARTESIAN_POINT('',(-0.155308862240026,-0.0582847901858119,0.0015));
#13051=CARTESIAN_POINT('',(-0.155997154070187,-0.0595332319445629,0.0015));
#13052=CARTESIAN_POINT('',(-0.156685445900348,-0.060781673703314,0.0015));
#13053=CARTESIAN_POINT('',(-0.157786034169535,-0.0624581447752732,0.0015));
#13054=CARTESIAN_POINT('',(-0.158886622438722,-0.0641346158472325,0.0015));
#13055=CARTESIAN_POINT('',(-0.159438091357748,-0.064814317460982,0.0015));
#13056=CARTESIAN_POINT('',(-0.159989560276774,-0.0654940190747315,0.0015));
#13057=CARTESIAN_POINT('',(-0.160624846275452,-0.0661789574795714,0.0015));
#13058=CARTESIAN_POINT('',(-0.161260132274129,-0.0668638958844114,0.0015));
#13059=CARTESIAN_POINT('',(-0.161632217215761,-0.0672733173385496,0.0015));
#13060=CARTESIAN_POINT('',(-0.162004302157392,-0.0676827387926879,0.0015));
#13061=CARTESIAN_POINT('',(-0.162211886487713,-0.0679955433065453,0.0015));
#13062=CARTESIAN_POINT('',(-0.162419470818034,-0.0683083478204027,0.0015));
#13063=CARTESIAN_POINT('',(-0.162456157172624,-0.0684372239622449,0.0015));
#13064=CARTESIAN_POINT('',(-0.162492843527214,-0.068566100104087,0.0015));
#13065=CARTESIAN_POINT('',(-0.162470779212333,-0.0686823875780658,0.0015));
#13066=CARTESIAN_POINT('',(-0.162448714897452,-0.0687986750520447,0.0015));
#13067=CARTESIAN_POINT('',(-0.162362025990937,-0.0688815636730315,0.0015));
#13068=CARTESIAN_POINT('',(-0.16227533708442,-0.0689644522940184,0.0015));
#13069=CARTESIAN_POINT('',(-0.162141647326526,-0.0690075241704448,0.0015));
#13070=CARTESIAN_POINT('',(-0.16200795756863,-0.0690505960468711,0.0015));
#13071=CARTESIAN_POINT('',(-0.161594878334736,-0.0690541235581921,0.0015));
#13072=CARTESIAN_POINT('',(-0.161181799100842,-0.0690576510695131,0.0015));
#13073=CARTESIAN_POINT('',(-0.160546251775788,-0.0689660660436022,0.0015));
#13074=CARTESIAN_POINT('',(-0.159910704450735,-0.0688744810176912,0.0015));
#13075=CARTESIAN_POINT('',(-0.157891784900879,-0.0684213572668514,0.0015));
#13076=CARTESIAN_POINT('',(-0.155872865351024,-0.0679682335160116,0.0015));
#13077=CARTESIAN_POINT('',(-0.15383958429833,-0.0674996362436005,0.0015));
#13078=CARTESIAN_POINT('',(-0.151806303245635,-0.0670310389711894,0.0015));
#13079=CARTESIAN_POINT('',(-0.15049212527127,-0.0668290897375677,0.0015));
#13080=CARTESIAN_POINT('',(-0.149177947296904,-0.066627140503946,0.0015));
#13081=CARTESIAN_POINT('',(-0.148716039900764,-0.0666200815337756,0.0015));
#13082=CARTESIAN_POINT('',(-0.148254132504624,-0.0666130225636053,0.0015));
#13083=CARTESIAN_POINT('',(-0.147881525304994,-0.0666645334661083,0.0015));
#13084=CARTESIAN_POINT('',(-0.147508918105364,-0.0667160443686112,0.0015));
#13085=CARTESIAN_POINT('',(-0.147192711216834,-0.0668233666109862,0.0015));
#13086=CARTESIAN_POINT('',(-0.146876504328304,-0.0669306888533613,0.0015));
#13087=CARTESIAN_POINT('',(-0.14658379747071,-0.0670929385840141,0.0015));
#13088=CARTESIAN_POINT('',(-0.146291090613117,-0.0672551883146668,0.0015));
#13089=CARTESIAN_POINT('',(-0.146141864962703,-0.0674179867517582,0.0015));
#13090=CARTESIAN_POINT('',(-0.145992639312289,-0.0675807851888497,0.0015));
#13091=CARTESIAN_POINT('',(-0.145894330856116,-0.0678355784052934,0.0015));
#13092=CARTESIAN_POINT('',(-0.145796022399943,-0.0680903716217371,0.0015));
#13093=CARTESIAN_POINT('',(-0.145763644377779,-0.068785128713807,0.0015));
#13094=CARTESIAN_POINT('',(-0.145731266355615,-0.069479885805877,0.0015));
#13095=CARTESIAN_POINT('',(-0.145913261623004,-0.0702578200832552,0.0015));
#13096=CARTESIAN_POINT('',(-0.146095256890393,-0.0710357543606334,0.0015));
#13097=CARTESIAN_POINT('',(-0.146259888164891,-0.0713955419619924,0.0015));
#13098=CARTESIAN_POINT('',(-0.146424519439389,-0.0717553295633515,0.0015));
#13099=CARTESIAN_POINT('',(-0.146634584001763,-0.0720654541002216,0.0015));
#13100=CARTESIAN_POINT('',(-0.146844648647086,-0.0723755887147923,0.0015));
#13101=CARTESIAN_POINT('',(-0.147214383542151,-0.0729710186794992,0.0015));
#13102=CARTESIAN_POINT('',(-0.147584118520164,-0.0735664381947592,0.0015));
#13103=CARTESIAN_POINT('',(-0.148089631893314,-0.0745221817804791,0.0015));
#13104=CARTESIAN_POINT('',(-0.148595145266465,-0.075477925366199,0.0015));
#13105=CARTESIAN_POINT('',(-0.149035902595286,-0.0763918298885919,0.0015));
#13106=CARTESIAN_POINT('',(-0.149476659924108,-0.0773057344109848,0.0015));
#13107=CARTESIAN_POINT('',(-0.149608260650008,-0.0776213554863099,0.0015));
#13108=CARTESIAN_POINT('',(-0.149739861375907,-0.0779369765616351,0.0015));
#13109=CARTESIAN_POINT('',(-0.149773283519316,-0.0780402652195565,0.0015));
#13110=CARTESIAN_POINT('',(-0.149806705662726,-0.0781435538774778,0.0015));
#13111=CARTESIAN_POINT('',(-0.149814016879957,-0.0781826620407021,0.0015));
#13112=CARTESIAN_POINT('',(-0.149821328097188,-0.0782217702039262,0.0015));
#13113=CARTESIAN_POINT('',(-0.14981715042795,-0.0782646502304755,0.0015));
#13114=CARTESIAN_POINT('',(-0.149812972758712,-0.0783075302570248,0.0015));
#13115=CARTESIAN_POINT('',(-0.14977641706731,-0.0783519245554436,0.0015));
#13116=CARTESIAN_POINT('',(-0.149739861375907,-0.0783963188538625,0.0015));
#13117=CARTESIAN_POINT('',(-0.149690772282038,-0.0784207078681805,0.0015));
#13118=CARTESIAN_POINT('',(-0.14964168318817,-0.0784450968824985,0.0015));
#13119=CARTESIAN_POINT('',(-0.149504860277034,-0.0784778199186393,0.0015));
#13120=CARTESIAN_POINT('',(-0.149368037365899,-0.0785105429547801,0.0015));
#13121=CARTESIAN_POINT('',(-0.148914746634611,-0.078546919033643,0.0015));
#13122=CARTESIAN_POINT('',(-0.148461455903322,-0.078583295112506,0.0015));
#13123=CARTESIAN_POINT('',(-0.146966849435564,-0.0785642921058495,0.0015));
#13124=CARTESIAN_POINT('',(-0.145472242967806,-0.0785452890991931,0.0015));
#13125=CARTESIAN_POINT('',(-0.1435142929931,-0.0784194012363013,0.0015));
#13126=CARTESIAN_POINT('',(-0.141556343018393,-0.0782935133734095,0.0015));
#13127=CARTESIAN_POINT('',(-0.139528676140498,-0.0780774023818825,0.0015));
#13128=CARTESIAN_POINT('',(-0.137501009262603,-0.0778612913903556,0.0015));
#13129=CARTESIAN_POINT('',(-0.135730701099817,-0.0775748875512562,0.0015));
#13130=CARTESIAN_POINT('',(-0.133960392937031,-0.0772884837121567,0.0015));
#13131=CARTESIAN_POINT('',(-0.132173046847194,-0.0768971040415251,0.0015));
#13132=CARTESIAN_POINT('',(-0.130385700757357,-0.0765057243708935,0.0015));
#13133=CARTESIAN_POINT('',(-0.128595613503844,-0.0760129441451436,0.0015));
#13134=CARTESIAN_POINT('',(-0.126805526250331,-0.0755201639193937,0.0015));
#13135=CARTESIAN_POINT('',(-0.125026993017505,-0.074929559204445,0.0015));
#13136=CARTESIAN_POINT('',(-0.123248459784678,-0.0743389544894963,0.0015));
#13137=CARTESIAN_POINT('',(-0.122104788191233,-0.0739340632188764,0.0015));
#13138=CARTESIAN_POINT('',(-0.120961116597788,-0.0735291719482565,0.0015));
#13139=CARTESIAN_POINT('',(-0.118668551225662,-0.0725078784702597,0.0015));
#13140=CARTESIAN_POINT('',(-0.116375985853536,-0.0714865849922629,0.0015));
#13141=CARTESIAN_POINT('',(-0.11383275282683,-0.0702007013219982,0.0015));
#13142=CARTESIAN_POINT('',(-0.111289519800124,-0.0689148176517336,0.0015));
#13143=CARTESIAN_POINT('',(-0.10963113077646,-0.0679281921570887,0.0015));
#13144=CARTESIAN_POINT('',(-0.107972741752797,-0.0669415666624438,0.0015));
#13145=CARTESIAN_POINT('',(-0.106658117803019,-0.0659996335224189,0.0015));
#13146=CARTESIAN_POINT('',(-0.105343493853241,-0.065057700382394,0.0015));
#13147=CARTESIAN_POINT('',(-0.0968324898191775,-0.0650464935385795,0.0015));
#13148=CARTESIAN_POINT('',(-0.0883214857851136,-0.0650352866947651,0.0015));
#13149=CARTESIAN_POINT('',(-0.00501725628500133,-0.0650332683473837,0.0015));
#13150=CARTESIAN_POINT('',(0.0782869732151109,-0.0650312500000023,0.0015));
#13151=CARTESIAN_POINT('',(0.0867993823575554,-0.0650312500000023,0.0015));
#13152=CARTESIAN_POINT('',(0.0903117915,-0.0650312500000023,0.0015));
#13153=CARTESIAN_POINT('',(0.0903117915,-0.0600312500000023,0.0015));
#13154=CARTESIAN_POINT('',(-0.13337961362011,0.0692395130773958,0.0015));
#13155=CARTESIAN_POINT('',(-0.13337961362011,0.0692394084678949,0.0015));
#13156=CARTESIAN_POINT('',(-0.13337961362011,0.0692396176868967,0.0015));
#13157=CARTESIAN_POINT('',(-0.133428702713979,0.0692223839624405,0.0015));
#13158=CARTESIAN_POINT('',(-0.133477791807848,0.069205359456986,0.0015));
#13159=CARTESIAN_POINT('',(-0.133428702713979,0.0692224885719413,0.0015));
#13160=CARTESIAN_POINT('',(-0.136886742668055,-0.0674672471683569,0.0015));
#13161=CARTESIAN_POINT('',(-0.136706967095849,-0.0677220861761292,0.0015));
#13162=CARTESIAN_POINT('',(-0.137066525608479,-0.0672124290525228,0.0015));
#13163=CARTESIAN_POINT('',(-0.136482541030636,-0.0678884002819567,0.0015));
#13164=CARTESIAN_POINT('',(-0.136258114965422,-0.0680547143877841,0.0015));
#13165=CARTESIAN_POINT('',(-0.135959663664594,-0.0681508623616986,0.0015));
#13166=CARTESIAN_POINT('',(-0.135661212363766,-0.0682470103356131,0.0015));
#13167=CARTESIAN_POINT('',(-0.135260927463961,-0.0682784938478564,0.0015));
#13168=CARTESIAN_POINT('',(-0.134860642564157,-0.0683099773600998,0.0015));
#13169=CARTESIAN_POINT('',(-0.134268766350331,-0.0684045325063307,0.0015));
#13170=CARTESIAN_POINT('',(-0.133676890136505,-0.0684990876525617,0.0015));
#13171=CARTESIAN_POINT('',(-0.13321700624339,-0.0687576645749154,0.0015));
#13172=CARTESIAN_POINT('',(-0.132757122350275,-0.069016241497269,0.0015));
#13173=CARTESIAN_POINT('',(-0.132438239037533,-0.0694012080133661,0.0015));
#13174=CARTESIAN_POINT('',(-0.132119355724791,-0.0697861745294631,0.0015));
#13175=CARTESIAN_POINT('',(-0.131950481252085,-0.0702598976674184,0.0015));
#13176=CARTESIAN_POINT('',(-0.131781606779379,-0.0707336208053737,0.0015));
#13177=CARTESIAN_POINT('',(-0.131770036179073,-0.0712515598134671,0.0015));
#13178=CARTESIAN_POINT('',(-0.131758465578768,-0.0717694988215605,0.0015));
#13179=CARTESIAN_POINT('',(-0.13190855613264,-0.0722952831474688,0.0015));
#13180=CARTESIAN_POINT('',(-0.132058646686513,-0.0728210674733771,0.0015));
#13181=CARTESIAN_POINT('',(-0.132375000423097,-0.0733179464177982,0.0015));
#13182=CARTESIAN_POINT('',(-0.132691354159681,-0.0738148253622193,0.0015));
#13183=CARTESIAN_POINT('',(-0.133178573502264,-0.0742460486206042,0.0015));
#13184=CARTESIAN_POINT('',(-0.133665793325932,-0.0746772837686421,0.0015));
#13185=CARTESIAN_POINT('',(-0.134593916364306,-0.0751532222124314,0.0015));
#13186=CARTESIAN_POINT('',(-0.135522039883765,-0.0756291512292208,0.0015));
#13187=CARTESIAN_POINT('',(-0.136773681114233,-0.0760839285996806,0.0015));
#13188=CARTESIAN_POINT('',(-0.1380253223447,-0.0765387059701403,0.0015));
#13189=CARTESIAN_POINT('',(-0.1393828449697,-0.076906284808176,0.0015));
#13190=CARTESIAN_POINT('',(-0.140740367594699,-0.0772738636462117,0.0015));
#13191=CARTESIAN_POINT('',(-0.141983522823503,-0.077484073872382,0.0015));
#13192=CARTESIAN_POINT('',(-0.143226678052307,-0.0776942840985524,0.0015));
#13193=CARTESIAN_POINT('',(-0.144507172162134,-0.0777857337242414,0.0015));
#13194=CARTESIAN_POINT('',(-0.145787666271962,-0.0778771833499305,0.0015));
#13195=CARTESIAN_POINT('',(-0.146192912425379,-0.0778610028260343,0.0015));
#13196=CARTESIAN_POINT('',(-0.146598158578796,-0.0778448223021381,0.0015));
#13197=CARTESIAN_POINT('',(-0.146880159739543,-0.0777678672109929,0.0015));
#13198=CARTESIAN_POINT('',(-0.147162160900289,-0.0776909121198478,0.0015));
#13199=CARTESIAN_POINT('',(-0.147329272801593,-0.0775104441511719,0.0015));
#13200=CARTESIAN_POINT('',(-0.147496384702897,-0.0773299761824959,0.0015));
#13201=CARTESIAN_POINT('',(-0.147502651404131,-0.0770813438735261,0.0015));
#13202=CARTESIAN_POINT('',(-0.147508918105364,-0.0768327115645563,0.0015));
#13203=CARTESIAN_POINT('',(-0.147212294904908,-0.0761981617799133,0.0015));
#13204=CARTESIAN_POINT('',(-0.146915672020839,-0.0755635910475444,0.0015));
#13205=CARTESIAN_POINT('',(-0.145822133720874,-0.0735063406286199,0.0015));
#13206=CARTESIAN_POINT('',(-0.14472859573213,-0.0714491000603146,0.0015));
#13207=CARTESIAN_POINT('',(-0.143805302808261,-0.0697045885928271,0.0015));
#13208=CARTESIAN_POINT('',(-0.142882009879227,-0.0679600873965375,0.0015));
#13209=CARTESIAN_POINT('',(-0.142362918587612,-0.0672230613553047,0.0015));
#13210=CARTESIAN_POINT('',(-0.141843827333554,-0.0664860109770525,0.0015));
#13211=CARTESIAN_POINT('',(-0.141554327410424,-0.066277297121218,0.0015));
#13212=CARTESIAN_POINT('',(-0.141264827524851,-0.0660686007721645,0.0015));
#13213=CARTESIAN_POINT('',(-0.140942867903277,-0.065936598977386,0.0015));
#13214=CARTESIAN_POINT('',(-0.140620908281703,-0.0658045971826074,0.0015));
#13215=CARTESIAN_POINT('',(-0.140281421634317,-0.0657472431486616,0.0015));
#13216=CARTESIAN_POINT('',(-0.139941934986931,-0.0656898891147158,0.0015));
#13217=CARTESIAN_POINT('',(-0.13959985362917,-0.0657051352586549,0.0015));
#13218=CARTESIAN_POINT('',(-0.139257772271409,-0.065720381402594,0.0015));
#13219=CARTESIAN_POINT('',(-0.138928028123957,-0.0658061809309758,0.0015));
#13220=CARTESIAN_POINT('',(-0.138598283976504,-0.0658919804593576,0.0015));
#13221=CARTESIAN_POINT('',(-0.138295810144302,-0.0660462857892343,0.0015));
#13222=CARTESIAN_POINT('',(-0.137993336312099,-0.0662005911191109,0.0015));
#13223=CARTESIAN_POINT('',(-0.137733064321078,-0.0664213550622874,0.0015));
#13224=CARTESIAN_POINT('',(-0.137472792330057,-0.0666421190054639,0.0015));
#13225=CARTESIAN_POINT('',(-0.137269655285159,-0.066927294768498,0.0015));
#13226=CARTESIAN_POINT('',(-0.119243520175624,-0.0409420898675739,0.0015));
#13227=CARTESIAN_POINT('',(-0.117513390350995,-0.0417720873066693,0.0015));
#13228=CARTESIAN_POINT('',(-0.120973650000254,-0.0401120924284786,0.0015));
#13229=CARTESIAN_POINT('',(-0.115535726419778,-0.0426034948028862,0.0015));
#13230=CARTESIAN_POINT('',(-0.113558062488562,-0.0434349022991031,0.0015));
#13231=CARTESIAN_POINT('',(-0.112576280611185,-0.0438094418138536,0.0015));
#13232=CARTESIAN_POINT('',(-0.111594498733808,-0.044183981328604,0.0015));
#13233=CARTESIAN_POINT('',(-0.109006041243475,-0.0451476941845286,0.0015));
#13234=CARTESIAN_POINT('',(-0.106417593366852,-0.0461114407940682,0.0015));
#13235=CARTESIAN_POINT('',(-0.106244110154814,-0.0461733767241536,0.0015));
#13236=CARTESIAN_POINT('',(-0.106070617329064,-0.0462352789006238,0.0015));
#13237=CARTESIAN_POINT('',(-0.105948312637643,-0.0463228034988884,0.0015));
#13238=CARTESIAN_POINT('',(-0.105826007946222,-0.046410328097153,0.0015));
#13239=CARTESIAN_POINT('',(-0.105787049789074,-0.0465661599362372,0.0015));
#13240=CARTESIAN_POINT('',(-0.105748091631927,-0.0467219917753214,0.0015));
#13241=CARTESIAN_POINT('',(-0.105824754211222,-0.0468481610969836,0.0015));
#13242=CARTESIAN_POINT('',(-0.105901416790518,-0.0469743304186457,0.0015));
#13243=CARTESIAN_POINT('',(-0.105980377226057,-0.0470184061515279,0.0015));
#13244=CARTESIAN_POINT('',(-0.106059337661597,-0.0470624818844101,0.0015));
#13245=CARTESIAN_POINT('',(-0.106135582197642,-0.0470750152868767,0.0015));
#13246=CARTESIAN_POINT('',(-0.106211826733686,-0.0470875486893434,0.0015));
#13247=CARTESIAN_POINT('',(-0.106378312162244,-0.047073657731882,0.0015));
#13248=CARTESIAN_POINT('',(-0.106544797590801,-0.0470597667744206,0.0015));
#13249=CARTESIAN_POINT('',(-0.107569610685062,-0.0468525479852233,0.0015));
#13250=CARTESIAN_POINT('',(-0.108594423779323,-0.0466453291960259,0.0015));
#13251=CARTESIAN_POINT('',(-0.109773919981923,-0.0463385091351258,0.0015));
#13252=CARTESIAN_POINT('',(-0.110953416184522,-0.0460316890742256,0.0015));
#13253=CARTESIAN_POINT('',(-0.112616074460081,-0.0454330764032947,0.0015));
#13254=CARTESIAN_POINT('',(-0.11427873273564,-0.0448344637323637,0.0015));
#13255=CARTESIAN_POINT('',(-0.117084122303395,-0.0437464613677706,0.0015));
#13256=CARTESIAN_POINT('',(-0.119889511871149,-0.0426584590031774,0.0015));
#13257=CARTESIAN_POINT('',(-0.12082847135589,-0.0422854862624234,0.0015));
#13258=CARTESIAN_POINT('',(-0.121767430840631,-0.0419125135216695,0.0015));
#13259=CARTESIAN_POINT('',(-0.122049432001378,-0.0417968931799795,0.0015));
#13260=CARTESIAN_POINT('',(-0.122331433162124,-0.0416812728382895,0.0015));
#13261=CARTESIAN_POINT('',(-0.122470345105255,-0.0416193369082041,0.0015));
#13262=CARTESIAN_POINT('',(-0.122609257048385,-0.0415574009781187,0.0015));
#13263=CARTESIAN_POINT('',(-0.123268304009623,-0.0412838597653492,0.0015));
#13264=CARTESIAN_POINT('',(-0.12392735097086,-0.0410103185525795,0.0015));
#13265=CARTESIAN_POINT('',(-0.125350935087809,-0.0403710116015389,0.0015));
#13266=CARTESIAN_POINT('',(-0.126774519204758,-0.0397317046504984,0.0015));
#13267=CARTESIAN_POINT('',(-0.128022635687174,-0.0390571995630503,0.0015));
#13268=CARTESIAN_POINT('',(-0.12927075216959,-0.0383826944756022,0.0015));
#13269=CARTESIAN_POINT('',(-0.130262978417438,-0.0377714828732343,0.0015));
#13270=CARTESIAN_POINT('',(-0.131255204665286,-0.0371602712708662,0.0015));
#13271=CARTESIAN_POINT('',(-0.133415124795515,-0.0358650110365453,0.0015));
#13272=CARTESIAN_POINT('',(-0.135575044925743,-0.0345697508022242,0.0015));
#13273=CARTESIAN_POINT('',(-0.136848228213093,-0.0337113572127971,0.0015));
#13274=CARTESIAN_POINT('',(-0.138121411500442,-0.03285296362337,0.0015));
#13275=CARTESIAN_POINT('',(-0.138497413179688,-0.0325299677756076,0.0015));
#13276=CARTESIAN_POINT('',(-0.138873414858935,-0.0322069719278452,0.0015));
#13277=CARTESIAN_POINT('',(-0.139114682659041,-0.031920636380986,0.0015));
#13278=CARTESIAN_POINT('',(-0.139355950459147,-0.0316343008341268,0.0015));
#13279=CARTESIAN_POINT('',(-0.139485200826675,-0.0313603028923287,0.0015));
#13280=CARTESIAN_POINT('',(-0.139614451194204,-0.0310863049505306,0.0015));
#13281=CARTESIAN_POINT('',(-0.139651268211982,-0.0308139515490373,0.0015));
#13282=CARTESIAN_POINT('',(-0.13968808522976,-0.030541598147544,0.0015));
#13283=CARTESIAN_POINT('',(-0.139639387730702,-0.0302412018995049,0.0015));
#13284=CARTESIAN_POINT('',(-0.139590690231644,-0.0299408056514659,0.0015));
#13285=CARTESIAN_POINT('',(-0.139422142219531,-0.0297340175376101,0.0015));
#13286=CARTESIAN_POINT('',(-0.139253594207419,-0.0295272294237542,0.0015));
#13287=CARTESIAN_POINT('',(-0.138984257112327,-0.0294630351127078,0.0015));
#13288=CARTESIAN_POINT('',(-0.138714920017235,-0.0293988408016614,0.0015));
#13289=CARTESIAN_POINT('',(-0.138380565551439,-0.0294630351127078,0.0015));
#13290=CARTESIAN_POINT('',(-0.138046211085643,-0.0295272294237542,0.0015));
#13291=CARTESIAN_POINT('',(-0.137130882295026,-0.0299842541220956,0.0015));
#13292=CARTESIAN_POINT('',(-0.13621555350441,-0.0304412788204369,0.0015));
#13293=CARTESIAN_POINT('',(-0.134912472821702,-0.0313380688337293,0.0015));
#13294=CARTESIAN_POINT('',(-0.133609392138995,-0.0322348588470217,0.0015));
#13295=CARTESIAN_POINT('',(-0.130857399997535,-0.0341245935583192,0.0015));
#13296=CARTESIAN_POINT('',(-0.128105407856075,-0.0360143282696166,0.0015));
#13297=CARTESIAN_POINT('',(-0.126734748251526,-0.0368632805555226,0.0015));
#13298=CARTESIAN_POINT('',(-0.125364088646977,-0.0377122328414287,0.0015));
#13299=CARTESIAN_POINT('',(-0.124193473593628,-0.0383711380863987,0.0015));
#13300=CARTESIAN_POINT('',(-0.123022858540279,-0.0390300433313688,0.0015));
#13301=CARTESIAN_POINT('',(-0.121998254270266,-0.0395710678799237,0.0015));
#13302=CARTESIAN_POINT('',(-0.144771417735178,-0.0341771162123346,0.0015));
#13303=CARTESIAN_POINT('',(-0.143479434344129,-0.0361596888950369,0.0015));
#13304=CARTESIAN_POINT('',(-0.146063401126228,-0.0321945435296324,0.0015));
#13305=CARTESIAN_POINT('',(-0.142876787299239,-0.0371271621664542,0.0015));
#13306=CARTESIAN_POINT('',(-0.142274140254348,-0.0380946354378716,0.0015));
#13307=CARTESIAN_POINT('',(-0.142100761651811,-0.0384119389497734,0.0015));
#13308=CARTESIAN_POINT('',(-0.141927383049273,-0.0387292424616754,0.0015));
#13309=CARTESIAN_POINT('',(-0.141881427503398,-0.0388326428346486,0.0015));
#13310=CARTESIAN_POINT('',(-0.141835471957522,-0.038936043207622,0.0015));
#13311=CARTESIAN_POINT('',(-0.141821894039058,-0.0389813722807508,0.0015));
#13312=CARTESIAN_POINT('',(-0.141808316120593,-0.0390267013538796,0.0015));
#13313=CARTESIAN_POINT('',(-0.141806227483351,-0.0390582436842951,0.0015));
#13314=CARTESIAN_POINT('',(-0.141804138846108,-0.0390897860147107,0.0015));
#13315=CARTESIAN_POINT('',(-0.141820849917813,-0.0391470216228064,0.0015));
#13316=CARTESIAN_POINT('',(-0.141837560989517,-0.0392042572309022,0.0015));
#13317=CARTESIAN_POINT('',(-0.141946183547726,-0.0392963779364083,0.0015));
#13318=CARTESIAN_POINT('',(-0.142054806105935,-0.0393884986419145,0.0015));
#13319=CARTESIAN_POINT('',(-0.142198940234301,-0.0394064630538657,0.0015));
#13320=CARTESIAN_POINT('',(-0.142343074362668,-0.039424427465817,0.0015));
#13321=CARTESIAN_POINT('',(-0.142704453607452,-0.0393066134826306,0.0015));
#13322=CARTESIAN_POINT('',(-0.143065832852236,-0.0391887994994443,0.0015));
#13323=CARTESIAN_POINT('',(-0.144437194327323,-0.0383666094818918,0.0015));
#13324=CARTESIAN_POINT('',(-0.14580855580241,-0.0375444194643393,0.0015));
#13325=CARTESIAN_POINT('',(-0.146496194711384,-0.0370624977047831,0.0015));
#13326=CARTESIAN_POINT('',(-0.147183833620359,-0.0365805759452269,0.0015));
#13327=CARTESIAN_POINT('',(-0.147720288510112,-0.036130536003523,0.0015));
#13328=CARTESIAN_POINT('',(-0.148256743399865,-0.0356804960618193,0.0015));
#13329=CARTESIAN_POINT('',(-0.148643450775959,-0.0352556271397968,0.0015));
#13330=CARTESIAN_POINT('',(-0.149030158152052,-0.0348307582177744,0.0015));
#13331=CARTESIAN_POINT('',(-0.149268031472542,-0.0344222612747724,0.0015));
#13332=CARTESIAN_POINT('',(-0.149505904793032,-0.0340137643317704,0.0015));
#13333=CARTESIAN_POINT('',(-0.149589199614685,-0.0336138970804637,0.0015));
#13334=CARTESIAN_POINT('',(-0.149672494436337,-0.033214029829157,0.0015));
#13335=CARTESIAN_POINT('',(-0.149591288251927,-0.032830142567307,0.0015));
#13336=CARTESIAN_POINT('',(-0.149510082067517,-0.032446255305457,0.0015));
#13337=CARTESIAN_POINT('',(-0.149273253263025,-0.0320917171272792,0.0015));
#13338=CARTESIAN_POINT('',(-0.149036424458532,-0.0317371789491012,0.0015));
#13339=CARTESIAN_POINT('',(-0.148657028694423,-0.0314083344433564,0.0015));
#13340=CARTESIAN_POINT('',(-0.148277632930314,-0.0310794899376115,0.0015));
#13341=CARTESIAN_POINT('',(-0.148006076140038,-0.0309348335512464,0.0015));
#13342=CARTESIAN_POINT('',(-0.147734519349763,-0.0307901771648812,0.0015));
#13343=CARTESIAN_POINT('',(-0.14745460682626,-0.030824330785291,0.0015));
#13344=CARTESIAN_POINT('',(-0.147174694302756,-0.0308584844057008,0.0015));
#13345=CARTESIAN_POINT('',(-0.146921938010933,-0.0310937985435707,0.0015));
#13346=CARTESIAN_POINT('',(-0.146669181719111,-0.0313291126814408,0.0015));
#13347=CARTESIAN_POINT('',(-0.146366291422669,-0.0317618281055366,0.0015));
#13348=CARTESIAN_POINT('',(-0.100755221080608,-0.0373406216031979,0.0015));
#13349=CARTESIAN_POINT('',(-0.100788212548675,-0.0374218013391681,0.0015));
#13350=CARTESIAN_POINT('',(-0.10072222961254,-0.0372594418672276,0.0015));
#13351=CARTESIAN_POINT('',(-0.100891195273151,-0.0374941816397247,0.0015));
#13352=CARTESIAN_POINT('',(-0.100994177997626,-0.0375665619402813,0.0015));
#13353=CARTESIAN_POINT('',(-0.101104785373082,-0.0375875552907246,0.0015));
#13354=CARTESIAN_POINT('',(-0.101215392748538,-0.037608548641168,0.0015));
#13355=CARTESIAN_POINT('',(-0.101493215845294,-0.0376022819399347,0.0015));
#13356=CARTESIAN_POINT('',(-0.10177103894205,-0.0375960152387015,0.0015));
#13357=CARTESIAN_POINT('',(-0.103370612556778,-0.037504312576446,0.0015));
#13358=CARTESIAN_POINT('',(-0.104970186171505,-0.0374126099141907,0.0015));
#13359=CARTESIAN_POINT('',(-0.10656840657352,-0.0372816932949517,0.0015));
#13360=CARTESIAN_POINT('',(-0.108166626975534,-0.0371507766757126,0.0015));
#13361=CARTESIAN_POINT('',(-0.110055651526484,-0.0368895418825304,0.0015));
#13362=CARTESIAN_POINT('',(-0.111944676077434,-0.0366283070893481,0.0015));
#13363=CARTESIAN_POINT('',(-0.113935671601346,-0.0362671773283549,0.0015));
#13364=CARTESIAN_POINT('',(-0.115926667125259,-0.0359060475673616,0.0015));
#13365=CARTESIAN_POINT('',(-0.117830800446162,-0.0354754460446896,0.0015));
#13366=CARTESIAN_POINT('',(-0.119734933767064,-0.0350448445220177,0.0015));
#13367=CARTESIAN_POINT('',(-0.121083317074461,-0.0347076963904182,0.0015));
#13368=CARTESIAN_POINT('',(-0.122431700381857,-0.0343705482588187,0.0015));
#13369=CARTESIAN_POINT('',(-0.123951373654548,-0.0339208083292684,0.0015));
#13370=CARTESIAN_POINT('',(-0.12547104692724,-0.0334710683997181,0.0015));
#13371=CARTESIAN_POINT('',(-0.126881526039619,-0.0330126845673707,0.0015));
#13372=CARTESIAN_POINT('',(-0.128292005151998,-0.0325543007350232,0.0015));
#13373=CARTESIAN_POINT('',(-0.129482856419856,-0.032110946722062,0.0015));
#13374=CARTESIAN_POINT('',(-0.130673707687714,-0.0316675927091008,0.0015));
#13375=CARTESIAN_POINT('',(-0.133347888519133,-0.0304430417865918,0.0015));
#13376=CARTESIAN_POINT('',(-0.136022069350551,-0.0292184908640827,0.0015));
#13377=CARTESIAN_POINT('',(-0.136643124904331,-0.0288122392751982,0.0015));
#13378=CARTESIAN_POINT('',(-0.13726418045811,-0.0284059876863138,0.0015));
#13379=CARTESIAN_POINT('',(-0.137472531398434,-0.0281839494809905,0.0015));
#13380=CARTESIAN_POINT('',(-0.137680882338758,-0.0279619112756671,0.0015));
#13381=CARTESIAN_POINT('',(-0.137812368981089,-0.0277384527496485,0.0015));
#13382=CARTESIAN_POINT('',(-0.13794385562342,-0.0275149942236299,0.0015));
#13383=CARTESIAN_POINT('',(-0.1379933363121,-0.0272883488579857,0.0015));
#13384=CARTESIAN_POINT('',(-0.138042817000779,-0.0270617034923415,0.0015));
#13385=CARTESIAN_POINT('',(-0.137988114126864,-0.0268466516226671,0.0015));
#13386=CARTESIAN_POINT('',(-0.137933411252949,-0.0266315997529928,0.0015));
#13387=CARTESIAN_POINT('',(-0.13777152153688,-0.0264644617980016,0.0015));
#13388=CARTESIAN_POINT('',(-0.137609631820811,-0.0262973238430105,0.0015));
#13389=CARTESIAN_POINT('',(-0.137360008682229,-0.026194889430221,0.0015));
#13390=CARTESIAN_POINT('',(-0.137110385543647,-0.0260924550174314,0.0015));
#13391=CARTESIAN_POINT('',(-0.136806842326019,-0.0260785640599701,0.0015));
#13392=CARTESIAN_POINT('',(-0.13650329910839,-0.0260646731025088,0.0015));
#13393=CARTESIAN_POINT('',(-0.1360454387183,-0.0261875000519289,0.0015));
#13394=CARTESIAN_POINT('',(-0.13558757832821,-0.0263103270013491,0.0015));
#13395=CARTESIAN_POINT('',(-0.133523747353724,-0.0271699084020524,0.0015));
#13396=CARTESIAN_POINT('',(-0.131459916379237,-0.0280294898027559,0.0015));
#13397=CARTESIAN_POINT('',(-0.130477089985863,-0.0284780806068075,0.0015));
#13398=CARTESIAN_POINT('',(-0.129494263592489,-0.0289266714108591,0.0015));
#13399=CARTESIAN_POINT('',(-0.126736527007794,-0.030095997201454,0.0015));
#13400=CARTESIAN_POINT('',(-0.1239787904231,-0.0312653229920489,0.0015));
#13401=CARTESIAN_POINT('',(-0.120654701158542,-0.0324225073697407,0.0015));
#13402=CARTESIAN_POINT('',(-0.117330611893984,-0.0335796917474327,0.0015));
#13403=CARTESIAN_POINT('',(-0.115181671419069,-0.0341230398111661,0.0015));
#13404=CARTESIAN_POINT('',(-0.113032730944154,-0.0346663878748995,0.0015));
#13405=CARTESIAN_POINT('',(-0.110658267780653,-0.0351434660171875,0.0015));
#13406=CARTESIAN_POINT('',(-0.108283804617152,-0.0356205441594756,0.0015));
#13407=CARTESIAN_POINT('',(-0.10684392747175,-0.0358661988478216,0.0015));
#13408=CARTESIAN_POINT('',(-0.105404050326347,-0.0361118535361675,0.0015));
#13409=CARTESIAN_POINT('',(-0.104198025154318,-0.0363080010873938,0.0015));
#13410=CARTESIAN_POINT('',(-0.10299199998229,-0.0365041486386203,0.0015));
#13411=CARTESIAN_POINT('',(-0.102064424774517,-0.0366612334231982,0.0015));
#13412=CARTESIAN_POINT('',(-0.101136849566744,-0.0368183182077762,0.0015));
#13413=CARTESIAN_POINT('',(-0.101033866842268,-0.0368575897986735,0.0015));
#13414=CARTESIAN_POINT('',(-0.100930884117793,-0.0368968613895709,0.0015));
#13415=CARTESIAN_POINT('',(-0.10085035730301,-0.0369648548018877,0.0015));
#13416=CARTESIAN_POINT('',(-0.100769830488226,-0.0370328482142046,0.0015));
#13417=CARTESIAN_POINT('',(-0.100746030050383,-0.0371461450407161,0.0015));
#13418=CARTESIAN_POINT('',(-0.107552572758011,-0.0268878681607756,0.0015));
#13419=CARTESIAN_POINT('',(-0.109283968554978,-0.0270305788104238,0.0015));
#13420=CARTESIAN_POINT('',(-0.105821176961044,-0.0267451575111272,0.0015));
#13421=CARTESIAN_POINT('',(-0.111297770529099,-0.0270665080290791,0.0015));
#13422=CARTESIAN_POINT('',(-0.11331157250322,-0.0271024372477344,0.0015));
#13423=CARTESIAN_POINT('',(-0.115724249714776,-0.0270274456571836,0.0015));
#13424=CARTESIAN_POINT('',(-0.118136926926333,-0.0269524540666328,0.0015));
#13425=CARTESIAN_POINT('',(-0.120368244817316,-0.0268338339981603,0.0015));
#13426=CARTESIAN_POINT('',(-0.122599562708298,-0.0267152139296877,0.0015));
#13427=CARTESIAN_POINT('',(-0.124714849319891,-0.0265103683945259,0.0015));
#13428=CARTESIAN_POINT('',(-0.126830135931483,-0.0263055228593642,0.0015));
#13429=CARTESIAN_POINT('',(-0.128640116754045,-0.0260367565768698,0.0015));
#13430=CARTESIAN_POINT('',(-0.130450097576607,-0.0257679902943753,0.0015));
#13431=CARTESIAN_POINT('',(-0.131765499284757,-0.0254576095629162,0.0015));
#13432=CARTESIAN_POINT('',(-0.133080900992907,-0.025147228831457,0.0015));
#13433=CARTESIAN_POINT('',(-0.134130572462605,-0.0248260606893142,0.0015));
#13434=CARTESIAN_POINT('',(-0.135180243932303,-0.0245048925471714,0.0015));
#13435=CARTESIAN_POINT('',(-0.135771663022347,-0.0242663536734038,0.0015));
#13436=CARTESIAN_POINT('',(-0.136363082112392,-0.0240278147996363,0.0015));
#13437=CARTESIAN_POINT('',(-0.13672106687756,-0.0237179136928699,0.0015));
#13438=CARTESIAN_POINT('',(-0.137079051642728,-0.0234080125861035,0.0015));
#13439=CARTESIAN_POINT('',(-0.137159082647952,-0.0232225186243502,0.0015));
#13440=CARTESIAN_POINT('',(-0.137239113653177,-0.0230370246625969,0.0015));
#13441=CARTESIAN_POINT('',(-0.13723532757875,-0.0228396237711239,0.0015));
#13442=CARTESIAN_POINT('',(-0.137231541504323,-0.0226422228796508,0.0015));
#13443=CARTESIAN_POINT('',(-0.137141718655061,-0.0224557365092739,0.0015));
#13444=CARTESIAN_POINT('',(-0.137051895805799,-0.022269250138897,0.0015));
#13445=CARTESIAN_POINT('',(-0.13688687293649,-0.0221028172124666,0.0015));
#13446=CARTESIAN_POINT('',(-0.136721850067182,-0.0219363842860362,0.0015));
#13447=CARTESIAN_POINT('',(-0.136500949144772,-0.0218065591583821,0.0015));
#13448=CARTESIAN_POINT('',(-0.136280048222362,-0.021676734030728,0.0015));
#13449=CARTESIAN_POINT('',(-0.136024680640546,-0.0216233626581204,0.0015));
#13450=CARTESIAN_POINT('',(-0.135769313058729,-0.0215699912855126,0.0015));
#13451=CARTESIAN_POINT('',(-0.135094598752279,-0.0216814339579648,0.0015));
#13452=CARTESIAN_POINT('',(-0.134419884445829,-0.0217928766304169,0.0015));
#13453=CARTESIAN_POINT('',(-0.133535236240193,-0.0219992597278655,0.0015));
#13454=CARTESIAN_POINT('',(-0.132650588034556,-0.0222056428253142,0.0015));
#13455=CARTESIAN_POINT('',(-0.131664628487941,-0.022414846037006,0.0015));
#13456=CARTESIAN_POINT('',(-0.130678668941327,-0.0226240492486978,0.0015));
#13457=CARTESIAN_POINT('',(-0.128787824579814,-0.0229864860363231,0.0015));
#13458=CARTESIAN_POINT('',(-0.126896980218301,-0.0233489228239484,0.0015));
#13459=CARTESIAN_POINT('',(-0.124872185562024,-0.0236719577522412,0.0015));
#13460=CARTESIAN_POINT('',(-0.122847390905746,-0.0239949926805341,0.0015));
#13461=CARTESIAN_POINT('',(-0.121617030405785,-0.0241679536345736,0.0015));
#13462=CARTESIAN_POINT('',(-0.120386669905824,-0.0243409145886132,0.0015));
#13463=CARTESIAN_POINT('',(-0.117825454308536,-0.0246736987276373,0.0015));
#13464=CARTESIAN_POINT('',(-0.115264238711249,-0.0250064828666615,0.0015));
#13465=CARTESIAN_POINT('',(-0.112768089039265,-0.025170673596997,0.0015));
#13466=CARTESIAN_POINT('',(-0.11027193936728,-0.0253348643273325,0.0015));
#13467=CARTESIAN_POINT('',(-0.107885868101955,-0.0253291881763383,0.0015));
#13468=CARTESIAN_POINT('',(-0.10549979683663,-0.025323512025344,0.0015));
#13469=CARTESIAN_POINT('',(-0.10326881645932,-0.0251466967046373,0.0015));
#13470=CARTESIAN_POINT('',(-0.10103783608201,-0.0249698813839305,0.0015));
#13471=CARTESIAN_POINT('',(-0.100154336607119,-0.0249214191575615,0.0015));
#13472=CARTESIAN_POINT('',(-0.0992708371322284,-0.0248729569311924,0.0015));
#13473=CARTESIAN_POINT('',(-0.0991471744910596,-0.0248964569621291,0.0015));
#13474=CARTESIAN_POINT('',(-0.0990235118498907,-0.0249199569930659,0.0015));
#13475=CARTESIAN_POINT('',(-0.0989203203011664,-0.0249818925283983,0.0015));
#13476=CARTESIAN_POINT('',(-0.0988171287524421,-0.0250438280637309,0.0015));
#13477=CARTESIAN_POINT('',(-0.0987853775977776,-0.0251850378631059,0.0015));
#13478=CARTESIAN_POINT('',(-0.098753626443113,-0.0253262476624808,0.0015));
#13479=CARTESIAN_POINT('',(-0.0988182778779407,-0.0254276636129597,0.0015));
#13480=CARTESIAN_POINT('',(-0.0988829293127683,-0.0255290795634384,0.0015));
#13481=CARTESIAN_POINT('',(-0.0989807940667561,-0.025591015098771,0.0015));
#13482=CARTESIAN_POINT('',(-0.0990786588207439,-0.0256529506341034,0.0015));
#13483=CARTESIAN_POINT('',(-0.0992106771951415,-0.0257014132552254,0.0015));
#13484=CARTESIAN_POINT('',(-0.099342695569539,-0.0257498758763473,0.0015));
#13485=CARTESIAN_POINT('',(-0.0997362440122384,-0.0258479494545841,0.0015));
#13486=CARTESIAN_POINT('',(-0.100129792454938,-0.0259460230328208,0.0015));
#13487=CARTESIAN_POINT('',(-0.101361510904646,-0.0261525107397704,0.0015));
#13488=CARTESIAN_POINT('',(-0.102593229354355,-0.0263589984467199,0.0015));
#13489=CARTESIAN_POINT('',(-0.1042072031577,-0.0265520779789236,0.0015));
#13490=CARTESIAN_POINT('',(-0.152256983081682,-0.0188895176991737,0.0015));
#13491=CARTESIAN_POINT('',(-0.152428272652225,-0.019559635898382,0.0015));
#13492=CARTESIAN_POINT('',(-0.15208569351114,-0.0182193994999654,0.0015));
#13493=CARTESIAN_POINT('',(-0.15250869525226,-0.0197537990271139,0.0015));
#13494=CARTESIAN_POINT('',(-0.152589117852295,-0.0199479621558458,0.0015));
#13495=CARTESIAN_POINT('',(-0.152783385195775,-0.020047915941829,0.0015));
#13496=CARTESIAN_POINT('',(-0.152977652539255,-0.0201478697278121,0.0015));
#13497=CARTESIAN_POINT('',(-0.153239809475056,-0.0201197739843867,0.0015));
#13498=CARTESIAN_POINT('',(-0.153501966410858,-0.0200916782409612,0.0015));
#13499=CARTESIAN_POINT('',(-0.153892590129814,-0.0199812800845069,0.0015));
#13500=CARTESIAN_POINT('',(-0.154283213848769,-0.0198708819280524,0.0015));
#13501=CARTESIAN_POINT('',(-0.154857660540732,-0.0196242877279625,0.0015));
#13502=CARTESIAN_POINT('',(-0.155432107232697,-0.0193776935278725,0.0015));
#13503=CARTESIAN_POINT('',(-0.155588383168719,-0.0192187541944823,0.0015));
#13504=CARTESIAN_POINT('',(-0.155744659104741,-0.0190598148610921,0.0015));
#13505=CARTESIAN_POINT('',(-0.155782650906952,-0.0188521523697098,0.0015));
#13506=CARTESIAN_POINT('',(-0.155820642709162,-0.0186444898783275,0.0015));
#13507=CARTESIAN_POINT('',(-0.155726511527474,-0.0184426894665241,0.0015));
#13508=CARTESIAN_POINT('',(-0.155632380345787,-0.0182408890547206,0.0015));
#13509=CARTESIAN_POINT('',(-0.155440332302738,-0.0180443368818398,0.0015));
#13510=CARTESIAN_POINT('',(-0.155248284259688,-0.017847784708959,0.0015));
#13511=CARTESIAN_POINT('',(-0.154573570347991,-0.0173877050184384,0.0015));
#13512=CARTESIAN_POINT('',(-0.153898856436294,-0.0169276253279178,0.0015));
#13513=CARTESIAN_POINT('',(-0.153375587475441,-0.0166612907228783,0.0015));
#13514=CARTESIAN_POINT('',(-0.152852318514588,-0.0163949561178389,0.0015));
#13515=CARTESIAN_POINT('',(-0.152656223465489,-0.0163524601857967,0.0015));
#13516=CARTESIAN_POINT('',(-0.15246012841639,-0.0163099642537545,0.0015));
#13517=CARTESIAN_POINT('',(-0.152284399850234,-0.0163565336402865,0.0015));
#13518=CARTESIAN_POINT('',(-0.152108671284078,-0.0164031030268185,0.0015));
#13519=CARTESIAN_POINT('',(-0.152007359548347,-0.0165537517611976,0.0015));
#13520=CARTESIAN_POINT('',(-0.151906047812616,-0.0167044004955767,0.0015));
#13521=CARTESIAN_POINT('',(-0.151889336740912,-0.0169007173957686,0.0015));
#13522=CARTESIAN_POINT('',(-0.151872625669208,-0.0170970342959606,0.0015));
#13523=CARTESIAN_POINT('',(-0.151979159590173,-0.017658216897963,0.0015));
#13524=CARTESIAN_POINT('',(-0.0757166675000001,0.047675,0.0015));
#13525=CARTESIAN_POINT('',(-0.0852416675000001,0.047675,0.0015));
#13526=CARTESIAN_POINT('',(0.0576333324999999,0.047675,0.0015));
#13527=CARTESIAN_POINT('',(0.0576428994999999,0.047673097,0.0015));
#13528=CARTESIAN_POINT('',(0.0576524664999999,0.047671194,0.0015));
#13529=CARTESIAN_POINT('',(0.0576659965,0.047657664,0.0015));
#13530=CARTESIAN_POINT('',(0.0576795264999999,0.047644134,0.0015));
#13531=CARTESIAN_POINT('',(0.0576814294999999,0.047634567,0.0015));
#13532=CARTESIAN_POINT('',(0.0576833325,0.047625,0.0015));
#13533=CARTESIAN_POINT('',(0.0576833325,0.0381,0.0015));
#13534=CARTESIAN_POINT('',(0.0576833325,-0.009525,0.0015));
#13535=CARTESIAN_POINT('',(0.0576814295,-0.009534567,0.0015));
#13536=CARTESIAN_POINT('',(0.0576795264999999,-0.009544134,0.0015));
#13537=CARTESIAN_POINT('',(0.0576659964999999,-0.009557664,0.0015));
#13538=CARTESIAN_POINT('',(0.0576524664999999,-0.009571194,0.0015));
#13539=CARTESIAN_POINT('',(0.0576428995,-0.009573097,0.0015));
#13540=CARTESIAN_POINT('',(0.0576333324999999,-0.009575,0.0015));
#13541=CARTESIAN_POINT('',(0.0505145824999999,-0.009575,0.0015));
#13542=CARTESIAN_POINT('',(0.0433958324999999,-0.009575,0.0015));
#13543=CARTESIAN_POINT('',(0.0433958324999999,-0.01905,0.0015));
#13544=CARTESIAN_POINT('',(0.0433958324999999,-0.028525,0.0015));
#13545=CARTESIAN_POINT('',(0.0505145824999999,-0.028525,0.0015));
#13546=CARTESIAN_POINT('',(0.0576333324999999,-0.028525,0.0015));
#13547=CARTESIAN_POINT('',(0.0576428994999999,-0.028526903,0.0015));
#13548=CARTESIAN_POINT('',(0.0576524664999999,-0.028528806,0.0015));
#13549=CARTESIAN_POINT('',(0.0576659965,-0.028542336,0.0015));
#13550=CARTESIAN_POINT('',(0.0576795264999999,-0.028555866,0.0015));
#13551=CARTESIAN_POINT('',(0.0576814294999999,-0.028565433,0.0015));
#13552=CARTESIAN_POINT('',(0.0576833325,-0.028575,0.0015));
#13553=CARTESIAN_POINT('',(0.0576833325,-0.0381,0.0015));
#13554=CARTESIAN_POINT('',(0.0576833325,-0.047625,0.0015));
#13555=CARTESIAN_POINT('',(0.0576814295,-0.047634567,0.0015));
#13556=CARTESIAN_POINT('',(0.0576795264999999,-0.047644134,0.0015));
#13557=CARTESIAN_POINT('',(0.0576659964999999,-0.047657664,0.0015));
#13558=CARTESIAN_POINT('',(0.0576524664999999,-0.047671194,0.0015));
#13559=CARTESIAN_POINT('',(0.0576428995,-0.047673097,0.0015));
#13560=CARTESIAN_POINT('',(0.0576333324999999,-0.047675,0.0015));
#13561=CARTESIAN_POINT('',(0.0481083324999999,-0.047675,0.0015));
#13562=CARTESIAN_POINT('',(0.000483332499999933,-0.047675,0.0015));
#13563=CARTESIAN_POINT('',(0.000473765499999945,-0.047673097,0.0015));
#13564=CARTESIAN_POINT('',(0.000464198499999957,-0.047671194,0.0015));
#13565=CARTESIAN_POINT('',(0.000450668499999949,-0.047657664,0.0015));
#13566=CARTESIAN_POINT('',(0.000437138499999934,-0.047644134,0.0015));
#13567=CARTESIAN_POINT('',(0.000435235499999936,-0.047634567,0.0015));
#13568=CARTESIAN_POINT('',(0.000433332499999939,-0.047625,0.0015));
#13569=CARTESIAN_POINT('',(0.000433332499999939,-0.038125,0.0015));
#13570=CARTESIAN_POINT('',(0.000433332499999939,-0.028625,0.0015));
#13571=CARTESIAN_POINT('',(-0.00666041750000007,-0.028625,0.0015));
#13572=CARTESIAN_POINT('',(-0.0137541675000001,-0.028625,0.0015));
#13573=CARTESIAN_POINT('',(-0.0137541675000001,-0.038125,0.0015));
#13574=CARTESIAN_POINT('',(-0.0137541675000001,-0.047625,0.0015));
#13575=CARTESIAN_POINT('',(-0.0137560705000001,-0.047634567,0.0015));
#13576=CARTESIAN_POINT('',(-0.0137579735000001,-0.047644134,0.0015));
#13577=CARTESIAN_POINT('',(-0.0137715035000001,-0.047657664,0.0015));
#13578=CARTESIAN_POINT('',(-0.0137850335000001,-0.047671194,0.0015));
#13579=CARTESIAN_POINT('',(-0.0137946005000001,-0.047673097,0.0015));
#13580=CARTESIAN_POINT('',(-0.0138041675000001,-0.047675,0.0015));
#13581=CARTESIAN_POINT('',(-0.0233291675000001,-0.047675,0.0015));
#13582=CARTESIAN_POINT('',(-0.0852416675000001,-0.047675,0.0015));
#13583=CARTESIAN_POINT('',(-0.0852512345000001,-0.047673097,0.0015));
#13584=CARTESIAN_POINT('',(-0.0852608015000001,-0.047671194,0.0015));
#13585=CARTESIAN_POINT('',(-0.0852743315000001,-0.047657664,0.0015));
#13586=CARTESIAN_POINT('',(-0.0852878615000001,-0.047644134,0.0015));
#13587=CARTESIAN_POINT('',(-0.0852897645000001,-0.047634567,0.0015));
#13588=CARTESIAN_POINT('',(-0.0852916675000001,-0.047625,0.0015));
#13589=CARTESIAN_POINT('',(-0.0852916675000001,-0.0381,0.0015));
#13590=CARTESIAN_POINT('',(-0.0852916675000001,-0.028575,0.0015));
#13591=CARTESIAN_POINT('',(-0.0852897645000001,-0.028565433,0.0015));
#13592=CARTESIAN_POINT('',(-0.0852878615000001,-0.028555866,0.0015));
#13593=CARTESIAN_POINT('',(-0.0852743315000001,-0.028542336,0.0015));
#13594=CARTESIAN_POINT('',(-0.0852608015000001,-0.028528806,0.0015));
#13595=CARTESIAN_POINT('',(-0.0852512345000001,-0.028526903,0.0015));
#13596=CARTESIAN_POINT('',(-0.0852416675000001,-0.028525,0.0015));
#13597=CARTESIAN_POINT('',(-0.0781229175000001,-0.028525,0.0015));
#13598=CARTESIAN_POINT('',(-0.0710041675000001,-0.028525,0.0015));
#13599=CARTESIAN_POINT('',(-0.0710041675000001,-0.019025,0.0015));
#13600=CARTESIAN_POINT('',(-0.0710041675000001,0.009475,0.0015));
#13601=CARTESIAN_POINT('',(-0.0757416675000001,0.009475,0.0015));
#13602=CARTESIAN_POINT('',(-0.0804791675000001,0.009475,0.0015));
#13603=CARTESIAN_POINT('',(-0.0804887345000001,0.009476903,0.0015));
#13604=CARTESIAN_POINT('',(-0.0804983015000001,0.009478806,0.0015));
#13605=CARTESIAN_POINT('',(-0.0805118315000001,0.009492336,0.0015));
#13606=CARTESIAN_POINT('',(-0.0805253615000001,0.009505866,0.0015));
#13607=CARTESIAN_POINT('',(-0.0805272645000001,0.009515433,0.0015));
#13608=CARTESIAN_POINT('',(-0.0805291675000001,0.009525,0.0015));
#13609=CARTESIAN_POINT('',(-0.0805291675000001,0.019025,0.0015));
#13610=CARTESIAN_POINT('',(-0.0805291675000001,0.028525,0.0015));
#13611=CARTESIAN_POINT('',(-0.0828854175000001,0.028525,0.0015));
#13612=CARTESIAN_POINT('',(-0.0852416675000001,0.028525,0.0015));
#13613=CARTESIAN_POINT('',(-0.0852512345000001,0.028526903,0.0015));
#13614=CARTESIAN_POINT('',(-0.0852608015000001,0.028528806,0.0015));
#13615=CARTESIAN_POINT('',(-0.0852743315000001,0.028542336,0.0015));
#13616=CARTESIAN_POINT('',(-0.0852878615000001,0.028555866,0.0015));
#13617=CARTESIAN_POINT('',(-0.0852897645000001,0.028565433,0.0015));
#13618=CARTESIAN_POINT('',(-0.0852916675000001,0.028575,0.0015));
#13619=CARTESIAN_POINT('',(-0.0852916675000001,0.0381,0.0015));
#13620=CARTESIAN_POINT('',(-0.0852916675000001,0.047625,0.0015));
#13621=CARTESIAN_POINT('',(-0.0852897645000001,0.047634567,0.0015));
#13622=CARTESIAN_POINT('',(-0.0852878615000001,0.047644134,0.0015));
#13623=CARTESIAN_POINT('',(-0.0852743315000001,0.047657664,0.0015));
#13624=CARTESIAN_POINT('',(-0.0852608015000001,0.047671194,0.0015));
#13625=CARTESIAN_POINT('',(-0.0852512345000001,0.047673097,0.0015));
#13626=CARTESIAN_POINT('',(0.0670037869204879,0.0174573638316453,0.0015));
#13627=CARTESIAN_POINT('',(0.0670037869204879,0.0350413872565739,0.0015));
#13628=CARTESIAN_POINT('',(0.0670037869204879,-0.000126659593283178,0.0015));
#13629=CARTESIAN_POINT('',(0.0695432500537164,0.0350362473340003,0.0015));
#13630=CARTESIAN_POINT('',(0.0720827131869449,0.0350311074114267,0.0015));
#13631=CARTESIAN_POINT('',(0.0720827131869449,0.0174522239090718,0.0015));
#13632=CARTESIAN_POINT('',(0.0720827131869449,-0.000126659593283174,0.0015));
#13633=CARTESIAN_POINT('',(0.0695432500537164,-0.000126659593283178,0.0015));
#13634=CARTESIAN_POINT('',(-0.0365116697442623,-0.000256222335602088,0.));
#13635=CARTESIAN_POINT('',(-0.0757166675000001,0.047675,0.));
#13636=CARTESIAN_POINT('',(-0.0852416675000001,0.047675,0.));
#13637=CARTESIAN_POINT('',(0.0576333324999999,0.047675,0.));
#13638=CARTESIAN_POINT('',(-0.0852512345000001,0.047673097,0.));
#13639=CARTESIAN_POINT('',(-0.0852608015000001,0.047671194,0.));
#13640=CARTESIAN_POINT('',(-0.0852743315000001,0.047657664,0.));
#13641=CARTESIAN_POINT('',(-0.0852878615000001,0.047644134,0.));
#13642=CARTESIAN_POINT('',(-0.0852897645000001,0.047634567,0.));
#13643=CARTESIAN_POINT('',(-0.0852916675000001,0.047625,0.));
#13644=CARTESIAN_POINT('',(-0.0852916675000001,0.0381,0.));
#13645=CARTESIAN_POINT('',(-0.0852916675000001,0.028575,0.));
#13646=CARTESIAN_POINT('',(-0.0852897645000001,0.028565433,0.));
#13647=CARTESIAN_POINT('',(-0.0852878615000001,0.028555866,0.));
#13648=CARTESIAN_POINT('',(-0.0852743315000001,0.028542336,0.));
#13649=CARTESIAN_POINT('',(-0.0852608015000001,0.028528806,0.));
#13650=CARTESIAN_POINT('',(-0.0852512345000001,0.028526903,0.));
#13651=CARTESIAN_POINT('',(-0.0852416675000001,0.028525,0.));
#13652=CARTESIAN_POINT('',(-0.0828854175000001,0.028525,0.));
#13653=CARTESIAN_POINT('',(-0.0805291675000001,0.028525,0.));
#13654=CARTESIAN_POINT('',(-0.0805291675000001,0.019025,0.));
#13655=CARTESIAN_POINT('',(-0.0805291675000001,0.009525,0.));
#13656=CARTESIAN_POINT('',(-0.0805272645000001,0.009515433,0.));
#13657=CARTESIAN_POINT('',(-0.0805253615000001,0.009505866,0.));
#13658=CARTESIAN_POINT('',(-0.0805118315000001,0.009492336,0.));
#13659=CARTESIAN_POINT('',(-0.0804983015000001,0.009478806,0.));
#13660=CARTESIAN_POINT('',(-0.0804887345000001,0.009476903,0.));
#13661=CARTESIAN_POINT('',(-0.0804791675000001,0.009475,0.));
#13662=CARTESIAN_POINT('',(-0.0757416675000001,0.009475,0.));
#13663=CARTESIAN_POINT('',(-0.0710041675000001,0.009475,0.));
#13664=CARTESIAN_POINT('',(-0.0710041675000001,-0.019025,0.));
#13665=CARTESIAN_POINT('',(-0.0710041675000001,-0.028525,0.));
#13666=CARTESIAN_POINT('',(-0.0781229175000001,-0.028525,0.));
#13667=CARTESIAN_POINT('',(-0.0852416675000001,-0.028525,0.));
#13668=CARTESIAN_POINT('',(-0.0852512345000001,-0.028526903,0.));
#13669=CARTESIAN_POINT('',(-0.0852608015000001,-0.028528806,0.));
#13670=CARTESIAN_POINT('',(-0.0852743315000001,-0.028542336,0.));
#13671=CARTESIAN_POINT('',(-0.0852878615000001,-0.028555866,0.));
#13672=CARTESIAN_POINT('',(-0.0852897645000001,-0.028565433,0.));
#13673=CARTESIAN_POINT('',(-0.0852916675000001,-0.028575,0.));
#13674=CARTESIAN_POINT('',(-0.0852916675000001,-0.0381,0.));
#13675=CARTESIAN_POINT('',(-0.0852916675000001,-0.047625,0.));
#13676=CARTESIAN_POINT('',(-0.0852897645000001,-0.047634567,0.));
#13677=CARTESIAN_POINT('',(-0.0852878615000001,-0.047644134,0.));
#13678=CARTESIAN_POINT('',(-0.0852743315000001,-0.047657664,0.));
#13679=CARTESIAN_POINT('',(-0.0852608015000001,-0.047671194,0.));
#13680=CARTESIAN_POINT('',(-0.0852512345000001,-0.047673097,0.));
#13681=CARTESIAN_POINT('',(-0.0852416675000001,-0.047675,0.));
#13682=CARTESIAN_POINT('',(-0.0233291675000001,-0.047675,0.));
#13683=CARTESIAN_POINT('',(-0.0138041675000001,-0.047675,0.));
#13684=CARTESIAN_POINT('',(-0.0137946005000001,-0.047673097,0.));
#13685=CARTESIAN_POINT('',(-0.0137850335000001,-0.047671194,0.));
#13686=CARTESIAN_POINT('',(-0.0137715035000001,-0.047657664,0.));
#13687=CARTESIAN_POINT('',(-0.0137579735000001,-0.047644134,0.));
#13688=CARTESIAN_POINT('',(-0.0137560705000001,-0.047634567,0.));
#13689=CARTESIAN_POINT('',(-0.0137541675000001,-0.047625,0.));
#13690=CARTESIAN_POINT('',(-0.0137541675000001,-0.038125,0.));
#13691=CARTESIAN_POINT('',(-0.0137541675000001,-0.028625,0.));
#13692=CARTESIAN_POINT('',(-0.00666041750000007,-0.028625,0.));
#13693=CARTESIAN_POINT('',(0.000433332499999939,-0.028625,0.));
#13694=CARTESIAN_POINT('',(0.000433332499999939,-0.038125,0.));
#13695=CARTESIAN_POINT('',(0.000433332499999939,-0.047625,0.));
#13696=CARTESIAN_POINT('',(0.000435235499999936,-0.047634567,0.));
#13697=CARTESIAN_POINT('',(0.000437138499999934,-0.047644134,0.));
#13698=CARTESIAN_POINT('',(0.000450668499999949,-0.047657664,0.));
#13699=CARTESIAN_POINT('',(0.000464198499999957,-0.047671194,0.));
#13700=CARTESIAN_POINT('',(0.000473765499999945,-0.047673097,0.));
#13701=CARTESIAN_POINT('',(0.000483332499999933,-0.047675,0.));
#13702=CARTESIAN_POINT('',(0.0481083324999999,-0.047675,0.));
#13703=CARTESIAN_POINT('',(0.0576333324999999,-0.047675,0.));
#13704=CARTESIAN_POINT('',(0.0576428995,-0.047673097,0.));
#13705=CARTESIAN_POINT('',(0.0576524664999999,-0.047671194,0.));
#13706=CARTESIAN_POINT('',(0.0576659964999999,-0.047657664,0.));
#13707=CARTESIAN_POINT('',(0.0576795264999999,-0.047644134,0.));
#13708=CARTESIAN_POINT('',(0.0576814295,-0.047634567,0.));
#13709=CARTESIAN_POINT('',(0.0576833325,-0.047625,0.));
#13710=CARTESIAN_POINT('',(0.0576833325,-0.0381,0.));
#13711=CARTESIAN_POINT('',(0.0576833325,-0.028575,0.));
#13712=CARTESIAN_POINT('',(0.0576814294999999,-0.028565433,0.));
#13713=CARTESIAN_POINT('',(0.0576795264999999,-0.028555866,0.));
#13714=CARTESIAN_POINT('',(0.0576659965,-0.028542336,0.));
#13715=CARTESIAN_POINT('',(0.0576524664999999,-0.028528806,0.));
#13716=CARTESIAN_POINT('',(0.0576428994999999,-0.028526903,0.));
#13717=CARTESIAN_POINT('',(0.0576333324999999,-0.028525,0.));
#13718=CARTESIAN_POINT('',(0.0505145824999999,-0.028525,0.));
#13719=CARTESIAN_POINT('',(0.0433958324999999,-0.028525,0.));
#13720=CARTESIAN_POINT('',(0.0433958324999999,-0.01905,0.));
#13721=CARTESIAN_POINT('',(0.0433958324999999,-0.009575,0.));
#13722=CARTESIAN_POINT('',(0.0505145824999999,-0.009575,0.));
#13723=CARTESIAN_POINT('',(0.0576333324999999,-0.009575,0.));
#13724=CARTESIAN_POINT('',(0.0576428995,-0.009573097,0.));
#13725=CARTESIAN_POINT('',(0.0576524664999999,-0.009571194,0.));
#13726=CARTESIAN_POINT('',(0.0576659964999999,-0.009557664,0.));
#13727=CARTESIAN_POINT('',(0.0576795264999999,-0.009544134,0.));
#13728=CARTESIAN_POINT('',(0.0576814295,-0.009534567,0.));
#13729=CARTESIAN_POINT('',(0.0576833325,-0.009525,0.));
#13730=CARTESIAN_POINT('',(0.0576833325,0.0381,0.));
#13731=CARTESIAN_POINT('',(0.0576833325,0.047625,0.));
#13732=CARTESIAN_POINT('',(0.0576814294999999,0.047634567,0.));
#13733=CARTESIAN_POINT('',(0.0576795264999999,0.047644134,0.));
#13734=CARTESIAN_POINT('',(0.0576659965,0.047657664,0.));
#13735=CARTESIAN_POINT('',(0.0576524664999999,0.047671194,0.));
#13736=CARTESIAN_POINT('',(0.0576428994999999,0.047673097,0.));
#13737=CARTESIAN_POINT('',(-0.152256983081682,-0.0188895176991737,0.));
#13738=CARTESIAN_POINT('',(-0.152428272652225,-0.019559635898382,0.));
#13739=CARTESIAN_POINT('',(-0.15208569351114,-0.0182193994999654,0.));
#13740=CARTESIAN_POINT('',(-0.151979159590173,-0.017658216897963,0.));
#13741=CARTESIAN_POINT('',(-0.151872625669208,-0.0170970342959606,0.));
#13742=CARTESIAN_POINT('',(-0.151889336740912,-0.0169007173957686,0.));
#13743=CARTESIAN_POINT('',(-0.151906047812616,-0.0167044004955767,0.));
#13744=CARTESIAN_POINT('',(-0.152007359548347,-0.0165537517611976,0.));
#13745=CARTESIAN_POINT('',(-0.152108671284078,-0.0164031030268185,0.));
#13746=CARTESIAN_POINT('',(-0.152284399850234,-0.0163565336402865,0.));
#13747=CARTESIAN_POINT('',(-0.15246012841639,-0.0163099642537545,0.));
#13748=CARTESIAN_POINT('',(-0.152656223465489,-0.0163524601857967,0.));
#13749=CARTESIAN_POINT('',(-0.152852318514588,-0.0163949561178389,0.));
#13750=CARTESIAN_POINT('',(-0.153375587475441,-0.0166612907228783,0.));
#13751=CARTESIAN_POINT('',(-0.153898856436294,-0.0169276253279178,0.));
#13752=CARTESIAN_POINT('',(-0.154573570347991,-0.0173877050184384,0.));
#13753=CARTESIAN_POINT('',(-0.155248284259688,-0.017847784708959,0.));
#13754=CARTESIAN_POINT('',(-0.155440332302738,-0.0180443368818398,0.));
#13755=CARTESIAN_POINT('',(-0.155632380345787,-0.0182408890547206,0.));
#13756=CARTESIAN_POINT('',(-0.155726511527474,-0.0184426894665241,0.));
#13757=CARTESIAN_POINT('',(-0.155820642709162,-0.0186444898783275,0.));
#13758=CARTESIAN_POINT('',(-0.155782650906952,-0.0188521523697098,0.));
#13759=CARTESIAN_POINT('',(-0.155744659104741,-0.0190598148610921,0.));
#13760=CARTESIAN_POINT('',(-0.155588383168719,-0.0192187541944823,0.));
#13761=CARTESIAN_POINT('',(-0.155432107232697,-0.0193776935278725,0.));
#13762=CARTESIAN_POINT('',(-0.154857660540732,-0.0196242877279625,0.));
#13763=CARTESIAN_POINT('',(-0.154283213848769,-0.0198708819280524,0.));
#13764=CARTESIAN_POINT('',(-0.153892590129814,-0.0199812800845069,0.));
#13765=CARTESIAN_POINT('',(-0.153501966410858,-0.0200916782409612,0.));
#13766=CARTESIAN_POINT('',(-0.153239809475056,-0.0201197739843867,0.));
#13767=CARTESIAN_POINT('',(-0.152977652539255,-0.0201478697278121,0.));
#13768=CARTESIAN_POINT('',(-0.152783385195775,-0.020047915941829,0.));
#13769=CARTESIAN_POINT('',(-0.152589117852295,-0.0199479621558458,0.));
#13770=CARTESIAN_POINT('',(-0.15250869525226,-0.0197537990271139,0.));
#13771=CARTESIAN_POINT('',(-0.107552572758011,-0.0268878681607756,0.));
#13772=CARTESIAN_POINT('',(-0.109283968554978,-0.0270305788104238,0.));
#13773=CARTESIAN_POINT('',(-0.105821176961044,-0.0267451575111272,0.));
#13774=CARTESIAN_POINT('',(-0.1042072031577,-0.0265520779789236,0.));
#13775=CARTESIAN_POINT('',(-0.102593229354355,-0.0263589984467199,0.));
#13776=CARTESIAN_POINT('',(-0.101361510904646,-0.0261525107397704,0.));
#13777=CARTESIAN_POINT('',(-0.100129792454938,-0.0259460230328208,0.));
#13778=CARTESIAN_POINT('',(-0.0997362440122384,-0.0258479494545841,0.));
#13779=CARTESIAN_POINT('',(-0.099342695569539,-0.0257498758763473,0.));
#13780=CARTESIAN_POINT('',(-0.0992106771951415,-0.0257014132552254,0.));
#13781=CARTESIAN_POINT('',(-0.0990786588207439,-0.0256529506341034,0.));
#13782=CARTESIAN_POINT('',(-0.0989807940667561,-0.025591015098771,0.));
#13783=CARTESIAN_POINT('',(-0.0988829293127683,-0.0255290795634384,0.));
#13784=CARTESIAN_POINT('',(-0.0988182778779407,-0.0254276636129597,0.));
#13785=CARTESIAN_POINT('',(-0.098753626443113,-0.0253262476624808,0.));
#13786=CARTESIAN_POINT('',(-0.0987853775977776,-0.0251850378631059,0.));
#13787=CARTESIAN_POINT('',(-0.0988171287524421,-0.0250438280637309,0.));
#13788=CARTESIAN_POINT('',(-0.0989203203011664,-0.0249818925283983,0.));
#13789=CARTESIAN_POINT('',(-0.0990235118498907,-0.0249199569930659,0.));
#13790=CARTESIAN_POINT('',(-0.0991471744910596,-0.0248964569621291,0.));
#13791=CARTESIAN_POINT('',(-0.0992708371322284,-0.0248729569311924,0.));
#13792=CARTESIAN_POINT('',(-0.100154336607119,-0.0249214191575615,0.));
#13793=CARTESIAN_POINT('',(-0.10103783608201,-0.0249698813839305,0.));
#13794=CARTESIAN_POINT('',(-0.10326881645932,-0.0251466967046373,0.));
#13795=CARTESIAN_POINT('',(-0.10549979683663,-0.025323512025344,0.));
#13796=CARTESIAN_POINT('',(-0.107885868101955,-0.0253291881763383,0.));
#13797=CARTESIAN_POINT('',(-0.11027193936728,-0.0253348643273325,0.));
#13798=CARTESIAN_POINT('',(-0.112768089039265,-0.025170673596997,0.));
#13799=CARTESIAN_POINT('',(-0.115264238711249,-0.0250064828666615,0.));
#13800=CARTESIAN_POINT('',(-0.117825454308536,-0.0246736987276373,0.));
#13801=CARTESIAN_POINT('',(-0.120386669905824,-0.0243409145886132,0.));
#13802=CARTESIAN_POINT('',(-0.121617030405785,-0.0241679536345736,0.));
#13803=CARTESIAN_POINT('',(-0.122847390905746,-0.0239949926805341,0.));
#13804=CARTESIAN_POINT('',(-0.124872185562024,-0.0236719577522412,0.));
#13805=CARTESIAN_POINT('',(-0.126896980218301,-0.0233489228239484,0.));
#13806=CARTESIAN_POINT('',(-0.128787824579814,-0.0229864860363231,0.));
#13807=CARTESIAN_POINT('',(-0.130678668941327,-0.0226240492486978,0.));
#13808=CARTESIAN_POINT('',(-0.131664628487941,-0.022414846037006,0.));
#13809=CARTESIAN_POINT('',(-0.132650588034556,-0.0222056428253142,0.));
#13810=CARTESIAN_POINT('',(-0.133535236240193,-0.0219992597278655,0.));
#13811=CARTESIAN_POINT('',(-0.134419884445829,-0.0217928766304169,0.));
#13812=CARTESIAN_POINT('',(-0.135094598752279,-0.0216814339579648,0.));
#13813=CARTESIAN_POINT('',(-0.135769313058729,-0.0215699912855126,0.));
#13814=CARTESIAN_POINT('',(-0.136024680640546,-0.0216233626581204,0.));
#13815=CARTESIAN_POINT('',(-0.136280048222362,-0.021676734030728,0.));
#13816=CARTESIAN_POINT('',(-0.136500949144772,-0.0218065591583821,0.));
#13817=CARTESIAN_POINT('',(-0.136721850067182,-0.0219363842860362,0.));
#13818=CARTESIAN_POINT('',(-0.13688687293649,-0.0221028172124666,0.));
#13819=CARTESIAN_POINT('',(-0.137051895805799,-0.022269250138897,0.));
#13820=CARTESIAN_POINT('',(-0.137141718655061,-0.0224557365092739,0.));
#13821=CARTESIAN_POINT('',(-0.137231541504323,-0.0226422228796508,0.));
#13822=CARTESIAN_POINT('',(-0.13723532757875,-0.0228396237711239,0.));
#13823=CARTESIAN_POINT('',(-0.137239113653177,-0.0230370246625969,0.));
#13824=CARTESIAN_POINT('',(-0.137159082647952,-0.0232225186243502,0.));
#13825=CARTESIAN_POINT('',(-0.137079051642728,-0.0234080125861035,0.));
#13826=CARTESIAN_POINT('',(-0.13672106687756,-0.0237179136928699,0.));
#13827=CARTESIAN_POINT('',(-0.136363082112392,-0.0240278147996363,0.));
#13828=CARTESIAN_POINT('',(-0.135771663022347,-0.0242663536734038,0.));
#13829=CARTESIAN_POINT('',(-0.135180243932303,-0.0245048925471714,0.));
#13830=CARTESIAN_POINT('',(-0.134130572462605,-0.0248260606893142,0.));
#13831=CARTESIAN_POINT('',(-0.133080900992907,-0.025147228831457,0.));
#13832=CARTESIAN_POINT('',(-0.131765499284757,-0.0254576095629162,0.));
#13833=CARTESIAN_POINT('',(-0.130450097576607,-0.0257679902943753,0.));
#13834=CARTESIAN_POINT('',(-0.128640116754045,-0.0260367565768698,0.));
#13835=CARTESIAN_POINT('',(-0.126830135931483,-0.0263055228593642,0.));
#13836=CARTESIAN_POINT('',(-0.124714849319891,-0.0265103683945259,0.));
#13837=CARTESIAN_POINT('',(-0.122599562708298,-0.0267152139296877,0.));
#13838=CARTESIAN_POINT('',(-0.120368244817316,-0.0268338339981603,0.));
#13839=CARTESIAN_POINT('',(-0.118136926926333,-0.0269524540666328,0.));
#13840=CARTESIAN_POINT('',(-0.115724249714776,-0.0270274456571836,0.));
#13841=CARTESIAN_POINT('',(-0.11331157250322,-0.0271024372477344,0.));
#13842=CARTESIAN_POINT('',(-0.111297770529099,-0.0270665080290791,0.));
#13843=CARTESIAN_POINT('',(-0.100755221080608,-0.0373406216031979,0.));
#13844=CARTESIAN_POINT('',(-0.100788212548675,-0.0374218013391681,0.));
#13845=CARTESIAN_POINT('',(-0.10072222961254,-0.0372594418672276,0.));
#13846=CARTESIAN_POINT('',(-0.100746030050383,-0.0371461450407161,0.));
#13847=CARTESIAN_POINT('',(-0.100769830488226,-0.0370328482142046,0.));
#13848=CARTESIAN_POINT('',(-0.10085035730301,-0.0369648548018877,0.));
#13849=CARTESIAN_POINT('',(-0.100930884117793,-0.0368968613895709,0.));
#13850=CARTESIAN_POINT('',(-0.101033866842268,-0.0368575897986735,0.));
#13851=CARTESIAN_POINT('',(-0.101136849566744,-0.0368183182077762,0.));
#13852=CARTESIAN_POINT('',(-0.102064424774517,-0.0366612334231982,0.));
#13853=CARTESIAN_POINT('',(-0.10299199998229,-0.0365041486386203,0.));
#13854=CARTESIAN_POINT('',(-0.104198025154318,-0.0363080010873938,0.));
#13855=CARTESIAN_POINT('',(-0.105404050326347,-0.0361118535361675,0.));
#13856=CARTESIAN_POINT('',(-0.10684392747175,-0.0358661988478216,0.));
#13857=CARTESIAN_POINT('',(-0.108283804617152,-0.0356205441594756,0.));
#13858=CARTESIAN_POINT('',(-0.110658267780653,-0.0351434660171875,0.));
#13859=CARTESIAN_POINT('',(-0.113032730944154,-0.0346663878748995,0.));
#13860=CARTESIAN_POINT('',(-0.115181671419069,-0.0341230398111661,0.));
#13861=CARTESIAN_POINT('',(-0.117330611893984,-0.0335796917474327,0.));
#13862=CARTESIAN_POINT('',(-0.120654701158542,-0.0324225073697407,0.));
#13863=CARTESIAN_POINT('',(-0.1239787904231,-0.0312653229920489,0.));
#13864=CARTESIAN_POINT('',(-0.126736527007794,-0.030095997201454,0.));
#13865=CARTESIAN_POINT('',(-0.129494263592489,-0.0289266714108591,0.));
#13866=CARTESIAN_POINT('',(-0.130477089985863,-0.0284780806068075,0.));
#13867=CARTESIAN_POINT('',(-0.131459916379237,-0.0280294898027559,0.));
#13868=CARTESIAN_POINT('',(-0.133523747353724,-0.0271699084020524,0.));
#13869=CARTESIAN_POINT('',(-0.13558757832821,-0.0263103270013491,0.));
#13870=CARTESIAN_POINT('',(-0.1360454387183,-0.0261875000519289,0.));
#13871=CARTESIAN_POINT('',(-0.13650329910839,-0.0260646731025088,0.));
#13872=CARTESIAN_POINT('',(-0.136806842326019,-0.0260785640599701,0.));
#13873=CARTESIAN_POINT('',(-0.137110385543647,-0.0260924550174314,0.));
#13874=CARTESIAN_POINT('',(-0.137360008682229,-0.026194889430221,0.));
#13875=CARTESIAN_POINT('',(-0.137609631820811,-0.0262973238430105,0.));
#13876=CARTESIAN_POINT('',(-0.13777152153688,-0.0264644617980016,0.));
#13877=CARTESIAN_POINT('',(-0.137933411252949,-0.0266315997529928,0.));
#13878=CARTESIAN_POINT('',(-0.137988114126864,-0.0268466516226671,0.));
#13879=CARTESIAN_POINT('',(-0.138042817000779,-0.0270617034923415,0.));
#13880=CARTESIAN_POINT('',(-0.1379933363121,-0.0272883488579857,0.));
#13881=CARTESIAN_POINT('',(-0.13794385562342,-0.0275149942236299,0.));
#13882=CARTESIAN_POINT('',(-0.137812368981089,-0.0277384527496485,0.));
#13883=CARTESIAN_POINT('',(-0.137680882338758,-0.0279619112756671,0.));
#13884=CARTESIAN_POINT('',(-0.137472531398434,-0.0281839494809905,0.));
#13885=CARTESIAN_POINT('',(-0.13726418045811,-0.0284059876863138,0.));
#13886=CARTESIAN_POINT('',(-0.136643124904331,-0.0288122392751982,0.));
#13887=CARTESIAN_POINT('',(-0.136022069350551,-0.0292184908640827,0.));
#13888=CARTESIAN_POINT('',(-0.133347888519133,-0.0304430417865918,0.));
#13889=CARTESIAN_POINT('',(-0.130673707687714,-0.0316675927091008,0.));
#13890=CARTESIAN_POINT('',(-0.129482856419856,-0.032110946722062,0.));
#13891=CARTESIAN_POINT('',(-0.128292005151998,-0.0325543007350232,0.));
#13892=CARTESIAN_POINT('',(-0.126881526039619,-0.0330126845673707,0.));
#13893=CARTESIAN_POINT('',(-0.12547104692724,-0.0334710683997181,0.));
#13894=CARTESIAN_POINT('',(-0.123951373654548,-0.0339208083292684,0.));
#13895=CARTESIAN_POINT('',(-0.122431700381857,-0.0343705482588187,0.));
#13896=CARTESIAN_POINT('',(-0.121083317074461,-0.0347076963904182,0.));
#13897=CARTESIAN_POINT('',(-0.119734933767064,-0.0350448445220177,0.));
#13898=CARTESIAN_POINT('',(-0.117830800446162,-0.0354754460446896,0.));
#13899=CARTESIAN_POINT('',(-0.115926667125259,-0.0359060475673616,0.));
#13900=CARTESIAN_POINT('',(-0.113935671601346,-0.0362671773283549,0.));
#13901=CARTESIAN_POINT('',(-0.111944676077434,-0.0366283070893481,0.));
#13902=CARTESIAN_POINT('',(-0.110055651526484,-0.0368895418825304,0.));
#13903=CARTESIAN_POINT('',(-0.108166626975534,-0.0371507766757126,0.));
#13904=CARTESIAN_POINT('',(-0.10656840657352,-0.0372816932949517,0.));
#13905=CARTESIAN_POINT('',(-0.104970186171505,-0.0374126099141907,0.));
#13906=CARTESIAN_POINT('',(-0.103370612556778,-0.037504312576446,0.));
#13907=CARTESIAN_POINT('',(-0.10177103894205,-0.0375960152387015,0.));
#13908=CARTESIAN_POINT('',(-0.101493215845294,-0.0376022819399347,0.));
#13909=CARTESIAN_POINT('',(-0.101215392748538,-0.037608548641168,0.));
#13910=CARTESIAN_POINT('',(-0.101104785373082,-0.0375875552907246,0.));
#13911=CARTESIAN_POINT('',(-0.100994177997626,-0.0375665619402813,0.));
#13912=CARTESIAN_POINT('',(-0.100891195273151,-0.0374941816397247,0.));
#13913=CARTESIAN_POINT('',(-0.144771417735178,-0.0341771162123346,0.));
#13914=CARTESIAN_POINT('',(-0.143479434344129,-0.0361596888950369,0.));
#13915=CARTESIAN_POINT('',(-0.146063401126228,-0.0321945435296324,0.));
#13916=CARTESIAN_POINT('',(-0.146366291422669,-0.0317618281055366,0.));
#13917=CARTESIAN_POINT('',(-0.146669181719111,-0.0313291126814408,0.));
#13918=CARTESIAN_POINT('',(-0.146921938010933,-0.0310937985435707,0.));
#13919=CARTESIAN_POINT('',(-0.147174694302756,-0.0308584844057008,0.));
#13920=CARTESIAN_POINT('',(-0.14745460682626,-0.030824330785291,0.));
#13921=CARTESIAN_POINT('',(-0.147734519349763,-0.0307901771648812,0.));
#13922=CARTESIAN_POINT('',(-0.148006076140038,-0.0309348335512464,0.));
#13923=CARTESIAN_POINT('',(-0.148277632930314,-0.0310794899376115,0.));
#13924=CARTESIAN_POINT('',(-0.148657028694423,-0.0314083344433564,0.));
#13925=CARTESIAN_POINT('',(-0.149036424458532,-0.0317371789491012,0.));
#13926=CARTESIAN_POINT('',(-0.149273253263025,-0.0320917171272792,0.));
#13927=CARTESIAN_POINT('',(-0.149510082067517,-0.032446255305457,0.));
#13928=CARTESIAN_POINT('',(-0.149591288251927,-0.032830142567307,0.));
#13929=CARTESIAN_POINT('',(-0.149672494436337,-0.033214029829157,0.));
#13930=CARTESIAN_POINT('',(-0.149589199614685,-0.0336138970804637,0.));
#13931=CARTESIAN_POINT('',(-0.149505904793032,-0.0340137643317704,0.));
#13932=CARTESIAN_POINT('',(-0.149268031472542,-0.0344222612747724,0.));
#13933=CARTESIAN_POINT('',(-0.149030158152052,-0.0348307582177744,0.));
#13934=CARTESIAN_POINT('',(-0.148643450775959,-0.0352556271397968,0.));
#13935=CARTESIAN_POINT('',(-0.148256743399865,-0.0356804960618193,0.));
#13936=CARTESIAN_POINT('',(-0.147720288510112,-0.036130536003523,0.));
#13937=CARTESIAN_POINT('',(-0.147183833620359,-0.0365805759452269,0.));
#13938=CARTESIAN_POINT('',(-0.146496194711384,-0.0370624977047831,0.));
#13939=CARTESIAN_POINT('',(-0.14580855580241,-0.0375444194643393,0.));
#13940=CARTESIAN_POINT('',(-0.144437194327323,-0.0383666094818918,0.));
#13941=CARTESIAN_POINT('',(-0.143065832852236,-0.0391887994994443,0.));
#13942=CARTESIAN_POINT('',(-0.142704453607452,-0.0393066134826306,0.));
#13943=CARTESIAN_POINT('',(-0.142343074362668,-0.039424427465817,0.));
#13944=CARTESIAN_POINT('',(-0.142198940234301,-0.0394064630538657,0.));
#13945=CARTESIAN_POINT('',(-0.142054806105935,-0.0393884986419145,0.));
#13946=CARTESIAN_POINT('',(-0.141946183547726,-0.0392963779364083,0.));
#13947=CARTESIAN_POINT('',(-0.141837560989517,-0.0392042572309022,0.));
#13948=CARTESIAN_POINT('',(-0.141820849917813,-0.0391470216228064,0.));
#13949=CARTESIAN_POINT('',(-0.141804138846108,-0.0390897860147107,0.));
#13950=CARTESIAN_POINT('',(-0.141806227483351,-0.0390582436842951,0.));
#13951=CARTESIAN_POINT('',(-0.141808316120593,-0.0390267013538796,0.));
#13952=CARTESIAN_POINT('',(-0.141821894039058,-0.0389813722807508,0.));
#13953=CARTESIAN_POINT('',(-0.141835471957522,-0.038936043207622,0.));
#13954=CARTESIAN_POINT('',(-0.141881427503398,-0.0388326428346486,0.));
#13955=CARTESIAN_POINT('',(-0.141927383049273,-0.0387292424616754,0.));
#13956=CARTESIAN_POINT('',(-0.142100761651811,-0.0384119389497734,0.));
#13957=CARTESIAN_POINT('',(-0.142274140254348,-0.0380946354378716,0.));
#13958=CARTESIAN_POINT('',(-0.142876787299239,-0.0371271621664542,0.));
#13959=CARTESIAN_POINT('',(-0.119243520175624,-0.0409420898675739,0.));
#13960=CARTESIAN_POINT('',(-0.117513390350995,-0.0417720873066693,0.));
#13961=CARTESIAN_POINT('',(-0.120973650000254,-0.0401120924284786,0.));
#13962=CARTESIAN_POINT('',(-0.121998254270266,-0.0395710678799237,0.));
#13963=CARTESIAN_POINT('',(-0.123022858540279,-0.0390300433313688,0.));
#13964=CARTESIAN_POINT('',(-0.124193473593628,-0.0383711380863987,0.));
#13965=CARTESIAN_POINT('',(-0.125364088646977,-0.0377122328414287,0.));
#13966=CARTESIAN_POINT('',(-0.126734748251526,-0.0368632805555226,0.));
#13967=CARTESIAN_POINT('',(-0.128105407856075,-0.0360143282696166,0.));
#13968=CARTESIAN_POINT('',(-0.130857399997535,-0.0341245935583192,0.));
#13969=CARTESIAN_POINT('',(-0.133609392138995,-0.0322348588470217,0.));
#13970=CARTESIAN_POINT('',(-0.134912472821702,-0.0313380688337293,0.));
#13971=CARTESIAN_POINT('',(-0.13621555350441,-0.0304412788204369,0.));
#13972=CARTESIAN_POINT('',(-0.137130882295026,-0.0299842541220956,0.));
#13973=CARTESIAN_POINT('',(-0.138046211085643,-0.0295272294237542,0.));
#13974=CARTESIAN_POINT('',(-0.138380565551439,-0.0294630351127078,0.));
#13975=CARTESIAN_POINT('',(-0.138714920017235,-0.0293988408016614,0.));
#13976=CARTESIAN_POINT('',(-0.138984257112327,-0.0294630351127078,0.));
#13977=CARTESIAN_POINT('',(-0.139253594207419,-0.0295272294237542,0.));
#13978=CARTESIAN_POINT('',(-0.139422142219531,-0.0297340175376101,0.));
#13979=CARTESIAN_POINT('',(-0.139590690231644,-0.0299408056514659,0.));
#13980=CARTESIAN_POINT('',(-0.139639387730702,-0.0302412018995049,0.));
#13981=CARTESIAN_POINT('',(-0.13968808522976,-0.030541598147544,0.));
#13982=CARTESIAN_POINT('',(-0.139651268211982,-0.0308139515490373,0.));
#13983=CARTESIAN_POINT('',(-0.139614451194204,-0.0310863049505306,0.));
#13984=CARTESIAN_POINT('',(-0.139485200826675,-0.0313603028923287,0.));
#13985=CARTESIAN_POINT('',(-0.139355950459147,-0.0316343008341268,0.));
#13986=CARTESIAN_POINT('',(-0.139114682659041,-0.031920636380986,0.));
#13987=CARTESIAN_POINT('',(-0.138873414858935,-0.0322069719278452,0.));
#13988=CARTESIAN_POINT('',(-0.138497413179688,-0.0325299677756076,0.));
#13989=CARTESIAN_POINT('',(-0.138121411500442,-0.03285296362337,0.));
#13990=CARTESIAN_POINT('',(-0.136848228213093,-0.0337113572127971,0.));
#13991=CARTESIAN_POINT('',(-0.135575044925743,-0.0345697508022242,0.));
#13992=CARTESIAN_POINT('',(-0.133415124795515,-0.0358650110365453,0.));
#13993=CARTESIAN_POINT('',(-0.131255204665286,-0.0371602712708662,0.));
#13994=CARTESIAN_POINT('',(-0.130262978417438,-0.0377714828732343,0.));
#13995=CARTESIAN_POINT('',(-0.12927075216959,-0.0383826944756022,0.));
#13996=CARTESIAN_POINT('',(-0.128022635687174,-0.0390571995630503,0.));
#13997=CARTESIAN_POINT('',(-0.126774519204758,-0.0397317046504984,0.));
#13998=CARTESIAN_POINT('',(-0.125350935087809,-0.0403710116015389,0.));
#13999=CARTESIAN_POINT('',(-0.12392735097086,-0.0410103185525795,0.));
#14000=CARTESIAN_POINT('',(-0.123268304009623,-0.0412838597653492,0.));
#14001=CARTESIAN_POINT('',(-0.122609257048385,-0.0415574009781187,0.));
#14002=CARTESIAN_POINT('',(-0.122470345105255,-0.0416193369082041,0.));
#14003=CARTESIAN_POINT('',(-0.122331433162124,-0.0416812728382895,0.));
#14004=CARTESIAN_POINT('',(-0.122049432001378,-0.0417968931799795,0.));
#14005=CARTESIAN_POINT('',(-0.121767430840631,-0.0419125135216695,0.));
#14006=CARTESIAN_POINT('',(-0.12082847135589,-0.0422854862624234,0.));
#14007=CARTESIAN_POINT('',(-0.119889511871149,-0.0426584590031774,0.));
#14008=CARTESIAN_POINT('',(-0.117084122303395,-0.0437464613677706,0.));
#14009=CARTESIAN_POINT('',(-0.11427873273564,-0.0448344637323637,0.));
#14010=CARTESIAN_POINT('',(-0.112616074460081,-0.0454330764032947,0.));
#14011=CARTESIAN_POINT('',(-0.110953416184522,-0.0460316890742256,0.));
#14012=CARTESIAN_POINT('',(-0.109773919981923,-0.0463385091351258,0.));
#14013=CARTESIAN_POINT('',(-0.108594423779323,-0.0466453291960259,0.));
#14014=CARTESIAN_POINT('',(-0.107569610685062,-0.0468525479852233,0.));
#14015=CARTESIAN_POINT('',(-0.106544797590801,-0.0470597667744206,0.));
#14016=CARTESIAN_POINT('',(-0.106378312162244,-0.047073657731882,0.));
#14017=CARTESIAN_POINT('',(-0.106211826733686,-0.0470875486893434,0.));
#14018=CARTESIAN_POINT('',(-0.106135582197642,-0.0470750152868767,0.));
#14019=CARTESIAN_POINT('',(-0.106059337661597,-0.0470624818844101,0.));
#14020=CARTESIAN_POINT('',(-0.105980377226057,-0.0470184061515279,0.));
#14021=CARTESIAN_POINT('',(-0.105901416790518,-0.0469743304186457,0.));
#14022=CARTESIAN_POINT('',(-0.105824754211222,-0.0468481610969836,0.));
#14023=CARTESIAN_POINT('',(-0.105748091631927,-0.0467219917753214,0.));
#14024=CARTESIAN_POINT('',(-0.105787049789074,-0.0465661599362372,0.));
#14025=CARTESIAN_POINT('',(-0.105826007946222,-0.046410328097153,0.));
#14026=CARTESIAN_POINT('',(-0.105948312637643,-0.0463228034988884,0.));
#14027=CARTESIAN_POINT('',(-0.106070617329064,-0.0462352789006238,0.));
#14028=CARTESIAN_POINT('',(-0.106244110154814,-0.0461733767241536,0.));
#14029=CARTESIAN_POINT('',(-0.106417593366852,-0.0461114407940682,0.));
#14030=CARTESIAN_POINT('',(-0.109006041243475,-0.0451476941845286,0.));
#14031=CARTESIAN_POINT('',(-0.111594498733808,-0.044183981328604,0.));
#14032=CARTESIAN_POINT('',(-0.112576280611185,-0.0438094418138536,0.));
#14033=CARTESIAN_POINT('',(-0.113558062488562,-0.0434349022991031,0.));
#14034=CARTESIAN_POINT('',(-0.115535726419778,-0.0426034948028862,0.));
#14035=CARTESIAN_POINT('',(-0.136886742668055,-0.0674672471683569,0.));
#14036=CARTESIAN_POINT('',(-0.136706967095849,-0.0677220861761292,0.));
#14037=CARTESIAN_POINT('',(-0.137066525608479,-0.0672124290525228,0.));
#14038=CARTESIAN_POINT('',(-0.137269655285159,-0.066927294768498,0.));
#14039=CARTESIAN_POINT('',(-0.137472792330057,-0.0666421190054639,0.));
#14040=CARTESIAN_POINT('',(-0.137733064321078,-0.0664213550622874,0.));
#14041=CARTESIAN_POINT('',(-0.137993336312099,-0.0662005911191109,0.));
#14042=CARTESIAN_POINT('',(-0.138295810144302,-0.0660462857892343,0.));
#14043=CARTESIAN_POINT('',(-0.138598283976504,-0.0658919804593576,0.));
#14044=CARTESIAN_POINT('',(-0.138928028123957,-0.0658061809309758,0.));
#14045=CARTESIAN_POINT('',(-0.139257772271409,-0.065720381402594,0.));
#14046=CARTESIAN_POINT('',(-0.13959985362917,-0.0657051352586549,0.));
#14047=CARTESIAN_POINT('',(-0.139941934986931,-0.0656898891147158,0.));
#14048=CARTESIAN_POINT('',(-0.140281421634317,-0.0657472431486616,0.));
#14049=CARTESIAN_POINT('',(-0.140620908281703,-0.0658045971826074,0.));
#14050=CARTESIAN_POINT('',(-0.140942867903277,-0.065936598977386,0.));
#14051=CARTESIAN_POINT('',(-0.141264827524851,-0.0660686007721645,0.));
#14052=CARTESIAN_POINT('',(-0.141554327410424,-0.066277297121218,0.));
#14053=CARTESIAN_POINT('',(-0.141843827333554,-0.0664860109770525,0.));
#14054=CARTESIAN_POINT('',(-0.142362918587612,-0.0672230613553047,0.));
#14055=CARTESIAN_POINT('',(-0.142882009879227,-0.0679600873965375,0.));
#14056=CARTESIAN_POINT('',(-0.143805302808261,-0.0697045885928271,0.));
#14057=CARTESIAN_POINT('',(-0.14472859573213,-0.0714491000603146,0.));
#14058=CARTESIAN_POINT('',(-0.145822133720874,-0.0735063406286199,0.));
#14059=CARTESIAN_POINT('',(-0.146915672020839,-0.0755635910475444,0.));
#14060=CARTESIAN_POINT('',(-0.147212294904908,-0.0761981617799133,0.));
#14061=CARTESIAN_POINT('',(-0.147508918105364,-0.0768327115645563,0.));
#14062=CARTESIAN_POINT('',(-0.147502651404131,-0.0770813438735261,0.));
#14063=CARTESIAN_POINT('',(-0.147496384702897,-0.0773299761824959,0.));
#14064=CARTESIAN_POINT('',(-0.147329272801593,-0.0775104441511719,0.));
#14065=CARTESIAN_POINT('',(-0.147162160900289,-0.0776909121198478,0.));
#14066=CARTESIAN_POINT('',(-0.146880159739543,-0.0777678672109929,0.));
#14067=CARTESIAN_POINT('',(-0.146598158578796,-0.0778448223021381,0.));
#14068=CARTESIAN_POINT('',(-0.146192912425379,-0.0778610028260343,0.));
#14069=CARTESIAN_POINT('',(-0.145787666271962,-0.0778771833499305,0.));
#14070=CARTESIAN_POINT('',(-0.144507172162134,-0.0777857337242414,0.));
#14071=CARTESIAN_POINT('',(-0.143226678052307,-0.0776942840985524,0.));
#14072=CARTESIAN_POINT('',(-0.141983522823503,-0.077484073872382,0.));
#14073=CARTESIAN_POINT('',(-0.140740367594699,-0.0772738636462117,0.));
#14074=CARTESIAN_POINT('',(-0.1393828449697,-0.076906284808176,0.));
#14075=CARTESIAN_POINT('',(-0.1380253223447,-0.0765387059701403,0.));
#14076=CARTESIAN_POINT('',(-0.136773681114233,-0.0760839285996806,0.));
#14077=CARTESIAN_POINT('',(-0.135522039883765,-0.0756291512292208,0.));
#14078=CARTESIAN_POINT('',(-0.134593916364306,-0.0751532222124314,0.));
#14079=CARTESIAN_POINT('',(-0.133665793325932,-0.0746772837686421,0.));
#14080=CARTESIAN_POINT('',(-0.133178573502264,-0.0742460486206042,0.));
#14081=CARTESIAN_POINT('',(-0.132691354159681,-0.0738148253622193,0.));
#14082=CARTESIAN_POINT('',(-0.132375000423097,-0.0733179464177982,0.));
#14083=CARTESIAN_POINT('',(-0.132058646686513,-0.0728210674733771,0.));
#14084=CARTESIAN_POINT('',(-0.13190855613264,-0.0722952831474688,0.));
#14085=CARTESIAN_POINT('',(-0.131758465578768,-0.0717694988215605,0.));
#14086=CARTESIAN_POINT('',(-0.131770036179073,-0.0712515598134671,0.));
#14087=CARTESIAN_POINT('',(-0.131781606779379,-0.0707336208053737,0.));
#14088=CARTESIAN_POINT('',(-0.131950481252085,-0.0702598976674184,0.));
#14089=CARTESIAN_POINT('',(-0.132119355724791,-0.0697861745294631,0.));
#14090=CARTESIAN_POINT('',(-0.132438239037533,-0.0694012080133661,0.));
#14091=CARTESIAN_POINT('',(-0.132757122350275,-0.069016241497269,0.));
#14092=CARTESIAN_POINT('',(-0.13321700624339,-0.0687576645749154,0.));
#14093=CARTESIAN_POINT('',(-0.133676890136505,-0.0684990876525617,0.));
#14094=CARTESIAN_POINT('',(-0.134268766350331,-0.0684045325063307,0.));
#14095=CARTESIAN_POINT('',(-0.134860642564157,-0.0683099773600998,0.));
#14096=CARTESIAN_POINT('',(-0.135260927463961,-0.0682784938478564,0.));
#14097=CARTESIAN_POINT('',(-0.135661212363766,-0.0682470103356131,0.));
#14098=CARTESIAN_POINT('',(-0.135959663664594,-0.0681508623616986,0.));
#14099=CARTESIAN_POINT('',(-0.136258114965422,-0.0680547143877841,0.));
#14100=CARTESIAN_POINT('',(-0.136482541030636,-0.0678884002819567,0.));
#14101=CARTESIAN_POINT('',(-0.13337961362011,0.0692395130773958,0.));
#14102=CARTESIAN_POINT('',(-0.13337961362011,0.0692394084678949,0.));
#14103=CARTESIAN_POINT('',(-0.13337961362011,0.0692396176868967,0.));
#14104=CARTESIAN_POINT('',(-0.133428702713979,0.0692224885719413,0.));
#14105=CARTESIAN_POINT('',(-0.133477791807848,0.069205359456986,0.));
#14106=CARTESIAN_POINT('',(-0.133428702713979,0.0692223839624405,0.));
#14107=CARTESIAN_POINT('',(0.0867992914999999,0.06503125,0.));
#14108=CARTESIAN_POINT('',(-0.110076575216153,0.06503125,0.));
#14109=CARTESIAN_POINT('',(0.0903117915,0.06503125,0.));
#14110=CARTESIAN_POINT('',(0.0903117915,0.06003125,0.));
#14111=CARTESIAN_POINT('',(0.0953117915,0.06003125,0.));
#14112=CARTESIAN_POINT('',(0.0953117915,-0.0565187495000012,0.));
#14113=CARTESIAN_POINT('',(0.0953117915,-0.0600312500000023,0.));
#14114=CARTESIAN_POINT('',(0.0903117915,-0.0600312500000023,0.));
#14115=CARTESIAN_POINT('',(0.0903117915,-0.0650312500000023,0.));
#14116=CARTESIAN_POINT('',(0.0867993823575554,-0.0650312500000023,0.));
#14117=CARTESIAN_POINT('',(0.0782869732151109,-0.0650312500000023,0.));
#14118=CARTESIAN_POINT('',(-0.00501725628500133,-0.0650332683473837,0.));
#14119=CARTESIAN_POINT('',(-0.0883214857851136,-0.0650352866947651,0.));
#14120=CARTESIAN_POINT('',(-0.0968324898191775,-0.0650464935385795,0.));
#14121=CARTESIAN_POINT('',(-0.105343493853241,-0.065057700382394,0.));
#14122=CARTESIAN_POINT('',(-0.106658117803019,-0.0659996335224189,0.));
#14123=CARTESIAN_POINT('',(-0.107972741752797,-0.0669415666624438,0.));
#14124=CARTESIAN_POINT('',(-0.10963113077646,-0.0679281921570887,0.));
#14125=CARTESIAN_POINT('',(-0.111289519800124,-0.0689148176517336,0.));
#14126=CARTESIAN_POINT('',(-0.11383275282683,-0.0702007013219982,0.));
#14127=CARTESIAN_POINT('',(-0.116375985853536,-0.0714865849922629,0.));
#14128=CARTESIAN_POINT('',(-0.118668551225662,-0.0725078784702597,0.));
#14129=CARTESIAN_POINT('',(-0.120961116597788,-0.0735291719482565,0.));
#14130=CARTESIAN_POINT('',(-0.122104788191233,-0.0739340632188764,0.));
#14131=CARTESIAN_POINT('',(-0.123248459784678,-0.0743389544894963,0.));
#14132=CARTESIAN_POINT('',(-0.125026993017505,-0.074929559204445,0.));
#14133=CARTESIAN_POINT('',(-0.126805526250331,-0.0755201639193937,0.));
#14134=CARTESIAN_POINT('',(-0.128595613503844,-0.0760129441451436,0.));
#14135=CARTESIAN_POINT('',(-0.130385700757357,-0.0765057243708935,0.));
#14136=CARTESIAN_POINT('',(-0.132173046847194,-0.0768971040415251,0.));
#14137=CARTESIAN_POINT('',(-0.133960392937031,-0.0772884837121567,0.));
#14138=CARTESIAN_POINT('',(-0.135730701099817,-0.0775748875512562,0.));
#14139=CARTESIAN_POINT('',(-0.137501009262603,-0.0778612913903556,0.));
#14140=CARTESIAN_POINT('',(-0.139528676140498,-0.0780774023818825,0.));
#14141=CARTESIAN_POINT('',(-0.141556343018393,-0.0782935133734095,0.));
#14142=CARTESIAN_POINT('',(-0.1435142929931,-0.0784194012363013,0.));
#14143=CARTESIAN_POINT('',(-0.145472242967806,-0.0785452890991931,0.));
#14144=CARTESIAN_POINT('',(-0.146966849435564,-0.0785642921058495,0.));
#14145=CARTESIAN_POINT('',(-0.148461455903322,-0.078583295112506,0.));
#14146=CARTESIAN_POINT('',(-0.148914746634611,-0.078546919033643,0.));
#14147=CARTESIAN_POINT('',(-0.149368037365899,-0.0785105429547801,0.));
#14148=CARTESIAN_POINT('',(-0.149504860277034,-0.0784778199186393,0.));
#14149=CARTESIAN_POINT('',(-0.14964168318817,-0.0784450968824985,0.));
#14150=CARTESIAN_POINT('',(-0.149690772282038,-0.0784207078681805,0.));
#14151=CARTESIAN_POINT('',(-0.149739861375907,-0.0783963188538625,0.));
#14152=CARTESIAN_POINT('',(-0.14977641706731,-0.0783519245554436,0.));
#14153=CARTESIAN_POINT('',(-0.149812972758712,-0.0783075302570248,0.));
#14154=CARTESIAN_POINT('',(-0.14981715042795,-0.0782646502304755,0.));
#14155=CARTESIAN_POINT('',(-0.149821328097188,-0.0782217702039262,0.));
#14156=CARTESIAN_POINT('',(-0.149814016879957,-0.0781826620407021,0.));
#14157=CARTESIAN_POINT('',(-0.149806705662726,-0.0781435538774778,0.));
#14158=CARTESIAN_POINT('',(-0.149773283519316,-0.0780402652195565,0.));
#14159=CARTESIAN_POINT('',(-0.149739861375907,-0.0779369765616351,0.));
#14160=CARTESIAN_POINT('',(-0.149608260650008,-0.0776213554863099,0.));
#14161=CARTESIAN_POINT('',(-0.149476659924108,-0.0773057344109848,0.));
#14162=CARTESIAN_POINT('',(-0.149035902595286,-0.0763918298885919,0.));
#14163=CARTESIAN_POINT('',(-0.148595145266465,-0.075477925366199,0.));
#14164=CARTESIAN_POINT('',(-0.148089631893314,-0.0745221817804791,0.));
#14165=CARTESIAN_POINT('',(-0.147584118520164,-0.0735664381947592,0.));
#14166=CARTESIAN_POINT('',(-0.147214383542151,-0.0729710186794992,0.));
#14167=CARTESIAN_POINT('',(-0.146844648647086,-0.0723755887147923,0.));
#14168=CARTESIAN_POINT('',(-0.146634584001763,-0.0720654541002216,0.));
#14169=CARTESIAN_POINT('',(-0.146424519439389,-0.0717553295633515,0.));
#14170=CARTESIAN_POINT('',(-0.146259888164891,-0.0713955419619924,0.));
#14171=CARTESIAN_POINT('',(-0.146095256890393,-0.0710357543606334,0.));
#14172=CARTESIAN_POINT('',(-0.145913261623004,-0.0702578200832552,0.));
#14173=CARTESIAN_POINT('',(-0.145731266355615,-0.069479885805877,0.));
#14174=CARTESIAN_POINT('',(-0.145763644377779,-0.068785128713807,0.));
#14175=CARTESIAN_POINT('',(-0.145796022399943,-0.0680903716217371,0.));
#14176=CARTESIAN_POINT('',(-0.145894330856116,-0.0678355784052934,0.));
#14177=CARTESIAN_POINT('',(-0.145992639312289,-0.0675807851888497,0.));
#14178=CARTESIAN_POINT('',(-0.146141864962703,-0.0674179867517582,0.));
#14179=CARTESIAN_POINT('',(-0.146291090613117,-0.0672551883146668,0.));
#14180=CARTESIAN_POINT('',(-0.14658379747071,-0.0670929385840141,0.));
#14181=CARTESIAN_POINT('',(-0.146876504328304,-0.0669306888533613,0.));
#14182=CARTESIAN_POINT('',(-0.147192711216834,-0.0668233666109862,0.));
#14183=CARTESIAN_POINT('',(-0.147508918105364,-0.0667160443686112,0.));
#14184=CARTESIAN_POINT('',(-0.147881525304994,-0.0666645334661083,0.));
#14185=CARTESIAN_POINT('',(-0.148254132504624,-0.0666130225636053,0.));
#14186=CARTESIAN_POINT('',(-0.148716039900764,-0.0666200815337756,0.));
#14187=CARTESIAN_POINT('',(-0.149177947296904,-0.066627140503946,0.));
#14188=CARTESIAN_POINT('',(-0.15049212527127,-0.0668290897375677,0.));
#14189=CARTESIAN_POINT('',(-0.151806303245635,-0.0670310389711894,0.));
#14190=CARTESIAN_POINT('',(-0.15383958429833,-0.0674996362436005,0.));
#14191=CARTESIAN_POINT('',(-0.155872865351024,-0.0679682335160116,0.));
#14192=CARTESIAN_POINT('',(-0.157891784900879,-0.0684213572668514,0.));
#14193=CARTESIAN_POINT('',(-0.159910704450735,-0.0688744810176912,0.));
#14194=CARTESIAN_POINT('',(-0.160546251775788,-0.0689660660436022,0.));
#14195=CARTESIAN_POINT('',(-0.161181799100842,-0.0690576510695131,0.));
#14196=CARTESIAN_POINT('',(-0.161594878334736,-0.0690541235581921,0.));
#14197=CARTESIAN_POINT('',(-0.16200795756863,-0.0690505960468711,0.));
#14198=CARTESIAN_POINT('',(-0.162141647326526,-0.0690075241704448,0.));
#14199=CARTESIAN_POINT('',(-0.16227533708442,-0.0689644522940184,0.));
#14200=CARTESIAN_POINT('',(-0.162362025990937,-0.0688815636730315,0.));
#14201=CARTESIAN_POINT('',(-0.162448714897452,-0.0687986750520447,0.));
#14202=CARTESIAN_POINT('',(-0.162470779212333,-0.0686823875780658,0.));
#14203=CARTESIAN_POINT('',(-0.162492843527214,-0.068566100104087,0.));
#14204=CARTESIAN_POINT('',(-0.162456157172624,-0.0684372239622449,0.));
#14205=CARTESIAN_POINT('',(-0.162419470818034,-0.0683083478204027,0.));
#14206=CARTESIAN_POINT('',(-0.162211886487713,-0.0679955433065453,0.));
#14207=CARTESIAN_POINT('',(-0.162004302157392,-0.0676827387926879,0.));
#14208=CARTESIAN_POINT('',(-0.161632217215761,-0.0672733173385496,0.));
#14209=CARTESIAN_POINT('',(-0.161260132274129,-0.0668638958844114,0.));
#14210=CARTESIAN_POINT('',(-0.160624846275452,-0.0661789574795714,0.));
#14211=CARTESIAN_POINT('',(-0.159989560276774,-0.0654940190747315,0.));
#14212=CARTESIAN_POINT('',(-0.159438091357748,-0.064814317460982,0.));
#14213=CARTESIAN_POINT('',(-0.158886622438722,-0.0641346158472325,0.));
#14214=CARTESIAN_POINT('',(-0.157786034169535,-0.0624581447752732,0.));
#14215=CARTESIAN_POINT('',(-0.156685445900348,-0.060781673703314,0.));
#14216=CARTESIAN_POINT('',(-0.155997154070187,-0.0595332319445629,0.));
#14217=CARTESIAN_POINT('',(-0.155308862240026,-0.0582847901858119,0.));
#14218=CARTESIAN_POINT('',(-0.155134406751758,-0.057809633305565,0.));
#14219=CARTESIAN_POINT('',(-0.15495995126349,-0.0573344764253181,0.));
#14220=CARTESIAN_POINT('',(-0.154894183862403,-0.0568930681490737,0.));
#14221=CARTESIAN_POINT('',(-0.154828416461315,-0.0564516598728292,0.));
#14222=CARTESIAN_POINT('',(-0.154870194337952,-0.0559934209147717,0.));
#14223=CARTESIAN_POINT('',(-0.15491197221459,-0.0555351819567142,0.));
#14224=CARTESIAN_POINT('',(-0.155060284012194,-0.0550077744071541,0.));
#14225=CARTESIAN_POINT('',(-0.155208595809798,-0.0544803668575941,0.));
#14226=CARTESIAN_POINT('',(-0.1558248203784,-0.0530283739582227,0.));
#14227=CARTESIAN_POINT('',(-0.156441044947002,-0.0515763810588512,0.));
#14228=CARTESIAN_POINT('',(-0.157087287705329,-0.0500353556053908,0.));
#14229=CARTESIAN_POINT('',(-0.157733530463655,-0.0484943301519304,0.));
#14230=CARTESIAN_POINT('',(-0.158220302551279,-0.047038159583321,0.));
#14231=CARTESIAN_POINT('',(-0.158707074638901,-0.0455819890147116,0.));
#14232=CARTESIAN_POINT('',(-0.159034903445605,-0.0442008522752062,0.));
#14233=CARTESIAN_POINT('',(-0.159362732252309,-0.0428197155357009,0.));
#14234=CARTESIAN_POINT('',(-0.159532142799363,-0.0415037915695524,0.));
#14235=CARTESIAN_POINT('',(-0.159701553346417,-0.0401878676034041,0.));
#14236=CARTESIAN_POINT('',(-0.159713073023607,-0.0389273349601129,0.));
#14237=CARTESIAN_POINT('',(-0.159724592700797,-0.0376668023168217,0.));
#14238=CARTESIAN_POINT('',(-0.159578747318897,-0.0364518407301462,0.));
#14239=CARTESIAN_POINT('',(-0.159432901936997,-0.0352368791434709,0.));
#14240=CARTESIAN_POINT('',(-0.159130217701535,-0.0340576671629116,0.));
#14241=CARTESIAN_POINT('',(-0.158827533466073,-0.0328784551823522,0.));
#14242=CARTESIAN_POINT('',(-0.158368536977327,-0.031725171357409,0.));
#14243=CARTESIAN_POINT('',(-0.157909540488582,-0.0305718875324657,0.));
#14244=CARTESIAN_POINT('',(-0.157486669015898,-0.0296116342903749,0.));
#14245=CARTESIAN_POINT('',(-0.157063797543213,-0.0286513810482839,0.));
#14246=CARTESIAN_POINT('',(-0.156879844301769,-0.0279174336844004,0.));
#14247=CARTESIAN_POINT('',(-0.156695891060325,-0.0271834863205168,0.));
#14248=CARTESIAN_POINT('',(-0.156709990842035,-0.0263393365975843,0.));
#14249=CARTESIAN_POINT('',(-0.156724090623746,-0.0254951868746517,0.));
#14250=CARTESIAN_POINT('',(-0.156904258185516,-0.0242087655510277,0.));
#14251=CARTESIAN_POINT('',(-0.157084425747285,-0.0229223442274036,0.));
#14252=CARTESIAN_POINT('',(-0.157160800946518,-0.0221855116150593,0.));
#14253=CARTESIAN_POINT('',(-0.15723717614575,-0.021448679002715,0.));
#14254=CARTESIAN_POINT('',(-0.157242268062551,-0.0207543032418823,0.));
#14255=CARTESIAN_POINT('',(-0.157247359979351,-0.0200599274810495,0.));
#14256=CARTESIAN_POINT('',(-0.157185737483016,-0.0194997893950449,0.));
#14257=CARTESIAN_POINT('',(-0.15712411498668,-0.0189396513090402,0.));
#14258=CARTESIAN_POINT('',(-0.15698938110754,-0.0185954007844586,0.));
#14259=CARTESIAN_POINT('',(-0.156854647228401,-0.0182511502598771,0.));
#14260=CARTESIAN_POINT('',(-0.156506584575705,-0.0179336639774132,0.));
#14261=CARTESIAN_POINT('',(-0.15615852192301,-0.0176161776949493,0.));
#14262=CARTESIAN_POINT('',(-0.155645958659004,-0.0172628146959571,0.));
#14263=CARTESIAN_POINT('',(-0.155133395394999,-0.0169094516969648,0.));
#14264=CARTESIAN_POINT('',(-0.153626255524774,-0.0160970791823838,0.));
#14265=CARTESIAN_POINT('',(-0.152119115654549,-0.0152847066678027,0.));
#14266=CARTESIAN_POINT('',(-0.151113311488237,-0.0147893246261266,0.));
#14267=CARTESIAN_POINT('',(-0.150107507321925,-0.0142939425844505,0.));
#14268=CARTESIAN_POINT('',(-0.149566598830703,-0.0140372513963829,0.));
#14269=CARTESIAN_POINT('',(-0.149025690339481,-0.0137805602083153,0.));
#14270=CARTESIAN_POINT('',(-0.148473795087395,-0.0135960436545779,0.));
#14271=CARTESIAN_POINT('',(-0.147921899835308,-0.0134115271008406,0.));
#14272=CARTESIAN_POINT('',(-0.147356810364512,-0.0132990872827309,0.));
#14273=CARTESIAN_POINT('',(-0.146791720893716,-0.0131866474646211,0.));
#14274=CARTESIAN_POINT('',(-0.146212273867608,-0.0131461864834361,0.));
#14275=CARTESIAN_POINT('',(-0.145632826841501,-0.0131057255022512,0.));
#14276=CARTESIAN_POINT('',(-0.145037860107741,-0.0131371454592883,0.));
#14277=CARTESIAN_POINT('',(-0.144442893373981,-0.0131685654163254,0.));
#14278=CARTESIAN_POINT('',(-0.143831244385474,-0.0132717684128819,0.));
#14279=CARTESIAN_POINT('',(-0.143219595396966,-0.0133749714094384,0.));
#14280=CARTESIAN_POINT('',(-0.14259010081711,-0.0135498595468115,0.));
#14281=CARTESIAN_POINT('',(-0.141960606237254,-0.0137247476841847,0.));
#14282=CARTESIAN_POINT('',(-0.141312103124202,-0.0139712226689188,0.));
#14283=CARTESIAN_POINT('',(-0.14066360001115,-0.014217697653653,0.));
#14284=CARTESIAN_POINT('',(-0.140052597627784,-0.0144639788147459,0.));
#14285=CARTESIAN_POINT('',(-0.139441595244418,-0.0147102599758388,0.));
#14286=CARTESIAN_POINT('',(-0.139460395348118,-0.0147589314212097,0.));
#14287=CARTESIAN_POINT('',(-0.139479195451818,-0.0148076028665806,0.));
#14288=CARTESIAN_POINT('',(-0.13945935083212,-0.0147589314212097,0.));
#14289=CARTESIAN_POINT('',(-0.139439506212423,-0.0147102599758388,0.));
#14290=CARTESIAN_POINT('',(-0.13882223673307,-0.0149574810434285,0.));
#14291=CARTESIAN_POINT('',(-0.138204967253718,-0.0152047021110182,0.));
#14292=CARTESIAN_POINT('',(-0.13737352067697,-0.0154837982856621,0.));
#14293=CARTESIAN_POINT('',(-0.136542074100223,-0.015762894460306,0.));
#14294=CARTESIAN_POINT('',(-0.135746269362068,-0.015890454496201,0.));
#14295=CARTESIAN_POINT('',(-0.134950464623913,-0.0160180145320959,0.));
#14296=CARTESIAN_POINT('',(-0.134202443532006,-0.0159989337591313,0.));
#14297=CARTESIAN_POINT('',(-0.133454422440099,-0.0159798529861667,0.));
#14298=CARTESIAN_POINT('',(-0.132766326407343,-0.0158190275237375,0.));
#14299=CARTESIAN_POINT('',(-0.132078230374587,-0.0156582020613084,0.));
#14300=CARTESIAN_POINT('',(-0.131461613816422,-0.0153603839440256,0.));
#14301=CARTESIAN_POINT('',(-0.130844997258256,-0.0150625658267427,0.));
#14302=CARTESIAN_POINT('',(-0.130309847816124,-0.0146313062510972,0.));
#14303=CARTESIAN_POINT('',(-0.129774698373991,-0.0142000466754517,0.));
#14304=CARTESIAN_POINT('',(-0.129333157460795,-0.0136391451374668,0.));
#14305=CARTESIAN_POINT('',(-0.128891616547598,-0.013078243599482,0.));
#14306=CARTESIAN_POINT('',(-0.128555826365746,-0.0123914988056755,0.));
#14307=CARTESIAN_POINT('',(-0.128220036183894,-0.011704754011869,0.));
#14308=CARTESIAN_POINT('',(-0.128080830939408,-0.0112466421642239,0.));
#14309=CARTESIAN_POINT('',(-0.127941625694922,-0.0107885303165787,0.));
#14310=CARTESIAN_POINT('',(-0.127869591197848,-0.0103456744816935,0.));
#14311=CARTESIAN_POINT('',(-0.127797556700774,-0.00990281864680834,0.));
#14312=CARTESIAN_POINT('',(-0.127791714358836,-0.00947582516503548,0.));
#14313=CARTESIAN_POINT('',(-0.127785872016899,-0.00904883168326259,0.));
#14314=CARTESIAN_POINT('',(-0.127845242448319,-0.00863830768446014,0.));
#14315=CARTESIAN_POINT('',(-0.127904612879739,-0.00822778368565771,0.));
#14316=CARTESIAN_POINT('',(-0.128027727209222,-0.00783361350724541,0.));
#14317=CARTESIAN_POINT('',(-0.128150841538705,-0.00743944332883311,0.));
#14318=CARTESIAN_POINT('',(-0.128338189654518,-0.00706159578533713,0.));
#14319=CARTESIAN_POINT('',(-0.12852553777033,-0.00668374824184116,0.));
#14320=CARTESIAN_POINT('',(-0.128776727682909,-0.00632295836303761,0.));
#14321=CARTESIAN_POINT('',(-0.129027917595488,-0.00596216848423407,0.));
#14322=CARTESIAN_POINT('',(-0.129342557710021,-0.00561916972088782,0.));
#14323=CARTESIAN_POINT('',(-0.129657197824555,-0.00527617095754158,0.));
#14324=CARTESIAN_POINT('',(-0.130473336675921,-0.00464616083048497,0.));
#14325=CARTESIAN_POINT('',(-0.131289475527288,-0.00401615070342837,0.));
#14326=CARTESIAN_POINT('',(-0.13235099471378,-0.00346785283391453,0.));
#14327=CARTESIAN_POINT('',(-0.133412513900273,-0.0029195549644007,0.));
#14328=CARTESIAN_POINT('',(-0.134714125707687,-0.00245936237456969,0.));
#14329=CARTESIAN_POINT('',(-0.136015737515101,-0.0019991697847387,0.));
#14330=CARTESIAN_POINT('',(-0.137552154623982,-0.00163347747049475,0.));
#14331=CARTESIAN_POINT('',(-0.139088571732863,-0.00126778515625079,0.));
#14332=CARTESIAN_POINT('',(-0.140357576956221,-0.0010198330064133,0.));
#14333=CARTESIAN_POINT('',(-0.14162658217958,-0.000771880856575823,0.));
#14334=CARTESIAN_POINT('',(-0.144323349189126,-0.000289449865864258,0.));
#14335=CARTESIAN_POINT('',(-0.147020116198671,0.000192981124847307,0.));
#14336=CARTESIAN_POINT('',(-0.148834324034575,0.000483964491569288,0.));
#14337=CARTESIAN_POINT('',(-0.15064853187048,0.000774947858291273,0.));
#14338=CARTESIAN_POINT('',(-0.150920088660755,0.000818292508925638,0.));
#14339=CARTESIAN_POINT('',(-0.15119164545103,0.000861637159559992,0.));
#14340=CARTESIAN_POINT('',(-0.15338526523591,0.00124285944503038,0.));
#14341=CARTESIAN_POINT('',(-0.15557888502079,0.00162408173050078,0.));
#14342=CARTESIAN_POINT('',(-0.157373884973317,0.00201022934707593,0.));
#14343=CARTESIAN_POINT('',(-0.159168884925844,0.00239637696365107,0.));
#14344=CARTESIAN_POINT('',(-0.160603353562673,0.00280714057742351,0.));
#14345=CARTESIAN_POINT('',(-0.162037822199503,0.00321790419119597,0.));
#14346=CARTESIAN_POINT('',(-0.163149850405807,0.00367297565251676,0.));
#14347=CARTESIAN_POINT('',(-0.164261878612112,0.00412804711383754,0.));
#14348=CARTESIAN_POINT('',(-0.165092607133455,0.00464940981325672,0.));
#14349=CARTESIAN_POINT('',(-0.165923335654798,0.00517077251267588,0.));
#14350=CARTESIAN_POINT('',(-0.16650887963842,0.00577877240598975,0.));
#14351=CARTESIAN_POINT('',(-0.167094423622042,0.00638677229930362,0.));
#14352=CARTESIAN_POINT('',(-0.167469511448478,0.00709902088943017,0.));
#14353=CARTESIAN_POINT('',(-0.167844599274915,0.0078112694795567,0.));
#14354=CARTESIAN_POINT('',(-0.168048136204433,0.00864282066580507,0.));
#14355=CARTESIAN_POINT('',(-0.168251673133952,0.00947437185205344,0.));
#14356=CARTESIAN_POINT('',(-0.168293402061238,0.010148885229311,0.));
#14357=CARTESIAN_POINT('',(-0.168335130988524,0.0108233986065686,0.));
#14358=CARTESIAN_POINT('',(-0.168261416028638,0.0114540154687304,0.));
#14359=CARTESIAN_POINT('',(-0.168187701068751,0.0120846323308922,0.));
#14360=CARTESIAN_POINT('',(-0.168003339258124,0.012663608022116,0.));
#14361=CARTESIAN_POINT('',(-0.167818977447498,0.0132425837133399,0.));
#14362=CARTESIAN_POINT('',(-0.167528767796329,0.0137621723935249,0.));
#14363=CARTESIAN_POINT('',(-0.167238558145161,0.0142817610737098,0.));
#14364=CARTESIAN_POINT('',(-0.166847591385993,0.0147334443714599,0.));
#14365=CARTESIAN_POINT('',(-0.166456624626826,0.01518512766921,0.));
#14366=CARTESIAN_POINT('',(-0.165971951440019,0.0155608960495314,0.));
#14367=CARTESIAN_POINT('',(-0.165487278253213,0.0159366644298529,0.));
#14368=CARTESIAN_POINT('',(-0.164914283856924,0.0162293010214419,0.));
#14369=CARTESIAN_POINT('',(-0.164341289460635,0.016521937613031,0.));
#14370=CARTESIAN_POINT('',(-0.163685359073019,0.0167242259393367,0.));
#14371=CARTESIAN_POINT('',(-0.163029428685402,0.0169265142656425,0.));
#14372=CARTESIAN_POINT('',(-0.1622958338358,0.0169598846964304,0.));
#14373=CARTESIAN_POINT('',(-0.161562238986196,0.0169932551272183,0.));
#14374=CARTESIAN_POINT('',(-0.160613226725795,0.0168323578197735,0.));
#14375=CARTESIAN_POINT('',(-0.159664214465393,0.0166714605123287,0.));
#14376=CARTESIAN_POINT('',(-0.15853921231246,0.0163290116396796,0.));
#14377=CARTESIAN_POINT('',(-0.157414210159527,0.0159865627670305,0.));
#14378=CARTESIAN_POINT('',(-0.156153690937832,0.0154731902597161,0.));
#14379=CARTESIAN_POINT('',(-0.154893171716137,0.0149598177524018,0.));
#14380=CARTESIAN_POINT('',(-0.154070766163538,0.0146610088055066,0.));
#14381=CARTESIAN_POINT('',(-0.153248360610938,0.0143621998586115,0.));
#14382=CARTESIAN_POINT('',(-0.15241635940646,0.0142000543427068,0.));
#14383=CARTESIAN_POINT('',(-0.15158435820198,0.0140379088268021,0.));
#14384=CARTESIAN_POINT('',(-0.150770373516827,0.0140152164601629,0.));
#14385=CARTESIAN_POINT('',(-0.149956388831674,0.0139925240935237,0.));
#14386=CARTESIAN_POINT('',(-0.149188033231803,0.0141120757786835,0.));
#14387=CARTESIAN_POINT('',(-0.148419677631932,0.0142316274638433,0.));
#14388=CARTESIAN_POINT('',(-0.147336584018824,0.0146776073726536,0.));
#14389=CARTESIAN_POINT('',(-0.146253490405717,0.0151235872814639,0.));
#14390=CARTESIAN_POINT('',(-0.145666510311286,0.0154131084836902,0.));
#14391=CARTESIAN_POINT('',(-0.145079530216856,0.0157026296859165,0.));
#14392=CARTESIAN_POINT('',(-0.144873773592154,0.0158177277696077,0.));
#14393=CARTESIAN_POINT('',(-0.144668016967452,0.015932825853299,0.));
#14394=CARTESIAN_POINT('',(-0.144563572078481,0.0160053107633564,0.));
#14395=CARTESIAN_POINT('',(-0.14445912718951,0.0160777956734139,0.));
#14396=CARTESIAN_POINT('',(-0.144440327480563,0.0160921046741261,0.));
#14397=CARTESIAN_POINT('',(-0.144421527771616,0.0161064136748382,0.));
#14398=CARTESIAN_POINT('',(-0.144398549603925,0.0161203046322996,0.));
#14399=CARTESIAN_POINT('',(-0.144375571436235,0.0161341955897609,0.));
#14400=CARTESIAN_POINT('',(-0.144300371021435,0.0161759734663988,0.));
#14401=CARTESIAN_POINT('',(-0.144225170606635,0.0162177513430366,0.));
#14402=CARTESIAN_POINT('',(-0.143968236250822,0.0163541566056739,0.));
#14403=CARTESIAN_POINT('',(-0.143711301895009,0.0164905618683112,0.));
#14404=CARTESIAN_POINT('',(-0.142898720950932,0.0169068792596995,0.));
#14405=CARTESIAN_POINT('',(-0.142086140006854,0.0173231966510878,0.));
#14406=CARTESIAN_POINT('',(-0.141089735695016,0.0178776945086061,0.));
#14407=CARTESIAN_POINT('',(-0.140093331383177,0.0184321923661244,0.));
#14408=CARTESIAN_POINT('',(-0.139796054866782,0.0186801054354313,0.));
#14409=CARTESIAN_POINT('',(-0.139498778350387,0.0189280185047383,0.));
#14410=CARTESIAN_POINT('',(-0.13931351926657,0.0191970030855497,0.));
#14411=CARTESIAN_POINT('',(-0.139128260182752,0.0194659876663611,0.));
#14412=CARTESIAN_POINT('',(-0.139033345811443,0.0197936183071427,0.));
#14413=CARTESIAN_POINT('',(-0.138938431440133,0.0201212489479243,0.));
#14414=CARTESIAN_POINT('',(-0.138919501067998,0.0205462481383818,0.));
#14415=CARTESIAN_POINT('',(-0.138900570695863,0.0209712473288393,0.));
#14416=CARTESIAN_POINT('',(-0.139041571276236,0.0222403571616989,0.));
#14417=CARTESIAN_POINT('',(-0.13918257185661,0.0235094669945585,0.));
#14418=CARTESIAN_POINT('',(-0.139324747221415,0.024715204786524,0.));
#14419=CARTESIAN_POINT('',(-0.139466922586221,0.0259209425784896,0.));
#14420=CARTESIAN_POINT('',(-0.139500214461195,0.0268175758749071,0.));
#14421=CARTESIAN_POINT('',(-0.13953350633617,0.0277142091713246,0.));
#14422=CARTESIAN_POINT('',(-0.139454389578508,0.0283466754505118,0.));
#14423=CARTESIAN_POINT('',(-0.139375272820846,0.028979141729699,0.));
#14424=CARTESIAN_POINT('',(-0.139175521965754,0.0293916465982204,0.));
#14425=CARTESIAN_POINT('',(-0.138975771110663,0.0298041514667419,0.));
#14426=CARTESIAN_POINT('',(-0.138768969969964,0.0301360774131058,0.));
#14427=CARTESIAN_POINT('',(-0.138562168829264,0.0304680033594697,0.));
#14428=CARTESIAN_POINT('',(-0.138302101320211,0.031007252309779,0.));
#14429=CARTESIAN_POINT('',(-0.138042033811157,0.0315465012600884,0.));
#14430=CARTESIAN_POINT('',(-0.137560542726943,0.0328074645787211,0.));
#14431=CARTESIAN_POINT('',(-0.137079051642728,0.0340684278973538,0.));
#14432=CARTESIAN_POINT('',(-0.136915660681633,0.0348213332660707,0.));
#14433=CARTESIAN_POINT('',(-0.136752269720539,0.0355742386347877,0.));
#14434=CARTESIAN_POINT('',(-0.136665253958676,0.0364743433876238,0.));
#14435=CARTESIAN_POINT('',(-0.136578238196814,0.0373744481404598,0.));
#14436=CARTESIAN_POINT('',(-0.136563681291323,0.0383688857936815,0.));
#14437=CARTESIAN_POINT('',(-0.136549124385831,0.0393633234469032,0.));
#14438=CARTESIAN_POINT('',(-0.136603109204342,0.0403992290957884,0.));
#14439=CARTESIAN_POINT('',(-0.136657094022853,0.0414351347446736,0.));
#14440=CARTESIAN_POINT('',(-0.136774562202557,0.0424575666898425,0.));
#14441=CARTESIAN_POINT('',(-0.136892030382261,0.0434799986350114,0.));
#14442=CARTESIAN_POINT('',(-0.137068835834147,0.044433389888596,0.));
#14443=CARTESIAN_POINT('',(-0.137245641286033,0.0453867811421805,0.));
#14444=CARTESIAN_POINT('',(-0.137476888680211,0.0462185000983831,0.));
#14445=CARTESIAN_POINT('',(-0.13770813607439,0.0470502190545858,0.));
#14446=CARTESIAN_POINT('',(-0.137988929686218,0.0477076360813732,0.));
#14447=CARTESIAN_POINT('',(-0.138269723298047,0.0483650531081606,0.));
#14448=CARTESIAN_POINT('',(-0.138544413241562,0.0490257714528953,0.));
#14449=CARTESIAN_POINT('',(-0.138819103185077,0.0496864897976301,0.));
#14450=CARTESIAN_POINT('',(-0.139176304760623,0.0505620511877903,0.));
#14451=CARTESIAN_POINT('',(-0.13953350633617,0.0514376125779505,0.));
#14452=CARTESIAN_POINT('',(-0.1402708872602,0.0531360954626638,0.));
#14453=CARTESIAN_POINT('',(-0.14100826818423,0.0548345783473771,0.));
#14454=CARTESIAN_POINT('',(-0.141121721727616,0.0552507911292645,0.));
#14455=CARTESIAN_POINT('',(-0.141235175271003,0.0556670039111519,0.));
#14456=CARTESIAN_POINT('',(-0.141280477895692,0.0560791436333022,0.));
#14457=CARTESIAN_POINT('',(-0.141325780520381,0.0564912833554526,0.));
#14458=CARTESIAN_POINT('',(-0.141293027483025,0.0570450011813717,0.));
#14459=CARTESIAN_POINT('',(-0.141260274445668,0.0575987190072908,0.));
#14460=CARTESIAN_POINT('',(-0.141093668617497,0.0582379967466217,0.));
#14461=CARTESIAN_POINT('',(-0.140927062789326,0.0588772744859526,0.));
#14462=CARTESIAN_POINT('',(-0.140639235471508,0.0595819998765765,0.));
#14463=CARTESIAN_POINT('',(-0.140351408153691,0.0602867252672004,0.));
#14464=CARTESIAN_POINT('',(-0.139954990647397,0.0610367864417513,0.));
#14465=CARTESIAN_POINT('',(-0.139558573141103,0.0617868476163022,0.));
#14466=CARTESIAN_POINT('',(-0.139064059160908,0.062566011548757,0.));
#14467=CARTESIAN_POINT('',(-0.138569545180713,0.0633451754812119,0.));
#14468=CARTESIAN_POINT('',(-0.137988276765031,0.0641334554408529,0.));
#14469=CARTESIAN_POINT('',(-0.13740700834935,0.064921735400494,0.));
#14470=CARTESIAN_POINT('',(-0.136750539913622,0.0656994987498953,0.));
#14471=CARTESIAN_POINT('',(-0.136094071477893,0.0664772620992965,0.));
#14472=CARTESIAN_POINT('',(-0.135373956253299,0.0672248769905376,0.));
#14473=CARTESIAN_POINT('',(-0.134653841028705,0.0679724918817788,0.));
#14474=CARTESIAN_POINT('',(-0.134254861576521,0.0683939268489018,0.));
#14475=CARTESIAN_POINT('',(-0.133855882124337,0.0688153618160248,0.));
#14476=CARTESIAN_POINT('',(-0.133744126412888,0.0689600182023899,0.));
#14477=CARTESIAN_POINT('',(-0.133632370701438,0.069104674588755,0.));
#14478=CARTESIAN_POINT('',(-0.13360834801775,0.0691464524653928,0.));
#14479=CARTESIAN_POINT('',(-0.133584325334062,0.0691882303420307,0.));
#14480=CARTESIAN_POINT('',(-0.133646992346395,0.0692262481979285,0.));
#14481=CARTESIAN_POINT('',(-0.133709659358728,0.0692642660538264,0.));
#14482=CARTESIAN_POINT('',(-0.133921682684663,0.0692939285712483,0.));
#14483=CARTESIAN_POINT('',(-0.134133706010598,0.0693235910886703,0.));
#14484=CARTESIAN_POINT('',(-0.134976576339597,0.0692485994981195,0.));
#14485=CARTESIAN_POINT('',(-0.135819446668596,0.0691736079075686,0.));
#14486=CARTESIAN_POINT('',(-0.137217571991048,0.0689081614964047,0.));
#14487=CARTESIAN_POINT('',(-0.1386156973135,0.0686427150852408,0.));
#14488=CARTESIAN_POINT('',(-0.140588008396293,0.0681830009358442,0.));
#14489=CARTESIAN_POINT('',(-0.142560319479086,0.0677232867864474,0.));
#14490=CARTESIAN_POINT('',(-0.143922411368134,0.0674550459199745,0.));
#14491=CARTESIAN_POINT('',(-0.145284503257183,0.0671868050535016,0.));
#14492=CARTESIAN_POINT('',(-0.146374777424333,0.0671170620966263,0.));
#14493=CARTESIAN_POINT('',(-0.147465051591484,0.0670473191397509,0.));
#14494=CARTESIAN_POINT('',(-0.147907718339762,0.0670863815116465,0.));
#14495=CARTESIAN_POINT('',(-0.148350385088039,0.067125443883542,0.));
#14496=CARTESIAN_POINT('',(-0.148726174390261,0.0672143264315542,0.));
#14497=CARTESIAN_POINT('',(-0.149101963692483,0.0673032089795663,0.));
#14498=CARTESIAN_POINT('',(-0.149409015473296,0.0674426952880699,0.));
#14499=CARTESIAN_POINT('',(-0.14971606725411,0.0675821815965734,0.));
#14500=CARTESIAN_POINT('',(-0.149952520648657,0.0677730544604372,0.));
#14501=CARTESIAN_POINT('',(-0.150188974043205,0.0679639273243011,0.));
#14502=CARTESIAN_POINT('',(-0.15035293621165,0.0682064385958332,0.));
#14503=CARTESIAN_POINT('',(-0.150516898380095,0.0684489498673652,0.));
#14504=CARTESIAN_POINT('',(-0.150603995855794,0.0687376977487905,0.));
#14505=CARTESIAN_POINT('',(-0.150691093331492,0.0690264456302159,0.));
#14506=CARTESIAN_POINT('',(-0.150702794200233,0.0693596083372075,0.));
#14507=CARTESIAN_POINT('',(-0.150714495068973,0.069692771044199,0.));
#14508=CARTESIAN_POINT('',(-0.150652268995556,0.0700685279766883,0.));
#14509=CARTESIAN_POINT('',(-0.150590042922137,0.0704442849091776,0.));
#14510=CARTESIAN_POINT('',(-0.150244460501495,0.0713240500222627,0.));
#14511=CARTESIAN_POINT('',(-0.149898878080853,0.0722038151353478,0.));
#14512=CARTESIAN_POINT('',(-0.149259545076125,0.0732557580128506,0.));
#14513=CARTESIAN_POINT('',(-0.148620212071398,0.0743077008903534,0.));
#14514=CARTESIAN_POINT('',(-0.148311055073723,0.0747683028388728,0.));
#14515=CARTESIAN_POINT('',(-0.148001898076048,0.0752289047873923,0.));
#14516=CARTESIAN_POINT('',(-0.147908942073546,0.075378365710495,0.));
#14517=CARTESIAN_POINT('',(-0.147815986071044,0.0755278266335978,0.));
#14518=CARTESIAN_POINT('',(-0.147791963782108,0.0755708578504823,0.));
#14519=CARTESIAN_POINT('',(-0.147767941493172,0.0756138890673668,0.));
#14520=CARTESIAN_POINT('',(-0.147763763823935,0.0756239157893401,0.));
#14521=CARTESIAN_POINT('',(-0.147759586154697,0.0756339425113134,0.));
#14522=CARTESIAN_POINT('',(-0.147757497122701,0.0756437604090377,0.));
#14523=CARTESIAN_POINT('',(-0.147755408090706,0.0756535783067621,0.));
#14524=CARTESIAN_POINT('',(-0.14775018590547,0.0756686179949692,0.));
#14525=CARTESIAN_POINT('',(-0.147744963720235,0.0756836576831763,0.));
#14526=CARTESIAN_POINT('',(-0.147729297164528,0.0757165579633395,0.));
#14527=CARTESIAN_POINT('',(-0.147713630608821,0.0757494582435026,0.));
#14528=CARTESIAN_POINT('',(-0.147661407966959,0.0758404298235101,0.));
#14529=CARTESIAN_POINT('',(-0.147609185325097,0.0759314014035177,0.));
#14530=CARTESIAN_POINT('',(-0.147443117939791,0.0761880223255809,0.));
#14531=CARTESIAN_POINT('',(-0.147277050554484,0.0764446432476441,0.));
#14532=CARTESIAN_POINT('',(-0.146908360092469,0.077007392623643,0.));
#14533=CARTESIAN_POINT('',(-0.146539669630454,0.077570141999642,0.));
#14534=CARTESIAN_POINT('',(-0.146447105222763,0.0776981520537672,0.));
#14535=CARTESIAN_POINT('',(-0.146354540815072,0.0778261621078925,0.));
#14536=CARTESIAN_POINT('',(-0.146236126412826,0.0779066237884584,0.));
#14537=CARTESIAN_POINT('',(-0.146117712010579,0.0779870854690243,0.));
#14538=CARTESIAN_POINT('',(-0.145719777074393,0.0780289679551631,0.));
#14539=CARTESIAN_POINT('',(-0.145321842138207,0.0780708504413018,0.));
#14540=CARTESIAN_POINT('',(-0.144279743212115,0.0780271663032305,0.));
#14541=CARTESIAN_POINT('',(-0.143237644286024,0.0779834821651593,0.));
#14542=CARTESIAN_POINT('',(-0.141949578027342,0.0778609943084232,0.));
#14543=CARTESIAN_POINT('',(-0.140661511768661,0.0777385064516871,0.));
#14544=CARTESIAN_POINT('',(-0.137059207417783,0.0770343392415699,0.));
#14545=CARTESIAN_POINT('',(-0.133456903066905,0.0763301720314527,0.));
#14546=CARTESIAN_POINT('',(-0.130033199503801,0.0753394079481004,0.));
#14547=CARTESIAN_POINT('',(-0.126609495940696,0.0743486438647481,0.));
#14548=CARTESIAN_POINT('',(-0.122911102434077,0.0729686132226825,0.));
#14549=CARTESIAN_POINT('',(-0.119212708927457,0.0715885825806168,0.));
#14550=CARTESIAN_POINT('',(-0.116434474801878,0.0697868039324311,0.));
#14551=CARTESIAN_POINT('',(-0.113656240676299,0.0679850252842454,0.));
#14552=CARTESIAN_POINT('',(-0.111866407946226,0.0665081376421227,0.));
#14553=CARTESIAN_POINT('',(-0.106875186171505,-0.0576818815079239,0.));
#14554=CARTESIAN_POINT('',(-0.105672350280529,-0.0576818815079239,0.));
#14555=CARTESIAN_POINT('',(-0.106875026784889,0.057664524574682,0.));
#14556=CARTESIAN_POINT('',(-0.105672190893913,0.057664524574682,0.));
#14557=CARTESIAN_POINT('',(0.0887109732151109,0.057608523574682,0.));
#14558=CARTESIAN_POINT('',(0.0899138091060869,0.057608523574682,0.));
#14559=CARTESIAN_POINT('',(0.0887109732151109,-0.0576814764253181,0.));
#14560=CARTESIAN_POINT('',(0.0899138091060869,-0.0576814764253181,0.));
#14561=CARTESIAN_POINT('',(-0.036439802926059,0.0352507590862282,0.));
#14562=CARTESIAN_POINT('',(0.0670037869204879,0.0350413872565739,0.));
#14563=CARTESIAN_POINT('',(0.0720827131869449,0.0350311074114267,0.));
#14564=CARTESIAN_POINT('',(0.0670037869204879,-0.000256222335602088,0.));
#14565=CARTESIAN_POINT('',(0.0670037869204879,-0.000126659593283178,0.));
#14566=CARTESIAN_POINT('',(-0.0365116697442623,-0.000126659593283197,0.));
#14567=CARTESIAN_POINT('',(0.0720827131869449,-0.000126659593283174,0.));
#14568=CARTESIAN_POINT('',(0.0720827131869449,-0.000256222335602088,0.));
#14569=CARTESIAN_POINT('',(-0.0757166675000001,0.047675,0.0015));
#14570=CARTESIAN_POINT('',(0.0576333324999999,0.047675,0.0015));
#14571=CARTESIAN_POINT('',(-0.0852416675000001,0.047675,0.0015));
#14572=CARTESIAN_POINT('',(0.0576428994999999,0.047673097,0.0015));
#14573=CARTESIAN_POINT('',(0.0576524664999999,0.047671194,0.0015));
#14574=CARTESIAN_POINT('',(0.0576659965,0.047657664,0.0015));
#14575=CARTESIAN_POINT('',(0.0576795264999999,0.047644134,0.0015));
#14576=CARTESIAN_POINT('',(0.0576814294999999,0.047634567,0.0015));
#14577=CARTESIAN_POINT('',(0.0576833325,0.047625,0.0015));
#14578=CARTESIAN_POINT('',(0.0576833325,0.0381,0.0015));
#14579=CARTESIAN_POINT('',(0.0576833325,-0.009525,0.0015));
#14580=CARTESIAN_POINT('',(0.0576814295,-0.009534567,0.0015));
#14581=CARTESIAN_POINT('',(0.0576795264999999,-0.009544134,0.0015));
#14582=CARTESIAN_POINT('',(0.0576659964999999,-0.009557664,0.0015));
#14583=CARTESIAN_POINT('',(0.0576524664999999,-0.009571194,0.0015));
#14584=CARTESIAN_POINT('',(0.0576428995,-0.009573097,0.0015));
#14585=CARTESIAN_POINT('',(0.0576333324999999,-0.009575,0.0015));
#14586=CARTESIAN_POINT('',(0.0505145824999999,-0.009575,0.0015));
#14587=CARTESIAN_POINT('',(0.0433958324999999,-0.009575,0.0015));
#14588=CARTESIAN_POINT('',(0.0433958324999999,-0.01905,0.0015));
#14589=CARTESIAN_POINT('',(0.0433958324999999,-0.028525,0.0015));
#14590=CARTESIAN_POINT('',(0.0505145824999999,-0.028525,0.0015));
#14591=CARTESIAN_POINT('',(0.0576333324999999,-0.028525,0.0015));
#14592=CARTESIAN_POINT('',(0.0576428994999999,-0.028526903,0.0015));
#14593=CARTESIAN_POINT('',(0.0576524664999999,-0.028528806,0.0015));
#14594=CARTESIAN_POINT('',(0.0576659965,-0.028542336,0.0015));
#14595=CARTESIAN_POINT('',(0.0576795264999999,-0.028555866,0.0015));
#14596=CARTESIAN_POINT('',(0.0576814294999999,-0.028565433,0.0015));
#14597=CARTESIAN_POINT('',(0.0576833325,-0.028575,0.0015));
#14598=CARTESIAN_POINT('',(0.0576833325,-0.0381,0.0015));
#14599=CARTESIAN_POINT('',(0.0576833325,-0.047625,0.0015));
#14600=CARTESIAN_POINT('',(0.0576814295,-0.047634567,0.0015));
#14601=CARTESIAN_POINT('',(0.0576795264999999,-0.047644134,0.0015));
#14602=CARTESIAN_POINT('',(0.0576659964999999,-0.047657664,0.0015));
#14603=CARTESIAN_POINT('',(0.0576524664999999,-0.047671194,0.0015));
#14604=CARTESIAN_POINT('',(0.0576428995,-0.047673097,0.0015));
#14605=CARTESIAN_POINT('',(0.0576333324999999,-0.047675,0.0015));
#14606=CARTESIAN_POINT('',(0.0481083324999999,-0.047675,0.0015));
#14607=CARTESIAN_POINT('',(0.000483332499999933,-0.047675,0.0015));
#14608=CARTESIAN_POINT('',(0.000473765499999945,-0.047673097,0.0015));
#14609=CARTESIAN_POINT('',(0.000464198499999957,-0.047671194,0.0015));
#14610=CARTESIAN_POINT('',(0.000450668499999949,-0.047657664,0.0015));
#14611=CARTESIAN_POINT('',(0.000437138499999934,-0.047644134,0.0015));
#14612=CARTESIAN_POINT('',(0.000435235499999936,-0.047634567,0.0015));
#14613=CARTESIAN_POINT('',(0.000433332499999939,-0.047625,0.0015));
#14614=CARTESIAN_POINT('',(0.000433332499999939,-0.038125,0.0015));
#14615=CARTESIAN_POINT('',(0.000433332499999939,-0.028625,0.0015));
#14616=CARTESIAN_POINT('',(-0.00666041750000007,-0.028625,0.0015));
#14617=CARTESIAN_POINT('',(-0.0137541675000001,-0.028625,0.0015));
#14618=CARTESIAN_POINT('',(-0.0137541675000001,-0.038125,0.0015));
#14619=CARTESIAN_POINT('',(-0.0137541675000001,-0.047625,0.0015));
#14620=CARTESIAN_POINT('',(-0.0137560705000001,-0.047634567,0.0015));
#14621=CARTESIAN_POINT('',(-0.0137579735000001,-0.047644134,0.0015));
#14622=CARTESIAN_POINT('',(-0.0137715035000001,-0.047657664,0.0015));
#14623=CARTESIAN_POINT('',(-0.0137850335000001,-0.047671194,0.0015));
#14624=CARTESIAN_POINT('',(-0.0137946005000001,-0.047673097,0.0015));
#14625=CARTESIAN_POINT('',(-0.0138041675000001,-0.047675,0.0015));
#14626=CARTESIAN_POINT('',(-0.0233291675000001,-0.047675,0.0015));
#14627=CARTESIAN_POINT('',(-0.0852416675000001,-0.047675,0.0015));
#14628=CARTESIAN_POINT('',(-0.0852512345000001,-0.047673097,0.0015));
#14629=CARTESIAN_POINT('',(-0.0852608015000001,-0.047671194,0.0015));
#14630=CARTESIAN_POINT('',(-0.0852743315000001,-0.047657664,0.0015));
#14631=CARTESIAN_POINT('',(-0.0852878615000001,-0.047644134,0.0015));
#14632=CARTESIAN_POINT('',(-0.0852897645000001,-0.047634567,0.0015));
#14633=CARTESIAN_POINT('',(-0.0852916675000001,-0.047625,0.0015));
#14634=CARTESIAN_POINT('',(-0.0852916675000001,-0.0381,0.0015));
#14635=CARTESIAN_POINT('',(-0.0852916675000001,-0.028575,0.0015));
#14636=CARTESIAN_POINT('',(-0.0852897645000001,-0.028565433,0.0015));
#14637=CARTESIAN_POINT('',(-0.0852878615000001,-0.028555866,0.0015));
#14638=CARTESIAN_POINT('',(-0.0852743315000001,-0.028542336,0.0015));
#14639=CARTESIAN_POINT('',(-0.0852608015000001,-0.028528806,0.0015));
#14640=CARTESIAN_POINT('',(-0.0852512345000001,-0.028526903,0.0015));
#14641=CARTESIAN_POINT('',(-0.0852416675000001,-0.028525,0.0015));
#14642=CARTESIAN_POINT('',(-0.0781229175000001,-0.028525,0.0015));
#14643=CARTESIAN_POINT('',(-0.0710041675000001,-0.028525,0.0015));
#14644=CARTESIAN_POINT('',(-0.0710041675000001,-0.019025,0.0015));
#14645=CARTESIAN_POINT('',(-0.0710041675000001,0.009475,0.0015));
#14646=CARTESIAN_POINT('',(-0.0757416675000001,0.009475,0.0015));
#14647=CARTESIAN_POINT('',(-0.0804791675000001,0.009475,0.0015));
#14648=CARTESIAN_POINT('',(-0.0804887345000001,0.009476903,0.0015));
#14649=CARTESIAN_POINT('',(-0.0804983015000001,0.009478806,0.0015));
#14650=CARTESIAN_POINT('',(-0.0805118315000001,0.009492336,0.0015));
#14651=CARTESIAN_POINT('',(-0.0805253615000001,0.009505866,0.0015));
#14652=CARTESIAN_POINT('',(-0.0805272645000001,0.009515433,0.0015));
#14653=CARTESIAN_POINT('',(-0.0805291675000001,0.009525,0.0015));
#14654=CARTESIAN_POINT('',(-0.0805291675000001,0.019025,0.0015));
#14655=CARTESIAN_POINT('',(-0.0805291675000001,0.028525,0.0015));
#14656=CARTESIAN_POINT('',(-0.0828854175000001,0.028525,0.0015));
#14657=CARTESIAN_POINT('',(-0.0852416675000001,0.028525,0.0015));
#14658=CARTESIAN_POINT('',(-0.0852512345000001,0.028526903,0.0015));
#14659=CARTESIAN_POINT('',(-0.0852608015000001,0.028528806,0.0015));
#14660=CARTESIAN_POINT('',(-0.0852743315000001,0.028542336,0.0015));
#14661=CARTESIAN_POINT('',(-0.0852878615000001,0.028555866,0.0015));
#14662=CARTESIAN_POINT('',(-0.0852897645000001,0.028565433,0.0015));
#14663=CARTESIAN_POINT('',(-0.0852916675000001,0.028575,0.0015));
#14664=CARTESIAN_POINT('',(-0.0852916675000001,0.0381,0.0015));
#14665=CARTESIAN_POINT('',(-0.0852916675000001,0.047625,0.0015));
#14666=CARTESIAN_POINT('',(-0.0852897645000001,0.047634567,0.0015));
#14667=CARTESIAN_POINT('',(-0.0852878615000001,0.047644134,0.0015));
#14668=CARTESIAN_POINT('',(-0.0852743315000001,0.047657664,0.0015));
#14669=CARTESIAN_POINT('',(-0.0852608015000001,0.047671194,0.0015));
#14670=CARTESIAN_POINT('',(-0.152256983081682,-0.0188895176991737,0.0015));
#14671=CARTESIAN_POINT('',(-0.152428272652225,-0.019559635898382,0.0015));
#14672=CARTESIAN_POINT('',(-0.15208569351114,-0.0182193994999654,0.0015));
#14673=CARTESIAN_POINT('',(-0.15250869525226,-0.0197537990271139,0.0015));
#14674=CARTESIAN_POINT('',(-0.152589117852295,-0.0199479621558458,0.0015));
#14675=CARTESIAN_POINT('',(-0.152783385195775,-0.020047915941829,0.0015));
#14676=CARTESIAN_POINT('',(-0.152977652539255,-0.0201478697278121,0.0015));
#14677=CARTESIAN_POINT('',(-0.153239809475056,-0.0201197739843867,0.0015));
#14678=CARTESIAN_POINT('',(-0.153501966410858,-0.0200916782409612,0.0015));
#14679=CARTESIAN_POINT('',(-0.153892590129814,-0.0199812800845069,0.0015));
#14680=CARTESIAN_POINT('',(-0.154283213848769,-0.0198708819280524,0.0015));
#14681=CARTESIAN_POINT('',(-0.154857660540732,-0.0196242877279625,0.0015));
#14682=CARTESIAN_POINT('',(-0.155432107232697,-0.0193776935278725,0.0015));
#14683=CARTESIAN_POINT('',(-0.155588383168719,-0.0192187541944823,0.0015));
#14684=CARTESIAN_POINT('',(-0.155744659104741,-0.0190598148610921,0.0015));
#14685=CARTESIAN_POINT('',(-0.155782650906952,-0.0188521523697098,0.0015));
#14686=CARTESIAN_POINT('',(-0.155820642709162,-0.0186444898783275,0.0015));
#14687=CARTESIAN_POINT('',(-0.155726511527474,-0.0184426894665241,0.0015));
#14688=CARTESIAN_POINT('',(-0.155632380345787,-0.0182408890547206,0.0015));
#14689=CARTESIAN_POINT('',(-0.155440332302738,-0.0180443368818398,0.0015));
#14690=CARTESIAN_POINT('',(-0.155248284259688,-0.017847784708959,0.0015));
#14691=CARTESIAN_POINT('',(-0.154573570347991,-0.0173877050184384,0.0015));
#14692=CARTESIAN_POINT('',(-0.153898856436294,-0.0169276253279178,0.0015));
#14693=CARTESIAN_POINT('',(-0.153375587475441,-0.0166612907228783,0.0015));
#14694=CARTESIAN_POINT('',(-0.152852318514588,-0.0163949561178389,0.0015));
#14695=CARTESIAN_POINT('',(-0.152656223465489,-0.0163524601857967,0.0015));
#14696=CARTESIAN_POINT('',(-0.15246012841639,-0.0163099642537545,0.0015));
#14697=CARTESIAN_POINT('',(-0.152284399850234,-0.0163565336402865,0.0015));
#14698=CARTESIAN_POINT('',(-0.152108671284078,-0.0164031030268185,0.0015));
#14699=CARTESIAN_POINT('',(-0.152007359548347,-0.0165537517611976,0.0015));
#14700=CARTESIAN_POINT('',(-0.151906047812616,-0.0167044004955767,0.0015));
#14701=CARTESIAN_POINT('',(-0.151889336740912,-0.0169007173957686,0.0015));
#14702=CARTESIAN_POINT('',(-0.151872625669208,-0.0170970342959606,0.0015));
#14703=CARTESIAN_POINT('',(-0.107552572758011,-0.0268878681607756,0.0015));
#14704=CARTESIAN_POINT('',(-0.109283968554978,-0.0270305788104238,0.0015));
#14705=CARTESIAN_POINT('',(-0.105821176961044,-0.0267451575111272,0.0015));
#14706=CARTESIAN_POINT('',(-0.111297770529099,-0.0270665080290791,0.0015));
#14707=CARTESIAN_POINT('',(-0.11331157250322,-0.0271024372477344,0.0015));
#14708=CARTESIAN_POINT('',(-0.115724249714776,-0.0270274456571836,0.0015));
#14709=CARTESIAN_POINT('',(-0.118136926926333,-0.0269524540666328,0.0015));
#14710=CARTESIAN_POINT('',(-0.120368244817316,-0.0268338339981603,0.0015));
#14711=CARTESIAN_POINT('',(-0.122599562708298,-0.0267152139296877,0.0015));
#14712=CARTESIAN_POINT('',(-0.124714849319891,-0.0265103683945259,0.0015));
#14713=CARTESIAN_POINT('',(-0.126830135931483,-0.0263055228593642,0.0015));
#14714=CARTESIAN_POINT('',(-0.128640116754045,-0.0260367565768698,0.0015));
#14715=CARTESIAN_POINT('',(-0.130450097576607,-0.0257679902943753,0.0015));
#14716=CARTESIAN_POINT('',(-0.131765499284757,-0.0254576095629162,0.0015));
#14717=CARTESIAN_POINT('',(-0.133080900992907,-0.025147228831457,0.0015));
#14718=CARTESIAN_POINT('',(-0.134130572462605,-0.0248260606893142,0.0015));
#14719=CARTESIAN_POINT('',(-0.135180243932303,-0.0245048925471714,0.0015));
#14720=CARTESIAN_POINT('',(-0.135771663022347,-0.0242663536734038,0.0015));
#14721=CARTESIAN_POINT('',(-0.136363082112392,-0.0240278147996363,0.0015));
#14722=CARTESIAN_POINT('',(-0.13672106687756,-0.0237179136928699,0.0015));
#14723=CARTESIAN_POINT('',(-0.137079051642728,-0.0234080125861035,0.0015));
#14724=CARTESIAN_POINT('',(-0.137159082647952,-0.0232225186243502,0.0015));
#14725=CARTESIAN_POINT('',(-0.137239113653177,-0.0230370246625969,0.0015));
#14726=CARTESIAN_POINT('',(-0.13723532757875,-0.0228396237711239,0.0015));
#14727=CARTESIAN_POINT('',(-0.137231541504323,-0.0226422228796508,0.0015));
#14728=CARTESIAN_POINT('',(-0.137141718655061,-0.0224557365092739,0.0015));
#14729=CARTESIAN_POINT('',(-0.137051895805799,-0.022269250138897,0.0015));
#14730=CARTESIAN_POINT('',(-0.13688687293649,-0.0221028172124666,0.0015));
#14731=CARTESIAN_POINT('',(-0.136721850067182,-0.0219363842860362,0.0015));
#14732=CARTESIAN_POINT('',(-0.136500949144772,-0.0218065591583821,0.0015));
#14733=CARTESIAN_POINT('',(-0.136280048222362,-0.021676734030728,0.0015));
#14734=CARTESIAN_POINT('',(-0.136024680640546,-0.0216233626581204,0.0015));
#14735=CARTESIAN_POINT('',(-0.135769313058729,-0.0215699912855126,0.0015));
#14736=CARTESIAN_POINT('',(-0.135094598752279,-0.0216814339579648,0.0015));
#14737=CARTESIAN_POINT('',(-0.134419884445829,-0.0217928766304169,0.0015));
#14738=CARTESIAN_POINT('',(-0.133535236240193,-0.0219992597278655,0.0015));
#14739=CARTESIAN_POINT('',(-0.132650588034556,-0.0222056428253142,0.0015));
#14740=CARTESIAN_POINT('',(-0.131664628487941,-0.022414846037006,0.0015));
#14741=CARTESIAN_POINT('',(-0.130678668941327,-0.0226240492486978,0.0015));
#14742=CARTESIAN_POINT('',(-0.128787824579814,-0.0229864860363231,0.0015));
#14743=CARTESIAN_POINT('',(-0.126896980218301,-0.0233489228239484,0.0015));
#14744=CARTESIAN_POINT('',(-0.124872185562024,-0.0236719577522412,0.0015));
#14745=CARTESIAN_POINT('',(-0.122847390905746,-0.0239949926805341,0.0015));
#14746=CARTESIAN_POINT('',(-0.121617030405785,-0.0241679536345736,0.0015));
#14747=CARTESIAN_POINT('',(-0.120386669905824,-0.0243409145886132,0.0015));
#14748=CARTESIAN_POINT('',(-0.117825454308536,-0.0246736987276373,0.0015));
#14749=CARTESIAN_POINT('',(-0.115264238711249,-0.0250064828666615,0.0015));
#14750=CARTESIAN_POINT('',(-0.112768089039265,-0.025170673596997,0.0015));
#14751=CARTESIAN_POINT('',(-0.11027193936728,-0.0253348643273325,0.0015));
#14752=CARTESIAN_POINT('',(-0.107885868101955,-0.0253291881763383,0.0015));
#14753=CARTESIAN_POINT('',(-0.10549979683663,-0.025323512025344,0.0015));
#14754=CARTESIAN_POINT('',(-0.10326881645932,-0.0251466967046373,0.0015));
#14755=CARTESIAN_POINT('',(-0.10103783608201,-0.0249698813839305,0.0015));
#14756=CARTESIAN_POINT('',(-0.100154336607119,-0.0249214191575615,0.0015));
#14757=CARTESIAN_POINT('',(-0.0992708371322284,-0.0248729569311924,0.0015));
#14758=CARTESIAN_POINT('',(-0.0991471744910596,-0.0248964569621291,0.0015));
#14759=CARTESIAN_POINT('',(-0.0990235118498907,-0.0249199569930659,0.0015));
#14760=CARTESIAN_POINT('',(-0.0989203203011664,-0.0249818925283983,0.0015));
#14761=CARTESIAN_POINT('',(-0.0988171287524421,-0.0250438280637309,0.0015));
#14762=CARTESIAN_POINT('',(-0.0987853775977776,-0.0251850378631059,0.0015));
#14763=CARTESIAN_POINT('',(-0.098753626443113,-0.0253262476624808,0.0015));
#14764=CARTESIAN_POINT('',(-0.0988182778779407,-0.0254276636129597,0.0015));
#14765=CARTESIAN_POINT('',(-0.0988829293127683,-0.0255290795634384,0.0015));
#14766=CARTESIAN_POINT('',(-0.0989807940667561,-0.025591015098771,0.0015));
#14767=CARTESIAN_POINT('',(-0.0990786588207439,-0.0256529506341034,0.0015));
#14768=CARTESIAN_POINT('',(-0.0992106771951415,-0.0257014132552254,0.0015));
#14769=CARTESIAN_POINT('',(-0.099342695569539,-0.0257498758763473,0.0015));
#14770=CARTESIAN_POINT('',(-0.0997362440122384,-0.0258479494545841,0.0015));
#14771=CARTESIAN_POINT('',(-0.100129792454938,-0.0259460230328208,0.0015));
#14772=CARTESIAN_POINT('',(-0.101361510904646,-0.0261525107397704,0.0015));
#14773=CARTESIAN_POINT('',(-0.102593229354355,-0.0263589984467199,0.0015));
#14774=CARTESIAN_POINT('',(-0.100755221080608,-0.0373406216031979,0.0015));
#14775=CARTESIAN_POINT('',(-0.100788212548675,-0.0374218013391681,0.0015));
#14776=CARTESIAN_POINT('',(-0.10072222961254,-0.0372594418672276,0.0015));
#14777=CARTESIAN_POINT('',(-0.100891195273151,-0.0374941816397247,0.0015));
#14778=CARTESIAN_POINT('',(-0.100994177997626,-0.0375665619402813,0.0015));
#14779=CARTESIAN_POINT('',(-0.101104785373082,-0.0375875552907246,0.0015));
#14780=CARTESIAN_POINT('',(-0.101215392748538,-0.037608548641168,0.0015));
#14781=CARTESIAN_POINT('',(-0.101493215845294,-0.0376022819399347,0.0015));
#14782=CARTESIAN_POINT('',(-0.10177103894205,-0.0375960152387015,0.0015));
#14783=CARTESIAN_POINT('',(-0.103370612556778,-0.037504312576446,0.0015));
#14784=CARTESIAN_POINT('',(-0.104970186171505,-0.0374126099141907,0.0015));
#14785=CARTESIAN_POINT('',(-0.10656840657352,-0.0372816932949517,0.0015));
#14786=CARTESIAN_POINT('',(-0.108166626975534,-0.0371507766757126,0.0015));
#14787=CARTESIAN_POINT('',(-0.110055651526484,-0.0368895418825304,0.0015));
#14788=CARTESIAN_POINT('',(-0.111944676077434,-0.0366283070893481,0.0015));
#14789=CARTESIAN_POINT('',(-0.113935671601346,-0.0362671773283549,0.0015));
#14790=CARTESIAN_POINT('',(-0.115926667125259,-0.0359060475673616,0.0015));
#14791=CARTESIAN_POINT('',(-0.117830800446162,-0.0354754460446896,0.0015));
#14792=CARTESIAN_POINT('',(-0.119734933767064,-0.0350448445220177,0.0015));
#14793=CARTESIAN_POINT('',(-0.121083317074461,-0.0347076963904182,0.0015));
#14794=CARTESIAN_POINT('',(-0.122431700381857,-0.0343705482588187,0.0015));
#14795=CARTESIAN_POINT('',(-0.123951373654548,-0.0339208083292684,0.0015));
#14796=CARTESIAN_POINT('',(-0.12547104692724,-0.0334710683997181,0.0015));
#14797=CARTESIAN_POINT('',(-0.126881526039619,-0.0330126845673707,0.0015));
#14798=CARTESIAN_POINT('',(-0.128292005151998,-0.0325543007350232,0.0015));
#14799=CARTESIAN_POINT('',(-0.129482856419856,-0.032110946722062,0.0015));
#14800=CARTESIAN_POINT('',(-0.130673707687714,-0.0316675927091008,0.0015));
#14801=CARTESIAN_POINT('',(-0.133347888519133,-0.0304430417865918,0.0015));
#14802=CARTESIAN_POINT('',(-0.136022069350551,-0.0292184908640827,0.0015));
#14803=CARTESIAN_POINT('',(-0.136643124904331,-0.0288122392751982,0.0015));
#14804=CARTESIAN_POINT('',(-0.13726418045811,-0.0284059876863138,0.0015));
#14805=CARTESIAN_POINT('',(-0.137472531398434,-0.0281839494809905,0.0015));
#14806=CARTESIAN_POINT('',(-0.137680882338758,-0.0279619112756671,0.0015));
#14807=CARTESIAN_POINT('',(-0.137812368981089,-0.0277384527496485,0.0015));
#14808=CARTESIAN_POINT('',(-0.13794385562342,-0.0275149942236299,0.0015));
#14809=CARTESIAN_POINT('',(-0.1379933363121,-0.0272883488579857,0.0015));
#14810=CARTESIAN_POINT('',(-0.138042817000779,-0.0270617034923415,0.0015));
#14811=CARTESIAN_POINT('',(-0.137988114126864,-0.0268466516226671,0.0015));
#14812=CARTESIAN_POINT('',(-0.137933411252949,-0.0266315997529928,0.0015));
#14813=CARTESIAN_POINT('',(-0.13777152153688,-0.0264644617980016,0.0015));
#14814=CARTESIAN_POINT('',(-0.137609631820811,-0.0262973238430105,0.0015));
#14815=CARTESIAN_POINT('',(-0.137360008682229,-0.026194889430221,0.0015));
#14816=CARTESIAN_POINT('',(-0.137110385543647,-0.0260924550174314,0.0015));
#14817=CARTESIAN_POINT('',(-0.136806842326019,-0.0260785640599701,0.0015));
#14818=CARTESIAN_POINT('',(-0.13650329910839,-0.0260646731025088,0.0015));
#14819=CARTESIAN_POINT('',(-0.1360454387183,-0.0261875000519289,0.0015));
#14820=CARTESIAN_POINT('',(-0.13558757832821,-0.0263103270013491,0.0015));
#14821=CARTESIAN_POINT('',(-0.133523747353724,-0.0271699084020524,0.0015));
#14822=CARTESIAN_POINT('',(-0.131459916379237,-0.0280294898027559,0.0015));
#14823=CARTESIAN_POINT('',(-0.130477089985863,-0.0284780806068075,0.0015));
#14824=CARTESIAN_POINT('',(-0.129494263592489,-0.0289266714108591,0.0015));
#14825=CARTESIAN_POINT('',(-0.126736527007794,-0.030095997201454,0.0015));
#14826=CARTESIAN_POINT('',(-0.1239787904231,-0.0312653229920489,0.0015));
#14827=CARTESIAN_POINT('',(-0.120654701158542,-0.0324225073697407,0.0015));
#14828=CARTESIAN_POINT('',(-0.117330611893984,-0.0335796917474327,0.0015));
#14829=CARTESIAN_POINT('',(-0.115181671419069,-0.0341230398111661,0.0015));
#14830=CARTESIAN_POINT('',(-0.113032730944154,-0.0346663878748995,0.0015));
#14831=CARTESIAN_POINT('',(-0.110658267780653,-0.0351434660171875,0.0015));
#14832=CARTESIAN_POINT('',(-0.108283804617152,-0.0356205441594756,0.0015));
#14833=CARTESIAN_POINT('',(-0.10684392747175,-0.0358661988478216,0.0015));
#14834=CARTESIAN_POINT('',(-0.105404050326347,-0.0361118535361675,0.0015));
#14835=CARTESIAN_POINT('',(-0.104198025154318,-0.0363080010873938,0.0015));
#14836=CARTESIAN_POINT('',(-0.10299199998229,-0.0365041486386203,0.0015));
#14837=CARTESIAN_POINT('',(-0.102064424774517,-0.0366612334231982,0.0015));
#14838=CARTESIAN_POINT('',(-0.101136849566744,-0.0368183182077762,0.0015));
#14839=CARTESIAN_POINT('',(-0.101033866842268,-0.0368575897986735,0.0015));
#14840=CARTESIAN_POINT('',(-0.100930884117793,-0.0368968613895709,0.0015));
#14841=CARTESIAN_POINT('',(-0.10085035730301,-0.0369648548018877,0.0015));
#14842=CARTESIAN_POINT('',(-0.100769830488226,-0.0370328482142046,0.0015));
#14843=CARTESIAN_POINT('',(-0.144771417735178,-0.0341771162123346,0.0015));
#14844=CARTESIAN_POINT('',(-0.143479434344129,-0.0361596888950369,0.0015));
#14845=CARTESIAN_POINT('',(-0.146063401126228,-0.0321945435296324,0.0015));
#14846=CARTESIAN_POINT('',(-0.142876787299239,-0.0371271621664542,0.0015));
#14847=CARTESIAN_POINT('',(-0.142274140254348,-0.0380946354378716,0.0015));
#14848=CARTESIAN_POINT('',(-0.142100761651811,-0.0384119389497734,0.0015));
#14849=CARTESIAN_POINT('',(-0.141927383049273,-0.0387292424616754,0.0015));
#14850=CARTESIAN_POINT('',(-0.141881427503398,-0.0388326428346486,0.0015));
#14851=CARTESIAN_POINT('',(-0.141835471957522,-0.038936043207622,0.0015));
#14852=CARTESIAN_POINT('',(-0.141821894039058,-0.0389813722807508,0.0015));
#14853=CARTESIAN_POINT('',(-0.141808316120593,-0.0390267013538796,0.0015));
#14854=CARTESIAN_POINT('',(-0.141806227483351,-0.0390582436842951,0.0015));
#14855=CARTESIAN_POINT('',(-0.141804138846108,-0.0390897860147107,0.0015));
#14856=CARTESIAN_POINT('',(-0.141820849917813,-0.0391470216228064,0.0015));
#14857=CARTESIAN_POINT('',(-0.141837560989517,-0.0392042572309022,0.0015));
#14858=CARTESIAN_POINT('',(-0.141946183547726,-0.0392963779364083,0.0015));
#14859=CARTESIAN_POINT('',(-0.142054806105935,-0.0393884986419145,0.0015));
#14860=CARTESIAN_POINT('',(-0.142198940234301,-0.0394064630538657,0.0015));
#14861=CARTESIAN_POINT('',(-0.142343074362668,-0.039424427465817,0.0015));
#14862=CARTESIAN_POINT('',(-0.142704453607452,-0.0393066134826306,0.0015));
#14863=CARTESIAN_POINT('',(-0.143065832852236,-0.0391887994994443,0.0015));
#14864=CARTESIAN_POINT('',(-0.144437194327323,-0.0383666094818918,0.0015));
#14865=CARTESIAN_POINT('',(-0.14580855580241,-0.0375444194643393,0.0015));
#14866=CARTESIAN_POINT('',(-0.146496194711384,-0.0370624977047831,0.0015));
#14867=CARTESIAN_POINT('',(-0.147183833620359,-0.0365805759452269,0.0015));
#14868=CARTESIAN_POINT('',(-0.147720288510112,-0.036130536003523,0.0015));
#14869=CARTESIAN_POINT('',(-0.148256743399865,-0.0356804960618193,0.0015));
#14870=CARTESIAN_POINT('',(-0.148643450775959,-0.0352556271397968,0.0015));
#14871=CARTESIAN_POINT('',(-0.149030158152052,-0.0348307582177744,0.0015));
#14872=CARTESIAN_POINT('',(-0.149268031472542,-0.0344222612747724,0.0015));
#14873=CARTESIAN_POINT('',(-0.149505904793032,-0.0340137643317704,0.0015));
#14874=CARTESIAN_POINT('',(-0.149589199614685,-0.0336138970804637,0.0015));
#14875=CARTESIAN_POINT('',(-0.149672494436337,-0.033214029829157,0.0015));
#14876=CARTESIAN_POINT('',(-0.149591288251927,-0.032830142567307,0.0015));
#14877=CARTESIAN_POINT('',(-0.149510082067517,-0.032446255305457,0.0015));
#14878=CARTESIAN_POINT('',(-0.149273253263025,-0.0320917171272792,0.0015));
#14879=CARTESIAN_POINT('',(-0.149036424458532,-0.0317371789491012,0.0015));
#14880=CARTESIAN_POINT('',(-0.148657028694423,-0.0314083344433564,0.0015));
#14881=CARTESIAN_POINT('',(-0.148277632930314,-0.0310794899376115,0.0015));
#14882=CARTESIAN_POINT('',(-0.148006076140038,-0.0309348335512464,0.0015));
#14883=CARTESIAN_POINT('',(-0.147734519349763,-0.0307901771648812,0.0015));
#14884=CARTESIAN_POINT('',(-0.14745460682626,-0.030824330785291,0.0015));
#14885=CARTESIAN_POINT('',(-0.147174694302756,-0.0308584844057008,0.0015));
#14886=CARTESIAN_POINT('',(-0.146921938010933,-0.0310937985435707,0.0015));
#14887=CARTESIAN_POINT('',(-0.146669181719111,-0.0313291126814408,0.0015));
#14888=CARTESIAN_POINT('',(-0.119243520175624,-0.0409420898675739,0.0015));
#14889=CARTESIAN_POINT('',(-0.117513390350995,-0.0417720873066693,0.0015));
#14890=CARTESIAN_POINT('',(-0.120973650000254,-0.0401120924284786,0.0015));
#14891=CARTESIAN_POINT('',(-0.115535726419778,-0.0426034948028862,0.0015));
#14892=CARTESIAN_POINT('',(-0.113558062488562,-0.0434349022991031,0.0015));
#14893=CARTESIAN_POINT('',(-0.112576280611185,-0.0438094418138536,0.0015));
#14894=CARTESIAN_POINT('',(-0.111594498733808,-0.044183981328604,0.0015));
#14895=CARTESIAN_POINT('',(-0.109006041243475,-0.0451476941845286,0.0015));
#14896=CARTESIAN_POINT('',(-0.106417593366852,-0.0461114407940682,0.0015));
#14897=CARTESIAN_POINT('',(-0.106244110154814,-0.0461733767241536,0.0015));
#14898=CARTESIAN_POINT('',(-0.106070617329064,-0.0462352789006238,0.0015));
#14899=CARTESIAN_POINT('',(-0.105948312637643,-0.0463228034988884,0.0015));
#14900=CARTESIAN_POINT('',(-0.105826007946222,-0.046410328097153,0.0015));
#14901=CARTESIAN_POINT('',(-0.105787049789074,-0.0465661599362372,0.0015));
#14902=CARTESIAN_POINT('',(-0.105748091631927,-0.0467219917753214,0.0015));
#14903=CARTESIAN_POINT('',(-0.105824754211222,-0.0468481610969836,0.0015));
#14904=CARTESIAN_POINT('',(-0.105901416790518,-0.0469743304186457,0.0015));
#14905=CARTESIAN_POINT('',(-0.105980377226057,-0.0470184061515279,0.0015));
#14906=CARTESIAN_POINT('',(-0.106059337661597,-0.0470624818844101,0.0015));
#14907=CARTESIAN_POINT('',(-0.106135582197642,-0.0470750152868767,0.0015));
#14908=CARTESIAN_POINT('',(-0.106211826733686,-0.0470875486893434,0.0015));
#14909=CARTESIAN_POINT('',(-0.106378312162244,-0.047073657731882,0.0015));
#14910=CARTESIAN_POINT('',(-0.106544797590801,-0.0470597667744206,0.0015));
#14911=CARTESIAN_POINT('',(-0.107569610685062,-0.0468525479852233,0.0015));
#14912=CARTESIAN_POINT('',(-0.108594423779323,-0.0466453291960259,0.0015));
#14913=CARTESIAN_POINT('',(-0.109773919981923,-0.0463385091351258,0.0015));
#14914=CARTESIAN_POINT('',(-0.110953416184522,-0.0460316890742256,0.0015));
#14915=CARTESIAN_POINT('',(-0.112616074460081,-0.0454330764032947,0.0015));
#14916=CARTESIAN_POINT('',(-0.11427873273564,-0.0448344637323637,0.0015));
#14917=CARTESIAN_POINT('',(-0.117084122303395,-0.0437464613677706,0.0015));
#14918=CARTESIAN_POINT('',(-0.119889511871149,-0.0426584590031774,0.0015));
#14919=CARTESIAN_POINT('',(-0.12082847135589,-0.0422854862624234,0.0015));
#14920=CARTESIAN_POINT('',(-0.121767430840631,-0.0419125135216695,0.0015));
#14921=CARTESIAN_POINT('',(-0.122049432001378,-0.0417968931799795,0.0015));
#14922=CARTESIAN_POINT('',(-0.122331433162124,-0.0416812728382895,0.0015));
#14923=CARTESIAN_POINT('',(-0.122470345105255,-0.0416193369082041,0.0015));
#14924=CARTESIAN_POINT('',(-0.122609257048385,-0.0415574009781187,0.0015));
#14925=CARTESIAN_POINT('',(-0.123268304009623,-0.0412838597653492,0.0015));
#14926=CARTESIAN_POINT('',(-0.12392735097086,-0.0410103185525795,0.0015));
#14927=CARTESIAN_POINT('',(-0.125350935087809,-0.0403710116015389,0.0015));
#14928=CARTESIAN_POINT('',(-0.126774519204758,-0.0397317046504984,0.0015));
#14929=CARTESIAN_POINT('',(-0.128022635687174,-0.0390571995630503,0.0015));
#14930=CARTESIAN_POINT('',(-0.12927075216959,-0.0383826944756022,0.0015));
#14931=CARTESIAN_POINT('',(-0.130262978417438,-0.0377714828732343,0.0015));
#14932=CARTESIAN_POINT('',(-0.131255204665286,-0.0371602712708662,0.0015));
#14933=CARTESIAN_POINT('',(-0.133415124795515,-0.0358650110365453,0.0015));
#14934=CARTESIAN_POINT('',(-0.135575044925743,-0.0345697508022242,0.0015));
#14935=CARTESIAN_POINT('',(-0.136848228213093,-0.0337113572127971,0.0015));
#14936=CARTESIAN_POINT('',(-0.138121411500442,-0.03285296362337,0.0015));
#14937=CARTESIAN_POINT('',(-0.138497413179688,-0.0325299677756076,0.0015));
#14938=CARTESIAN_POINT('',(-0.138873414858935,-0.0322069719278452,0.0015));
#14939=CARTESIAN_POINT('',(-0.139114682659041,-0.031920636380986,0.0015));
#14940=CARTESIAN_POINT('',(-0.139355950459147,-0.0316343008341268,0.0015));
#14941=CARTESIAN_POINT('',(-0.139485200826675,-0.0313603028923287,0.0015));
#14942=CARTESIAN_POINT('',(-0.139614451194204,-0.0310863049505306,0.0015));
#14943=CARTESIAN_POINT('',(-0.139651268211982,-0.0308139515490373,0.0015));
#14944=CARTESIAN_POINT('',(-0.13968808522976,-0.030541598147544,0.0015));
#14945=CARTESIAN_POINT('',(-0.139639387730702,-0.0302412018995049,0.0015));
#14946=CARTESIAN_POINT('',(-0.139590690231644,-0.0299408056514659,0.0015));
#14947=CARTESIAN_POINT('',(-0.139422142219531,-0.0297340175376101,0.0015));
#14948=CARTESIAN_POINT('',(-0.139253594207419,-0.0295272294237542,0.0015));
#14949=CARTESIAN_POINT('',(-0.138984257112327,-0.0294630351127078,0.0015));
#14950=CARTESIAN_POINT('',(-0.138714920017235,-0.0293988408016614,0.0015));
#14951=CARTESIAN_POINT('',(-0.138380565551439,-0.0294630351127078,0.0015));
#14952=CARTESIAN_POINT('',(-0.138046211085643,-0.0295272294237542,0.0015));
#14953=CARTESIAN_POINT('',(-0.137130882295026,-0.0299842541220956,0.0015));
#14954=CARTESIAN_POINT('',(-0.13621555350441,-0.0304412788204369,0.0015));
#14955=CARTESIAN_POINT('',(-0.134912472821702,-0.0313380688337293,0.0015));
#14956=CARTESIAN_POINT('',(-0.133609392138995,-0.0322348588470217,0.0015));
#14957=CARTESIAN_POINT('',(-0.130857399997535,-0.0341245935583192,0.0015));
#14958=CARTESIAN_POINT('',(-0.128105407856075,-0.0360143282696166,0.0015));
#14959=CARTESIAN_POINT('',(-0.126734748251526,-0.0368632805555226,0.0015));
#14960=CARTESIAN_POINT('',(-0.125364088646977,-0.0377122328414287,0.0015));
#14961=CARTESIAN_POINT('',(-0.124193473593628,-0.0383711380863987,0.0015));
#14962=CARTESIAN_POINT('',(-0.123022858540279,-0.0390300433313688,0.0015));
#14963=CARTESIAN_POINT('',(-0.136886742668055,-0.0674672471683569,0.0015));
#14964=CARTESIAN_POINT('',(-0.136706967095849,-0.0677220861761292,0.0015));
#14965=CARTESIAN_POINT('',(-0.137066525608479,-0.0672124290525228,0.0015));
#14966=CARTESIAN_POINT('',(-0.136482541030636,-0.0678884002819567,0.0015));
#14967=CARTESIAN_POINT('',(-0.136258114965422,-0.0680547143877841,0.0015));
#14968=CARTESIAN_POINT('',(-0.135959663664594,-0.0681508623616986,0.0015));
#14969=CARTESIAN_POINT('',(-0.135661212363766,-0.0682470103356131,0.0015));
#14970=CARTESIAN_POINT('',(-0.135260927463961,-0.0682784938478564,0.0015));
#14971=CARTESIAN_POINT('',(-0.134860642564157,-0.0683099773600998,0.0015));
#14972=CARTESIAN_POINT('',(-0.134268766350331,-0.0684045325063307,0.0015));
#14973=CARTESIAN_POINT('',(-0.133676890136505,-0.0684990876525617,0.0015));
#14974=CARTESIAN_POINT('',(-0.13321700624339,-0.0687576645749154,0.0015));
#14975=CARTESIAN_POINT('',(-0.132757122350275,-0.069016241497269,0.0015));
#14976=CARTESIAN_POINT('',(-0.132438239037533,-0.0694012080133661,0.0015));
#14977=CARTESIAN_POINT('',(-0.132119355724791,-0.0697861745294631,0.0015));
#14978=CARTESIAN_POINT('',(-0.131950481252085,-0.0702598976674184,0.0015));
#14979=CARTESIAN_POINT('',(-0.131781606779379,-0.0707336208053737,0.0015));
#14980=CARTESIAN_POINT('',(-0.131770036179073,-0.0712515598134671,0.0015));
#14981=CARTESIAN_POINT('',(-0.131758465578768,-0.0717694988215605,0.0015));
#14982=CARTESIAN_POINT('',(-0.13190855613264,-0.0722952831474688,0.0015));
#14983=CARTESIAN_POINT('',(-0.132058646686513,-0.0728210674733771,0.0015));
#14984=CARTESIAN_POINT('',(-0.132375000423097,-0.0733179464177982,0.0015));
#14985=CARTESIAN_POINT('',(-0.132691354159681,-0.0738148253622193,0.0015));
#14986=CARTESIAN_POINT('',(-0.133178573502264,-0.0742460486206042,0.0015));
#14987=CARTESIAN_POINT('',(-0.133665793325932,-0.0746772837686421,0.0015));
#14988=CARTESIAN_POINT('',(-0.134593916364306,-0.0751532222124314,0.0015));
#14989=CARTESIAN_POINT('',(-0.135522039883765,-0.0756291512292208,0.0015));
#14990=CARTESIAN_POINT('',(-0.136773681114233,-0.0760839285996806,0.0015));
#14991=CARTESIAN_POINT('',(-0.1380253223447,-0.0765387059701403,0.0015));
#14992=CARTESIAN_POINT('',(-0.1393828449697,-0.076906284808176,0.0015));
#14993=CARTESIAN_POINT('',(-0.140740367594699,-0.0772738636462117,0.0015));
#14994=CARTESIAN_POINT('',(-0.141983522823503,-0.077484073872382,0.0015));
#14995=CARTESIAN_POINT('',(-0.143226678052307,-0.0776942840985524,0.0015));
#14996=CARTESIAN_POINT('',(-0.144507172162134,-0.0777857337242414,0.0015));
#14997=CARTESIAN_POINT('',(-0.145787666271962,-0.0778771833499305,0.0015));
#14998=CARTESIAN_POINT('',(-0.146192912425379,-0.0778610028260343,0.0015));
#14999=CARTESIAN_POINT('',(-0.146598158578796,-0.0778448223021381,0.0015));
#15000=CARTESIAN_POINT('',(-0.146880159739543,-0.0777678672109929,0.0015));
#15001=CARTESIAN_POINT('',(-0.147162160900289,-0.0776909121198478,0.0015));
#15002=CARTESIAN_POINT('',(-0.147329272801593,-0.0775104441511719,0.0015));
#15003=CARTESIAN_POINT('',(-0.147496384702897,-0.0773299761824959,0.0015));
#15004=CARTESIAN_POINT('',(-0.147502651404131,-0.0770813438735261,0.0015));
#15005=CARTESIAN_POINT('',(-0.147508918105364,-0.0768327115645563,0.0015));
#15006=CARTESIAN_POINT('',(-0.147212294904908,-0.0761981617799133,0.0015));
#15007=CARTESIAN_POINT('',(-0.146915672020839,-0.0755635910475444,0.0015));
#15008=CARTESIAN_POINT('',(-0.145822133720874,-0.0735063406286199,0.0015));
#15009=CARTESIAN_POINT('',(-0.14472859573213,-0.0714491000603146,0.0015));
#15010=CARTESIAN_POINT('',(-0.143805302808261,-0.0697045885928271,0.0015));
#15011=CARTESIAN_POINT('',(-0.142882009879227,-0.0679600873965375,0.0015));
#15012=CARTESIAN_POINT('',(-0.142362918587612,-0.0672230613553047,0.0015));
#15013=CARTESIAN_POINT('',(-0.141843827333554,-0.0664860109770525,0.0015));
#15014=CARTESIAN_POINT('',(-0.141554327410424,-0.066277297121218,0.0015));
#15015=CARTESIAN_POINT('',(-0.141264827524851,-0.0660686007721645,0.0015));
#15016=CARTESIAN_POINT('',(-0.140942867903277,-0.065936598977386,0.0015));
#15017=CARTESIAN_POINT('',(-0.140620908281703,-0.0658045971826074,0.0015));
#15018=CARTESIAN_POINT('',(-0.140281421634317,-0.0657472431486616,0.0015));
#15019=CARTESIAN_POINT('',(-0.139941934986931,-0.0656898891147158,0.0015));
#15020=CARTESIAN_POINT('',(-0.13959985362917,-0.0657051352586549,0.0015));
#15021=CARTESIAN_POINT('',(-0.139257772271409,-0.065720381402594,0.0015));
#15022=CARTESIAN_POINT('',(-0.138928028123957,-0.0658061809309758,0.0015));
#15023=CARTESIAN_POINT('',(-0.138598283976504,-0.0658919804593576,0.0015));
#15024=CARTESIAN_POINT('',(-0.138295810144302,-0.0660462857892343,0.0015));
#15025=CARTESIAN_POINT('',(-0.137993336312099,-0.0662005911191109,0.0015));
#15026=CARTESIAN_POINT('',(-0.137733064321078,-0.0664213550622874,0.0015));
#15027=CARTESIAN_POINT('',(-0.137472792330057,-0.0666421190054639,0.0015));
#15028=CARTESIAN_POINT('',(-0.13337961362011,0.0692395130773958,0.0015));
#15029=CARTESIAN_POINT('',(-0.13337961362011,0.0692394084678949,0.0015));
#15030=CARTESIAN_POINT('',(-0.13337961362011,0.0692396176868967,0.0015));
#15031=CARTESIAN_POINT('',(-0.133428702713979,0.0692223839624405,0.0015));
#15032=CARTESIAN_POINT('',(-0.133477791807848,0.069205359456986,0.0015));
#15033=CARTESIAN_POINT('',(-0.140052597627784,-0.0144639788147459,0.0015));
#15034=CARTESIAN_POINT('',(-0.14066360001115,-0.014217697653653,0.0015));
#15035=CARTESIAN_POINT('',(-0.139441595244418,-0.0147102599758388,0.0015));
#15036=CARTESIAN_POINT('',(-0.141312103124202,-0.0139712226689188,0.0015));
#15037=CARTESIAN_POINT('',(-0.141960606237254,-0.0137247476841847,0.0015));
#15038=CARTESIAN_POINT('',(-0.14259010081711,-0.0135498595468115,0.0015));
#15039=CARTESIAN_POINT('',(-0.143219595396966,-0.0133749714094384,0.0015));
#15040=CARTESIAN_POINT('',(-0.143831244385474,-0.0132717684128819,0.0015));
#15041=CARTESIAN_POINT('',(-0.144442893373981,-0.0131685654163254,0.0015));
#15042=CARTESIAN_POINT('',(-0.145037860107741,-0.0131371454592883,0.0015));
#15043=CARTESIAN_POINT('',(-0.145632826841501,-0.0131057255022512,0.0015));
#15044=CARTESIAN_POINT('',(-0.146212273867608,-0.0131461864834361,0.0015));
#15045=CARTESIAN_POINT('',(-0.146791720893716,-0.0131866474646211,0.0015));
#15046=CARTESIAN_POINT('',(-0.147356810364512,-0.0132990872827309,0.0015));
#15047=CARTESIAN_POINT('',(-0.147921899835308,-0.0134115271008406,0.0015));
#15048=CARTESIAN_POINT('',(-0.148473795087395,-0.0135960436545779,0.0015));
#15049=CARTESIAN_POINT('',(-0.149025690339481,-0.0137805602083153,0.0015));
#15050=CARTESIAN_POINT('',(-0.149566598830703,-0.0140372513963829,0.0015));
#15051=CARTESIAN_POINT('',(-0.150107507321925,-0.0142939425844505,0.0015));
#15052=CARTESIAN_POINT('',(-0.151113311488237,-0.0147893246261266,0.0015));
#15053=CARTESIAN_POINT('',(-0.152119115654549,-0.0152847066678027,0.0015));
#15054=CARTESIAN_POINT('',(-0.153626255524774,-0.0160970791823838,0.0015));
#15055=CARTESIAN_POINT('',(-0.155133395394999,-0.0169094516969648,0.0015));
#15056=CARTESIAN_POINT('',(-0.155645958659004,-0.0172628146959571,0.0015));
#15057=CARTESIAN_POINT('',(-0.15615852192301,-0.0176161776949493,0.0015));
#15058=CARTESIAN_POINT('',(-0.156506584575705,-0.0179336639774132,0.0015));
#15059=CARTESIAN_POINT('',(-0.156854647228401,-0.0182511502598771,0.0015));
#15060=CARTESIAN_POINT('',(-0.15698938110754,-0.0185954007844586,0.0015));
#15061=CARTESIAN_POINT('',(-0.15712411498668,-0.0189396513090402,0.0015));
#15062=CARTESIAN_POINT('',(-0.157185737483016,-0.0194997893950449,0.0015));
#15063=CARTESIAN_POINT('',(-0.157247359979351,-0.0200599274810495,0.0015));
#15064=CARTESIAN_POINT('',(-0.157242268062551,-0.0207543032418823,0.0015));
#15065=CARTESIAN_POINT('',(-0.15723717614575,-0.021448679002715,0.0015));
#15066=CARTESIAN_POINT('',(-0.157160800946518,-0.0221855116150593,0.0015));
#15067=CARTESIAN_POINT('',(-0.157084425747285,-0.0229223442274036,0.0015));
#15068=CARTESIAN_POINT('',(-0.156904258185516,-0.0242087655510277,0.0015));
#15069=CARTESIAN_POINT('',(-0.156724090623746,-0.0254951868746517,0.0015));
#15070=CARTESIAN_POINT('',(-0.156709990842035,-0.0263393365975843,0.0015));
#15071=CARTESIAN_POINT('',(-0.156695891060325,-0.0271834863205168,0.0015));
#15072=CARTESIAN_POINT('',(-0.156879844301769,-0.0279174336844004,0.0015));
#15073=CARTESIAN_POINT('',(-0.157063797543213,-0.0286513810482839,0.0015));
#15074=CARTESIAN_POINT('',(-0.157486669015898,-0.0296116342903749,0.0015));
#15075=CARTESIAN_POINT('',(-0.157909540488582,-0.0305718875324657,0.0015));
#15076=CARTESIAN_POINT('',(-0.158368536977327,-0.031725171357409,0.0015));
#15077=CARTESIAN_POINT('',(-0.158827533466073,-0.0328784551823522,0.0015));
#15078=CARTESIAN_POINT('',(-0.159130217701535,-0.0340576671629116,0.0015));
#15079=CARTESIAN_POINT('',(-0.159432901936997,-0.0352368791434709,0.0015));
#15080=CARTESIAN_POINT('',(-0.159578747318897,-0.0364518407301462,0.0015));
#15081=CARTESIAN_POINT('',(-0.159724592700797,-0.0376668023168217,0.0015));
#15082=CARTESIAN_POINT('',(-0.159713073023607,-0.0389273349601129,0.0015));
#15083=CARTESIAN_POINT('',(-0.159701553346417,-0.0401878676034041,0.0015));
#15084=CARTESIAN_POINT('',(-0.159532142799363,-0.0415037915695524,0.0015));
#15085=CARTESIAN_POINT('',(-0.159362732252309,-0.0428197155357009,0.0015));
#15086=CARTESIAN_POINT('',(-0.159034903445605,-0.0442008522752062,0.0015));
#15087=CARTESIAN_POINT('',(-0.158707074638901,-0.0455819890147116,0.0015));
#15088=CARTESIAN_POINT('',(-0.158220302551279,-0.047038159583321,0.0015));
#15089=CARTESIAN_POINT('',(-0.157733530463655,-0.0484943301519304,0.0015));
#15090=CARTESIAN_POINT('',(-0.157087287705329,-0.0500353556053908,0.0015));
#15091=CARTESIAN_POINT('',(-0.156441044947002,-0.0515763810588512,0.0015));
#15092=CARTESIAN_POINT('',(-0.1558248203784,-0.0530283739582227,0.0015));
#15093=CARTESIAN_POINT('',(-0.155208595809798,-0.0544803668575941,0.0015));
#15094=CARTESIAN_POINT('',(-0.155060284012194,-0.0550077744071541,0.0015));
#15095=CARTESIAN_POINT('',(-0.15491197221459,-0.0555351819567142,0.0015));
#15096=CARTESIAN_POINT('',(-0.154870194337952,-0.0559934209147717,0.0015));
#15097=CARTESIAN_POINT('',(-0.154828416461315,-0.0564516598728292,0.0015));
#15098=CARTESIAN_POINT('',(-0.154894183862403,-0.0568930681490737,0.0015));
#15099=CARTESIAN_POINT('',(-0.15495995126349,-0.0573344764253181,0.0015));
#15100=CARTESIAN_POINT('',(-0.155134406751758,-0.057809633305565,0.0015));
#15101=CARTESIAN_POINT('',(-0.155308862240026,-0.0582847901858119,0.0015));
#15102=CARTESIAN_POINT('',(-0.155997154070187,-0.0595332319445629,0.0015));
#15103=CARTESIAN_POINT('',(-0.156685445900348,-0.060781673703314,0.0015));
#15104=CARTESIAN_POINT('',(-0.157786034169535,-0.0624581447752732,0.0015));
#15105=CARTESIAN_POINT('',(-0.158886622438722,-0.0641346158472325,0.0015));
#15106=CARTESIAN_POINT('',(-0.159438091357748,-0.064814317460982,0.0015));
#15107=CARTESIAN_POINT('',(-0.159989560276774,-0.0654940190747315,0.0015));
#15108=CARTESIAN_POINT('',(-0.160624846275452,-0.0661789574795714,0.0015));
#15109=CARTESIAN_POINT('',(-0.161260132274129,-0.0668638958844114,0.0015));
#15110=CARTESIAN_POINT('',(-0.161632217215761,-0.0672733173385496,0.0015));
#15111=CARTESIAN_POINT('',(-0.162004302157392,-0.0676827387926879,0.0015));
#15112=CARTESIAN_POINT('',(-0.162211886487713,-0.0679955433065453,0.0015));
#15113=CARTESIAN_POINT('',(-0.162419470818034,-0.0683083478204027,0.0015));
#15114=CARTESIAN_POINT('',(-0.162456157172624,-0.0684372239622449,0.0015));
#15115=CARTESIAN_POINT('',(-0.162492843527214,-0.068566100104087,0.0015));
#15116=CARTESIAN_POINT('',(-0.162470779212333,-0.0686823875780658,0.0015));
#15117=CARTESIAN_POINT('',(-0.162448714897452,-0.0687986750520447,0.0015));
#15118=CARTESIAN_POINT('',(-0.162362025990937,-0.0688815636730315,0.0015));
#15119=CARTESIAN_POINT('',(-0.16227533708442,-0.0689644522940184,0.0015));
#15120=CARTESIAN_POINT('',(-0.162141647326526,-0.0690075241704448,0.0015));
#15121=CARTESIAN_POINT('',(-0.16200795756863,-0.0690505960468711,0.0015));
#15122=CARTESIAN_POINT('',(-0.161594878334736,-0.0690541235581921,0.0015));
#15123=CARTESIAN_POINT('',(-0.161181799100842,-0.0690576510695131,0.0015));
#15124=CARTESIAN_POINT('',(-0.160546251775788,-0.0689660660436022,0.0015));
#15125=CARTESIAN_POINT('',(-0.159910704450735,-0.0688744810176912,0.0015));
#15126=CARTESIAN_POINT('',(-0.157891784900879,-0.0684213572668514,0.0015));
#15127=CARTESIAN_POINT('',(-0.155872865351024,-0.0679682335160116,0.0015));
#15128=CARTESIAN_POINT('',(-0.15383958429833,-0.0674996362436005,0.0015));
#15129=CARTESIAN_POINT('',(-0.151806303245635,-0.0670310389711894,0.0015));
#15130=CARTESIAN_POINT('',(-0.15049212527127,-0.0668290897375677,0.0015));
#15131=CARTESIAN_POINT('',(-0.149177947296904,-0.066627140503946,0.0015));
#15132=CARTESIAN_POINT('',(-0.148716039900764,-0.0666200815337756,0.0015));
#15133=CARTESIAN_POINT('',(-0.148254132504624,-0.0666130225636053,0.0015));
#15134=CARTESIAN_POINT('',(-0.147881525304994,-0.0666645334661083,0.0015));
#15135=CARTESIAN_POINT('',(-0.147508918105364,-0.0667160443686112,0.0015));
#15136=CARTESIAN_POINT('',(-0.147192711216834,-0.0668233666109862,0.0015));
#15137=CARTESIAN_POINT('',(-0.146876504328304,-0.0669306888533613,0.0015));
#15138=CARTESIAN_POINT('',(-0.14658379747071,-0.0670929385840141,0.0015));
#15139=CARTESIAN_POINT('',(-0.146291090613117,-0.0672551883146668,0.0015));
#15140=CARTESIAN_POINT('',(-0.146141864962703,-0.0674179867517582,0.0015));
#15141=CARTESIAN_POINT('',(-0.145992639312289,-0.0675807851888497,0.0015));
#15142=CARTESIAN_POINT('',(-0.145894330856116,-0.0678355784052934,0.0015));
#15143=CARTESIAN_POINT('',(-0.145796022399943,-0.0680903716217371,0.0015));
#15144=CARTESIAN_POINT('',(-0.145763644377779,-0.068785128713807,0.0015));
#15145=CARTESIAN_POINT('',(-0.145731266355615,-0.069479885805877,0.0015));
#15146=CARTESIAN_POINT('',(-0.145913261623004,-0.0702578200832552,0.0015));
#15147=CARTESIAN_POINT('',(-0.146095256890393,-0.0710357543606334,0.0015));
#15148=CARTESIAN_POINT('',(-0.146259888164891,-0.0713955419619924,0.0015));
#15149=CARTESIAN_POINT('',(-0.146424519439389,-0.0717553295633515,0.0015));
#15150=CARTESIAN_POINT('',(-0.146634584001763,-0.0720654541002216,0.0015));
#15151=CARTESIAN_POINT('',(-0.146844648647086,-0.0723755887147923,0.0015));
#15152=CARTESIAN_POINT('',(-0.147214383542151,-0.0729710186794992,0.0015));
#15153=CARTESIAN_POINT('',(-0.147584118520164,-0.0735664381947592,0.0015));
#15154=CARTESIAN_POINT('',(-0.148089631893314,-0.0745221817804791,0.0015));
#15155=CARTESIAN_POINT('',(-0.148595145266465,-0.075477925366199,0.0015));
#15156=CARTESIAN_POINT('',(-0.149035902595286,-0.0763918298885919,0.0015));
#15157=CARTESIAN_POINT('',(-0.149476659924108,-0.0773057344109848,0.0015));
#15158=CARTESIAN_POINT('',(-0.149608260650008,-0.0776213554863099,0.0015));
#15159=CARTESIAN_POINT('',(-0.149739861375907,-0.0779369765616351,0.0015));
#15160=CARTESIAN_POINT('',(-0.149773283519316,-0.0780402652195565,0.0015));
#15161=CARTESIAN_POINT('',(-0.149806705662726,-0.0781435538774778,0.0015));
#15162=CARTESIAN_POINT('',(-0.149814016879957,-0.0781826620407021,0.0015));
#15163=CARTESIAN_POINT('',(-0.149821328097188,-0.0782217702039262,0.0015));
#15164=CARTESIAN_POINT('',(-0.14981715042795,-0.0782646502304755,0.0015));
#15165=CARTESIAN_POINT('',(-0.149812972758712,-0.0783075302570248,0.0015));
#15166=CARTESIAN_POINT('',(-0.14977641706731,-0.0783519245554436,0.0015));
#15167=CARTESIAN_POINT('',(-0.149739861375907,-0.0783963188538625,0.0015));
#15168=CARTESIAN_POINT('',(-0.149690772282038,-0.0784207078681805,0.0015));
#15169=CARTESIAN_POINT('',(-0.14964168318817,-0.0784450968824985,0.0015));
#15170=CARTESIAN_POINT('',(-0.149504860277034,-0.0784778199186393,0.0015));
#15171=CARTESIAN_POINT('',(-0.149368037365899,-0.0785105429547801,0.0015));
#15172=CARTESIAN_POINT('',(-0.148914746634611,-0.078546919033643,0.0015));
#15173=CARTESIAN_POINT('',(-0.148461455903322,-0.078583295112506,0.0015));
#15174=CARTESIAN_POINT('',(-0.146966849435564,-0.0785642921058495,0.0015));
#15175=CARTESIAN_POINT('',(-0.145472242967806,-0.0785452890991931,0.0015));
#15176=CARTESIAN_POINT('',(-0.1435142929931,-0.0784194012363013,0.0015));
#15177=CARTESIAN_POINT('',(-0.141556343018393,-0.0782935133734095,0.0015));
#15178=CARTESIAN_POINT('',(-0.139528676140498,-0.0780774023818825,0.0015));
#15179=CARTESIAN_POINT('',(-0.137501009262603,-0.0778612913903556,0.0015));
#15180=CARTESIAN_POINT('',(-0.135730701099817,-0.0775748875512562,0.0015));
#15181=CARTESIAN_POINT('',(-0.133960392937031,-0.0772884837121567,0.0015));
#15182=CARTESIAN_POINT('',(-0.132173046847194,-0.0768971040415251,0.0015));
#15183=CARTESIAN_POINT('',(-0.130385700757357,-0.0765057243708935,0.0015));
#15184=CARTESIAN_POINT('',(-0.128595613503844,-0.0760129441451436,0.0015));
#15185=CARTESIAN_POINT('',(-0.126805526250331,-0.0755201639193937,0.0015));
#15186=CARTESIAN_POINT('',(-0.125026993017505,-0.074929559204445,0.0015));
#15187=CARTESIAN_POINT('',(-0.123248459784678,-0.0743389544894963,0.0015));
#15188=CARTESIAN_POINT('',(-0.122104788191233,-0.0739340632188764,0.0015));
#15189=CARTESIAN_POINT('',(-0.120961116597788,-0.0735291719482565,0.0015));
#15190=CARTESIAN_POINT('',(-0.118668551225662,-0.0725078784702597,0.0015));
#15191=CARTESIAN_POINT('',(-0.116375985853536,-0.0714865849922629,0.0015));
#15192=CARTESIAN_POINT('',(-0.11383275282683,-0.0702007013219982,0.0015));
#15193=CARTESIAN_POINT('',(-0.111289519800124,-0.0689148176517336,0.0015));
#15194=CARTESIAN_POINT('',(-0.10963113077646,-0.0679281921570887,0.0015));
#15195=CARTESIAN_POINT('',(-0.107972741752797,-0.0669415666624438,0.0015));
#15196=CARTESIAN_POINT('',(-0.106658117803019,-0.0659996335224189,0.0015));
#15197=CARTESIAN_POINT('',(-0.105343493853241,-0.065057700382394,0.0015));
#15198=CARTESIAN_POINT('',(-0.0968324898191775,-0.0650464935385795,0.0015));
#15199=CARTESIAN_POINT('',(-0.0883214857851136,-0.0650352866947651,0.0015));
#15200=CARTESIAN_POINT('',(-0.00501725628500133,-0.0650332683473837,0.0015));
#15201=CARTESIAN_POINT('',(0.0782869732151109,-0.0650312500000023,0.0015));
#15202=CARTESIAN_POINT('',(0.0867993823575554,-0.0650312500000023,0.0015));
#15203=CARTESIAN_POINT('',(0.0903117915,-0.0650312500000023,0.0015));
#15204=CARTESIAN_POINT('',(0.0953117915,-0.0565187495000012,0.0015));
#15205=CARTESIAN_POINT('',(0.0953117915,0.06003125,0.0015));
#15206=CARTESIAN_POINT('',(0.0953117915,-0.0600312500000023,0.0015));
#15207=CARTESIAN_POINT('',(0.0867992914999999,0.06503125,0.0015));
#15208=CARTESIAN_POINT('',(0.0903117915,0.06503125,0.));
#15209=CARTESIAN_POINT('',(-0.110076575216153,0.06503125,0.0015));
#15210=CARTESIAN_POINT('',(-0.111866407946226,0.0665081376421227,0.0015));
#15211=CARTESIAN_POINT('',(-0.113656240676299,0.0679850252842454,0.0015));
#15212=CARTESIAN_POINT('',(-0.116434474801878,0.0697868039324311,0.0015));
#15213=CARTESIAN_POINT('',(-0.119212708927457,0.0715885825806168,0.0015));
#15214=CARTESIAN_POINT('',(-0.122911102434077,0.0729686132226825,0.0015));
#15215=CARTESIAN_POINT('',(-0.126609495940696,0.0743486438647481,0.0015));
#15216=CARTESIAN_POINT('',(-0.130033199503801,0.0753394079481004,0.0015));
#15217=CARTESIAN_POINT('',(-0.133456903066905,0.0763301720314527,0.0015));
#15218=CARTESIAN_POINT('',(-0.137059207417783,0.0770343392415699,0.0015));
#15219=CARTESIAN_POINT('',(-0.140661511768661,0.0777385064516871,0.0015));
#15220=CARTESIAN_POINT('',(-0.141949578027342,0.0778609943084232,0.0015));
#15221=CARTESIAN_POINT('',(-0.143237644286024,0.0779834821651593,0.0015));
#15222=CARTESIAN_POINT('',(-0.144279743212115,0.0780271663032305,0.0015));
#15223=CARTESIAN_POINT('',(-0.145321842138207,0.0780708504413018,0.0015));
#15224=CARTESIAN_POINT('',(-0.145719777074393,0.0780289679551631,0.0015));
#15225=CARTESIAN_POINT('',(-0.146117712010579,0.0779870854690243,0.0015));
#15226=CARTESIAN_POINT('',(-0.146236126412826,0.0779066237884584,0.0015));
#15227=CARTESIAN_POINT('',(-0.146354540815072,0.0778261621078925,0.0015));
#15228=CARTESIAN_POINT('',(-0.146447105222763,0.0776981520537672,0.0015));
#15229=CARTESIAN_POINT('',(-0.146539669630454,0.077570141999642,0.0015));
#15230=CARTESIAN_POINT('',(-0.146908360092469,0.077007392623643,0.0015));
#15231=CARTESIAN_POINT('',(-0.147277050554484,0.0764446432476441,0.0015));
#15232=CARTESIAN_POINT('',(-0.147443117939791,0.0761880223255809,0.0015));
#15233=CARTESIAN_POINT('',(-0.147609185325097,0.0759314014035177,0.0015));
#15234=CARTESIAN_POINT('',(-0.147661407966959,0.0758404298235101,0.0015));
#15235=CARTESIAN_POINT('',(-0.147713630608821,0.0757494582435026,0.0015));
#15236=CARTESIAN_POINT('',(-0.147729297164528,0.0757165579633395,0.0015));
#15237=CARTESIAN_POINT('',(-0.147744963720235,0.0756836576831763,0.0015));
#15238=CARTESIAN_POINT('',(-0.14775018590547,0.0756686179949692,0.0015));
#15239=CARTESIAN_POINT('',(-0.147755408090706,0.0756535783067621,0.0015));
#15240=CARTESIAN_POINT('',(-0.147757497122701,0.0756437604090377,0.0015));
#15241=CARTESIAN_POINT('',(-0.147759586154697,0.0756339425113134,0.0015));
#15242=CARTESIAN_POINT('',(-0.147763763823935,0.0756239157893401,0.0015));
#15243=CARTESIAN_POINT('',(-0.147767941493172,0.0756138890673668,0.0015));
#15244=CARTESIAN_POINT('',(-0.147791963782108,0.0755708578504823,0.0015));
#15245=CARTESIAN_POINT('',(-0.147815986071044,0.0755278266335978,0.0015));
#15246=CARTESIAN_POINT('',(-0.147908942073546,0.075378365710495,0.0015));
#15247=CARTESIAN_POINT('',(-0.148001898076048,0.0752289047873923,0.0015));
#15248=CARTESIAN_POINT('',(-0.148311055073723,0.0747683028388728,0.0015));
#15249=CARTESIAN_POINT('',(-0.148620212071398,0.0743077008903534,0.0015));
#15250=CARTESIAN_POINT('',(-0.149259545076125,0.0732557580128506,0.0015));
#15251=CARTESIAN_POINT('',(-0.149898878080853,0.0722038151353478,0.0015));
#15252=CARTESIAN_POINT('',(-0.150244460501495,0.0713240500222627,0.0015));
#15253=CARTESIAN_POINT('',(-0.150590042922137,0.0704442849091776,0.0015));
#15254=CARTESIAN_POINT('',(-0.150652268995556,0.0700685279766883,0.0015));
#15255=CARTESIAN_POINT('',(-0.150714495068973,0.069692771044199,0.0015));
#15256=CARTESIAN_POINT('',(-0.150702794200233,0.0693596083372075,0.0015));
#15257=CARTESIAN_POINT('',(-0.150691093331492,0.0690264456302159,0.0015));
#15258=CARTESIAN_POINT('',(-0.150603995855794,0.0687376977487905,0.0015));
#15259=CARTESIAN_POINT('',(-0.150516898380095,0.0684489498673652,0.0015));
#15260=CARTESIAN_POINT('',(-0.15035293621165,0.0682064385958332,0.0015));
#15261=CARTESIAN_POINT('',(-0.150188974043205,0.0679639273243011,0.0015));
#15262=CARTESIAN_POINT('',(-0.149952520648657,0.0677730544604372,0.0015));
#15263=CARTESIAN_POINT('',(-0.14971606725411,0.0675821815965734,0.0015));
#15264=CARTESIAN_POINT('',(-0.149409015473296,0.0674426952880699,0.0015));
#15265=CARTESIAN_POINT('',(-0.149101963692483,0.0673032089795663,0.0015));
#15266=CARTESIAN_POINT('',(-0.148726174390261,0.0672143264315542,0.0015));
#15267=CARTESIAN_POINT('',(-0.148350385088039,0.067125443883542,0.0015));
#15268=CARTESIAN_POINT('',(-0.147907718339762,0.0670863815116465,0.0015));
#15269=CARTESIAN_POINT('',(-0.147465051591484,0.0670473191397509,0.0015));
#15270=CARTESIAN_POINT('',(-0.146374777424333,0.0671170620966263,0.0015));
#15271=CARTESIAN_POINT('',(-0.145284503257183,0.0671868050535016,0.0015));
#15272=CARTESIAN_POINT('',(-0.143922411368134,0.0674550459199745,0.0015));
#15273=CARTESIAN_POINT('',(-0.142560319479086,0.0677232867864474,0.0015));
#15274=CARTESIAN_POINT('',(-0.140588008396293,0.0681830009358442,0.0015));
#15275=CARTESIAN_POINT('',(-0.1386156973135,0.0686427150852408,0.0015));
#15276=CARTESIAN_POINT('',(-0.137217571991048,0.0689081614964047,0.0015));
#15277=CARTESIAN_POINT('',(-0.135819446668596,0.0691736079075686,0.0015));
#15278=CARTESIAN_POINT('',(-0.134976576339597,0.0692485994981195,0.0015));
#15279=CARTESIAN_POINT('',(-0.134133706010598,0.0693235910886703,0.0015));
#15280=CARTESIAN_POINT('',(-0.133921682684663,0.0692939285712483,0.0015));
#15281=CARTESIAN_POINT('',(-0.133709659358728,0.0692642660538264,0.0015));
#15282=CARTESIAN_POINT('',(-0.133646992346395,0.0692262481979285,0.0015));
#15283=CARTESIAN_POINT('',(-0.133584325334062,0.0691882303420307,0.0015));
#15284=CARTESIAN_POINT('',(-0.13360834801775,0.0691464524653928,0.0015));
#15285=CARTESIAN_POINT('',(-0.133632370701438,0.069104674588755,0.0015));
#15286=CARTESIAN_POINT('',(-0.133744126412888,0.0689600182023899,0.0015));
#15287=CARTESIAN_POINT('',(-0.133855882124337,0.0688153618160248,0.0015));
#15288=CARTESIAN_POINT('',(-0.134254861576521,0.0683939268489018,0.0015));
#15289=CARTESIAN_POINT('',(-0.134653841028705,0.0679724918817788,0.0015));
#15290=CARTESIAN_POINT('',(-0.135373956253299,0.0672248769905376,0.0015));
#15291=CARTESIAN_POINT('',(-0.136094071477893,0.0664772620992965,0.0015));
#15292=CARTESIAN_POINT('',(-0.136750539913622,0.0656994987498953,0.0015));
#15293=CARTESIAN_POINT('',(-0.13740700834935,0.064921735400494,0.0015));
#15294=CARTESIAN_POINT('',(-0.137988276765031,0.0641334554408529,0.0015));
#15295=CARTESIAN_POINT('',(-0.138569545180713,0.0633451754812119,0.0015));
#15296=CARTESIAN_POINT('',(-0.139064059160908,0.062566011548757,0.0015));
#15297=CARTESIAN_POINT('',(-0.139558573141103,0.0617868476163022,0.0015));
#15298=CARTESIAN_POINT('',(-0.139954990647397,0.0610367864417513,0.0015));
#15299=CARTESIAN_POINT('',(-0.140351408153691,0.0602867252672004,0.0015));
#15300=CARTESIAN_POINT('',(-0.140639235471508,0.0595819998765765,0.0015));
#15301=CARTESIAN_POINT('',(-0.140927062789326,0.0588772744859526,0.0015));
#15302=CARTESIAN_POINT('',(-0.141093668617497,0.0582379967466217,0.0015));
#15303=CARTESIAN_POINT('',(-0.141260274445668,0.0575987190072908,0.0015));
#15304=CARTESIAN_POINT('',(-0.141293027483025,0.0570450011813717,0.0015));
#15305=CARTESIAN_POINT('',(-0.141325780520381,0.0564912833554526,0.0015));
#15306=CARTESIAN_POINT('',(-0.141280477895692,0.0560791436333022,0.0015));
#15307=CARTESIAN_POINT('',(-0.141235175271003,0.0556670039111519,0.0015));
#15308=CARTESIAN_POINT('',(-0.141121721727616,0.0552507911292645,0.0015));
#15309=CARTESIAN_POINT('',(-0.14100826818423,0.0548345783473771,0.0015));
#15310=CARTESIAN_POINT('',(-0.1402708872602,0.0531360954626638,0.0015));
#15311=CARTESIAN_POINT('',(-0.13953350633617,0.0514376125779505,0.0015));
#15312=CARTESIAN_POINT('',(-0.139176304760623,0.0505620511877903,0.0015));
#15313=CARTESIAN_POINT('',(-0.138819103185077,0.0496864897976301,0.0015));
#15314=CARTESIAN_POINT('',(-0.138544413241562,0.0490257714528953,0.0015));
#15315=CARTESIAN_POINT('',(-0.138269723298047,0.0483650531081606,0.0015));
#15316=CARTESIAN_POINT('',(-0.137988929686218,0.0477076360813732,0.0015));
#15317=CARTESIAN_POINT('',(-0.13770813607439,0.0470502190545858,0.0015));
#15318=CARTESIAN_POINT('',(-0.137476888680211,0.0462185000983831,0.0015));
#15319=CARTESIAN_POINT('',(-0.137245641286033,0.0453867811421805,0.0015));
#15320=CARTESIAN_POINT('',(-0.137068835834147,0.044433389888596,0.0015));
#15321=CARTESIAN_POINT('',(-0.136892030382261,0.0434799986350114,0.0015));
#15322=CARTESIAN_POINT('',(-0.136774562202557,0.0424575666898425,0.0015));
#15323=CARTESIAN_POINT('',(-0.136657094022853,0.0414351347446736,0.0015));
#15324=CARTESIAN_POINT('',(-0.136603109204342,0.0403992290957884,0.0015));
#15325=CARTESIAN_POINT('',(-0.136549124385831,0.0393633234469032,0.0015));
#15326=CARTESIAN_POINT('',(-0.136563681291323,0.0383688857936815,0.0015));
#15327=CARTESIAN_POINT('',(-0.136578238196814,0.0373744481404598,0.0015));
#15328=CARTESIAN_POINT('',(-0.136665253958676,0.0364743433876238,0.0015));
#15329=CARTESIAN_POINT('',(-0.136752269720539,0.0355742386347877,0.0015));
#15330=CARTESIAN_POINT('',(-0.136915660681633,0.0348213332660707,0.0015));
#15331=CARTESIAN_POINT('',(-0.137079051642728,0.0340684278973538,0.0015));
#15332=CARTESIAN_POINT('',(-0.137560542726943,0.0328074645787211,0.0015));
#15333=CARTESIAN_POINT('',(-0.138042033811157,0.0315465012600884,0.0015));
#15334=CARTESIAN_POINT('',(-0.138302101320211,0.031007252309779,0.0015));
#15335=CARTESIAN_POINT('',(-0.138562168829264,0.0304680033594697,0.0015));
#15336=CARTESIAN_POINT('',(-0.138768969969964,0.0301360774131058,0.0015));
#15337=CARTESIAN_POINT('',(-0.138975771110663,0.0298041514667419,0.0015));
#15338=CARTESIAN_POINT('',(-0.139175521965754,0.0293916465982204,0.0015));
#15339=CARTESIAN_POINT('',(-0.139375272820846,0.028979141729699,0.0015));
#15340=CARTESIAN_POINT('',(-0.139454389578508,0.0283466754505118,0.0015));
#15341=CARTESIAN_POINT('',(-0.13953350633617,0.0277142091713246,0.0015));
#15342=CARTESIAN_POINT('',(-0.139500214461195,0.0268175758749071,0.0015));
#15343=CARTESIAN_POINT('',(-0.139466922586221,0.0259209425784896,0.0015));
#15344=CARTESIAN_POINT('',(-0.139324747221415,0.024715204786524,0.0015));
#15345=CARTESIAN_POINT('',(-0.13918257185661,0.0235094669945585,0.0015));
#15346=CARTESIAN_POINT('',(-0.139041571276236,0.0222403571616989,0.0015));
#15347=CARTESIAN_POINT('',(-0.138900570695863,0.0209712473288393,0.0015));
#15348=CARTESIAN_POINT('',(-0.138919501067998,0.0205462481383818,0.0015));
#15349=CARTESIAN_POINT('',(-0.138938431440133,0.0201212489479243,0.0015));
#15350=CARTESIAN_POINT('',(-0.139033345811443,0.0197936183071427,0.0015));
#15351=CARTESIAN_POINT('',(-0.139128260182752,0.0194659876663611,0.0015));
#15352=CARTESIAN_POINT('',(-0.13931351926657,0.0191970030855497,0.0015));
#15353=CARTESIAN_POINT('',(-0.139498778350387,0.0189280185047383,0.0015));
#15354=CARTESIAN_POINT('',(-0.139796054866782,0.0186801054354313,0.0015));
#15355=CARTESIAN_POINT('',(-0.140093331383177,0.0184321923661244,0.0015));
#15356=CARTESIAN_POINT('',(-0.141089735695016,0.0178776945086061,0.0015));
#15357=CARTESIAN_POINT('',(-0.142086140006854,0.0173231966510878,0.0015));
#15358=CARTESIAN_POINT('',(-0.142898720950932,0.0169068792596995,0.0015));
#15359=CARTESIAN_POINT('',(-0.143711301895009,0.0164905618683112,0.0015));
#15360=CARTESIAN_POINT('',(-0.143968236250822,0.0163541566056739,0.0015));
#15361=CARTESIAN_POINT('',(-0.144225170606635,0.0162177513430366,0.0015));
#15362=CARTESIAN_POINT('',(-0.144300371021435,0.0161759734663988,0.0015));
#15363=CARTESIAN_POINT('',(-0.144375571436235,0.0161341955897609,0.0015));
#15364=CARTESIAN_POINT('',(-0.144398549603925,0.0161203046322996,0.0015));
#15365=CARTESIAN_POINT('',(-0.144421527771616,0.0161064136748382,0.0015));
#15366=CARTESIAN_POINT('',(-0.144440327480563,0.0160921046741261,0.0015));
#15367=CARTESIAN_POINT('',(-0.14445912718951,0.0160777956734139,0.0015));
#15368=CARTESIAN_POINT('',(-0.144563572078481,0.0160053107633564,0.0015));
#15369=CARTESIAN_POINT('',(-0.144668016967452,0.015932825853299,0.0015));
#15370=CARTESIAN_POINT('',(-0.144873773592154,0.0158177277696077,0.0015));
#15371=CARTESIAN_POINT('',(-0.145079530216856,0.0157026296859165,0.0015));
#15372=CARTESIAN_POINT('',(-0.145666510311286,0.0154131084836902,0.0015));
#15373=CARTESIAN_POINT('',(-0.146253490405717,0.0151235872814639,0.0015));
#15374=CARTESIAN_POINT('',(-0.147336584018824,0.0146776073726536,0.0015));
#15375=CARTESIAN_POINT('',(-0.148419677631932,0.0142316274638433,0.0015));
#15376=CARTESIAN_POINT('',(-0.149188033231803,0.0141120757786835,0.0015));
#15377=CARTESIAN_POINT('',(-0.149956388831674,0.0139925240935237,0.0015));
#15378=CARTESIAN_POINT('',(-0.150770373516827,0.0140152164601629,0.0015));
#15379=CARTESIAN_POINT('',(-0.15158435820198,0.0140379088268021,0.0015));
#15380=CARTESIAN_POINT('',(-0.15241635940646,0.0142000543427068,0.0015));
#15381=CARTESIAN_POINT('',(-0.153248360610938,0.0143621998586115,0.0015));
#15382=CARTESIAN_POINT('',(-0.154070766163538,0.0146610088055066,0.0015));
#15383=CARTESIAN_POINT('',(-0.154893171716137,0.0149598177524018,0.0015));
#15384=CARTESIAN_POINT('',(-0.156153690937832,0.0154731902597161,0.0015));
#15385=CARTESIAN_POINT('',(-0.157414210159527,0.0159865627670305,0.0015));
#15386=CARTESIAN_POINT('',(-0.15853921231246,0.0163290116396796,0.0015));
#15387=CARTESIAN_POINT('',(-0.159664214465393,0.0166714605123287,0.0015));
#15388=CARTESIAN_POINT('',(-0.160613226725795,0.0168323578197735,0.0015));
#15389=CARTESIAN_POINT('',(-0.161562238986196,0.0169932551272183,0.0015));
#15390=CARTESIAN_POINT('',(-0.1622958338358,0.0169598846964304,0.0015));
#15391=CARTESIAN_POINT('',(-0.163029428685402,0.0169265142656425,0.0015));
#15392=CARTESIAN_POINT('',(-0.163685359073019,0.0167242259393367,0.0015));
#15393=CARTESIAN_POINT('',(-0.164341289460635,0.016521937613031,0.0015));
#15394=CARTESIAN_POINT('',(-0.164914283856924,0.0162293010214419,0.0015));
#15395=CARTESIAN_POINT('',(-0.165487278253213,0.0159366644298529,0.0015));
#15396=CARTESIAN_POINT('',(-0.165971951440019,0.0155608960495314,0.0015));
#15397=CARTESIAN_POINT('',(-0.166456624626826,0.01518512766921,0.0015));
#15398=CARTESIAN_POINT('',(-0.166847591385993,0.0147334443714599,0.0015));
#15399=CARTESIAN_POINT('',(-0.167238558145161,0.0142817610737098,0.0015));
#15400=CARTESIAN_POINT('',(-0.167528767796329,0.0137621723935249,0.0015));
#15401=CARTESIAN_POINT('',(-0.167818977447498,0.0132425837133399,0.0015));
#15402=CARTESIAN_POINT('',(-0.168003339258124,0.012663608022116,0.0015));
#15403=CARTESIAN_POINT('',(-0.168187701068751,0.0120846323308922,0.0015));
#15404=CARTESIAN_POINT('',(-0.168261416028638,0.0114540154687304,0.0015));
#15405=CARTESIAN_POINT('',(-0.168335130988524,0.0108233986065686,0.0015));
#15406=CARTESIAN_POINT('',(-0.168293402061238,0.010148885229311,0.0015));
#15407=CARTESIAN_POINT('',(-0.168251673133952,0.00947437185205344,0.0015));
#15408=CARTESIAN_POINT('',(-0.168048136204433,0.00864282066580507,0.0015));
#15409=CARTESIAN_POINT('',(-0.167844599274915,0.0078112694795567,0.0015));
#15410=CARTESIAN_POINT('',(-0.167469511448478,0.00709902088943017,0.0015));
#15411=CARTESIAN_POINT('',(-0.167094423622042,0.00638677229930362,0.0015));
#15412=CARTESIAN_POINT('',(-0.16650887963842,0.00577877240598975,0.0015));
#15413=CARTESIAN_POINT('',(-0.165923335654798,0.00517077251267588,0.0015));
#15414=CARTESIAN_POINT('',(-0.165092607133455,0.00464940981325672,0.0015));
#15415=CARTESIAN_POINT('',(-0.164261878612112,0.00412804711383754,0.0015));
#15416=CARTESIAN_POINT('',(-0.163149850405807,0.00367297565251676,0.0015));
#15417=CARTESIAN_POINT('',(-0.162037822199503,0.00321790419119597,0.0015));
#15418=CARTESIAN_POINT('',(-0.160603353562673,0.00280714057742351,0.0015));
#15419=CARTESIAN_POINT('',(-0.159168884925844,0.00239637696365107,0.0015));
#15420=CARTESIAN_POINT('',(-0.157373884973317,0.00201022934707593,0.0015));
#15421=CARTESIAN_POINT('',(-0.15557888502079,0.00162408173050078,0.0015));
#15422=CARTESIAN_POINT('',(-0.15338526523591,0.00124285944503038,0.0015));
#15423=CARTESIAN_POINT('',(-0.15119164545103,0.000861637159559992,0.0015));
#15424=CARTESIAN_POINT('',(-0.150920088660755,0.000818292508925638,0.0015));
#15425=CARTESIAN_POINT('',(-0.15064853187048,0.000774947858291273,0.0015));
#15426=CARTESIAN_POINT('',(-0.148834324034575,0.000483964491569288,0.0015));
#15427=CARTESIAN_POINT('',(-0.147020116198671,0.000192981124847307,0.0015));
#15428=CARTESIAN_POINT('',(-0.144323349189126,-0.000289449865864258,0.0015));
#15429=CARTESIAN_POINT('',(-0.14162658217958,-0.000771880856575823,0.0015));
#15430=CARTESIAN_POINT('',(-0.140357576956221,-0.0010198330064133,0.0015));
#15431=CARTESIAN_POINT('',(-0.139088571732863,-0.00126778515625079,0.0015));
#15432=CARTESIAN_POINT('',(-0.137552154623982,-0.00163347747049475,0.0015));
#15433=CARTESIAN_POINT('',(-0.136015737515101,-0.0019991697847387,0.0015));
#15434=CARTESIAN_POINT('',(-0.134714125707687,-0.00245936237456969,0.0015));
#15435=CARTESIAN_POINT('',(-0.133412513900273,-0.0029195549644007,0.0015));
#15436=CARTESIAN_POINT('',(-0.13235099471378,-0.00346785283391453,0.0015));
#15437=CARTESIAN_POINT('',(-0.131289475527288,-0.00401615070342837,0.0015));
#15438=CARTESIAN_POINT('',(-0.130473336675921,-0.00464616083048497,0.0015));
#15439=CARTESIAN_POINT('',(-0.129657197824555,-0.00527617095754158,0.0015));
#15440=CARTESIAN_POINT('',(-0.129342557710021,-0.00561916972088782,0.0015));
#15441=CARTESIAN_POINT('',(-0.129027917595488,-0.00596216848423407,0.0015));
#15442=CARTESIAN_POINT('',(-0.128776727682909,-0.00632295836303761,0.0015));
#15443=CARTESIAN_POINT('',(-0.12852553777033,-0.00668374824184116,0.0015));
#15444=CARTESIAN_POINT('',(-0.128338189654518,-0.00706159578533713,0.0015));
#15445=CARTESIAN_POINT('',(-0.128150841538705,-0.00743944332883311,0.0015));
#15446=CARTESIAN_POINT('',(-0.128027727209222,-0.00783361350724541,0.0015));
#15447=CARTESIAN_POINT('',(-0.127904612879739,-0.00822778368565771,0.0015));
#15448=CARTESIAN_POINT('',(-0.127845242448319,-0.00863830768446014,0.0015));
#15449=CARTESIAN_POINT('',(-0.127785872016899,-0.00904883168326259,0.0015));
#15450=CARTESIAN_POINT('',(-0.127791714358836,-0.00947582516503548,0.0015));
#15451=CARTESIAN_POINT('',(-0.127797556700774,-0.00990281864680834,0.0015));
#15452=CARTESIAN_POINT('',(-0.127869591197848,-0.0103456744816935,0.0015));
#15453=CARTESIAN_POINT('',(-0.127941625694922,-0.0107885303165787,0.0015));
#15454=CARTESIAN_POINT('',(-0.128080830939408,-0.0112466421642239,0.0015));
#15455=CARTESIAN_POINT('',(-0.128220036183894,-0.011704754011869,0.0015));
#15456=CARTESIAN_POINT('',(-0.128555826365746,-0.0123914988056755,0.0015));
#15457=CARTESIAN_POINT('',(-0.128891616547598,-0.013078243599482,0.0015));
#15458=CARTESIAN_POINT('',(-0.129333157460795,-0.0136391451374668,0.0015));
#15459=CARTESIAN_POINT('',(-0.129774698373991,-0.0142000466754517,0.0015));
#15460=CARTESIAN_POINT('',(-0.130309847816124,-0.0146313062510972,0.0015));
#15461=CARTESIAN_POINT('',(-0.130844997258256,-0.0150625658267427,0.0015));
#15462=CARTESIAN_POINT('',(-0.131461613816422,-0.0153603839440256,0.0015));
#15463=CARTESIAN_POINT('',(-0.132078230374587,-0.0156582020613084,0.0015));
#15464=CARTESIAN_POINT('',(-0.132766326407343,-0.0158190275237375,0.0015));
#15465=CARTESIAN_POINT('',(-0.133454422440099,-0.0159798529861667,0.0015));
#15466=CARTESIAN_POINT('',(-0.134202443532006,-0.0159989337591313,0.0015));
#15467=CARTESIAN_POINT('',(-0.134950464623913,-0.0160180145320959,0.0015));
#15468=CARTESIAN_POINT('',(-0.135746269362068,-0.015890454496201,0.0015));
#15469=CARTESIAN_POINT('',(-0.136542074100223,-0.015762894460306,0.0015));
#15470=CARTESIAN_POINT('',(-0.13737352067697,-0.0154837982856621,0.0015));
#15471=CARTESIAN_POINT('',(-0.138204967253718,-0.0152047021110182,0.0015));
#15472=CARTESIAN_POINT('',(-0.13882223673307,-0.0149574810434285,0.0015));
#15473=CARTESIAN_POINT('',(-0.139439506212423,-0.0147102599758388,0.0015));
#15474=CARTESIAN_POINT('',(-0.13945935083212,-0.0147589314212097,0.0015));
#15475=CARTESIAN_POINT('',(-0.139479195451818,-0.0148076028665806,0.0015));
#15476=CARTESIAN_POINT('',(-0.151979159590173,-0.017658216897963,0.0015));
#15477=CARTESIAN_POINT('',(-0.1042072031577,-0.0265520779789236,0.0015));
#15478=CARTESIAN_POINT('',(-0.100746030050383,-0.0371461450407161,0.0015));
#15479=CARTESIAN_POINT('',(-0.146366291422669,-0.0317618281055366,0.0015));
#15480=CARTESIAN_POINT('',(-0.121998254270266,-0.0395710678799237,0.0015));
#15481=CARTESIAN_POINT('',(-0.137269655285159,-0.066927294768498,0.0015));
#15482=CARTESIAN_POINT('',(-0.133428702713979,0.0692224885719413,0.0015));
#15483=CARTESIAN_POINT('',(-0.139460395348118,-0.0147589314212097,0.0015));
#15484=CARTESIAN_POINT('',(-0.0852512345000001,0.047673097,0.0015));
#15485=CARTESIAN_POINT('',(0.0903117915,0.06003125,0.0015));
#15486=CARTESIAN_POINT('',(0.0903117915,-0.0600312500000023,0.0015));
#15487=CARTESIAN_POINT('',(-0.106875186171505,-0.0576818815079239,-0.305189758148241));
#15488=CARTESIAN_POINT('',(-0.106875026784889,0.057664524574682,-0.305189758148241));
#15489=CARTESIAN_POINT('',(0.0887109732151109,0.057608523574682,-0.305189758148241));
#15490=CARTESIAN_POINT('',(0.0887109732151109,-0.0576814764253181,-0.305189758148241));
#15491=CARTESIAN_POINT('',(0.0695432500537164,0.0350362473340003,-0.305189758148241));
#15492=CARTESIAN_POINT('',(0.0720827131869449,0.0350311074114267,-0.305189758148241));
#15493=CARTESIAN_POINT('',(0.0670037869204879,0.0350413872565739,-0.305189758148241));
#15494=CARTESIAN_POINT('',(0.0670037869204879,0.0174573638316453,-0.305189758148241));
#15495=CARTESIAN_POINT('',(0.0670037869204879,-0.000126659593283178,-0.305189758148241));
#15496=CARTESIAN_POINT('',(0.0695432500537164,-0.000126659593283178,-0.305189758148241));
#15497=CARTESIAN_POINT('',(0.0720827131869449,-0.000126659593283174,-0.305189758148241));
#15498=CARTESIAN_POINT('',(0.0720827131869449,0.0174522239090718,-0.305189758148241));
#15499=MECHANICAL_DESIGN_GEOMETRIC_PRESENTATION_REPRESENTATION('',(#9856),
#15500);
#15500=(
GEOMETRIC_REPRESENTATION_CONTEXT(3)
GLOBAL_UNCERTAINTY_ASSIGNED_CONTEXT((#15501))
GLOBAL_UNIT_ASSIGNED_CONTEXT((#15504,#15503,#15502))
REPRESENTATION_CONTEXT('Part 1','TOP_LEVEL_ASSEMBLY_PART')
);
#15501=UNCERTAINTY_MEASURE_WITH_UNIT(LENGTH_MEASURE(2.E-7),#15504,
'DISTANCE_ACCURACY_VALUE','Maximum Tolerance applied to model');
#15502=(
NAMED_UNIT(*)
SI_UNIT($,.STERADIAN.)
SOLID_ANGLE_UNIT()
);
#15503=(
NAMED_UNIT(*)
PLANE_ANGLE_UNIT()
SI_UNIT($,.RADIAN.)
);
#15504=(
LENGTH_UNIT()
NAMED_UNIT(*)
SI_UNIT($,.METRE.)
);
#15505=PRODUCT_DEFINITION_SHAPE('','',#15506);
#15506=PRODUCT_DEFINITION('','',#15508,#15507);
#15507=PRODUCT_DEFINITION_CONTEXT('',#15514,'design');
#15508=PRODUCT_DEFINITION_FORMATION_WITH_SPECIFIED_SOURCE('','',#15510,
 .NOT_KNOWN.);
#15509=PRODUCT_RELATED_PRODUCT_CATEGORY('','',(#15510));
#15510=PRODUCT('Part 1','Part 1','Part 1',(#15512));
#15511=PRODUCT_CATEGORY('','');
#15512=PRODUCT_CONTEXT('',#15514,'mechanical');
#15513=APPLICATION_PROTOCOL_DEFINITION('international standard',
'ap242_managed_model_based_3d_engineering',2020,#15514);
#15514=APPLICATION_CONTEXT('managed model based 3d engineering');
ENDSEC;
END-ISO-10303-21;
