ISO-10303-21;
HEADER;
/* Generated by software containing ST-Developer
 * from STEP Tools, Inc. (www.steptools.com) 
 */
/* OPTION: using custom renumber hook */

FILE_DESCRIPTION(
/* description */ ('STEP AP242 Edition 2',
'CAx-IF Rec.Pracs.---Representation and Presentation of Product Manufa
cturing Information (PMI)---4.0---2014-10-13',
'CAx-IF Rec.Pracs.---3D Tessellated Geometry---0.4---2014-09-14','2;1',
'CAx-IF Rec.Pracs.---User Defined Attributes---1.5---2016-08-15'),
/* implementation_level */ '2;1');

FILE_NAME(
/* name */ '1.25u keycaps x2 - 4F5',
/* time_stamp */ '2026-09-03T20:26:29Z',
/* author */ (''),
/* organization */ (''),
/* preprocessor_version */ 'ST-DEVELOPER v20',
/* originating_system */ 'ONSHAPE BY PTC INC, 1.220',
/* authorisation */ '  ');

FILE_SCHEMA (('AP242_MANAGED_MODEL_BASED_3D_ENGINEERING_MIM_LF { 1 0 10303 442 3 1 4 }'));
ENDSEC;

DATA;
#10=SHAPE_REPRESENTATION_RELATIONSHIP('','',#949,#11);
#11=ADVANCED_BREP_SHAPE_REPRESENTATION('',(#947),#1813);
#12=CIRCLE('',#978,0.0027);
#13=CIRCLE('',#979,0.0027);
#14=CIRCLE('',#980,0.0027);
#15=CIRCLE('',#981,0.0027);
#16=CIRCLE('',#982,0.0027);
#17=TOROIDAL_SURFACE('',#964,0.00154993993840509,0.000251018282912072);
#18=TOROIDAL_SURFACE('',#965,0.0551816884128647,0.00025034177071754);
#19=TOROIDAL_SURFACE('',#966,0.00154993993935296,0.000251018282954665);
#20=TOROIDAL_SURFACE('',#969,0.00144033697430031,0.000250823710340788);
#21=TOROIDAL_SURFACE('',#970,0.0592828416791295,0.000250539738551553);
#22=TOROIDAL_SURFACE('',#972,0.00144033346643411,0.000250823866057996);
#23=B_SPLINE_SURFACE_WITH_KNOTS('',3,3,((#1370,#1371,#1372,#1373),(#1374,
#1375,#1376,#1377),(#1378,#1379,#1380,#1381),(#1382,#1383,#1384,#1385)),
 .UNSPECIFIED.,.F.,.F.,.F.,(4,4),(4,4),(-4.54500440457848E-14,1.),(0.0259783559388805,
1.),.UNSPECIFIED.);
#24=B_SPLINE_SURFACE_WITH_KNOTS('',3,3,((#1542,#1543,#1544,#1545),(#1546,
#1547,#1548,#1549),(#1550,#1551,#1552,#1553),(#1554,#1555,#1556,#1557),
(#1558,#1559,#1560,#1561),(#1562,#1563,#1564,#1565),(#1566,#1567,#1568,
#1569)),.UNSPECIFIED.,.F.,.F.,.F.,(4,1,1,1,4),(4,4),(-1.46613098997075E-15,
0.28571428571429,0.428571428571436,0.714285714285728,1.00000000000002),
(0.0247374113417108,1.),.UNSPECIFIED.);
#25=B_SPLINE_SURFACE_WITH_KNOTS('',3,3,((#1578,#1579,#1580,#1581),(#1582,
#1583,#1584,#1585),(#1586,#1587,#1588,#1589),(#1590,#1591,#1592,#1593)),
 .UNSPECIFIED.,.F.,.F.,.F.,(4,4),(4,4),(-1.41705544058545E-15,1.00000000000012),
(0.0259783624199311,1.),.UNSPECIFIED.);
#26=B_SPLINE_SURFACE_WITH_KNOTS('',3,3,((#1597,#1598,#1599,#1600),(#1601,
#1602,#1603,#1604),(#1605,#1606,#1607,#1608),(#1609,#1610,#1611,#1612),
(#1613,#1614,#1615,#1616),(#1617,#1618,#1619,#1620),(#1621,#1622,#1623,
#1624)),.UNSPECIFIED.,.F.,.F.,.F.,(4,1,1,1,4),(4,4),(-1.07818210598834E-15,
0.285714285714285,0.428571428571428,0.714285714285714,1.),(0.0256058261846055,
1.),.UNSPECIFIED.);
#27=B_SPLINE_SURFACE_WITH_KNOTS('',3,3,((#1635,#1636,#1637,#1638),(#1639,
#1640,#1641,#1642),(#1643,#1644,#1645,#1646),(#1647,#1648,#1649,#1650),
(#1651,#1652,#1653,#1654),(#1655,#1656,#1657,#1658),(#1659,#1660,#1661,
#1662)),.UNSPECIFIED.,.F.,.F.,.F.,(4,1,1,1,4),(4,4),(0.,0.285714285714286,
0.571428571428571,0.714285714285714,1.),(0.0256058155872423,1.),
 .UNSPECIFIED.);
#28=B_SPLINE_SURFACE_WITH_KNOTS('',3,3,((#1690,#1691,#1692,#1693),(#1694,
#1695,#1696,#1697),(#1698,#1699,#1700,#1701),(#1702,#1703,#1704,#1705),
(#1706,#1707,#1708,#1709),(#1710,#1711,#1712,#1713),(#1714,#1715,#1716,
#1717)),.UNSPECIFIED.,.F.,.F.,.F.,(4,1,1,1,4),(4,4),(-1.97426671188107E-14,
0.285714285714406,0.42857142857162,0.714285714286046,1.00000000000047),
(0.0247481648838991,1.),.UNSPECIFIED.);
#29=CYLINDRICAL_SURFACE('',#955,0.0604004692378669);
#30=CYLINDRICAL_SURFACE('',#956,0.0602668766639909);
#31=CYLINDRICAL_SURFACE('',#959,0.0602668699209884);
#32=CYLINDRICAL_SURFACE('',#961,0.0602007484966882);
#33=CYLINDRICAL_SURFACE('',#967,0.000250352923823064);
#34=CYLINDRICAL_SURFACE('',#968,0.0590349277880413);
#35=CYLINDRICAL_SURFACE('',#971,0.000250352923722857);
#36=CYLINDRICAL_SURFACE('',#975,0.0602004217329521);
#37=CYLINDRICAL_SURFACE('',#977,0.0027);
#38=B_SPLINE_CURVE_WITH_KNOTS('',3,(#1221,#1222,#1223,#1224),
 .UNSPECIFIED.,.F.,.F.,(4,4),(2.77691248356772E-17,0.00464520551963177),
 .UNSPECIFIED.);
#39=B_SPLINE_CURVE_WITH_KNOTS('',3,(#1229,#1230,#1231,#1232),
 .UNSPECIFIED.,.F.,.F.,(4,4),(0.,0.00674969037805978),.UNSPECIFIED.);
#40=B_SPLINE_CURVE_WITH_KNOTS('',3,(#1234,#1235,#1236,#1237),
 .UNSPECIFIED.,.F.,.F.,(4,4),(1.55389004232977,2.55387234781643),
 .UNSPECIFIED.);
#41=B_SPLINE_CURVE_WITH_KNOTS('',3,(#1240,#1241,#1242,#1243),
 .UNSPECIFIED.,.F.,.F.,(4,4),(0.,0.999999964656989),.UNSPECIFIED.);
#42=B_SPLINE_CURVE_WITH_KNOTS('',3,(#1245,#1246,#1247,#1248),
 .UNSPECIFIED.,.F.,.F.,(4,4),(0.0536127884279465,1.55389002775411),
 .UNSPECIFIED.);
#43=B_SPLINE_CURVE_WITH_KNOTS('',3,(#1250,#1251,#1252,#1253),
 .UNSPECIFIED.,.F.,.F.,(4,4),(0.,1.),.UNSPECIFIED.);
#44=B_SPLINE_CURVE_WITH_KNOTS('',3,(#1255,#1256,#1257,#1258),
 .UNSPECIFIED.,.F.,.F.,(4,4),(2.55386964892922,4.05414660247767),
 .UNSPECIFIED.);
#45=B_SPLINE_CURVE_WITH_KNOTS('',3,(#1260,#1261,#1262,#1263),
 .UNSPECIFIED.,.F.,.F.,(4,4),(0.,0.999999965709451),.UNSPECIFIED.);
#46=B_SPLINE_CURVE_WITH_KNOTS('',3,(#1265,#1266,#1267,#1268),
 .UNSPECIFIED.,.F.,.F.,(4,4),(1.55388753411464,2.55386962100115),
 .UNSPECIFIED.);
#47=B_SPLINE_CURVE_WITH_KNOTS('',3,(#1270,#1271,#1272,#1273),
 .UNSPECIFIED.,.F.,.F.,(4,4),(2.95067353448335E-9,0.999999976441476),
 .UNSPECIFIED.);
#48=B_SPLINE_CURVE_WITH_KNOTS('',3,(#1275,#1276,#1277,#1278),
 .UNSPECIFIED.,.F.,.F.,(4,4),(0.0536097434026495,1.55388751961138),
 .UNSPECIFIED.);
#49=B_SPLINE_CURVE_WITH_KNOTS('',3,(#1280,#1281,#1282,#1283),
 .UNSPECIFIED.,.F.,.F.,(4,4),(0.,1.),.UNSPECIFIED.);
#50=B_SPLINE_CURVE_WITH_KNOTS('',3,(#1285,#1286,#1287,#1288),
 .UNSPECIFIED.,.F.,.F.,(4,4),(2.55387237574084,4.05415052204353),
 .UNSPECIFIED.);
#51=B_SPLINE_CURVE_WITH_KNOTS('',3,(#1290,#1291,#1292,#1293),
 .UNSPECIFIED.,.F.,.F.,(4,4),(4.98243108511072E-9,0.999999975386685),
 .UNSPECIFIED.);
#52=B_SPLINE_CURVE_WITH_KNOTS('',3,(#1297,#1298,#1299,#1300,#1301),
 .UNSPECIFIED.,.F.,.F.,(4,1,4),(0.,0.00178730116839381,0.00357460233678762),
 .UNSPECIFIED.);
#53=B_SPLINE_CURVE_WITH_KNOTS('',3,(#1303,#1304,#1305,#1306),
 .UNSPECIFIED.,.F.,.F.,(4,4),(2.42921590848985E-8,0.00245708710585484),
 .UNSPECIFIED.);
#54=B_SPLINE_CURVE_WITH_KNOTS('',3,(#1310,#1311,#1312,#1313),
 .UNSPECIFIED.,.F.,.F.,(4,4),(0.,0.00443215425906367),.UNSPECIFIED.);
#55=B_SPLINE_CURVE_WITH_KNOTS('',3,(#1315,#1316,#1317,#1318,#1319),
 .UNSPECIFIED.,.F.,.F.,(4,1,4),(0.,0.00178594938296767,0.00357189876593534),
 .UNSPECIFIED.);
#56=B_SPLINE_CURVE_WITH_KNOTS('',3,(#1323,#1324,#1325,#1326),
 .UNSPECIFIED.,.F.,.F.,(4,4),(3.31066387933535E-8,0.999999878921677),
 .UNSPECIFIED.);
#57=B_SPLINE_CURVE_WITH_KNOTS('',3,(#1329,#1330,#1331,#1332),
 .UNSPECIFIED.,.F.,.F.,(4,4),(0.,1.),.UNSPECIFIED.);
#58=B_SPLINE_CURVE_WITH_KNOTS('',3,(#1334,#1335,#1336,#1337),
 .UNSPECIFIED.,.F.,.F.,(4,4),(0.0713216324872178,7.48922371880249),
 .UNSPECIFIED.);
#59=B_SPLINE_CURVE_WITH_KNOTS('',3,(#1339,#1340,#1341,#1342),
 .UNSPECIFIED.,.F.,.F.,(4,4),(0.,1.),.UNSPECIFIED.);
#60=B_SPLINE_CURVE_WITH_KNOTS('',3,(#1344,#1345,#1346,#1347,#1348),
 .UNSPECIFIED.,.F.,.F.,(4,1,4),(2.26629721135672E-11,0.00178727514337834,
0.0035745502640937),.UNSPECIFIED.);
#61=B_SPLINE_CURVE_WITH_KNOTS('',3,(#1353,#1354,#1355,#1356),
 .UNSPECIFIED.,.F.,.F.,(4,4),(0.0685525448527295,6.8168925826841),
 .UNSPECIFIED.);
#62=B_SPLINE_CURVE_WITH_KNOTS('',3,(#1391,#1392,#1393,#1394),
 .UNSPECIFIED.,.F.,.F.,(4,4),(0.,9.81308028819027),.UNSPECIFIED.);
#63=B_SPLINE_CURVE_WITH_KNOTS('',3,(#1396,#1397,#1398,#1399),
 .UNSPECIFIED.,.F.,.F.,(4,4),(0.,1.),.UNSPECIFIED.);
#64=B_SPLINE_CURVE_WITH_KNOTS('',3,(#1401,#1402,#1403,#1404),
 .UNSPECIFIED.,.F.,.F.,(4,4),(0.,1.),.UNSPECIFIED.);
#65=B_SPLINE_CURVE_WITH_KNOTS('',3,(#1407,#1408,#1409,#1410,#1411),
 .UNSPECIFIED.,.F.,.F.,(4,1,4),(0.,0.5,1.),.UNSPECIFIED.);
#66=B_SPLINE_CURVE_WITH_KNOTS('',3,(#1413,#1414,#1415,#1416),
 .UNSPECIFIED.,.F.,.F.,(4,4),(0.,0.99999540273181),.UNSPECIFIED.);
#67=B_SPLINE_CURVE_WITH_KNOTS('',3,(#1418,#1419,#1420,#1421,#1422),
 .UNSPECIFIED.,.F.,.F.,(4,1,4),(0.,0.5,1.),.UNSPECIFIED.);
#68=B_SPLINE_CURVE_WITH_KNOTS('',3,(#1424,#1425,#1426,#1427),
 .UNSPECIFIED.,.F.,.F.,(4,4),(3.19184645315709E-10,0.0137100045123327),
 .UNSPECIFIED.);
#69=B_SPLINE_CURVE_WITH_KNOTS('',3,(#1429,#1430,#1431,#1432),
 .UNSPECIFIED.,.F.,.F.,(4,4),(0.,1.),.UNSPECIFIED.);
#70=B_SPLINE_CURVE_WITH_KNOTS('',3,(#1434,#1435,#1436,#1437),
 .UNSPECIFIED.,.F.,.F.,(4,4),(0.,1.),.UNSPECIFIED.);
#71=B_SPLINE_CURVE_WITH_KNOTS('',3,(#1439,#1440,#1441,#1442),
 .UNSPECIFIED.,.F.,.F.,(4,4),(0.,1.),.UNSPECIFIED.);
#72=B_SPLINE_CURVE_WITH_KNOTS('',3,(#1444,#1445,#1446,#1447,#1448),
 .UNSPECIFIED.,.F.,.F.,(4,1,4),(0.,0.5,1.),.UNSPECIFIED.);
#73=B_SPLINE_CURVE_WITH_KNOTS('',3,(#1449,#1450,#1451,#1452,#1453,#1454,
#1455,#1456,#1457,#1458,#1459,#1460,#1461,#1462),.UNSPECIFIED.,.F.,.F.,
(4,1,1,1,1,1,1,1,1,1,1,4),(0.,0.25,0.375,0.5,0.625,0.75,0.8125,0.875,0.9375,
0.96875,0.984375,1.),.UNSPECIFIED.);
#74=B_SPLINE_CURVE_WITH_KNOTS('',3,(#1464,#1465,#1466,#1467,#1468,#1469,
#1470,#1471,#1472,#1473,#1474),.UNSPECIFIED.,.F.,.F.,(4,1,1,1,1,1,1,1,4),
(0.,0.125,0.25,0.375,0.4375,0.5,0.625,0.75,1.),.UNSPECIFIED.);
#75=B_SPLINE_CURVE_WITH_KNOTS('',3,(#1476,#1477,#1478,#1479),
 .UNSPECIFIED.,.F.,.F.,(4,4),(0.,1.),.UNSPECIFIED.);
#76=B_SPLINE_CURVE_WITH_KNOTS('',3,(#1481,#1482,#1483,#1484),
 .UNSPECIFIED.,.F.,.F.,(4,4),(0.,1.),.UNSPECIFIED.);
#77=B_SPLINE_CURVE_WITH_KNOTS('',3,(#1486,#1487,#1488,#1489),
 .UNSPECIFIED.,.F.,.F.,(4,4),(0.,1.),.UNSPECIFIED.);
#78=B_SPLINE_CURVE_WITH_KNOTS('',3,(#1491,#1492,#1493,#1494,#1495),
 .UNSPECIFIED.,.F.,.F.,(4,1,4),(0.,0.5,1.),.UNSPECIFIED.);
#79=B_SPLINE_CURVE_WITH_KNOTS('',3,(#1497,#1498,#1499,#1500),
 .UNSPECIFIED.,.F.,.F.,(4,4),(0.,1.),.UNSPECIFIED.);
#80=B_SPLINE_CURVE_WITH_KNOTS('',3,(#1502,#1503,#1504,#1505,#1506),
 .UNSPECIFIED.,.F.,.F.,(4,1,4),(0.,0.5,1.),.UNSPECIFIED.);
#81=B_SPLINE_CURVE_WITH_KNOTS('',3,(#1508,#1509,#1510,#1511),
 .UNSPECIFIED.,.F.,.F.,(4,4),(0.,1.),.UNSPECIFIED.);
#82=B_SPLINE_CURVE_WITH_KNOTS('',3,(#1512,#1513,#1514,#1515,#1516,#1517,
#1518,#1519),.UNSPECIFIED.,.F.,.F.,(4,1,1,1,1,4),(0.,0.0625,0.125,0.25,
0.5,1.),.UNSPECIFIED.);
#83=B_SPLINE_CURVE_WITH_KNOTS('',3,(#1521,#1522,#1523,#1524),
 .UNSPECIFIED.,.F.,.F.,(4,4),(0.,0.999995543759866),.UNSPECIFIED.);
#84=B_SPLINE_CURVE_WITH_KNOTS('',3,(#1526,#1527,#1528,#1529),
 .UNSPECIFIED.,.F.,.F.,(4,4),(-13.7541235575858,0.),.UNSPECIFIED.);
#85=B_SPLINE_CURVE_WITH_KNOTS('',3,(#1531,#1532,#1533,#1534),
 .UNSPECIFIED.,.F.,.F.,(4,4),(0.,1.),.UNSPECIFIED.);
#86=B_SPLINE_CURVE_WITH_KNOTS('',3,(#1537,#1538,#1539,#1540,#1541),
 .UNSPECIFIED.,.F.,.F.,(4,1,4),(0.,0.5,1.),.UNSPECIFIED.);
#87=B_SPLINE_CURVE_WITH_KNOTS('',3,(#1574,#1575,#1576,#1577),
 .UNSPECIFIED.,.F.,.F.,(4,4),(4.49189552783615E-17,0.000390562261005351),
 .UNSPECIFIED.);
#88=B_SPLINE_CURVE_WITH_KNOTS('',3,(#1627,#1628,#1629,#1630),
 .UNSPECIFIED.,.F.,.F.,(4,4),(7.38633767207028E-17,0.000390570128750747),
 .UNSPECIFIED.);
#89=B_SPLINE_CURVE_WITH_KNOTS('',3,(#1663,#1664,#1665,#1666),
 .UNSPECIFIED.,.F.,.F.,(4,4),(0.,0.000390570372679404),.UNSPECIFIED.);
#90=B_SPLINE_CURVE_WITH_KNOTS('',3,(#1668,#1669,#1670,#1671),
 .UNSPECIFIED.,.F.,.F.,(4,4),(1.47842412517013E-15,0.000390560730160108),
 .UNSPECIFIED.);
#91=B_SPLINE_CURVE_WITH_KNOTS('',3,(#1675,#1676,#1677,#1678),
 .UNSPECIFIED.,.F.,.F.,(4,4),(1.49671387868377E-8,0.99999998897844),
 .UNSPECIFIED.);
#92=B_SPLINE_CURVE_WITH_KNOTS('',3,(#1680,#1681,#1682,#1683),
 .UNSPECIFIED.,.F.,.F.,(4,4),(0.,0.999999958792659),.UNSPECIFIED.);
#93=B_SPLINE_CURVE_WITH_KNOTS('',3,(#1685,#1686,#1687,#1688,#1689),
 .UNSPECIFIED.,.F.,.F.,(4,1,4),(0.,0.00178594349393755,0.00357188698787511),
 .UNSPECIFIED.);
#94=ELLIPSE('',#952,0.0603426176991402,0.0602668699209884);
#95=ELLIPSE('',#953,0.0602760859941963,0.0602004217329521);
#96=ELLIPSE('',#957,0.0603033685012876,0.0602668766639909);
#97=ELLIPSE('',#958,0.0649058192281579,0.0602668766639909);
#98=ELLIPSE('',#960,0.060303361754202,0.0602668699209884);
#99=ORIENTED_EDGE('',*,*,#373,.F.);
#100=ORIENTED_EDGE('',*,*,#374,.F.);
#101=ORIENTED_EDGE('',*,*,#375,.F.);
#102=ORIENTED_EDGE('',*,*,#376,.F.);
#103=ORIENTED_EDGE('',*,*,#377,.T.);
#104=ORIENTED_EDGE('',*,*,#378,.F.);
#105=ORIENTED_EDGE('',*,*,#379,.T.);
#106=ORIENTED_EDGE('',*,*,#380,.F.);
#107=ORIENTED_EDGE('',*,*,#381,.F.);
#108=ORIENTED_EDGE('',*,*,#382,.F.);
#109=ORIENTED_EDGE('',*,*,#383,.F.);
#110=ORIENTED_EDGE('',*,*,#384,.F.);
#111=ORIENTED_EDGE('',*,*,#385,.F.);
#112=ORIENTED_EDGE('',*,*,#386,.F.);
#113=ORIENTED_EDGE('',*,*,#377,.F.);
#114=ORIENTED_EDGE('',*,*,#387,.F.);
#115=ORIENTED_EDGE('',*,*,#388,.F.);
#116=ORIENTED_EDGE('',*,*,#389,.F.);
#117=ORIENTED_EDGE('',*,*,#390,.F.);
#118=ORIENTED_EDGE('',*,*,#391,.F.);
#119=ORIENTED_EDGE('',*,*,#392,.F.);
#120=ORIENTED_EDGE('',*,*,#393,.F.);
#121=ORIENTED_EDGE('',*,*,#394,.F.);
#122=ORIENTED_EDGE('',*,*,#395,.F.);
#123=ORIENTED_EDGE('',*,*,#396,.F.);
#124=ORIENTED_EDGE('',*,*,#397,.F.);
#125=ORIENTED_EDGE('',*,*,#398,.F.);
#126=ORIENTED_EDGE('',*,*,#399,.F.);
#127=ORIENTED_EDGE('',*,*,#400,.F.);
#128=ORIENTED_EDGE('',*,*,#401,.F.);
#129=ORIENTED_EDGE('',*,*,#402,.F.);
#130=ORIENTED_EDGE('',*,*,#403,.T.);
#131=ORIENTED_EDGE('',*,*,#384,.T.);
#132=ORIENTED_EDGE('',*,*,#404,.F.);
#133=ORIENTED_EDGE('',*,*,#405,.F.);
#134=ORIENTED_EDGE('',*,*,#406,.F.);
#135=ORIENTED_EDGE('',*,*,#387,.T.);
#136=ORIENTED_EDGE('',*,*,#376,.T.);
#137=ORIENTED_EDGE('',*,*,#407,.F.);
#138=ORIENTED_EDGE('',*,*,#408,.T.);
#139=ORIENTED_EDGE('',*,*,#409,.T.);
#140=ORIENTED_EDGE('',*,*,#410,.F.);
#141=ORIENTED_EDGE('',*,*,#411,.F.);
#142=ORIENTED_EDGE('',*,*,#412,.F.);
#143=ORIENTED_EDGE('',*,*,#413,.F.);
#144=ORIENTED_EDGE('',*,*,#379,.F.);
#145=ORIENTED_EDGE('',*,*,#414,.F.);
#146=ORIENTED_EDGE('',*,*,#415,.F.);
#147=ORIENTED_EDGE('',*,*,#408,.F.);
#148=ORIENTED_EDGE('',*,*,#416,.F.);
#149=ORIENTED_EDGE('',*,*,#417,.F.);
#150=ORIENTED_EDGE('',*,*,#418,.F.);
#151=ORIENTED_EDGE('',*,*,#409,.F.);
#152=ORIENTED_EDGE('',*,*,#415,.T.);
#153=ORIENTED_EDGE('',*,*,#419,.F.);
#154=ORIENTED_EDGE('',*,*,#385,.T.);
#155=ORIENTED_EDGE('',*,*,#403,.F.);
#156=ORIENTED_EDGE('',*,*,#420,.F.);
#157=ORIENTED_EDGE('',*,*,#421,.F.);
#158=ORIENTED_EDGE('',*,*,#422,.T.);
#159=ORIENTED_EDGE('',*,*,#423,.F.);
#160=ORIENTED_EDGE('',*,*,#424,.F.);
#161=ORIENTED_EDGE('',*,*,#425,.F.);
#162=ORIENTED_EDGE('',*,*,#426,.T.);
#163=ORIENTED_EDGE('',*,*,#427,.T.);
#164=ORIENTED_EDGE('',*,*,#428,.T.);
#165=ORIENTED_EDGE('',*,*,#429,.T.);
#166=ORIENTED_EDGE('',*,*,#428,.F.);
#167=ORIENTED_EDGE('',*,*,#430,.T.);
#168=ORIENTED_EDGE('',*,*,#431,.T.);
#169=ORIENTED_EDGE('',*,*,#432,.T.);
#170=ORIENTED_EDGE('',*,*,#433,.F.);
#171=ORIENTED_EDGE('',*,*,#434,.T.);
#172=ORIENTED_EDGE('',*,*,#431,.F.);
#173=ORIENTED_EDGE('',*,*,#435,.T.);
#174=ORIENTED_EDGE('',*,*,#426,.F.);
#175=ORIENTED_EDGE('',*,*,#436,.T.);
#176=ORIENTED_EDGE('',*,*,#437,.F.);
#177=ORIENTED_EDGE('',*,*,#438,.T.);
#178=ORIENTED_EDGE('',*,*,#429,.F.);
#179=ORIENTED_EDGE('',*,*,#432,.F.);
#180=ORIENTED_EDGE('',*,*,#434,.F.);
#181=ORIENTED_EDGE('',*,*,#439,.F.);
#182=ORIENTED_EDGE('',*,*,#440,.F.);
#183=ORIENTED_EDGE('',*,*,#441,.F.);
#184=ORIENTED_EDGE('',*,*,#442,.F.);
#185=ORIENTED_EDGE('',*,*,#436,.F.);
#186=ORIENTED_EDGE('',*,*,#443,.T.);
#187=ORIENTED_EDGE('',*,*,#444,.T.);
#188=ORIENTED_EDGE('',*,*,#445,.T.);
#189=ORIENTED_EDGE('',*,*,#440,.T.);
#190=ORIENTED_EDGE('',*,*,#445,.F.);
#191=ORIENTED_EDGE('',*,*,#446,.T.);
#192=ORIENTED_EDGE('',*,*,#447,.T.);
#193=ORIENTED_EDGE('',*,*,#441,.T.);
#194=ORIENTED_EDGE('',*,*,#433,.T.);
#195=ORIENTED_EDGE('',*,*,#425,.T.);
#196=ORIENTED_EDGE('',*,*,#443,.F.);
#197=ORIENTED_EDGE('',*,*,#439,.T.);
#198=ORIENTED_EDGE('',*,*,#447,.F.);
#199=ORIENTED_EDGE('',*,*,#448,.T.);
#200=ORIENTED_EDGE('',*,*,#437,.T.);
#201=ORIENTED_EDGE('',*,*,#442,.T.);
#202=ORIENTED_EDGE('',*,*,#449,.F.);
#203=ORIENTED_EDGE('',*,*,#427,.F.);
#204=ORIENTED_EDGE('',*,*,#450,.T.);
#205=ORIENTED_EDGE('',*,*,#451,.F.);
#206=ORIENTED_EDGE('',*,*,#452,.F.);
#207=ORIENTED_EDGE('',*,*,#450,.F.);
#208=ORIENTED_EDGE('',*,*,#438,.F.);
#209=ORIENTED_EDGE('',*,*,#453,.T.);
#210=ORIENTED_EDGE('',*,*,#448,.F.);
#211=ORIENTED_EDGE('',*,*,#454,.T.);
#212=ORIENTED_EDGE('',*,*,#455,.F.);
#213=ORIENTED_EDGE('',*,*,#453,.F.);
#214=ORIENTED_EDGE('',*,*,#456,.F.);
#215=ORIENTED_EDGE('',*,*,#454,.F.);
#216=ORIENTED_EDGE('',*,*,#446,.F.);
#217=ORIENTED_EDGE('',*,*,#457,.T.);
#218=ORIENTED_EDGE('',*,*,#444,.F.);
#219=ORIENTED_EDGE('',*,*,#424,.T.);
#220=ORIENTED_EDGE('',*,*,#458,.F.);
#221=ORIENTED_EDGE('',*,*,#457,.F.);
#222=ORIENTED_EDGE('',*,*,#456,.T.);
#223=ORIENTED_EDGE('',*,*,#458,.T.);
#224=ORIENTED_EDGE('',*,*,#423,.T.);
#225=ORIENTED_EDGE('',*,*,#459,.T.);
#226=ORIENTED_EDGE('',*,*,#460,.T.);
#227=ORIENTED_EDGE('',*,*,#451,.T.);
#228=ORIENTED_EDGE('',*,*,#452,.T.);
#229=ORIENTED_EDGE('',*,*,#455,.T.);
#230=ORIENTED_EDGE('',*,*,#414,.T.);
#231=ORIENTED_EDGE('',*,*,#378,.T.);
#232=ORIENTED_EDGE('',*,*,#386,.T.);
#233=ORIENTED_EDGE('',*,*,#419,.T.);
#234=ORIENTED_EDGE('',*,*,#461,.F.);
#235=ORIENTED_EDGE('',*,*,#380,.T.);
#236=ORIENTED_EDGE('',*,*,#413,.T.);
#237=ORIENTED_EDGE('',*,*,#462,.F.);
#238=ORIENTED_EDGE('',*,*,#463,.F.);
#239=ORIENTED_EDGE('',*,*,#435,.F.);
#240=ORIENTED_EDGE('',*,*,#464,.T.);
#241=ORIENTED_EDGE('',*,*,#459,.F.);
#242=ORIENTED_EDGE('',*,*,#422,.F.);
#243=ORIENTED_EDGE('',*,*,#460,.F.);
#244=ORIENTED_EDGE('',*,*,#464,.F.);
#245=ORIENTED_EDGE('',*,*,#430,.F.);
#246=ORIENTED_EDGE('',*,*,#449,.T.);
#247=ORIENTED_EDGE('',*,*,#465,.T.);
#248=ORIENTED_EDGE('',*,*,#466,.F.);
#249=ORIENTED_EDGE('',*,*,#405,.T.);
#250=ORIENTED_EDGE('',*,*,#467,.F.);
#251=ORIENTED_EDGE('',*,*,#468,.F.);
#252=ORIENTED_EDGE('',*,*,#469,.F.);
#253=ORIENTED_EDGE('',*,*,#463,.T.);
#254=ORIENTED_EDGE('',*,*,#470,.F.);
#255=ORIENTED_EDGE('',*,*,#471,.F.);
#256=ORIENTED_EDGE('',*,*,#472,.F.);
#257=ORIENTED_EDGE('',*,*,#411,.T.);
#258=ORIENTED_EDGE('',*,*,#473,.F.);
#259=ORIENTED_EDGE('',*,*,#474,.F.);
#260=ORIENTED_EDGE('',*,*,#475,.F.);
#261=ORIENTED_EDGE('',*,*,#401,.T.);
#262=ORIENTED_EDGE('',*,*,#476,.F.);
#263=ORIENTED_EDGE('',*,*,#477,.F.);
#264=ORIENTED_EDGE('',*,*,#465,.F.);
#265=ORIENTED_EDGE('',*,*,#478,.F.);
#266=ORIENTED_EDGE('',*,*,#479,.T.);
#267=ORIENTED_EDGE('',*,*,#480,.T.);
#268=ORIENTED_EDGE('',*,*,#481,.T.);
#269=ORIENTED_EDGE('',*,*,#482,.F.);
#270=ORIENTED_EDGE('',*,*,#483,.T.);
#271=ORIENTED_EDGE('',*,*,#484,.T.);
#272=ORIENTED_EDGE('',*,*,#485,.T.);
#273=ORIENTED_EDGE('',*,*,#486,.T.);
#274=ORIENTED_EDGE('',*,*,#487,.T.);
#275=ORIENTED_EDGE('',*,*,#488,.T.);
#276=ORIENTED_EDGE('',*,*,#489,.T.);
#277=ORIENTED_EDGE('',*,*,#388,.T.);
#278=ORIENTED_EDGE('',*,*,#490,.F.);
#279=ORIENTED_EDGE('',*,*,#489,.F.);
#280=ORIENTED_EDGE('',*,*,#491,.T.);
#281=ORIENTED_EDGE('',*,*,#389,.T.);
#282=ORIENTED_EDGE('',*,*,#491,.F.);
#283=ORIENTED_EDGE('',*,*,#488,.F.);
#284=ORIENTED_EDGE('',*,*,#492,.T.);
#285=ORIENTED_EDGE('',*,*,#399,.T.);
#286=ORIENTED_EDGE('',*,*,#493,.F.);
#287=ORIENTED_EDGE('',*,*,#478,.T.);
#288=ORIENTED_EDGE('',*,*,#490,.T.);
#289=ORIENTED_EDGE('',*,*,#390,.T.);
#290=ORIENTED_EDGE('',*,*,#492,.F.);
#291=ORIENTED_EDGE('',*,*,#487,.F.);
#292=ORIENTED_EDGE('',*,*,#494,.T.);
#293=ORIENTED_EDGE('',*,*,#398,.T.);
#294=ORIENTED_EDGE('',*,*,#495,.F.);
#295=ORIENTED_EDGE('',*,*,#479,.F.);
#296=ORIENTED_EDGE('',*,*,#493,.T.);
#297=ORIENTED_EDGE('',*,*,#391,.T.);
#298=ORIENTED_EDGE('',*,*,#494,.F.);
#299=ORIENTED_EDGE('',*,*,#486,.F.);
#300=ORIENTED_EDGE('',*,*,#496,.T.);
#301=ORIENTED_EDGE('',*,*,#397,.T.);
#302=ORIENTED_EDGE('',*,*,#497,.F.);
#303=ORIENTED_EDGE('',*,*,#480,.F.);
#304=ORIENTED_EDGE('',*,*,#495,.T.);
#305=ORIENTED_EDGE('',*,*,#392,.T.);
#306=ORIENTED_EDGE('',*,*,#496,.F.);
#307=ORIENTED_EDGE('',*,*,#485,.F.);
#308=ORIENTED_EDGE('',*,*,#498,.T.);
#309=ORIENTED_EDGE('',*,*,#396,.T.);
#310=ORIENTED_EDGE('',*,*,#499,.F.);
#311=ORIENTED_EDGE('',*,*,#481,.F.);
#312=ORIENTED_EDGE('',*,*,#497,.T.);
#313=ORIENTED_EDGE('',*,*,#393,.T.);
#314=ORIENTED_EDGE('',*,*,#498,.F.);
#315=ORIENTED_EDGE('',*,*,#484,.F.);
#316=ORIENTED_EDGE('',*,*,#500,.T.);
#317=ORIENTED_EDGE('',*,*,#394,.T.);
#318=ORIENTED_EDGE('',*,*,#500,.F.);
#319=ORIENTED_EDGE('',*,*,#483,.F.);
#320=ORIENTED_EDGE('',*,*,#501,.T.);
#321=ORIENTED_EDGE('',*,*,#395,.T.);
#322=ORIENTED_EDGE('',*,*,#501,.F.);
#323=ORIENTED_EDGE('',*,*,#482,.T.);
#324=ORIENTED_EDGE('',*,*,#499,.T.);
#325=ORIENTED_EDGE('',*,*,#470,.T.);
#326=ORIENTED_EDGE('',*,*,#462,.T.);
#327=ORIENTED_EDGE('',*,*,#412,.T.);
#328=ORIENTED_EDGE('',*,*,#502,.F.);
#329=ORIENTED_EDGE('',*,*,#471,.T.);
#330=ORIENTED_EDGE('',*,*,#502,.T.);
#331=ORIENTED_EDGE('',*,*,#417,.T.);
#332=ORIENTED_EDGE('',*,*,#503,.F.);
#333=ORIENTED_EDGE('',*,*,#472,.T.);
#334=ORIENTED_EDGE('',*,*,#503,.T.);
#335=ORIENTED_EDGE('',*,*,#416,.T.);
#336=ORIENTED_EDGE('',*,*,#407,.T.);
#337=ORIENTED_EDGE('',*,*,#473,.T.);
#338=ORIENTED_EDGE('',*,*,#410,.T.);
#339=ORIENTED_EDGE('',*,*,#418,.T.);
#340=ORIENTED_EDGE('',*,*,#504,.T.);
#341=ORIENTED_EDGE('',*,*,#505,.T.);
#342=ORIENTED_EDGE('',*,*,#474,.T.);
#343=ORIENTED_EDGE('',*,*,#504,.F.);
#344=ORIENTED_EDGE('',*,*,#421,.T.);
#345=ORIENTED_EDGE('',*,*,#402,.T.);
#346=ORIENTED_EDGE('',*,*,#475,.T.);
#347=ORIENTED_EDGE('',*,*,#505,.F.);
#348=ORIENTED_EDGE('',*,*,#420,.T.);
#349=ORIENTED_EDGE('',*,*,#406,.T.);
#350=ORIENTED_EDGE('',*,*,#466,.T.);
#351=ORIENTED_EDGE('',*,*,#506,.F.);
#352=ORIENTED_EDGE('',*,*,#381,.T.);
#353=ORIENTED_EDGE('',*,*,#477,.T.);
#354=ORIENTED_EDGE('',*,*,#507,.F.);
#355=ORIENTED_EDGE('',*,*,#382,.T.);
#356=ORIENTED_EDGE('',*,*,#506,.T.);
#357=ORIENTED_EDGE('',*,*,#476,.T.);
#358=ORIENTED_EDGE('',*,*,#400,.T.);
#359=ORIENTED_EDGE('',*,*,#383,.T.);
#360=ORIENTED_EDGE('',*,*,#507,.T.);
#361=ORIENTED_EDGE('',*,*,#469,.T.);
#362=ORIENTED_EDGE('',*,*,#508,.T.);
#363=ORIENTED_EDGE('',*,*,#373,.T.);
#364=ORIENTED_EDGE('',*,*,#461,.T.);
#365=ORIENTED_EDGE('',*,*,#468,.T.);
#366=ORIENTED_EDGE('',*,*,#509,.T.);
#367=ORIENTED_EDGE('',*,*,#374,.T.);
#368=ORIENTED_EDGE('',*,*,#508,.F.);
#369=ORIENTED_EDGE('',*,*,#467,.T.);
#370=ORIENTED_EDGE('',*,*,#404,.T.);
#371=ORIENTED_EDGE('',*,*,#375,.T.);
#372=ORIENTED_EDGE('',*,*,#509,.F.);
#373=EDGE_CURVE('',#510,#511,#599,.T.);
#374=EDGE_CURVE('',#512,#510,#600,.T.);
#375=EDGE_CURVE('',#513,#512,#601,.T.);
#376=EDGE_CURVE('',#514,#513,#94,.F.);
#377=EDGE_CURVE('',#514,#515,#602,.T.);
#378=EDGE_CURVE('',#516,#515,#603,.F.);
#379=EDGE_CURVE('',#516,#517,#604,.T.);
#380=EDGE_CURVE('',#511,#517,#95,.F.);
#381=EDGE_CURVE('',#518,#519,#605,.T.);
#382=EDGE_CURVE('',#520,#518,#606,.T.);
#383=EDGE_CURVE('',#521,#520,#607,.T.);
#384=EDGE_CURVE('',#522,#521,#38,.T.);
#385=EDGE_CURVE('',#523,#522,#608,.T.);
#386=EDGE_CURVE('',#515,#523,#609,.T.);
#387=EDGE_CURVE('',#519,#514,#39,.T.);
#388=EDGE_CURVE('',#524,#525,#40,.T.);
#389=EDGE_CURVE('',#526,#524,#41,.T.);
#390=EDGE_CURVE('',#527,#526,#42,.T.);
#391=EDGE_CURVE('',#528,#527,#43,.T.);
#392=EDGE_CURVE('',#529,#528,#44,.T.);
#393=EDGE_CURVE('',#530,#529,#45,.T.);
#394=EDGE_CURVE('',#531,#530,#46,.T.);
#395=EDGE_CURVE('',#532,#531,#47,.T.);
#396=EDGE_CURVE('',#533,#532,#48,.T.);
#397=EDGE_CURVE('',#534,#533,#49,.T.);
#398=EDGE_CURVE('',#535,#534,#50,.T.);
#399=EDGE_CURVE('',#525,#535,#51,.T.);
#400=EDGE_CURVE('',#536,#521,#96,.F.);
#401=EDGE_CURVE('',#537,#536,#52,.T.);
#402=EDGE_CURVE('',#538,#537,#53,.T.);
#403=EDGE_CURVE('',#538,#522,#97,.F.);
#404=EDGE_CURVE('',#539,#513,#54,.T.);
#405=EDGE_CURVE('',#540,#539,#55,.T.);
#406=EDGE_CURVE('',#519,#540,#98,.T.);
#407=EDGE_CURVE('',#541,#542,#56,.F.);
#408=EDGE_CURVE('',#541,#543,#57,.F.);
#409=EDGE_CURVE('',#543,#544,#58,.F.);
#410=EDGE_CURVE('',#545,#544,#59,.T.);
#411=EDGE_CURVE('',#542,#545,#60,.T.);
#412=EDGE_CURVE('',#546,#547,#610,.T.);
#413=EDGE_CURVE('',#517,#546,#61,.F.);
#414=EDGE_CURVE('',#548,#516,#611,.T.);
#415=EDGE_CURVE('',#543,#548,#612,.T.);
#416=EDGE_CURVE('',#549,#541,#613,.T.);
#417=EDGE_CURVE('',#547,#549,#614,.F.);
#418=EDGE_CURVE('',#544,#550,#615,.T.);
#419=EDGE_CURVE('',#523,#548,#616,.T.);
#420=EDGE_CURVE('',#551,#538,#617,.T.);
#421=EDGE_CURVE('',#550,#551,#618,.F.);
#422=EDGE_CURVE('',#552,#553,#619,.T.);
#423=EDGE_CURVE('',#554,#553,#620,.F.);
#424=EDGE_CURVE('',#555,#554,#62,.T.);
#425=EDGE_CURVE('',#552,#555,#63,.T.);
#426=EDGE_CURVE('',#556,#557,#64,.F.);
#427=EDGE_CURVE('',#557,#558,#65,.T.);
#428=EDGE_CURVE('',#558,#559,#66,.T.);
#429=EDGE_CURVE('',#559,#556,#67,.F.);
#430=EDGE_CURVE('',#558,#560,#68,.T.);
#431=EDGE_CURVE('',#560,#561,#69,.T.);
#432=EDGE_CURVE('',#561,#559,#70,.F.);
#433=EDGE_CURVE('',#562,#552,#71,.T.);
#434=EDGE_CURVE('',#562,#561,#72,.F.);
#435=EDGE_CURVE('',#560,#552,#73,.T.);
#436=EDGE_CURVE('',#556,#563,#74,.T.);
#437=EDGE_CURVE('',#564,#563,#75,.F.);
#438=EDGE_CURVE('',#564,#557,#76,.T.);
#439=EDGE_CURVE('',#565,#562,#77,.F.);
#440=EDGE_CURVE('',#566,#565,#78,.F.);
#441=EDGE_CURVE('',#567,#566,#79,.F.);
#442=EDGE_CURVE('',#563,#567,#80,.F.);
#443=EDGE_CURVE('',#565,#555,#81,.F.);
#444=EDGE_CURVE('',#555,#568,#82,.T.);
#445=EDGE_CURVE('',#568,#566,#83,.T.);
#446=EDGE_CURVE('',#568,#569,#84,.F.);
#447=EDGE_CURVE('',#569,#567,#85,.T.);
#448=EDGE_CURVE('',#569,#564,#86,.T.);
#449=EDGE_CURVE('',#558,#570,#621,.T.);
#450=EDGE_CURVE('',#557,#571,#622,.T.);
#451=EDGE_CURVE('',#570,#571,#87,.T.);
#452=EDGE_CURVE('',#571,#572,#623,.T.);
#453=EDGE_CURVE('',#564,#572,#624,.T.);
#454=EDGE_CURVE('',#569,#573,#625,.F.);
#455=EDGE_CURVE('',#572,#573,#88,.T.);
#456=EDGE_CURVE('',#573,#574,#626,.T.);
#457=EDGE_CURVE('',#568,#574,#627,.T.);
#458=EDGE_CURVE('',#574,#554,#89,.T.);
#459=EDGE_CURVE('',#553,#575,#90,.T.);
#460=EDGE_CURVE('',#575,#570,#628,.F.);
#461=EDGE_CURVE('',#511,#576,#91,.T.);
#462=EDGE_CURVE('',#577,#546,#92,.F.);
#463=EDGE_CURVE('',#576,#577,#93,.T.);
#464=EDGE_CURVE('',#560,#575,#629,.F.);
#465=EDGE_CURVE('',#578,#578,#12,.T.);
#466=EDGE_CURVE('',#540,#579,#630,.T.);
#467=EDGE_CURVE('',#580,#539,#631,.T.);
#468=EDGE_CURVE('',#581,#580,#13,.T.);
#469=EDGE_CURVE('',#576,#581,#632,.T.);
#470=EDGE_CURVE('',#582,#577,#633,.T.);
#471=EDGE_CURVE('',#583,#582,#14,.T.);
#472=EDGE_CURVE('',#542,#583,#634,.T.);
#473=EDGE_CURVE('',#584,#545,#635,.F.);
#474=EDGE_CURVE('',#585,#584,#15,.T.);
#475=EDGE_CURVE('',#537,#585,#636,.T.);
#476=EDGE_CURVE('',#586,#536,#637,.F.);
#477=EDGE_CURVE('',#579,#586,#16,.T.);
#478=EDGE_CURVE('',#587,#588,#638,.T.);
#479=EDGE_CURVE('',#587,#589,#639,.F.);
#480=EDGE_CURVE('',#589,#590,#640,.F.);
#481=EDGE_CURVE('',#590,#591,#641,.T.);
#482=EDGE_CURVE('',#592,#591,#642,.T.);
#483=EDGE_CURVE('',#592,#593,#643,.T.);
#484=EDGE_CURVE('',#593,#594,#644,.T.);
#485=EDGE_CURVE('',#594,#595,#645,.T.);
#486=EDGE_CURVE('',#595,#596,#646,.T.);
#487=EDGE_CURVE('',#596,#597,#647,.F.);
#488=EDGE_CURVE('',#597,#598,#648,.T.);
#489=EDGE_CURVE('',#598,#588,#649,.F.);
#490=EDGE_CURVE('',#588,#525,#650,.T.);
#491=EDGE_CURVE('',#598,#524,#651,.T.);
#492=EDGE_CURVE('',#597,#526,#652,.T.);
#493=EDGE_CURVE('',#587,#535,#653,.T.);
#494=EDGE_CURVE('',#596,#527,#654,.T.);
#495=EDGE_CURVE('',#589,#534,#655,.T.);
#496=EDGE_CURVE('',#595,#528,#656,.T.);
#497=EDGE_CURVE('',#590,#533,#657,.T.);
#498=EDGE_CURVE('',#594,#529,#658,.T.);
#499=EDGE_CURVE('',#591,#532,#659,.T.);
#500=EDGE_CURVE('',#593,#530,#660,.T.);
#501=EDGE_CURVE('',#592,#531,#661,.T.);
#502=EDGE_CURVE('',#582,#547,#662,.T.);
#503=EDGE_CURVE('',#583,#549,#663,.T.);
#504=EDGE_CURVE('',#550,#584,#664,.T.);
#505=EDGE_CURVE('',#551,#585,#665,.T.);
#506=EDGE_CURVE('',#518,#579,#666,.T.);
#507=EDGE_CURVE('',#520,#586,#667,.T.);
#508=EDGE_CURVE('',#581,#510,#668,.T.);
#509=EDGE_CURVE('',#580,#512,#669,.T.);
#510=VERTEX_POINT('',#1198);
#511=VERTEX_POINT('',#1199);
#512=VERTEX_POINT('',#1201);
#513=VERTEX_POINT('',#1203);
#514=VERTEX_POINT('',#1205);
#515=VERTEX_POINT('',#1207);
#516=VERTEX_POINT('',#1209);
#517=VERTEX_POINT('',#1211);
#518=VERTEX_POINT('',#1215);
#519=VERTEX_POINT('',#1216);
#520=VERTEX_POINT('',#1218);
#521=VERTEX_POINT('',#1220);
#522=VERTEX_POINT('',#1225);
#523=VERTEX_POINT('',#1227);
#524=VERTEX_POINT('',#1238);
#525=VERTEX_POINT('',#1239);
#526=VERTEX_POINT('',#1244);
#527=VERTEX_POINT('',#1249);
#528=VERTEX_POINT('',#1254);
#529=VERTEX_POINT('',#1259);
#530=VERTEX_POINT('',#1264);
#531=VERTEX_POINT('',#1269);
#532=VERTEX_POINT('',#1274);
#533=VERTEX_POINT('',#1279);
#534=VERTEX_POINT('',#1284);
#535=VERTEX_POINT('',#1289);
#536=VERTEX_POINT('',#1296);
#537=VERTEX_POINT('',#1302);
#538=VERTEX_POINT('',#1307);
#539=VERTEX_POINT('',#1314);
#540=VERTEX_POINT('',#1320);
#541=VERTEX_POINT('',#1327);
#542=VERTEX_POINT('',#1328);
#543=VERTEX_POINT('',#1333);
#544=VERTEX_POINT('',#1338);
#545=VERTEX_POINT('',#1343);
#546=VERTEX_POINT('',#1351);
#547=VERTEX_POINT('',#1352);
#548=VERTEX_POINT('',#1358);
#549=VERTEX_POINT('',#1361);
#550=VERTEX_POINT('',#1365);
#551=VERTEX_POINT('',#1368);
#552=VERTEX_POINT('',#1387);
#553=VERTEX_POINT('',#1388);
#554=VERTEX_POINT('',#1390);
#555=VERTEX_POINT('',#1395);
#556=VERTEX_POINT('',#1405);
#557=VERTEX_POINT('',#1406);
#558=VERTEX_POINT('',#1412);
#559=VERTEX_POINT('',#1417);
#560=VERTEX_POINT('',#1428);
#561=VERTEX_POINT('',#1433);
#562=VERTEX_POINT('',#1443);
#563=VERTEX_POINT('',#1475);
#564=VERTEX_POINT('',#1480);
#565=VERTEX_POINT('',#1490);
#566=VERTEX_POINT('',#1496);
#567=VERTEX_POINT('',#1501);
#568=VERTEX_POINT('',#1520);
#569=VERTEX_POINT('',#1530);
#570=VERTEX_POINT('',#1571);
#571=VERTEX_POINT('',#1573);
#572=VERTEX_POINT('',#1595);
#573=VERTEX_POINT('',#1626);
#574=VERTEX_POINT('',#1633);
#575=VERTEX_POINT('',#1672);
#576=VERTEX_POINT('',#1679);
#577=VERTEX_POINT('',#1684);
#578=VERTEX_POINT('',#1722);
#579=VERTEX_POINT('',#1724);
#580=VERTEX_POINT('',#1726);
#581=VERTEX_POINT('',#1728);
#582=VERTEX_POINT('',#1731);
#583=VERTEX_POINT('',#1733);
#584=VERTEX_POINT('',#1736);
#585=VERTEX_POINT('',#1738);
#586=VERTEX_POINT('',#1741);
#587=VERTEX_POINT('',#1745);
#588=VERTEX_POINT('',#1746);
#589=VERTEX_POINT('',#1748);
#590=VERTEX_POINT('',#1750);
#591=VERTEX_POINT('',#1752);
#592=VERTEX_POINT('',#1754);
#593=VERTEX_POINT('',#1756);
#594=VERTEX_POINT('',#1758);
#595=VERTEX_POINT('',#1760);
#596=VERTEX_POINT('',#1762);
#597=VERTEX_POINT('',#1764);
#598=VERTEX_POINT('',#1766);
#599=LINE('',#1197,#670);
#600=LINE('',#1200,#671);
#601=LINE('',#1202,#672);
#602=LINE('',#1206,#673);
#603=LINE('',#1208,#674);
#604=LINE('',#1210,#675);
#605=LINE('',#1214,#676);
#606=LINE('',#1217,#677);
#607=LINE('',#1219,#678);
#608=LINE('',#1226,#679);
#609=LINE('',#1228,#680);
#610=LINE('',#1350,#681);
#611=LINE('',#1357,#682);
#612=LINE('',#1359,#683);
#613=LINE('',#1360,#684);
#614=LINE('',#1362,#685);
#615=LINE('',#1364,#686);
#616=LINE('',#1366,#687);
#617=LINE('',#1367,#688);
#618=LINE('',#1369,#689);
#619=LINE('',#1386,#690);
#620=LINE('',#1389,#691);
#621=LINE('',#1570,#692);
#622=LINE('',#1572,#693);
#623=LINE('',#1594,#694);
#624=LINE('',#1596,#695);
#625=LINE('',#1625,#696);
#626=LINE('',#1632,#697);
#627=LINE('',#1634,#698);
#628=LINE('',#1673,#699);
#629=LINE('',#1718,#700);
#630=LINE('',#1723,#701);
#631=LINE('',#1725,#702);
#632=LINE('',#1729,#703);
#633=LINE('',#1730,#704);
#634=LINE('',#1734,#705);
#635=LINE('',#1735,#706);
#636=LINE('',#1739,#707);
#637=LINE('',#1740,#708);
#638=LINE('',#1744,#709);
#639=LINE('',#1747,#710);
#640=LINE('',#1749,#711);
#641=LINE('',#1751,#712);
#642=LINE('',#1753,#713);
#643=LINE('',#1755,#714);
#644=LINE('',#1757,#715);
#645=LINE('',#1759,#716);
#646=LINE('',#1761,#717);
#647=LINE('',#1763,#718);
#648=LINE('',#1765,#719);
#649=LINE('',#1767,#720);
#650=LINE('',#1769,#721);
#651=LINE('',#1770,#722);
#652=LINE('',#1772,#723);
#653=LINE('',#1774,#724);
#654=LINE('',#1776,#725);
#655=LINE('',#1778,#726);
#656=LINE('',#1780,#727);
#657=LINE('',#1782,#728);
#658=LINE('',#1784,#729);
#659=LINE('',#1786,#730);
#660=LINE('',#1788,#731);
#661=LINE('',#1790,#732);
#662=LINE('',#1793,#733);
#663=LINE('',#1795,#734);
#664=LINE('',#1798,#735);
#665=LINE('',#1800,#736);
#666=LINE('',#1803,#737);
#667=LINE('',#1805,#738);
#668=LINE('',#1808,#739);
#669=LINE('',#1810,#740);
#670=VECTOR('',#1012,1.);
#671=VECTOR('',#1013,1.);
#672=VECTOR('',#1014,1.);
#673=VECTOR('',#1017,1.);
#674=VECTOR('',#1018,1.);
#675=VECTOR('',#1019,1.);
#676=VECTOR('',#1024,1.);
#677=VECTOR('',#1025,1.);
#678=VECTOR('',#1026,1.);
#679=VECTOR('',#1027,1.);
#680=VECTOR('',#1028,1.);
#681=VECTOR('',#1045,1.);
#682=VECTOR('',#1046,1.);
#683=VECTOR('',#1047,1.);
#684=VECTOR('',#1048,1.);
#685=VECTOR('',#1049,1.);
#686=VECTOR('',#1052,1.);
#687=VECTOR('',#1053,1.);
#688=VECTOR('',#1054,1.);
#689=VECTOR('',#1055,1.);
#690=VECTOR('',#1056,1.);
#691=VECTOR('',#1057,1.);
#692=VECTOR('',#1076,1.);
#693=VECTOR('',#1077,1.);
#694=VECTOR('',#1078,1.);
#695=VECTOR('',#1079,1.);
#696=VECTOR('',#1080,1.);
#697=VECTOR('',#1083,1.);
#698=VECTOR('',#1084,1.);
#699=VECTOR('',#1087,1.);
#700=VECTOR('',#1090,1.);
#701=VECTOR('',#1097,1.);
#702=VECTOR('',#1098,1.);
#703=VECTOR('',#1101,1.);
#704=VECTOR('',#1102,1.);
#705=VECTOR('',#1105,1.);
#706=VECTOR('',#1106,1.);
#707=VECTOR('',#1109,1.);
#708=VECTOR('',#1110,1.);
#709=VECTOR('',#1115,1.);
#710=VECTOR('',#1116,1.);
#711=VECTOR('',#1117,1.);
#712=VECTOR('',#1118,1.);
#713=VECTOR('',#1119,1.);
#714=VECTOR('',#1120,1.);
#715=VECTOR('',#1121,1.);
#716=VECTOR('',#1122,1.);
#717=VECTOR('',#1123,1.);
#718=VECTOR('',#1124,1.);
#719=VECTOR('',#1125,1.);
#720=VECTOR('',#1126,1.);
#721=VECTOR('',#1129,1.);
#722=VECTOR('',#1130,1.);
#723=VECTOR('',#1133,1.);
#724=VECTOR('',#1136,1.);
#725=VECTOR('',#1139,1.);
#726=VECTOR('',#1142,1.);
#727=VECTOR('',#1145,1.);
#728=VECTOR('',#1148,1.);
#729=VECTOR('',#1151,1.);
#730=VECTOR('',#1154,1.);
#731=VECTOR('',#1157,1.);
#732=VECTOR('',#1160,1.);
#733=VECTOR('',#1165,1.);
#734=VECTOR('',#1168,1.);
#735=VECTOR('',#1173,1.);
#736=VECTOR('',#1176,1.);
#737=VECTOR('',#1181,1.);
#738=VECTOR('',#1184,1.);
#739=VECTOR('',#1189,1.);
#740=VECTOR('',#1192,1.);
#741=EDGE_LOOP('',(#99,#100,#101,#102,#103,#104,#105,#106));
#742=EDGE_LOOP('',(#107,#108,#109,#110,#111,#112,#113,#114));
#743=EDGE_LOOP('',(#115,#116,#117,#118,#119,#120,#121,#122,#123,#124,#125,
#126));
#744=EDGE_LOOP('',(#127,#128,#129,#130,#131));
#745=EDGE_LOOP('',(#132,#133,#134,#135,#136));
#746=EDGE_LOOP('',(#137,#138,#139,#140,#141));
#747=EDGE_LOOP('',(#142,#143,#144,#145,#146,#147,#148,#149));
#748=EDGE_LOOP('',(#150,#151,#152,#153,#154,#155,#156,#157));
#749=EDGE_LOOP('',(#158,#159,#160,#161));
#750=EDGE_LOOP('',(#162,#163,#164,#165));
#751=EDGE_LOOP('',(#166,#167,#168,#169));
#752=EDGE_LOOP('',(#170,#171,#172,#173));
#753=EDGE_LOOP('',(#174,#175,#176,#177));
#754=EDGE_LOOP('',(#178,#179,#180,#181,#182,#183,#184,#185));
#755=EDGE_LOOP('',(#186,#187,#188,#189));
#756=EDGE_LOOP('',(#190,#191,#192,#193));
#757=EDGE_LOOP('',(#194,#195,#196,#197));
#758=EDGE_LOOP('',(#198,#199,#200,#201));
#759=EDGE_LOOP('',(#202,#203,#204,#205));
#760=EDGE_LOOP('',(#206,#207,#208,#209));
#761=EDGE_LOOP('',(#210,#211,#212,#213));
#762=EDGE_LOOP('',(#214,#215,#216,#217));
#763=EDGE_LOOP('',(#218,#219,#220,#221));
#764=EDGE_LOOP('',(#222,#223,#224,#225,#226,#227,#228,#229));
#765=EDGE_LOOP('',(#230,#231,#232,#233));
#766=EDGE_LOOP('',(#234,#235,#236,#237,#238));
#767=EDGE_LOOP('',(#239,#240,#241,#242));
#768=EDGE_LOOP('',(#243,#244,#245,#246));
#769=EDGE_LOOP('',(#247));
#770=EDGE_LOOP('',(#248,#249,#250,#251,#252,#253,#254,#255,#256,#257,#258,
#259,#260,#261,#262,#263));
#771=EDGE_LOOP('',(#264));
#772=EDGE_LOOP('',(#265,#266,#267,#268,#269,#270,#271,#272,#273,#274,#275,
#276));
#773=EDGE_LOOP('',(#277,#278,#279,#280));
#774=EDGE_LOOP('',(#281,#282,#283,#284));
#775=EDGE_LOOP('',(#285,#286,#287,#288));
#776=EDGE_LOOP('',(#289,#290,#291,#292));
#777=EDGE_LOOP('',(#293,#294,#295,#296));
#778=EDGE_LOOP('',(#297,#298,#299,#300));
#779=EDGE_LOOP('',(#301,#302,#303,#304));
#780=EDGE_LOOP('',(#305,#306,#307,#308));
#781=EDGE_LOOP('',(#309,#310,#311,#312));
#782=EDGE_LOOP('',(#313,#314,#315,#316));
#783=EDGE_LOOP('',(#317,#318,#319,#320));
#784=EDGE_LOOP('',(#321,#322,#323,#324));
#785=EDGE_LOOP('',(#325,#326,#327,#328));
#786=EDGE_LOOP('',(#329,#330,#331,#332));
#787=EDGE_LOOP('',(#333,#334,#335,#336));
#788=EDGE_LOOP('',(#337,#338,#339,#340));
#789=EDGE_LOOP('',(#341,#342,#343,#344));
#790=EDGE_LOOP('',(#345,#346,#347,#348));
#791=EDGE_LOOP('',(#349,#350,#351,#352));
#792=EDGE_LOOP('',(#353,#354,#355,#356));
#793=EDGE_LOOP('',(#357,#358,#359,#360));
#794=EDGE_LOOP('',(#361,#362,#363,#364));
#795=EDGE_LOOP('',(#365,#366,#367,#368));
#796=EDGE_LOOP('',(#369,#370,#371,#372));
#797=FACE_BOUND('',#741,.T.);
#798=FACE_BOUND('',#742,.T.);
#799=FACE_BOUND('',#743,.T.);
#800=FACE_BOUND('',#744,.T.);
#801=FACE_BOUND('',#745,.T.);
#802=FACE_BOUND('',#746,.T.);
#803=FACE_BOUND('',#747,.T.);
#804=FACE_BOUND('',#748,.T.);
#805=FACE_BOUND('',#749,.T.);
#806=FACE_BOUND('',#750,.T.);
#807=FACE_BOUND('',#751,.T.);
#808=FACE_BOUND('',#752,.T.);
#809=FACE_BOUND('',#753,.T.);
#810=FACE_BOUND('',#754,.T.);
#811=FACE_BOUND('',#755,.T.);
#812=FACE_BOUND('',#756,.T.);
#813=FACE_BOUND('',#757,.T.);
#814=FACE_BOUND('',#758,.T.);
#815=FACE_BOUND('',#759,.T.);
#816=FACE_BOUND('',#760,.T.);
#817=FACE_BOUND('',#761,.T.);
#818=FACE_BOUND('',#762,.T.);
#819=FACE_BOUND('',#763,.T.);
#820=FACE_BOUND('',#764,.T.);
#821=FACE_BOUND('',#765,.T.);
#822=FACE_BOUND('',#766,.T.);
#823=FACE_BOUND('',#767,.T.);
#824=FACE_BOUND('',#768,.T.);
#825=FACE_BOUND('',#769,.T.);
#826=FACE_BOUND('',#770,.T.);
#827=FACE_BOUND('',#771,.T.);
#828=FACE_BOUND('',#772,.T.);
#829=FACE_BOUND('',#773,.T.);
#830=FACE_BOUND('',#774,.T.);
#831=FACE_BOUND('',#775,.T.);
#832=FACE_BOUND('',#776,.T.);
#833=FACE_BOUND('',#777,.T.);
#834=FACE_BOUND('',#778,.T.);
#835=FACE_BOUND('',#779,.T.);
#836=FACE_BOUND('',#780,.T.);
#837=FACE_BOUND('',#781,.T.);
#838=FACE_BOUND('',#782,.T.);
#839=FACE_BOUND('',#783,.T.);
#840=FACE_BOUND('',#784,.T.);
#841=FACE_BOUND('',#785,.T.);
#842=FACE_BOUND('',#786,.T.);
#843=FACE_BOUND('',#787,.T.);
#844=FACE_BOUND('',#788,.T.);
#845=FACE_BOUND('',#789,.T.);
#846=FACE_BOUND('',#790,.T.);
#847=FACE_BOUND('',#791,.T.);
#848=FACE_BOUND('',#792,.T.);
#849=FACE_BOUND('',#793,.T.);
#850=FACE_BOUND('',#794,.T.);
#851=FACE_BOUND('',#795,.T.);
#852=FACE_BOUND('',#796,.T.);
#853=PLANE('',#951);
#854=PLANE('',#954);
#855=PLANE('',#962);
#856=PLANE('',#963);
#857=PLANE('',#973);
#858=PLANE('',#974);
#859=PLANE('',#976);
#860=PLANE('',#983);
#861=PLANE('',#984);
#862=PLANE('',#985);
#863=PLANE('',#986);
#864=PLANE('',#987);
#865=PLANE('',#988);
#866=PLANE('',#989);
#867=PLANE('',#990);
#868=PLANE('',#991);
#869=PLANE('',#992);
#870=PLANE('',#993);
#871=PLANE('',#994);
#872=PLANE('',#995);
#873=PLANE('',#996);
#874=PLANE('',#997);
#875=PLANE('',#998);
#876=PLANE('',#999);
#877=PLANE('',#1000);
#878=PLANE('',#1001);
#879=PLANE('',#1002);
#880=PLANE('',#1003);
#881=PLANE('',#1004);
#882=PLANE('',#1005);
#883=PLANE('',#1006);
#884=PLANE('',#1007);
#885=ADVANCED_FACE('',(#797),#853,.F.);
#886=ADVANCED_FACE('',(#798),#854,.T.);
#887=ADVANCED_FACE('',(#799),#29,.T.);
#888=ADVANCED_FACE('',(#800),#30,.T.);
#889=ADVANCED_FACE('',(#801),#31,.T.);
#890=ADVANCED_FACE('',(#802),#32,.T.);
#891=ADVANCED_FACE('',(#803),#855,.F.);
#892=ADVANCED_FACE('',(#804),#856,.F.);
#893=ADVANCED_FACE('',(#805),#23,.T.);
#894=ADVANCED_FACE('',(#806),#17,.T.);
#895=ADVANCED_FACE('',(#807),#18,.T.);
#896=ADVANCED_FACE('',(#808),#19,.T.);
#897=ADVANCED_FACE('',(#809),#33,.T.);
#898=ADVANCED_FACE('',(#810),#34,.F.);
#899=ADVANCED_FACE('',(#811),#20,.T.);
#900=ADVANCED_FACE('',(#812),#21,.T.);
#901=ADVANCED_FACE('',(#813),#35,.T.);
#902=ADVANCED_FACE('',(#814),#22,.T.);
#903=ADVANCED_FACE('',(#815),#24,.T.);
#904=ADVANCED_FACE('',(#816),#25,.T.);
#905=ADVANCED_FACE('',(#817),#26,.T.);
#906=ADVANCED_FACE('',(#818),#857,.T.);
#907=ADVANCED_FACE('',(#819),#27,.T.);
#908=ADVANCED_FACE('',(#820,#821),#858,.F.);
#909=ADVANCED_FACE('',(#822),#36,.T.);
#910=ADVANCED_FACE('',(#823),#28,.T.);
#911=ADVANCED_FACE('',(#824),#859,.T.);
#912=ADVANCED_FACE('',(#825,#826),#37,.T.);
#913=ADVANCED_FACE('',(#827,#828),#860,.T.);
#914=ADVANCED_FACE('',(#829),#861,.T.);
#915=ADVANCED_FACE('',(#830),#862,.T.);
#916=ADVANCED_FACE('',(#831),#863,.T.);
#917=ADVANCED_FACE('',(#832),#864,.T.);
#918=ADVANCED_FACE('',(#833),#865,.T.);
#919=ADVANCED_FACE('',(#834),#866,.T.);
#920=ADVANCED_FACE('',(#835),#867,.T.);
#921=ADVANCED_FACE('',(#836),#868,.T.);
#922=ADVANCED_FACE('',(#837),#869,.T.);
#923=ADVANCED_FACE('',(#838),#870,.T.);
#924=ADVANCED_FACE('',(#839),#871,.T.);
#925=ADVANCED_FACE('',(#840),#872,.T.);
#926=ADVANCED_FACE('',(#841),#873,.F.);
#927=ADVANCED_FACE('',(#842),#874,.F.);
#928=ADVANCED_FACE('',(#843),#875,.T.);
#929=ADVANCED_FACE('',(#844),#876,.T.);
#930=ADVANCED_FACE('',(#845),#877,.F.);
#931=ADVANCED_FACE('',(#846),#878,.F.);
#932=ADVANCED_FACE('',(#847),#879,.F.);
#933=ADVANCED_FACE('',(#848),#880,.F.);
#934=ADVANCED_FACE('',(#849),#881,.T.);
#935=ADVANCED_FACE('',(#850),#882,.T.);
#936=ADVANCED_FACE('',(#851),#883,.F.);
#937=ADVANCED_FACE('',(#852),#884,.F.);
#938=CLOSED_SHELL('',(#885,#886,#887,#888,#889,#890,#891,#892,#893,#894,
#895,#896,#897,#898,#899,#900,#901,#902,#903,#904,#905,#906,#907,#908,#909,
#910,#911,#912,#913,#914,#915,#916,#917,#918,#919,#920,#921,#922,#923,#924,
#925,#926,#927,#928,#929,#930,#931,#932,#933,#934,#935,#936,#937));
#939=STYLED_ITEM('',(#940),#947);
#940=PRESENTATION_STYLE_ASSIGNMENT((#941));
#941=SURFACE_STYLE_USAGE(.BOTH.,#942);
#942=SURFACE_SIDE_STYLE('',(#943));
#943=SURFACE_STYLE_FILL_AREA(#944);
#944=FILL_AREA_STYLE('',(#945));
#945=FILL_AREA_STYLE_COLOUR('',#946);
#946=COLOUR_RGB('',0.501960784313726,0.501960784313726,0.501960784313726);
#947=MANIFOLD_SOLID_BREP('4F5',#938);
#948=SHAPE_DEFINITION_REPRESENTATION(#1818,#949);
#949=SHAPE_REPRESENTATION('4F5',(#950),#1813);
#950=AXIS2_PLACEMENT_3D('',#1195,#1008,#1009);
#951=AXIS2_PLACEMENT_3D('',#1196,#1010,#1011);
#952=AXIS2_PLACEMENT_3D('',#1204,#1015,#1016);
#953=AXIS2_PLACEMENT_3D('',#1212,#1020,#1021);
#954=AXIS2_PLACEMENT_3D('',#1213,#1022,#1023);
#955=AXIS2_PLACEMENT_3D('',#1233,#1029,#1030);
#956=AXIS2_PLACEMENT_3D('',#1294,#1031,#1032);
#957=AXIS2_PLACEMENT_3D('',#1295,#1033,#1034);
#958=AXIS2_PLACEMENT_3D('',#1308,#1035,#1036);
#959=AXIS2_PLACEMENT_3D('',#1309,#1037,#1038);
#960=AXIS2_PLACEMENT_3D('',#1321,#1039,#1040);
#961=AXIS2_PLACEMENT_3D('',#1322,#1041,#1042);
#962=AXIS2_PLACEMENT_3D('',#1349,#1043,#1044);
#963=AXIS2_PLACEMENT_3D('',#1363,#1050,#1051);
#964=AXIS2_PLACEMENT_3D('',#1400,#1058,#1059);
#965=AXIS2_PLACEMENT_3D('',#1423,#1060,#1061);
#966=AXIS2_PLACEMENT_3D('',#1438,#1062,#1063);
#967=AXIS2_PLACEMENT_3D('',#1463,#1064,#1065);
#968=AXIS2_PLACEMENT_3D('',#1485,#1066,#1067);
#969=AXIS2_PLACEMENT_3D('',#1507,#1068,#1069);
#970=AXIS2_PLACEMENT_3D('',#1525,#1070,#1071);
#971=AXIS2_PLACEMENT_3D('',#1535,#1072,#1073);
#972=AXIS2_PLACEMENT_3D('',#1536,#1074,#1075);
#973=AXIS2_PLACEMENT_3D('',#1631,#1081,#1082);
#974=AXIS2_PLACEMENT_3D('',#1667,#1085,#1086);
#975=AXIS2_PLACEMENT_3D('',#1674,#1088,#1089);
#976=AXIS2_PLACEMENT_3D('',#1719,#1091,#1092);
#977=AXIS2_PLACEMENT_3D('',#1720,#1093,#1094);
#978=AXIS2_PLACEMENT_3D('',#1721,#1095,#1096);
#979=AXIS2_PLACEMENT_3D('',#1727,#1099,#1100);
#980=AXIS2_PLACEMENT_3D('',#1732,#1103,#1104);
#981=AXIS2_PLACEMENT_3D('',#1737,#1107,#1108);
#982=AXIS2_PLACEMENT_3D('',#1742,#1111,#1112);
#983=AXIS2_PLACEMENT_3D('',#1743,#1113,#1114);
#984=AXIS2_PLACEMENT_3D('',#1768,#1127,#1128);
#985=AXIS2_PLACEMENT_3D('',#1771,#1131,#1132);
#986=AXIS2_PLACEMENT_3D('',#1773,#1134,#1135);
#987=AXIS2_PLACEMENT_3D('',#1775,#1137,#1138);
#988=AXIS2_PLACEMENT_3D('',#1777,#1140,#1141);
#989=AXIS2_PLACEMENT_3D('',#1779,#1143,#1144);
#990=AXIS2_PLACEMENT_3D('',#1781,#1146,#1147);
#991=AXIS2_PLACEMENT_3D('',#1783,#1149,#1150);
#992=AXIS2_PLACEMENT_3D('',#1785,#1152,#1153);
#993=AXIS2_PLACEMENT_3D('',#1787,#1155,#1156);
#994=AXIS2_PLACEMENT_3D('',#1789,#1158,#1159);
#995=AXIS2_PLACEMENT_3D('',#1791,#1161,#1162);
#996=AXIS2_PLACEMENT_3D('',#1792,#1163,#1164);
#997=AXIS2_PLACEMENT_3D('',#1794,#1166,#1167);
#998=AXIS2_PLACEMENT_3D('',#1796,#1169,#1170);
#999=AXIS2_PLACEMENT_3D('',#1797,#1171,#1172);
#1000=AXIS2_PLACEMENT_3D('',#1799,#1174,#1175);
#1001=AXIS2_PLACEMENT_3D('',#1801,#1177,#1178);
#1002=AXIS2_PLACEMENT_3D('',#1802,#1179,#1180);
#1003=AXIS2_PLACEMENT_3D('',#1804,#1182,#1183);
#1004=AXIS2_PLACEMENT_3D('',#1806,#1185,#1186);
#1005=AXIS2_PLACEMENT_3D('',#1807,#1187,#1188);
#1006=AXIS2_PLACEMENT_3D('',#1809,#1190,#1191);
#1007=AXIS2_PLACEMENT_3D('',#1811,#1193,#1194);
#1008=DIRECTION('',(0.,0.,1.));
#1009=DIRECTION('',(1.,0.,0.));
#1010=DIRECTION('',(3.04878835501587E-13,0.996398007205858,0.0847998304019228));
#1011=DIRECTION('',(-1.,3.05980976775076E-13,-5.36425415550288E-29));
#1012=DIRECTION('',(-1.76376307679552E-14,-0.0847998304021806,0.996398007205836));
#1013=DIRECTION('',(1.,0.,0.));
#1014=DIRECTION('',(1.76374522521415E-14,0.0847998303987977,-0.996398007206124));
#1015=DIRECTION('',(3.04878835501587E-13,0.996398007205858,0.0847998304019228));
#1016=DIRECTION('',(-3.71431384418343E-7,0.084799830401917,-0.996398007205789));
#1017=DIRECTION('',(-0.322487783801497,0.0802692829415593,-0.943164074546336));
#1018=DIRECTION('',(1.,0.,-3.14068704642415E-17));
#1019=DIRECTION('',(-0.307181537669583,-0.0806998379266536,0.948223095623368));
#1020=DIRECTION('',(3.04878835501587E-13,0.996398007205858,0.0847998304019228));
#1021=DIRECTION('',(-3.71437362026642E-7,0.084799830401917,-0.996398007205789));
#1022=DIRECTION('',(0.946450232904348,0.0112553542497395,-0.322653488491939));
#1023=DIRECTION('',(-0.0118913367601302,0.999929295555469,-4.77048955893622E-18));
#1024=DIRECTION('',(0.322673927788295,-1.48456823328103E-13,0.946510188178487));
#1025=DIRECTION('',(-0.0118913367590791,0.999929295555482,0.));
#1026=DIRECTION('',(-0.322673927790086,1.25863231832563E-13,-0.946510188177876));
#1027=DIRECTION('',(0.301943307514504,0.322929409255888,0.896965348095926));
#1028=DIRECTION('',(0.0118913367601403,-0.999929295555469,-1.5279103095127E-17));
#1029=DIRECTION('',(-1.86059360527088E-8,0.999394862373306,0.0347837470931661));
#1030=DIRECTION('',(0.,-0.0347837470931661,0.999394862373306));
#1031=DIRECTION('',(-1.86048674055915E-8,0.999394862373304,0.034783747093221));
#1032=DIRECTION('',(0.,-0.034783747093221,0.999394862373304));
#1033=DIRECTION('',(-4.04219867454635E-13,-1.,0.));
#1034=DIRECTION('',(-5.34884046016813E-7,2.16210758184515E-19,0.999999999999857));
#1035=DIRECTION('',(-2.15465320833926E-17,-0.940880095846728,0.338739789867461));
#1036=DIRECTION('',(-5.01124821852073E-8,0.33873978986746,0.940880095846727));
#1037=DIRECTION('',(-1.86047152955998E-8,0.999394862373306,0.0347837470931567));
#1038=DIRECTION('',(0.,-0.0347837470931567,0.999394862373306));
#1039=DIRECTION('',(-4.36369403435225E-13,-1.,0.));
#1040=DIRECTION('',(-5.34880596708265E-7,2.33405526894663E-19,0.999999999999857));
#1041=DIRECTION('',(-1.86048719324082E-8,0.999394862373304,0.0347837470932051));
#1042=DIRECTION('',(0.,-0.0347837470932051,0.999394862373305));
#1043=DIRECTION('',(0.951325893333488,-1.05282102480508E-13,0.308186704244751));
#1044=DIRECTION('',(1.10668807837864E-13,1.,-5.67979851759129E-29));
#1045=DIRECTION('',(0.308186704245871,-1.40267992184411E-13,-0.951325893333125));
#1046=DIRECTION('',(4.68172399935271E-34,1.,1.49066873908469E-17));
#1047=DIRECTION('',(0.291559846987824,-0.324022423013065,-0.900001291670839));
#1048=DIRECTION('',(-0.308186704256281,1.25487041173671E-13,0.951325893329752));
#1049=DIRECTION('',(0.,1.,0.));
#1050=DIRECTION('',(-2.15465320833926E-17,-0.940880095846728,0.338739789867461));
#1051=DIRECTION('',(-1.00148357108136E-32,-0.338739789867461,-0.940880095846728));
#1052=DIRECTION('',(-6.74607593076414E-14,-0.3387397898587,-0.940880095849882));
#1053=DIRECTION('',(1.,0.,-3.14068704642415E-17));
#1054=DIRECTION('',(7.22785249969521E-14,0.338739789865484,0.94088009584744));
#1055=DIRECTION('',(1.,0.,0.));
#1056=DIRECTION('',(0.283887319776116,-0.445461462088468,-0.849100745179474));
#1057=DIRECTION('',(4.68172399935271E-34,1.,1.49066873908469E-17));
#1058=DIRECTION('',(0.121943209091544,-0.0404244443079261,0.991713526205452));
#1059=DIRECTION('',(0.99252481789899,0.,-0.122042967247509));
#1060=DIRECTION('',(-2.78077469305287E-13,0.940879667276567,-0.338740980257093));
#1061=DIRECTION('',(0.,0.338740980257093,0.940879667276567));
#1062=DIRECTION('',(-0.121943209177726,-0.0404244494262828,0.991713525986219));
#1063=DIRECTION('',(0.992524817885274,0.,0.122042967359054));
#1064=DIRECTION('',(0.000525697630212009,0.999397312588693,0.0347092960530659));
#1065=DIRECTION('',(0.,-0.0347093008491626,0.999397450684442));
#1066=DIRECTION('',(-1.86052941384099E-8,0.999394862373306,0.0347837470931591));
#1067=DIRECTION('',(0.,-0.0347837470931591,0.999394862373306));
#1068=DIRECTION('',(-0.121192966499984,-0.027667554651039,0.992243302466973));
#1069=DIRECTION('',(0.992623298583437,0.,0.121239379367169));
#1070=DIRECTION('',(-3.538310647978E-13,0.996398032298007,0.0847995355686618));
#1071=DIRECTION('',(0.,-0.0847995355686618,0.996398032298007));
#1072=DIRECTION('',(-0.000525699182680559,0.99939731241491,0.0347093010333627));
#1073=DIRECTION('',(0.,-0.0347093058294885,0.999397450511474));
#1074=DIRECTION('',(0.121192792516704,-0.0276673807098149,0.992243328567475));
#1075=DIRECTION('',(0.992623319913262,0.,-0.121239204733347));
#1076=DIRECTION('',(-0.429122651623519,-0.305965437746448,-0.849846398338091));
#1077=DIRECTION('',(-0.283887319779761,-0.445461462086208,-0.849100745179441));
#1078=DIRECTION('',(4.68172399935271E-34,1.,1.49066873908469E-17));
#1079=DIRECTION('',(-0.297772282029764,0.228186493441704,-0.926964180680983));
#1080=DIRECTION('',(0.430528385922002,-0.0765383797195105,0.89932596167647));
#1081=DIRECTION('',(0.,0.996398007205757,0.0847998304031115));
#1082=DIRECTION('',(0.,-0.0847998304031115,0.996398007205757));
#1083=DIRECTION('',(1.,0.,-3.14068704642415E-17));
#1084=DIRECTION('',(0.430528385909761,0.0765383797200072,-0.899325961682288));
#1085=DIRECTION('',(3.14068704642415E-17,-1.49066873908469E-17,1.));
#1086=DIRECTION('',(1.,0.,-3.14068704642415E-17));
#1087=DIRECTION('',(1.,0.,-3.14068704642415E-17));
#1088=DIRECTION('',(-1.86050147143565E-8,0.999394862373307,0.0347837470931379));
#1089=DIRECTION('',(0.,-0.0347837470931379,0.999394862373307));
#1090=DIRECTION('',(-0.429122651621429,0.305965437746784,0.849846398339025));
#1091=DIRECTION('',(-2.15465320833926E-17,-0.940880095846728,0.338739789867461));
#1092=DIRECTION('',(-1.00148357108136E-32,-0.338739789867461,-0.940880095846728));
#1093=DIRECTION('',(0.,0.,1.));
#1094=DIRECTION('',(0.,1.,0.));
#1095=DIRECTION('',(0.,0.,1.));
#1096=DIRECTION('',(1.,0.,0.));
#1097=DIRECTION('',(4.69440058564808E-9,0.,-1.));
#1098=DIRECTION('',(2.32704985912074E-15,1.00528553914016E-12,1.));
#1099=DIRECTION('',(0.,0.,1.));
#1100=DIRECTION('',(1.,0.,0.));
#1101=DIRECTION('',(0.,0.,-1.));
#1102=DIRECTION('',(3.38807406500426E-10,0.,1.));
#1103=DIRECTION('',(0.,0.,1.));
#1104=DIRECTION('',(1.,0.,0.));
#1105=DIRECTION('',(0.,0.,-1.));
#1106=DIRECTION('',(0.,0.,-1.));
#1107=DIRECTION('',(0.,0.,1.));
#1108=DIRECTION('',(1.,0.,0.));
#1109=DIRECTION('',(0.,-2.85969811719224E-12,-1.));
#1110=DIRECTION('',(0.,0.,-1.));
#1111=DIRECTION('',(0.,0.,1.));
#1112=DIRECTION('',(1.,0.,0.));
#1113=DIRECTION('',(0.,-3.06161699786838E-16,-1.));
#1114=DIRECTION('',(0.,1.,-3.06161699786838E-16));
#1115=DIRECTION('',(0.,1.,-3.06161699786838E-16));
#1116=DIRECTION('',(1.,0.,0.));
#1117=DIRECTION('',(0.,1.,-3.06161699786838E-16));
#1118=DIRECTION('',(1.,0.,0.));
#1119=DIRECTION('',(0.,1.,-3.06161699786838E-16));
#1120=DIRECTION('',(1.,0.,0.));
#1121=DIRECTION('',(0.,1.,-3.06161699786838E-16));
#1122=DIRECTION('',(1.,0.,0.));
#1123=DIRECTION('',(0.,1.,-3.06161699786838E-16));
#1124=DIRECTION('',(1.,0.,0.));
#1125=DIRECTION('',(0.,1.,-3.06161699786838E-16));
#1126=DIRECTION('',(1.,0.,0.));
#1127=DIRECTION('',(0.,-1.,0.));
#1128=DIRECTION('',(1.,0.,0.));
#1129=DIRECTION('',(0.,3.06161699786838E-16,1.));
#1130=DIRECTION('',(0.,0.,1.));
#1131=DIRECTION('',(-1.,0.,0.));
#1132=DIRECTION('',(0.,-1.,3.06161699786838E-16));
#1133=DIRECTION('',(0.,3.06161699786838E-16,1.));
#1134=DIRECTION('',(1.,0.,0.));
#1135=DIRECTION('',(0.,1.,-3.06161699786838E-16));
#1136=DIRECTION('',(0.,0.,1.));
#1137=DIRECTION('',(0.,-1.,0.));
#1138=DIRECTION('',(1.,0.,0.));
#1139=DIRECTION('',(0.,0.,1.));
#1140=DIRECTION('',(0.,-1.,0.));
#1141=DIRECTION('',(1.,0.,0.));
#1142=DIRECTION('',(0.,3.06161699786838E-16,1.));
#1143=DIRECTION('',(-1.,0.,0.));
#1144=DIRECTION('',(0.,-1.,3.06161699786838E-16));
#1145=DIRECTION('',(0.,3.06161699786838E-16,1.));
#1146=DIRECTION('',(1.,0.,0.));
#1147=DIRECTION('',(0.,1.,-3.06161699786838E-16));
#1148=DIRECTION('',(0.,0.,1.));
#1149=DIRECTION('',(0.,1.,0.));
#1150=DIRECTION('',(-1.,0.,0.));
#1151=DIRECTION('',(0.,0.,1.));
#1152=DIRECTION('',(0.,1.,0.));
#1153=DIRECTION('',(-1.,0.,0.));
#1154=DIRECTION('',(0.,3.06161699786838E-16,1.));
#1155=DIRECTION('',(-1.,0.,0.));
#1156=DIRECTION('',(0.,-1.,3.06161699786838E-16));
#1157=DIRECTION('',(0.,3.06161699786838E-16,1.));
#1158=DIRECTION('',(0.,1.,0.));
#1159=DIRECTION('',(-1.,0.,0.));
#1160=DIRECTION('',(0.,0.,1.));
#1161=DIRECTION('',(1.,0.,0.));
#1162=DIRECTION('',(0.,1.,-3.06161699786838E-16));
#1163=DIRECTION('',(-4.51328197872282E-13,-1.,-2.52435489670723E-29));
#1164=DIRECTION('',(0.987762965329069,-4.4580527906695E-13,0.155962573473012));
#1165=DIRECTION('',(1.,0.,0.));
#1166=DIRECTION('',(0.,0.,1.));
#1167=DIRECTION('',(1.,0.,0.));
#1168=DIRECTION('',(1.,-4.04219867454635E-13,0.));
#1169=DIRECTION('',(-4.04219867454635E-13,-1.,0.));
#1170=DIRECTION('',(0.,0.,-1.));
#1171=DIRECTION('',(1.,-2.02109933727317E-13,0.));
#1172=DIRECTION('',(0.,0.,-1.));
#1173=DIRECTION('',(2.02109933727317E-13,1.,0.));
#1174=DIRECTION('',(0.,0.,1.));
#1175=DIRECTION('',(1.,0.,0.));
#1176=DIRECTION('',(0.,1.,0.));
#1177=DIRECTION('',(1.,-2.09565135990019E-13,3.15544362088404E-30));
#1178=DIRECTION('',(2.08051908446709E-13,0.992779201864085,0.119956060064139));
#1179=DIRECTION('',(-4.36369403435225E-13,-1.,0.));
#1180=DIRECTION('',(0.397196722820415,-1.73324496983571E-13,0.917733492567817));
#1181=DIRECTION('',(1.,0.,0.));
#1182=DIRECTION('',(0.,0.,1.));
#1183=DIRECTION('',(1.,0.,0.));
#1184=DIRECTION('',(1.,-4.04219867454635E-13,0.));
#1185=DIRECTION('',(-4.04219867454635E-13,-1.,0.));
#1186=DIRECTION('',(0.,0.,-1.));
#1187=DIRECTION('',(1.,-2.02109933727317E-13,0.));
#1188=DIRECTION('',(0.,0.,-1.));
#1189=DIRECTION('',(2.02109933727317E-13,1.,0.));
#1190=DIRECTION('',(0.,0.,1.));
#1191=DIRECTION('',(1.,0.,0.));
#1192=DIRECTION('',(0.,1.,0.));
#1193=DIRECTION('',(1.,-2.09565135990019E-13,3.15544362088404E-30));
#1194=DIRECTION('',(2.08051908446709E-13,0.992779201864085,0.119956060064139));
#1195=CARTESIAN_POINT('',(0.,0.,0.));
#1196=CARTESIAN_POINT('',(0.0180552785152424,0.00882536090472399,0.00503089797610032));
#1197=CARTESIAN_POINT('',(0.0156263575323982,0.008884777830164,0.00433274910222286));
#1198=CARTESIAN_POINT('',(0.0156263575323982,0.008884777830164,0.00433274910222286));
#1199=CARTESIAN_POINT('',(0.0156263575323981,0.00861788607737948,0.00746872719737733));
#1200=CARTESIAN_POINT('',(0.0153013575323923,0.008884777830164,0.00433274910222286));
#1201=CARTESIAN_POINT('',(0.014976357532395,0.008884777830164,0.00433274910222286));
#1202=CARTESIAN_POINT('',(0.0149763575323946,0.008617883488376,0.00746875761829561));
#1203=CARTESIAN_POINT('',(0.0149763575323946,0.00861787980768497,0.0074688183623615));
#1204=CARTESIAN_POINT('',(0.0152973476603541,0.00350090715635598,0.0675932295183846));
#1205=CARTESIAN_POINT('',(0.0078424088522835,0.008578649662669,0.00792973875782768));
#1206=CARTESIAN_POINT('',(0.0078424271481292,0.00857864649289597,0.00792979231506603));
#1207=CARTESIAN_POINT('',(0.0051310631143672,0.0092535224346075,9.45820129699939E-14));
#1208=CARTESIAN_POINT('',(0.0176826075323981,0.009253522434607,9.45884526222716E-14));
#1209=CARTESIAN_POINT('',(0.0254670063817358,0.00925352243460451,9.48403916268456E-14));
#1210=CARTESIAN_POINT('',(0.0254670063817386,0.00925352243460198,9.41451777647373E-14));
#1211=CARTESIAN_POINT('',(0.0228926829212029,0.00857722040230247,0.00794654841392828));
#1212=CARTESIAN_POINT('',(0.0153073442776315,0.00350655584987647,0.0675268573695198));
#1213=CARTESIAN_POINT('',(0.0074153164141055,0.00161558553359598,0.00643403668661659));
#1214=CARTESIAN_POINT('',(0.0066963823525504,0.0018330412013165,0.00433274910222287));
#1215=CARTESIAN_POINT('',(0.0066963823525504,0.001833041201313,0.00433274910222285));
#1216=CARTESIAN_POINT('',(0.00784258292517665,0.00183304217492899,0.00769493748254842));
#1217=CARTESIAN_POINT('',(0.00670411226798309,0.00118304120131499,0.00433274910222286));
#1218=CARTESIAN_POINT('',(0.00670411226798314,0.00118304120131149,0.00433274910222286));
#1219=CARTESIAN_POINT('',(0.00784261798998889,0.00118304120131099,0.0076723658867507));
#1220=CARTESIAN_POINT('',(0.0078425996938998,0.001183042086911,0.0076723122491187));
#1221=CARTESIAN_POINT('',(0.0078427194927022,-0.00345935192345354,0.00751071968183607));
#1222=CARTESIAN_POINT('',(0.00784267955975447,-0.00191188725333082,0.00756458387089144));
#1223=CARTESIAN_POINT('',(0.00784263962679714,-0.000364421697609528,0.00761844809081167));
#1224=CARTESIAN_POINT('',(0.00784259969387595,0.00118304297251048,0.0076723122799448));
#1225=CARTESIAN_POINT('',(0.00784273782278545,-0.0034593537827905,0.00751077311233861));
#1226=CARTESIAN_POINT('',(0.00531440407748889,-0.00616341544198501,9.35743317325387E-14));
#1227=CARTESIAN_POINT('',(0.00531440407748895,-0.00616341544198651,9.45598802270275E-14));
#1228=CARTESIAN_POINT('',(0.0051310631143671,0.009253522434614,9.45888468270013E-14));
#1229=CARTESIAN_POINT('',(0.00784258292515355,0.00183304314854149,0.00769493751643772));
#1230=CARTESIAN_POINT('',(0.00784252490084717,0.00408157819185684,0.00777320458075867));
#1231=CARTESIAN_POINT('',(0.00784246687656879,0.00633011323516934,0.00785147164516172));
#1232=CARTESIAN_POINT('',(0.00784240885231845,0.00857864827847898,0.00792973870964686));
#1233=CARTESIAN_POINT('',(0.0153038707221272,-0.000592877146564502,0.0675843289803144));
#1234=CARTESIAN_POINT('',(0.0158013575429481,0.00350804120131898,0.00729206582038859));
#1235=CARTESIAN_POINT('',(0.0154680240190967,0.00350804120131898,0.00728932071810016));
#1236=CARTESIAN_POINT('',(0.0151346912900144,0.00350804120131898,0.00728933452402897));
#1237=CARTESIAN_POINT('',(0.0148013575418743,0.00350804120131898,0.00729211438137031));
#1238=CARTESIAN_POINT('',(0.0158013575376702,0.003508041153543,0.00729206579810352));
#1239=CARTESIAN_POINT('',(0.0148013575802715,0.00350804120131898,0.00729211429576093));
#1240=CARTESIAN_POINT('',(0.0158013575323923,0.00200804120132297,0.00723985873630864));
#1241=CARTESIAN_POINT('',(0.0158013575323923,0.00250804118365863,0.00725726114016672));
#1242=CARTESIAN_POINT('',(0.0158013575323923,0.0030080411659943,0.0072746635440248));
#1243=CARTESIAN_POINT('',(0.0158013575323923,0.00350804114832996,0.00729206594788289));
#1244=CARTESIAN_POINT('',(0.0158013575759176,0.00200804120132097,0.00723985861206773));
#1245=CARTESIAN_POINT('',(0.0173013575323905,0.00200804120131898,0.007270878956399));
#1246=CARTESIAN_POINT('',(0.016801536015692,0.00200804120131898,0.00725431227291531));
#1247=CARTESIAN_POINT('',(0.016301459162094,0.00200804120131898,0.00724397674690449));
#1248=CARTESIAN_POINT('',(0.0158013575748917,0.00200804120131898,0.00723985873665838));
#1249=CARTESIAN_POINT('',(0.0173013575323914,0.00200804115424249,0.00727087886832736));
#1250=CARTESIAN_POINT('',(0.0173013575323923,0.00100804120133397,0.00723607414699014));
#1251=CARTESIAN_POINT('',(0.0173013575323923,0.00134137453465998,0.00724767575012638));
#1252=CARTESIAN_POINT('',(0.0173013575323923,0.00167470786798598,0.00725927735326262));
#1253=CARTESIAN_POINT('',(0.0173013575323923,0.00200804120131199,0.00727087895639887));
#1254=CARTESIAN_POINT('',(0.0173013574854932,0.00100804120132647,0.00723607406212499));
#1255=CARTESIAN_POINT('',(0.0158013575323941,0.00100804120131898,0.00720505392736271));
#1256=CARTESIAN_POINT('',(0.0163014591338535,0.00100804120131898,0.00720917193721966));
#1257=CARTESIAN_POINT('',(0.0168015360016245,0.00100804120131898,0.00721950746319439));
#1258=CARTESIAN_POINT('',(0.0173013575323905,0.00100804120131898,0.00723607414698957));
#1259=CARTESIAN_POINT('',(0.0158013575323932,0.001008041154304,0.00720505379803646));
#1260=CARTESIAN_POINT('',(0.0158013575323923,-0.000491958798681022,0.00715284671394384));
#1261=CARTESIAN_POINT('',(0.0158013575323923,8.04118416770141E-6,0.00717024911781991));
#1262=CARTESIAN_POINT('',(0.0158013575323923,0.000508041167016425,0.00718765152169598));
#1263=CARTESIAN_POINT('',(0.0158013575323923,0.00100804114986515,0.00720505392557205));
#1264=CARTESIAN_POINT('',(0.0158013574912239,-0.000491958798681025,0.00715284650202062));
#1265=CARTESIAN_POINT('',(0.0148013575418749,-0.000491958798681025,0.00715289514682033));
#1266=CARTESIAN_POINT('',(0.0151346910448112,-0.000491958798681025,0.00715011863304014));
#1267=CARTESIAN_POINT('',(0.0154680242909933,-0.000491958798681025,0.00715009814986552));
#1268=CARTESIAN_POINT('',(0.015801357542949,-0.000491958798681025,0.00715284658460514));
#1269=CARTESIAN_POINT('',(0.0148013575371336,-0.000491958758207539,0.00715289513072261));
#1270=CARTESIAN_POINT('',(0.0148013575323923,0.00100804119689696,0.0072051024890036));
#1271=CARTESIAN_POINT('',(0.0148013575323923,0.000508041210160064,0.00718770008514641));
#1272=CARTESIAN_POINT('',(0.0148013575323923,8.04122342316559E-6,0.00717029768128923));
#1273=CARTESIAN_POINT('',(0.0148013575323923,-0.000491958763313733,0.00715289527743204));
#1274=CARTESIAN_POINT('',(0.0148013574889009,0.00100804120132097,0.00720510236189441));
#1275=CARTESIAN_POINT('',(0.0133013575323887,0.00100804120131898,0.00723622507154902));
#1276=CARTESIAN_POINT('',(0.0138011788153396,0.00100804120131898,0.00721964378902679));
#1277=CARTESIAN_POINT('',(0.014301255716586,0.00100804120131898,0.00720926762928132));
#1278=CARTESIAN_POINT('',(0.0148013574899638,0.00100804120131898,0.00720510248951089));
#1279=CARTESIAN_POINT('',(0.0133013575323905,0.00100804124249598,0.00723622498961908));
#1280=CARTESIAN_POINT('',(0.0133013575323923,0.00200804120130448,0.00727102987972329));
#1281=CARTESIAN_POINT('',(0.0133013575323923,0.00167470786797481,0.00725942827699845));
#1282=CARTESIAN_POINT('',(0.0133013575323923,0.00134137453464515,0.00724782667427362));
#1283=CARTESIAN_POINT('',(0.0133013575323923,0.00100804120131548,0.00723622507154879));
#1284=CARTESIAN_POINT('',(0.0133013575793943,0.00200804120131198,0.00727102979178119));
#1285=CARTESIAN_POINT('',(0.0148013575323923,0.00200804120131898,0.00723990729779504));
#1286=CARTESIAN_POINT('',(0.0143012557447793,0.00200804120131898,0.0072440724371785));
#1287=CARTESIAN_POINT('',(0.0138011788293799,0.00200804120131898,0.00725444859689026));
#1288=CARTESIAN_POINT('',(0.0133013575323923,0.00200804120131898,0.0072710298797238));
#1289=CARTESIAN_POINT('',(0.0148013575323923,0.00200804124255496,0.00723990717465693));
#1290=CARTESIAN_POINT('',(0.0148013575323923,0.00350804119384534,0.00729211451049116));
#1291=CARTESIAN_POINT('',(0.0148013575323923,0.00300804120863838,0.0072747121066873));
#1292=CARTESIAN_POINT('',(0.0148013575323923,0.00250804122343142,0.00725730970288344));
#1293=CARTESIAN_POINT('',(0.0148013575323923,0.00200804123822446,0.00723990729907958));
#1294=CARTESIAN_POINT('',(0.0152973481346116,-0.00331068657285449,0.0673561600424104));
#1295=CARTESIAN_POINT('',(0.0152973480509557,0.00118304120130799,0.0675125633783562));
#1296=CARTESIAN_POINT('',(0.0126209889924796,0.00118304198556049,0.00726868672403422));
#1297=CARTESIAN_POINT('',(0.0149763581045534,-0.001172327312879,0.00712807206942693));
#1298=CARTESIAN_POINT('',(0.0143764142830789,-0.00109958306234708,0.00713380128616529));
#1299=CARTESIAN_POINT('',(0.0132494863379298,-0.000544481487564748,0.00717918568896617));
#1300=CARTESIAN_POINT('',(0.0126936755640437,0.000583571995181975,0.00724458924338053));
#1301=CARTESIAN_POINT('',(0.0126209888973873,0.00118304276981249,0.0072686867555596));
#1302=CARTESIAN_POINT('',(0.0149763578184726,-0.0011723283828805,0.00712807203371038));
#1303=CARTESIAN_POINT('',(0.014976357532392,-0.00362790540542651,0.0070426061467334));
#1304=CARTESIAN_POINT('',(0.0149763575323922,-0.00280938008791168,0.00707109476382021));
#1305=CARTESIAN_POINT('',(0.0149763575323923,-0.00199085477039684,0.00709958338090703));
#1306=CARTESIAN_POINT('',(0.0149763575323925,-0.00117232945288201,0.00712807199799384));
#1307=CARTESIAN_POINT('',(0.014976357532392,-0.00362790540542652,0.00704260614673343));
#1308=CARTESIAN_POINT('',(0.015297347731225,0.018357966307827,0.068110333362716));
#1309=CARTESIAN_POINT('',(0.0152973476672551,0.00313020336723949,0.0675803272438857));
#1310=CARTESIAN_POINT('',(0.0149763575323936,0.00418840761191549,0.0073146514299753));
#1311=CARTESIAN_POINT('',(0.0149763575323939,0.00566489834383865,0.00736604040743737));
#1312=CARTESIAN_POINT('',(0.0149763575323943,0.00714138907576182,0.00741742938489936));
#1313=CARTESIAN_POINT('',(0.0149763575323946,0.00861787980768498,0.00746881836236142));
#1314=CARTESIAN_POINT('',(0.0149763575683812,0.00418840863339201,0.00731465146533581));
#1315=CARTESIAN_POINT('',(0.0126209892264586,0.00183304234677248,0.00729130984832611));
#1316=CARTESIAN_POINT('',(0.0126936485711476,0.00243228271056421,0.00730893446285575));
#1317=CARTESIAN_POINT('',(0.0132479411726023,0.00355931629300721,0.00732206039538009));
#1318=CARTESIAN_POINT('',(0.0143768637650806,0.00411571985195733,0.00731531651575659));
#1319=CARTESIAN_POINT('',(0.0149763576043688,0.00418840965486899,0.00731465150069632));
#1320=CARTESIAN_POINT('',(0.0126209881560373,0.001833041201314,0.00729130985607018));
#1321=CARTESIAN_POINT('',(0.015297347691403,0.001833041201313,0.0675351797627277));
#1322=CARTESIAN_POINT('',(0.0153073267406646,-0.00330791985651951,0.0672900074905923));
#1323=CARTESIAN_POINT('',(0.0179817257615268,0.00118304083987523,0.00726858421491833));
#1324=CARTESIAN_POINT('',(0.0196479663692095,0.00118304062866544,0.00734272443220545));
#1325=CARTESIAN_POINT('',(0.0213135765874714,0.00118304195372853,0.00748630170950253));
#1326=CARTESIAN_POINT('',(0.0229727398175537,0.00118304095136701,0.00769942705414862));
#1327=CARTESIAN_POINT('',(0.02297274028791,0.001183041201305,0.00769942339246447));
#1328=CARTESIAN_POINT('',(0.0179817257615669,0.00118304081393297,0.00726858421401715));
#1329=CARTESIAN_POINT('',(0.0230228554287198,-0.003447130184642,0.00754472550835115));
#1330=CARTESIAN_POINT('',(0.0230061507526724,-0.00190373972265268,0.00759629032488906));
#1331=CARTESIAN_POINT('',(0.022989446076625,-0.00036034926066335,0.00764785514142697));
#1332=CARTESIAN_POINT('',(0.0229727414005776,0.00118304120132598,0.00769941995796488));
#1333=CARTESIAN_POINT('',(0.0230228554181124,-0.00344713020641202,0.0075447254478864));
#1334=CARTESIAN_POINT('',(0.0156263575323983,-0.00362793920504868,0.00704251226521415));
#1335=CARTESIAN_POINT('',(0.0180988926874532,-0.00362313042974573,0.0070558690691778));
#1336=CARTESIAN_POINT('',(0.0205697528885232,-0.00356276334370093,0.00722354405570962));
#1337=CARTESIAN_POINT('',(0.02302285542872,-0.00344713018464431,0.0075447255083486));
#1338=CARTESIAN_POINT('',(0.0156263575323957,-0.00362793921305901,0.00704251220111005));
#1339=CARTESIAN_POINT('',(0.0156263575323962,-0.001172327243501,0.00712797937024833));
#1340=CARTESIAN_POINT('',(0.015626357532396,-0.0019908645640255,0.00709949033523666));
#1341=CARTESIAN_POINT('',(0.0156263575323958,-0.00280940188455,0.00707100130022498));
#1342=CARTESIAN_POINT('',(0.0156263575323957,-0.0036279392050745,0.0070425122652133));
#1343=CARTESIAN_POINT('',(0.0156263575323962,-0.00117232724350302,0.00712798057601918));
#1344=CARTESIAN_POINT('',(0.0179817259270979,0.001183040787991,0.00726858422047963));
#1345=CARTESIAN_POINT('',(0.0179090384055802,0.000583566672341792,0.00724448536951349));
#1346=CARTESIAN_POINT('',(0.0173551779179917,-0.000542528554985047,0.00717920114483601));
#1347=CARTESIAN_POINT('',(0.0162263029110764,-0.00109958259016351,0.00713369516867547));
#1348=CARTESIAN_POINT('',(0.0156263579024363,-0.00117232719863503,0.0071279819550533));
#1349=CARTESIAN_POINT('',(0.0234916324638682,0.002088959844885,0.00609768147434898));
#1350=CARTESIAN_POINT('',(0.0229657051510987,0.0018330412013095,0.00772113979929919));
#1351=CARTESIAN_POINT('',(0.0229657051127481,0.00183304128956249,0.00772113963080978));
#1352=CARTESIAN_POINT('',(0.0240633909903547,0.001833041201309,0.00433274910222286));
#1353=CARTESIAN_POINT('',(0.0229657051502047,0.00183304128424518,0.00772113980207109));
#1354=CARTESIAN_POINT('',(0.0229413694467326,0.00408110156473421,0.00779626044980455));
#1355=CARTESIAN_POINT('',(0.0229170290513371,0.00632916131054488,0.00787139558079837));
#1356=CARTESIAN_POINT('',(0.0228926839601142,0.0085772205207529,0.00794654520710325));
#1357=CARTESIAN_POINT('',(0.025467006381735,0.00150804120130499,9.45880926791979E-14));
#1358=CARTESIAN_POINT('',(0.0254670063817349,-0.00616341544198651,9.45650985595496E-14));
#1359=CARTESIAN_POINT('',(0.0230228554287201,-0.00344713018464451,0.0075447255083486));
#1360=CARTESIAN_POINT('',(0.0240633909903547,0.0011830412013045,0.00433274910222286));
#1361=CARTESIAN_POINT('',(0.0240633909903547,0.0011830412013045,0.00433274910222286));
#1362=CARTESIAN_POINT('',(0.0240633909903547,0.001833041201309,0.00433274910222286));
#1363=CARTESIAN_POINT('',(0.0220309619975371,-0.00310734832636802,0.00848850004250373));
#1364=CARTESIAN_POINT('',(0.0156263575323957,-0.00362793920507451,0.0070425122652133));
#1365=CARTESIAN_POINT('',(0.0156263575323955,-0.00460352005586201,0.00433274910222286));
#1366=CARTESIAN_POINT('',(0.0176826075323981,-0.00616341544198801,9.45882228067982E-14));
#1367=CARTESIAN_POINT('',(0.0149763575323918,-0.00460352005586201,0.00433274910222313));
#1368=CARTESIAN_POINT('',(0.0149763575323935,-0.00460352005586201,0.00433274910222287));
#1369=CARTESIAN_POINT('',(0.0153013575323923,-0.00460352005586201,0.00433274910222286));
#1370=CARTESIAN_POINT('',(0.0237605426002333,0.0080188275782915,0.00909637897570791));
#1371=CARTESIAN_POINT('',(0.0247345642442895,0.008765232119296,0.00606425265050346));
#1372=CARTESIAN_POINT('',(0.0257085858883456,0.00951163666030047,0.00303212632529903));
#1373=CARTESIAN_POINT('',(0.0266826075324017,0.010258041201305,9.45883371628042E-14));
#1374=CARTESIAN_POINT('',(0.0237605426002333,0.00712347560527099,0.00906526439149243));
#1375=CARTESIAN_POINT('',(0.0247345642442895,0.0081246975726505,0.00604350959435981));
#1376=CARTESIAN_POINT('',(0.0257085858883456,0.0091259195400285,0.00302175479722721));
#1377=CARTESIAN_POINT('',(0.0266826075324017,0.010127141507408,9.45883371628042E-14));
#1378=CARTESIAN_POINT('',(0.0237605426002333,-0.00176145199021602,0.00877094668855376));
#1379=CARTESIAN_POINT('',(0.0247345642442895,-0.0035446543617415,0.0058472977924007));
#1380=CARTESIAN_POINT('',(0.0257085858883456,-0.00532785673327349,0.00292364889624764));
#1381=CARTESIAN_POINT('',(0.0266826075324017,-0.00711105910479801,9.45883371628042E-14));
#1382=CARTESIAN_POINT('',(0.0237605426002333,-0.00265680396322951,0.00873983210433829));
#1383=CARTESIAN_POINT('',(0.0247345642442895,-0.00418518890838701,0.00582655473625706));
#1384=CARTESIAN_POINT('',(0.0257085858883456,-0.00571357385353752,0.00291327736817583));
#1385=CARTESIAN_POINT('',(0.0266826075324017,-0.00724195879869499,9.45883371628042E-14));
#1386=CARTESIAN_POINT('',(0.0252215750663175,-0.00494938138096152,0.00436991605221648));
#1387=CARTESIAN_POINT('',(0.0237638186745555,-0.00266194461153199,0.00873003343791394));
#1388=CARTESIAN_POINT('',(0.0266826075324017,-0.00724195879869649,9.45916053818329E-14));
#1389=CARTESIAN_POINT('',(0.0266826075324017,0.00150804120130499,9.458805450097E-14));
#1390=CARTESIAN_POINT('',(0.0266826075323717,0.010258041201276,1.88015615026255E-13));
#1391=CARTESIAN_POINT('',(0.0237605442212155,0.00801882882047481,0.00909637392959755));
#1392=CARTESIAN_POINT('',(0.024734565324923,0.0087652329474237,0.00606424928649271));
#1393=CARTESIAN_POINT('',(0.0257085864286342,0.00951163707434437,0.00303212464338737));
#1394=CARTESIAN_POINT('',(0.0266826075323417,0.0102580412012661,2.81442816775546E-13));
#1395=CARTESIAN_POINT('',(0.0237605442216448,0.00801882882049448,0.00909637392824894));
#1396=CARTESIAN_POINT('',(0.023764208145587,-0.00266194904155221,0.00873016691010255));
#1397=CARTESIAN_POINT('',(0.0237628875447324,0.000898311288317024,0.00885220438353616));
#1398=CARTESIAN_POINT('',(0.0237615505204335,0.00445857180501869,0.00897423622869079));
#1399=CARTESIAN_POINT('',(0.0237601969612478,0.00801883249682678,0.00909626278151022));
#1400=CARTESIAN_POINT('',(0.00861699931684045,-0.00266053433850052,0.00845959460902316));
#1401=CARTESIAN_POINT('',(0.00683850691620105,-0.00266194904595279,0.00873016690191098));
#1402=CARTESIAN_POINT('',(0.00687586687379138,-0.00266570871792878,0.00883905919260337));
#1403=CARTESIAN_POINT('',(0.00699614756688514,-0.00266829171418899,0.00891281513882995));
#1404=CARTESIAN_POINT('',(0.00711020830362485,-0.00266775279545006,0.00889677486334158));
#1405=CARTESIAN_POINT('',(0.0071102229531803,-0.00266775625945903,0.00889687891858635));
#1406=CARTESIAN_POINT('',(0.00683889638749669,-0.0026619446158965,0.00873003342962795));
#1407=CARTESIAN_POINT('',(0.00684092022556635,-0.00266192784455229,0.00872934751447388));
#1408=CARTESIAN_POINT('',(0.00684877012134981,-0.00302195345910671,0.00874370644383282));
#1409=CARTESIAN_POINT('',(0.00708534232194771,-0.00383214287984398,0.00871707896409896));
#1410=CARTESIAN_POINT('',(0.00794774149846029,-0.00438559258086396,0.00858349809008087));
#1411=CARTESIAN_POINT('',(0.00846325292211709,-0.00443694896267737,0.0085051650230604));
#1412=CARTESIAN_POINT('',(0.00846350486746595,-0.00443075667152401,0.00850276299687143));
#1413=CARTESIAN_POINT('',(0.00846325292211711,-0.00443694896267815,0.0085051650230584));
#1414=CARTESIAN_POINT('',(0.00847359087004408,-0.00440114414373143,0.00859855486335934));
#1415=CARTESIAN_POINT('',(0.00848642548083564,-0.0043045239641489,0.00866484731312141));
#1416=CARTESIAN_POINT('',(0.00849218170473801,-0.00420416483713379,0.00866500824446373));
#1417=CARTESIAN_POINT('',(0.0084922452808738,-0.00420417050768851,0.00866627048132374));
#1418=CARTESIAN_POINT('',(0.00711022295323955,-0.00266775625946028,0.00889687891857786));
#1419=CARTESIAN_POINT('',(0.00711021568621238,-0.00304654395971545,0.00888369630485557));
#1420=CARTESIAN_POINT('',(0.00739962667149129,-0.00380367805396059,0.00881568438515886));
#1421=CARTESIAN_POINT('',(0.00811983559185139,-0.00418829297751763,0.00871009176126056));
#1422=CARTESIAN_POINT('',(0.00849224528069475,-0.00420417051137693,0.00866627048113928));
#1423=CARTESIAN_POINT('',(0.0153013575317047,0.014352854058067,0.0599367736577653));
#1424=CARTESIAN_POINT('',(0.00846394790397115,-0.00442955394266401,0.00850610368396222));
#1425=CARTESIAN_POINT('',(0.0129987791581902,-0.00462136805899845,0.00797332280152701));
#1426=CARTESIAN_POINT('',(0.0176039359063812,-0.00462136805796686,0.00797332280439227));
#1427=CARTESIAN_POINT('',(0.0221387671603549,-0.00442955394164951,0.00850610368678002));
#1428=CARTESIAN_POINT('',(0.0221392101971638,-0.00443075667138801,0.00850276299724664));
#1429=CARTESIAN_POINT('',(0.0221392102275254,-0.00443078601857093,0.00850277368935146));
#1430=CARTESIAN_POINT('',(0.0221268822011096,-0.00439723376870199,0.00859550375632809));
#1431=CARTESIAN_POINT('',(0.0221149528634399,-0.00430340118255852,0.00866313885541247));
#1432=CARTESIAN_POINT('',(0.0221103917569553,-0.00420416958005256,0.00866611952619851));
#1433=CARTESIAN_POINT('',(0.0221103755326169,-0.00420417452703254,0.00866625939117024));
#1434=CARTESIAN_POINT('',(0.00849224528052616,-0.00420417051505163,0.00866627048103097));
#1435=CARTESIAN_POINT('',(0.0130114156540116,-0.00439648977603669,0.00813451405217098));
#1436=CARTESIAN_POINT('',(0.0175912671742599,-0.00439649136530964,0.00813451761651766));
#1437=CARTESIAN_POINT('',(0.0221103755327705,-0.00420417452698197,0.00866625939118976));
#1438=CARTESIAN_POINT('',(0.0219857157440808,-0.00266053433837251,0.00845959461673384));
#1439=CARTESIAN_POINT('',(0.0234925067581151,-0.00266775279235779,0.00889677487157473));
#1440=CARTESIAN_POINT('',(0.0236065674948935,-0.00266829171098696,0.0089128151471191));
#1441=CARTESIAN_POINT('',(0.0237268481880571,-0.0026657087141557,0.00883905920084492));
#1442=CARTESIAN_POINT('',(0.0237642081455861,-0.00266194904156222,0.00873016691010458));
#1443=CARTESIAN_POINT('',(0.0234924921085081,-0.00266775641372652,0.00889687892130253));
#1444=CARTESIAN_POINT('',(0.0221103755327816,-0.00420417452698713,0.00866625939119088));
#1445=CARTESIAN_POINT('',(0.0224826500555098,-0.00418833187539635,0.00871006314619689));
#1446=CARTESIAN_POINT('',(0.023203140607953,-0.00380364486503883,0.00881569084486197));
#1447=CARTESIAN_POINT('',(0.0234924993795718,-0.00304671400809563,0.00888369039303651));
#1448=CARTESIAN_POINT('',(0.0234924921085686,-0.00266775641372094,0.00889687892131136));
#1449=CARTESIAN_POINT('',(0.0221394621425347,-0.00443694896285738,0.00850516502356824));
#1450=CARTESIAN_POINT('',(0.0223906012498834,-0.0044119299702015,0.00854332605210498));
#1451=CARTESIAN_POINT('',(0.0227290741705826,-0.00429804876622449,0.00859573102161767));
#1452=CARTESIAN_POINT('',(0.0230828483340802,-0.00405620036411758,0.00865088133006532));
#1453=CARTESIAN_POINT('',(0.0232806186555733,-0.00387248439422732,0.00868152029583035));
#1454=CARTESIAN_POINT('',(0.0234937453840796,-0.00359601830719779,0.00871261355754323));
#1455=CARTESIAN_POINT('',(0.023615165652602,-0.00335272634090827,0.00872757078181717));
#1456=CARTESIAN_POINT('',(0.0236877615503048,-0.00314570437108727,0.00873417258225071));
#1457=CARTESIAN_POINT('',(0.023727736985272,-0.00298568400654103,0.00873594701216917));
#1458=CARTESIAN_POINT('',(0.0237490225245009,-0.00285404599883655,0.00873492728196001));
#1459=CARTESIAN_POINT('',(0.0237576535810447,-0.00275368519700832,0.00873245768156782));
#1460=CARTESIAN_POINT('',(0.0237604838094815,-0.00270830359688161,0.00873109827112977));
#1461=CARTESIAN_POINT('',(0.023761771156158,-0.00266301389951947,0.00872939083807058));
#1462=CARTESIAN_POINT('',(0.0237617948362809,-0.00266192784020838,0.0087293475226915));
#1463=CARTESIAN_POINT('',(0.00707813424495864,0.002681202908804,0.00883448506947214));
#1464=CARTESIAN_POINT('',(0.00711020830368476,-0.0026677526380805,0.00889677486881028));
#1465=CARTESIAN_POINT('',(0.00711021363603527,-0.00238874518061147,0.00890648477369301));
#1466=CARTESIAN_POINT('',(0.00711032456500822,-0.00174741234844367,0.00892879005068246));
#1467=CARTESIAN_POINT('',(0.00711078895661096,-0.000538239646985714,0.008970808701219));
#1468=CARTESIAN_POINT('',(0.00711143155309755,0.000682332824237778,0.00901319938245142));
#1469=CARTESIAN_POINT('',(0.00711208308390852,0.0017712564243959,0.00905100702800936));
#1470=CARTESIAN_POINT('',(0.00711288023488341,0.0029870555628643,0.00909321007982512));
#1471=CARTESIAN_POINT('',(0.00711373752855061,0.0043485070302015,0.00914047384229654));
#1472=CARTESIAN_POINT('',(0.00711470584465662,0.00626912648109209,0.00920718325741804));
#1473=CARTESIAN_POINT('',(0.00711500828430981,0.00739717577163802,0.00924640141948091));
#1474=CARTESIAN_POINT('',(0.00711501811485588,0.00801285736526553,0.00926782735020569));
#1475=CARTESIAN_POINT('',(0.0071150337709454,0.00801285340169899,0.00926794123790395));
#1476=CARTESIAN_POINT('',(0.00711501811486308,0.00801285736529456,0.00926782735020571));
#1477=CARTESIAN_POINT('',(0.0069994887633155,0.00801232498145017,0.00928369049652291));
#1478=CARTESIAN_POINT('',(0.00687808408599205,0.00801500123336559,0.0092072552192219));
#1479=CARTESIAN_POINT('',(0.00684251808396838,0.00801883251303262,0.00909626272078705));
#1480=CARTESIAN_POINT('',(0.00684217082360765,0.008018828835794,0.00909637386733196));
#1481=CARTESIAN_POINT('',(0.00684251808395668,0.0080188325130311,0.00909626272075047));
#1482=CARTESIAN_POINT('',(0.00684116453029852,0.00445857181437083,0.00897423618545331));
#1483=CARTESIAN_POINT('',(0.00683982751152711,0.000898311290816978,0.00885220435782096));
#1484=CARTESIAN_POINT('',(0.00683850691620004,-0.00266194904590444,0.00873016690190963));
#1485=CARTESIAN_POINT('',(0.0153013574045248,0.000534908260268002,0.0675076506855799));
#1486=CARTESIAN_POINT('',(0.0234924921085686,-0.00266775641373499,0.00889687892131088));
#1487=CARTESIAN_POINT('',(0.0234908885057967,0.000892446800112444,0.00902056631256048));
#1488=CARTESIAN_POINT('',(0.0234892848937816,0.00445265001166511,0.0091442537697424));
#1489=CARTESIAN_POINT('',(0.0234876812725289,0.00801285322092299,0.00926794129285737));
#1490=CARTESIAN_POINT('',(0.0234876812725727,0.00801285322092699,0.00926794129286355));
#1491=CARTESIAN_POINT('',(0.0234876812725289,0.00801285322092782,0.00926794129285754));
#1492=CARTESIAN_POINT('',(0.0234876752089097,0.00838557417622341,0.00928091292585788));
#1493=CARTESIAN_POINT('',(0.0232145221467118,0.00912755926166713,0.00926737087150723));
#1494=CARTESIAN_POINT('',(0.0225007885188035,0.00948759842905616,0.00918831446876119));
#1495=CARTESIAN_POINT('',(0.0221341680557477,0.00949126367948586,0.00914569573520492));
#1496=CARTESIAN_POINT('',(0.0221341680557173,0.00949126367578598,0.00914569573514794));
#1497=CARTESIAN_POINT('',(0.0221341680557685,0.00949126368315753,0.00914569573533514));
#1498=CARTESIAN_POINT('',(0.0175994115808166,0.0095362410744255,0.00861852889580095));
#1499=CARTESIAN_POINT('',(0.0130033352686412,0.00953624113258605,0.00861853248802508));
#1500=CARTESIAN_POINT('',(0.00846864028565991,0.00949126461448005,0.0091456848323429));
#1501=CARTESIAN_POINT('',(0.0084686402856685,0.009491264614547,0.00914568483234413));
#1502=CARTESIAN_POINT('',(0.00846864028551799,0.00949126461449004,0.00914568483235979));
#1503=CARTESIAN_POINT('',(0.00810214793073121,0.00948762962909126,0.00918828908793351));
#1504=CARTESIAN_POINT('',(0.00738813270864403,0.00912751636103851,0.00926737577652837));
#1505=CARTESIAN_POINT('',(0.00711503983663984,0.00838574657505833,0.00928091886268544));
#1506=CARTESIAN_POINT('',(0.00711503377086344,0.00801285340171307,0.00926794123791579));
#1507=CARTESIAN_POINT('',(0.0220868342077026,0.00806850416022997,0.00884673867550045));
#1508=CARTESIAN_POINT('',(0.0237601969612019,0.00801883249804644,0.00909626278169405));
#1509=CARTESIAN_POINT('',(0.0237246309590314,0.00801500121774998,0.0092072552806783));
#1510=CARTESIAN_POINT('',(0.0236032262805938,0.00801232496525975,0.00928369055806594));
#1511=CARTESIAN_POINT('',(0.0234876969285795,0.00801285734903457,0.00926782741082048));
#1512=CARTESIAN_POINT('',(0.0237554232040444,0.00801900658296855,0.00909477730348939));
#1513=CARTESIAN_POINT('',(0.023755938237465,0.00805742047897082,0.0090974022480217));
#1514=CARTESIAN_POINT('',(0.0237531169576809,0.00817220145358202,0.00910429794682278));
#1515=CARTESIAN_POINT('',(0.0237315079671041,0.00835322162108561,0.0091116843103101));
#1516=CARTESIAN_POINT('',(0.0236497500934314,0.0086971261230439,0.00911769685204535));
#1517=CARTESIAN_POINT('',(0.0233007317870015,0.00934848437173774,0.00909294760505242));
#1518=CARTESIAN_POINT('',(0.022653096264599,0.00972880419141814,0.00900295887180469));
#1519=CARTESIAN_POINT('',(0.022163277865478,0.00975592967514245,0.00891939290806876));
#1520=CARTESIAN_POINT('',(0.0221630097767027,0.00974900161254347,0.00891871516784523));
#1521=CARTESIAN_POINT('',(0.0221632778654875,0.009755929675142,0.00891939290806956));
#1522=CARTESIAN_POINT('',(0.0221517954938937,0.00974390353055301,0.00904688191278821));
#1523=CARTESIAN_POINT('',(0.0221369088795182,0.00961959230201696,0.00915271105306406));
#1524=CARTESIAN_POINT('',(0.0221341767749986,0.00949131449934817,0.00914486207768194));
#1525=CARTESIAN_POINT('',(0.0153013572753569,0.00450614022127149,0.0675690394221923));
#1526=CARTESIAN_POINT('',(0.0084397052244469,0.00974900161160529,0.00891871517878723));
#1527=CARTESIAN_POINT('',(0.0129935248991889,0.00979405518477384,0.00838933569407313));
#1528=CARTESIAN_POINT('',(0.0176091901431057,0.00979405518314557,0.00838933571320531));
#1529=CARTESIAN_POINT('',(0.022163009813433,0.00974900160679446,0.0089187152353145));
#1530=CARTESIAN_POINT('',(0.00843970526126259,0.00974900161730646,0.00891871511179149));
#1531=CARTESIAN_POINT('',(0.00843970525279397,0.00974908342625265,0.00891872238557039));
#1532=CARTESIAN_POINT('',(0.00845437470483165,0.00973804436138799,0.00904402400009357));
#1533=CARTESIAN_POINT('',(0.00846784943725851,0.00961783664850846,0.00914974589524555));
#1534=CARTESIAN_POINT('',(0.00846861467372417,0.00949127189993095,0.00914546486641883));
#1535=CARTESIAN_POINT('',(0.0235245808095894,0.00268120097612098,0.00883448503723346));
#1536=CARTESIAN_POINT('',(0.00851587730318335,0.00806850784272448,0.00884673931823651));
#1537=CARTESIAN_POINT('',(0.00843943716736841,0.00975593017701921,0.00891939290194193));
#1538=CARTESIAN_POINT('',(0.00794850284839977,0.00972874387969082,0.0090031493214591));
#1539=CARTESIAN_POINT('',(0.00708251872392197,0.0092196490126927,0.0091234435039966));
#1540=CARTESIAN_POINT('',(0.00684228308728827,0.00839251972762218,0.0091203008696454));
#1541=CARTESIAN_POINT('',(0.00684729172473054,0.00801900660564056,0.00909477727730762));
#1542=CARTESIAN_POINT('',(0.00855878918136955,-0.00436281868740052,0.00869146683068234));
#1543=CARTESIAN_POINT('',(0.0070958952983764,-0.00540586539116353,0.00579431122048642));
#1544=CARTESIAN_POINT('',(0.00563300141538325,-0.00644891209493301,0.0028971556102905));
#1545=CARTESIAN_POINT('',(0.00417010753239009,-0.00749195879869499,9.45883371628042E-14));
#1546=CARTESIAN_POINT('',(0.0083025408951322,-0.00436281858550653,0.0086914668348296));
#1547=CARTESIAN_POINT('',(0.00691265354795035,-0.00540571785507152,0.00579431722547116));
#1548=CARTESIAN_POINT('',(0.00552259488813309,-0.00644905973296503,0.00289714960115659));
#1549=CARTESIAN_POINT('',(0.004132707619846,-0.00749195879869499,9.45883371628042E-14));
#1550=CARTESIAN_POINT('',(0.0079186696564354,-0.00427474734501451,0.00869452798787738));
#1551=CARTESIAN_POINT('',(0.0066380145995024,-0.00534284493912451,0.00579635276133835));
#1552=CARTESIAN_POINT('',(0.0053573359603962,-0.00641099926854452,0.00289817522557015));
#1553=CARTESIAN_POINT('',(0.0040766809143235,-0.00747909683652701,9.45878930735944E-14));
#1554=CARTESIAN_POINT('',(0.00737255394810869,-0.00393203429477151,0.0087064399047413));
#1555=CARTESIAN_POINT('',(0.00624741000178884,-0.00509764272203903,0.00580429581171689));
#1556=CARTESIAN_POINT('',(0.0051221182003463,-0.006263438587856,0.00290214408960558));
#1557=CARTESIAN_POINT('',(0.0039969743221183,-0.00742904692880303,9.45892253412239E-14));
#1558=CARTESIAN_POINT('',(0.00696284539063615,-0.00341919157628101,0.00872426513697759));
#1559=CARTESIAN_POINT('',(0.00595431560217834,-0.00473079966644052,0.00581617859478996));
#1560=CARTESIAN_POINT('',(0.00494570636178815,-0.00604254320167902,0.00290808653974338));
#1561=CARTESIAN_POINT('',(0.0039371766099204,-0.00735415122946101,9.45883371628042E-14));
#1562=CARTESIAN_POINT('',(0.00684589533433024,-0.00290705544339351,0.00874206580956522));
#1563=CARTESIAN_POINT('',(0.00587068476329865,-0.00436454959647653,0.00582804144193762));
#1564=CARTESIAN_POINT('',(0.00489531803150479,-0.00582186447559602,0.00291402437108258));
#1565=CARTESIAN_POINT('',(0.0039201075323901,-0.00727935871123903,9.45883371628042E-14));
#1566=CARTESIAN_POINT('',(0.0068458952983801,-0.002650962282858,0.00875096701853252));
#1567=CARTESIAN_POINT('',(0.0058706327097143,-0.00418129445480603,0.00583397801238654));
#1568=CARTESIAN_POINT('',(0.00489537012105585,-0.00571162662674654,0.00291698900624056));
#1569=CARTESIAN_POINT('',(0.0039201075323901,-0.00724195879869499,9.45883371628042E-14));
#1570=CARTESIAN_POINT('',(0.00846350483069655,-0.0044307566486205,0.00850276306048275));
#1571=CARTESIAN_POINT('',(0.00417010753239005,-0.00749195879869499,9.45880798195331E-14));
#1572=CARTESIAN_POINT('',(0.0053830014153851,-0.00494646054079151,0.00437548350931309));
#1573=CARTESIAN_POINT('',(0.0039201075323893,-0.00724195879869599,9.48611380419128E-14));
#1574=CARTESIAN_POINT('',(0.00417010753239009,-0.00749195879869499,9.45881920502289E-14));
#1575=CARTESIAN_POINT('',(0.0040380272877542,-0.00749195879869499,9.4588196198456E-14));
#1576=CARTESIAN_POINT('',(0.0039201075323901,-0.00737398845876598,9.45883351946793E-14));
#1577=CARTESIAN_POINT('',(0.0039201075323901,-0.00724195879869,9.45883371628042E-14));
#1578=CARTESIAN_POINT('',(0.0068421724451455,-0.00265680399374252,0.00873983204618426));
#1579=CARTESIAN_POINT('',(0.0058681508075591,-0.00418518892872952,0.00582655469748769));
#1580=CARTESIAN_POINT('',(0.0048941291699764,-0.00571357386370802,0.00291327734879114));
#1581=CARTESIAN_POINT('',(0.0039201075323901,-0.00724195879869499,9.45892253412239E-14));
#1582=CARTESIAN_POINT('',(0.0068421724451455,-0.00176145202581402,0.00877094663019268));
#1583=CARTESIAN_POINT('',(0.0058681508075591,-0.00354465438548052,0.00584729775349332));
#1584=CARTESIAN_POINT('',(0.0048941291699764,-0.0053278567451325,0.00292364887679396));
#1585=CARTESIAN_POINT('',(0.0039201075323901,-0.00711105910479801,9.45892253412239E-14));
#1586=CARTESIAN_POINT('',(0.0068421724451455,0.00712347562524998,0.00906526433117261));
#1587=CARTESIAN_POINT('',(0.0058681508075591,0.00812469758597401,0.0060435095541466));
#1588=CARTESIAN_POINT('',(0.0048941291699764,0.00912591954668349,0.0030217547771206));
#1589=CARTESIAN_POINT('',(0.0039201075323901,0.010127141507408,9.45892253412239E-14));
#1590=CARTESIAN_POINT('',(0.0068421724451455,0.00801882759317799,0.00909637891518094));
#1591=CARTESIAN_POINT('',(0.0058681508075591,0.00876523212922251,0.00606425261015216));
#1592=CARTESIAN_POINT('',(0.0048941291699764,0.00951163666526048,0.00303212630512337));
#1593=CARTESIAN_POINT('',(0.0039201075323901,0.010258041201305,9.45892253412239E-14));
#1594=CARTESIAN_POINT('',(0.0039201075323901,0.00150804120130499,9.4588769399859E-14));
#1595=CARTESIAN_POINT('',(0.00392010753238966,0.010258041201305,9.47308325532914E-14));
#1596=CARTESIAN_POINT('',(0.00538113998876775,0.0091384343972295,0.0045481894576374));
#1597=CARTESIAN_POINT('',(0.00684329005385494,0.0080179711561375,0.00909985802757985));
#1598=CARTESIAN_POINT('',(0.0058688958800321,0.00876466117119548,0.0060665720184181));
#1599=CARTESIAN_POINT('',(0.00489450170621295,0.00951135118624649,0.00303328600925634));
#1600=CARTESIAN_POINT('',(0.0039201075323901,0.010258041201305,9.45892253412239E-14));
#1601=CARTESIAN_POINT('',(0.00684329008251754,0.00827386953068598,0.00910875130840694));
#1602=CARTESIAN_POINT('',(0.0058690434626296,0.0089476696912465,0.00607249855092351));
#1603=CARTESIAN_POINT('',(0.00489435409494909,0.00962164097544649,0.00303625275847989));
#1604=CARTESIAN_POINT('',(0.0039201075323901,0.010295441113849,9.45892253412239E-14));
#1605=CARTESIAN_POINT('',(0.0069313477458021,0.00865721651940848,0.00912207383329876));
#1606=CARTESIAN_POINT('',(0.00593190724400824,0.009221959101685,0.00608138223601264));
#1607=CARTESIAN_POINT('',(0.0049324099890181,0.00978672524014149,0.00304069159750486));
#1608=CARTESIAN_POINT('',(0.0039329694945729,0.010351467819368,9.45892253412239E-14));
#1609=CARTESIAN_POINT('',(0.00727400769271375,0.00920258645705149,0.00914102716992019));
#1610=CARTESIAN_POINT('',(0.00617707408701625,0.0096120665509335,0.00609401610979425));
#1611=CARTESIAN_POINT('',(0.00507995298369129,0.0100216943368325,0.0030470110609989));
#1612=CARTESIAN_POINT('',(0.0039830194022717,0.010431174411591,9.45901135196436E-14));
#1613=CARTESIAN_POINT('',(0.00778677098728309,0.009611735493472,0.0091552463978508));
#1614=CARTESIAN_POINT('',(0.006543864182144,0.00990478791889998,0.0061034965219816));
#1615=CARTESIAN_POINT('',(0.00530082188921945,0.0101979197086195,0.00305174987638205));
#1616=CARTESIAN_POINT('',(0.00405791510162379,0.010490972123771,9.45892253412239E-14));
#1617=CARTESIAN_POINT('',(0.00829882784912655,0.00972852585212799,0.00915930523354827));
#1618=CARTESIAN_POINT('',(0.00691006133696625,0.00998831231243549,0.0061062013730006));
#1619=CARTESIAN_POINT('',(0.00552147415522685,0.0102482547611955,0.00305310386146437));
#1620=CARTESIAN_POINT('',(0.004132707619846,0.010508041201305,9.45892253412239E-14));
#1621=CARTESIAN_POINT('',(0.0085548813145746,0.0097285258622265,0.00915930523395931));
#1622=CARTESIAN_POINT('',(0.00709329005384764,0.00998836430858299,0.00610620348933774));
#1623=CARTESIAN_POINT('',(0.00563169879311705,0.010248202754948,0.00305310174471616));
#1624=CARTESIAN_POINT('',(0.00417010753239009,0.010508041201305,9.45892253412239E-14));
#1625=CARTESIAN_POINT('',(0.00417010753239009,0.0105080412013045,9.45632461224477E-14));
#1626=CARTESIAN_POINT('',(0.0041701075323933,0.010508041201305,9.45824688955913E-14));
#1627=CARTESIAN_POINT('',(0.0039201075323901,0.010258041201305,9.4589388095149E-14));
#1628=CARTESIAN_POINT('',(0.0039201075323901,0.0103901206366925,9.45893900640158E-14));
#1629=CARTESIAN_POINT('',(0.00403807864602626,0.010508041201305,9.4589229487838E-14));
#1630=CARTESIAN_POINT('',(0.0041701075323965,0.010508041201305,9.45892253412239E-14));
#1631=CARTESIAN_POINT('',(0.0134326075324127,0.00970804120127999,0.00940000000009461));
#1632=CARTESIAN_POINT('',(0.0176826075323981,0.010508041201305,9.45884713229907E-14));
#1633=CARTESIAN_POINT('',(0.0264326075324017,0.010508041201305,9.45816307218461E-14));
#1634=CARTESIAN_POINT('',(0.022163009813433,0.00974900160679448,0.0089187152353145));
#1635=CARTESIAN_POINT('',(0.0220478337025551,0.00972852585376549,0.00915930533357503));
#1636=CARTESIAN_POINT('',(0.0235094249791718,0.009988364302948,0.00610620355574822));
#1637=CARTESIAN_POINT('',(0.024971016255785,0.0102482027521225,0.00305310177792139));
#1638=CARTESIAN_POINT('',(0.0264326075324017,0.010508041201305,9.45883371628042E-14));
#1639=CARTESIAN_POINT('',(0.0223038872100935,0.00972852580912401,0.00915930533175805));
#1640=CARTESIAN_POINT('',(0.0236926536578997,0.00998831234136099,0.00610620144081802));
#1641=CARTESIAN_POINT('',(0.0250812408944673,0.010248254758376,0.00305310389466962));
#1642=CARTESIAN_POINT('',(0.0264700074449458,0.010508041201305,9.45883371628042E-14));
#1643=CARTESIAN_POINT('',(0.0228159440069949,0.00961173546636748,0.0091552464967077));
#1644=CARTESIAN_POINT('',(0.0240588508856747,0.00990478793013699,0.00610349658907909));
#1645=CARTESIAN_POINT('',(0.0253018931620593,0.01019791970544,0.00305174990957262));
#1646=CARTESIAN_POINT('',(0.026544799963168,0.010490972123771,9.45878930735944E-14));
#1647=CARTESIAN_POINT('',(0.02332870729481,0.00920258641100299,0.00914102726800642));
#1648=CARTESIAN_POINT('',(0.0244256409954999,0.00961206657476998,0.00609401617740477));
#1649=CARTESIAN_POINT('',(0.0255227620691858,0.0100216943323755,0.00304701109413792));
#1650=CARTESIAN_POINT('',(0.0266196956625274,0.010431174411584,9.45887812520141E-14));
#1651=CARTESIAN_POINT('',(0.0236713672738619,0.00865721649580048,0.00912207393229766));
#1652=CARTESIAN_POINT('',(0.0246708078116598,0.00922195909465348,0.00608138230236605));
#1653=CARTESIAN_POINT('',(0.0256703050649177,0.00978672523400848,0.00304069163057514));
#1654=CARTESIAN_POINT('',(0.0266697455702226,0.010351467819375,9.45883371628042E-14));
#1655=CARTESIAN_POINT('',(0.0237594248524718,0.0082738694708305,0.00910875140593047));
#1656=CARTESIAN_POINT('',(0.0247336716791048,0.00894766971453601,0.00607249861851088));
#1657=CARTESIAN_POINT('',(0.025708360959256,0.00962164096811749,0.00303625279150189));
#1658=CARTESIAN_POINT('',(0.0266826075324017,0.010295441113849,9.45883371628042E-14));
#1659=CARTESIAN_POINT('',(0.0237594249791791,0.00801797113179451,0.00909985812654903));
#1660=CARTESIAN_POINT('',(0.0247338191635854,0.00876466115496999,0.00606657208439754));
#1661=CARTESIAN_POINT('',(0.0257082133479954,0.00951135117812948,0.00303328604224606));
#1662=CARTESIAN_POINT('',(0.0266826075324017,0.010258041201305,9.45883371628042E-14));
#1663=CARTESIAN_POINT('',(0.0264326075324017,0.010508041201305,9.45884074877692E-14));
#1664=CARTESIAN_POINT('',(0.0265646790832221,0.010508041201305,9.45884033398151E-14));
#1665=CARTESIAN_POINT('',(0.0266826075324017,0.0103900818661021,9.45883391310931E-14));
#1666=CARTESIAN_POINT('',(0.0266826075324017,0.0102580412012855,9.45883371628042E-14));
#1667=CARTESIAN_POINT('',(0.0176826075323981,0.00150804120130499,9.45883371628042E-14));
#1668=CARTESIAN_POINT('',(0.0266826075324017,-0.00724195879869499,9.45885437104786E-14));
#1669=CARTESIAN_POINT('',(0.0266826075324017,-0.00737403920176381,9.45885417415973E-14));
#1670=CARTESIAN_POINT('',(0.0265646373439496,-0.00749195879869499,9.4588333016161E-14));
#1671=CARTESIAN_POINT('',(0.0264326075324017,-0.00749195879869499,9.45883371628042E-14));
#1672=CARTESIAN_POINT('',(0.0264326075324017,-0.00749195879869499,9.45879281925011E-14));
#1673=CARTESIAN_POINT('',(0.0176826075323981,-0.00749195879869499,9.45882030026177E-14));
#1674=CARTESIAN_POINT('',(0.0153073442845948,0.0031325155516275,0.0675138389684585));
#1675=CARTESIAN_POINT('',(0.0156263575323981,0.0086178861233874,0.0074687258754934));
#1676=CARTESIAN_POINT('',(0.0156263575323978,0.00714139398057818,0.00741733684863265));
#1677=CARTESIAN_POINT('',(0.0156263575323975,0.00566490183776896,0.0073659478217719));
#1678=CARTESIAN_POINT('',(0.0156263575323972,0.00418840969495974,0.00731455879491115));
#1679=CARTESIAN_POINT('',(0.0156263575323973,0.00418840964614,0.00731456019758329));
#1680=CARTESIAN_POINT('',(0.0229657040943082,0.00183304093070352,0.00772114756668091));
#1681=CARTESIAN_POINT('',(0.021308871084329,0.00183304194299255,0.00750851943029426));
#1682=CARTESIAN_POINT('',(0.0196456143477985,0.00183304063708496,0.00736524267240146));
#1683=CARTESIAN_POINT('',(0.0179817258089485,0.00183304084495359,0.0072912071971518));
#1684=CARTESIAN_POINT('',(0.0179817258089113,0.00183304086910799,0.0072912071979909));
#1685=CARTESIAN_POINT('',(0.0156263575375353,0.00418840964551751,0.00731456160196012));
#1686=CARTESIAN_POINT('',(0.0162258522812137,0.0041157197154445,0.00731521044522288));
#1687=CARTESIAN_POINT('',(0.0173528029406169,0.00356128692620135,0.00732195224595823));
#1688=CARTESIAN_POINT('',(0.0179090668531468,0.00243228246499378,0.00730883069389393));
#1689=CARTESIAN_POINT('',(0.0179817260145672,0.0018330408932625,0.00729120720798235));
#1690=CARTESIAN_POINT('',(0.0237568520270688,-0.002651012904586,0.00875087052770623));
#1691=CARTESIAN_POINT('',(0.0247321038621798,-0.00418132820261951,0.00583391368516902));
#1692=CARTESIAN_POINT('',(0.0257073556972907,-0.0057116435006615,0.0029169568426318));
#1693=CARTESIAN_POINT('',(0.0266826075324017,-0.00724195879869499,9.45883371628042E-14));
#1694=CARTESIAN_POINT('',(0.023756851920222,-0.00290710357117002,0.00874196942024701));
#1695=CARTESIAN_POINT('',(0.0247319562278886,-0.00436446491753201,0.00582798193490213));
#1696=CARTESIAN_POINT('',(0.0257075034384803,-0.00582199744749051,0.00291398748207696));
#1697=CARTESIAN_POINT('',(0.0266826075324017,-0.00727935871123903,9.45883371628042E-14));
#1698=CARTESIAN_POINT('',(0.0236687281378875,-0.00329073869312652,0.00872863516781393));
#1699=CARTESIAN_POINT('',(0.0246690483667827,-0.00463894641666401,0.00581909043145773));
#1700=CARTESIAN_POINT('',(0.0256694253687261,-0.00598717770458601,0.00290954473598793));
#1701=CARTESIAN_POINT('',(0.0266697455702226,-0.00733538541675102,9.45878930735944E-14));
#1702=CARTESIAN_POINT('',(0.0233258106126701,-0.00383651848550954,0.00870966514936623));
#1703=CARTESIAN_POINT('',(0.0244237098050289,-0.00502932710251952,0.00580644543645369));
#1704=CARTESIAN_POINT('',(0.0255217965606904,-0.00622228346325801,0.00290321971010504));
#1705=CARTESIAN_POINT('',(0.026619695662531,-0.00741509200896703,9.45874489843845E-14));
#1706=CARTESIAN_POINT('',(0.0228126619164327,-0.00424597503288052,0.00869543340518652));
#1707=CARTESIAN_POINT('',(0.0240566627754079,-0.00532225347772403,0.00579695668010288));
#1708=CARTESIAN_POINT('',(0.0253007991696094,-0.00639861131462499,0.00289847672361876));
#1709=CARTESIAN_POINT('',(0.0265447999631753,-0.00747488972115401,9.45887812520141E-14));
#1710=CARTESIAN_POINT('',(0.0223002202302552,-0.00436285315261101,0.00869137099745543));
#1711=CARTESIAN_POINT('',(0.0236902090707153,-0.00540583637869802,0.00579424944772546));
#1712=CARTESIAN_POINT('',(0.0250800185179105,-0.00644897564791402,0.00289712154675944));
#1713=CARTESIAN_POINT('',(0.0264700074449458,-0.00749195879869499,9.45883371628042E-14));
#1714=CARTESIAN_POINT('',(0.0220439742743932,-0.00436285319025501,0.00869137099592324));
#1715=CARTESIAN_POINT('',(0.0235068520270615,-0.00540588839307049,0.00579424733064703));
#1716=CARTESIAN_POINT('',(0.0249697297797334,-0.00644892359587951,0.00289712366537081));
#1717=CARTESIAN_POINT('',(0.0264326075324017,-0.00749195879869499,9.45883371628042E-14));
#1718=CARTESIAN_POINT('',(0.0264326075324017,-0.00749195879869549,9.46864443332469E-14));
#1719=CARTESIAN_POINT('',(0.0219326075324163,-0.00428344844703701,0.0089119247798044));
#1720=CARTESIAN_POINT('',(0.0153013575323923,0.00150804120131898,9.38191746513439E-14));
#1721=CARTESIAN_POINT('',(0.0153013575323923,0.00150804120131898,0.00020000000009382));
#1722=CARTESIAN_POINT('',(0.0180013575323923,0.00150804120131898,0.00020000000009382));
#1723=CARTESIAN_POINT('',(0.0126209890736794,0.001833041201314,0.00729134947945799));
#1724=CARTESIAN_POINT('',(0.0126209890875684,0.0018330412013115,0.00433274910222286));
#1725=CARTESIAN_POINT('',(0.0149763575323936,0.004188409646144,0.00433274910222286));
#1726=CARTESIAN_POINT('',(0.0149763575323945,0.00418840964614301,0.00433274910222286));
#1727=CARTESIAN_POINT('',(0.0153013575323923,0.00150804120131898,0.00433274910222286));
#1728=CARTESIAN_POINT('',(0.0156263575323973,0.0041884096461405,0.00433274910222286));
#1729=CARTESIAN_POINT('',(0.0156263575323973,0.00418840964614,0.00583274910222286));
#1730=CARTESIAN_POINT('',(0.0179817259772164,0.001833041201312,0.00433274910222286));
#1731=CARTESIAN_POINT('',(0.0179817259772162,0.00183304120131051,0.00433274910222286));
#1732=CARTESIAN_POINT('',(0.0153013575323923,0.00150804120131898,0.00433274910222286));
#1733=CARTESIAN_POINT('',(0.0179817259777151,0.00118304120130699,0.00433274910222286));
#1734=CARTESIAN_POINT('',(0.0179817259782169,0.00118304120130699,0.00583274910222286));
#1735=CARTESIAN_POINT('',(0.0156263575323962,-0.00117232724350502,0.00583274910222286));
#1736=CARTESIAN_POINT('',(0.0156263575323962,-0.00117232724350402,0.00433274910222286));
#1737=CARTESIAN_POINT('',(0.0153013575323923,0.00150804120131898,0.00433274910222286));
#1738=CARTESIAN_POINT('',(0.0149763575323939,-0.00117232724350452,0.00433274910222286));
#1739=CARTESIAN_POINT('',(0.0149763575323925,-0.00117232724349703,0.00712801120672414));
#1740=CARTESIAN_POINT('',(0.0126209890875718,0.00118304120130899,0.00583274910222286));
#1741=CARTESIAN_POINT('',(0.0126209890875714,0.00118304120130899,0.00433274910222286));
#1742=CARTESIAN_POINT('',(0.0153013575323923,0.00150804120131898,0.00433274910222286));
#1743=CARTESIAN_POINT('',(0.0063013575323923,-0.00748398630767799,0.000200000000093819));
#1744=CARTESIAN_POINT('',(0.0148013575323923,0.00200804120131898,0.000200000000093816));
#1745=CARTESIAN_POINT('',(0.0148013575323923,0.00200804120131898,0.000200000000093816));
#1746=CARTESIAN_POINT('',(0.0148013575323923,0.00350804120131898,0.000200000000093816));
#1747=CARTESIAN_POINT('',(0.0063013575323923,0.00200804120131898,0.000200000000093816));
#1748=CARTESIAN_POINT('',(0.0133013575323923,0.00200804120131898,0.000200000000093816));
#1749=CARTESIAN_POINT('',(0.0133013575323923,-0.00748398630767799,0.000200000000093819));
#1750=CARTESIAN_POINT('',(0.0133013575323923,0.00100804120131898,0.000200000000093817));
#1751=CARTESIAN_POINT('',(0.0063013575323923,0.00100804120131898,0.000200000000093817));
#1752=CARTESIAN_POINT('',(0.0148013575323923,0.00100804120131898,0.000200000000093817));
#1753=CARTESIAN_POINT('',(0.0148013575323923,0.00200804120131898,0.000200000000093817));
#1754=CARTESIAN_POINT('',(0.0148013575323923,-0.000491958798681025,0.000200000000093817));
#1755=CARTESIAN_POINT('',(0.0063013575323923,-0.000491958798681025,0.000200000000093817));
#1756=CARTESIAN_POINT('',(0.0158013575323923,-0.000491958798681025,0.000200000000093817));
#1757=CARTESIAN_POINT('',(0.0158013575323923,-0.00748398630767799,0.000200000000093819));
#1758=CARTESIAN_POINT('',(0.0158013575323923,0.00100804120131898,0.000200000000093817));
#1759=CARTESIAN_POINT('',(0.0063013575323923,0.00100804120131898,0.000200000000093817));
#1760=CARTESIAN_POINT('',(0.0173013575323923,0.00100804120131898,0.000200000000093817));
#1761=CARTESIAN_POINT('',(0.0173013575323923,-0.00748398630767799,0.000200000000093819));
#1762=CARTESIAN_POINT('',(0.0173013575323923,0.00200804120131898,0.000200000000093816));
#1763=CARTESIAN_POINT('',(0.0063013575323923,0.00200804120131898,0.000200000000093816));
#1764=CARTESIAN_POINT('',(0.0158013575323923,0.00200804120131898,0.000200000000093816));
#1765=CARTESIAN_POINT('',(0.0158013575323923,-0.00748398630767799,0.000200000000093819));
#1766=CARTESIAN_POINT('',(0.0158013575323923,0.00350804120131898,0.000200000000093816));
#1767=CARTESIAN_POINT('',(0.0063013575323923,0.00350804120131898,0.000200000000093816));
#1768=CARTESIAN_POINT('',(0.0148013575323923,0.00350804120131898,9.38156219376651E-14));
#1769=CARTESIAN_POINT('',(0.0148013575323923,0.00350804120131898,9.38151626951154E-14));
#1770=CARTESIAN_POINT('',(0.0158013575323923,0.00350804120131898,9.38156219376651E-14));
#1771=CARTESIAN_POINT('',(0.0158013575323923,0.00350804120131898,9.38156219376651E-14));
#1772=CARTESIAN_POINT('',(0.0158013575323923,0.00200804120131898,9.38160811802148E-14));
#1773=CARTESIAN_POINT('',(0.0148013575323923,0.00200804120131898,9.38156219376651E-14));
#1774=CARTESIAN_POINT('',(0.0148013575323923,0.00200804120131898,9.38156219376651E-14));
#1775=CARTESIAN_POINT('',(0.0158013575323923,0.00200804120131898,9.38156219376651E-14));
#1776=CARTESIAN_POINT('',(0.0173013575323923,0.00200804120131898,9.38156219376651E-14));
#1777=CARTESIAN_POINT('',(0.0133013575323923,0.00200804120131898,9.38156219376651E-14));
#1778=CARTESIAN_POINT('',(0.0133013575323923,0.00200804120131898,9.3816203954385E-14));
#1779=CARTESIAN_POINT('',(0.0173013575323923,0.00200804120131898,9.38156219376651E-14));
#1780=CARTESIAN_POINT('',(0.0173013575323923,0.00100804120131898,9.38159280993649E-14));
#1781=CARTESIAN_POINT('',(0.0133013575323923,0.00100804120131898,9.38165101160848E-14));
#1782=CARTESIAN_POINT('',(0.0133013575323923,0.00100804120131898,9.38165101160848E-14));
#1783=CARTESIAN_POINT('',(0.0148013575323923,0.00100804120131898,9.38165101160848E-14));
#1784=CARTESIAN_POINT('',(0.0158013575323923,0.00100804120131898,9.38165101160848E-14));
#1785=CARTESIAN_POINT('',(0.0148013575323923,0.00100804120131898,9.38165101160848E-14));
#1786=CARTESIAN_POINT('',(0.0148013575323923,0.00100804120131898,9.38159280993649E-14));
#1787=CARTESIAN_POINT('',(0.0158013575323923,0.00100804120131898,9.38165101160848E-14));
#1788=CARTESIAN_POINT('',(0.0158013575323923,-0.000491958798681025,9.38169693586345E-14));
#1789=CARTESIAN_POINT('',(0.0158013575323923,-0.000491958798681025,9.38173982945045E-14));
#1790=CARTESIAN_POINT('',(0.0148013575323923,-0.000491958798681025,9.38173982945045E-14));
#1791=CARTESIAN_POINT('',(0.0148013575323923,0.00200804120131898,9.38156219376651E-14));
#1792=CARTESIAN_POINT('',(0.0344680241990589,0.00183304120130451,0.00883274910222288));
#1793=CARTESIAN_POINT('',(0.0153013575323923,0.001833041201309,0.00433274910222286));
#1794=CARTESIAN_POINT('',(0.0153013575323923,0.001833041201309,0.00433274910222286));
#1795=CARTESIAN_POINT('',(0.0153013575323923,0.00118304120130799,0.00433274910222286));
#1796=CARTESIAN_POINT('',(0.0153013575323923,0.00118304120130799,0.00583274910222286));
#1797=CARTESIAN_POINT('',(0.0156263575323967,0.00150804120130499,0.00583274910222286));
#1798=CARTESIAN_POINT('',(0.0156263575323967,0.00150804120130499,0.00433274910222286));
#1799=CARTESIAN_POINT('',(0.0153013575323923,0.001833041201309,0.00433274910222286));
#1800=CARTESIAN_POINT('',(0.0149763575323952,0.001833041201309,0.00433274910222286));
#1801=CARTESIAN_POINT('',(0.0149763575323898,-0.014366958798695,0.00883274910222288));
#1802=CARTESIAN_POINT('',(-0.00386530913427436,0.00183304120132149,-0.013504750397764));
#1803=CARTESIAN_POINT('',(0.0153013575323923,0.001833041201309,0.00433274910222286));
#1804=CARTESIAN_POINT('',(0.0153013575323923,0.001833041201309,0.00433274910222286));
#1805=CARTESIAN_POINT('',(0.0153013575323923,0.00118304120130799,0.00433274910222286));
#1806=CARTESIAN_POINT('',(0.0153013575323923,0.00118304120130799,0.00583274910222286));
#1807=CARTESIAN_POINT('',(0.0156263575323967,0.00150804120130499,0.00583274910222286));
#1808=CARTESIAN_POINT('',(0.0156263575323967,0.00150804120130499,0.00433274910222286));
#1809=CARTESIAN_POINT('',(0.0153013575323923,0.001833041201309,0.00433274910222286));
#1810=CARTESIAN_POINT('',(0.0149763575323953,0.001833041201309,0.00433274910222286));
#1811=CARTESIAN_POINT('',(0.0149763575323898,-0.014366958798695,0.00883274910222288));
#1812=MECHANICAL_DESIGN_GEOMETRIC_PRESENTATION_REPRESENTATION('',(#939),
#1813);
#1813=(
GEOMETRIC_REPRESENTATION_CONTEXT(3)
GLOBAL_UNCERTAINTY_ASSIGNED_CONTEXT((#1814))
GLOBAL_UNIT_ASSIGNED_CONTEXT((#1817,#1816,#1815))
REPRESENTATION_CONTEXT('4F5','TOP_LEVEL_ASSEMBLY_PART')
);
#1814=UNCERTAINTY_MEASURE_WITH_UNIT(LENGTH_MEASURE(2.E-5),#1817,
'DISTANCE_ACCURACY_VALUE','Maximum Tolerance applied to model');
#1815=(
NAMED_UNIT(*)
SI_UNIT($,.STERADIAN.)
SOLID_ANGLE_UNIT()
);
#1816=(
NAMED_UNIT(*)
PLANE_ANGLE_UNIT()
SI_UNIT($,.RADIAN.)
);
#1817=(
LENGTH_UNIT()
NAMED_UNIT(*)
SI_UNIT($,.METRE.)
);
#1818=PRODUCT_DEFINITION_SHAPE('','',#1819);
#1819=PRODUCT_DEFINITION('','',#1821,#1820);
#1820=PRODUCT_DEFINITION_CONTEXT('',#1827,'design');
#1821=PRODUCT_DEFINITION_FORMATION_WITH_SPECIFIED_SOURCE('','',#1823,
 .NOT_KNOWN.);
#1822=PRODUCT_RELATED_PRODUCT_CATEGORY('','',(#1823));
#1823=PRODUCT('4F5','4F5','4F5',(#1825));
#1824=PRODUCT_CATEGORY('','');
#1825=PRODUCT_CONTEXT('',#1827,'mechanical');
#1826=APPLICATION_PROTOCOL_DEFINITION('international standard',
'ap242_managed_model_based_3d_engineering',2020,#1827);
#1827=APPLICATION_CONTEXT('managed model based 3d engineering');
ENDSEC;
END-ISO-10303-21;
