ISO-10303-21;
HEADER;
/* Generated by software containing ST-Developer
 * from STEP Tools, Inc. (www.steptools.com) 
 */
/* OPTION: using custom renumber hook */

FILE_DESCRIPTION(
/* description */ ('STEP AP242 Edition 2',
'CAx-IF Rec.Pracs.---Representation and Presentation of Product Manufa
cturing Information (PMI)---4.0---2014-10-13',
'CAx-IF Rec.Pracs.---3D Tessellated Geometry---0.4---2014-09-14','2;1',
'CAx-IF Rec.Pracs.---User Defined Attributes---1.5---2016-08-15'),
/* implementation_level */ '2;1');

FILE_NAME(
/* name */ 'EC11 Encoder Knob D Shaft - brep_1',
/* time_stamp */ '2026-09-03T20:23:37Z',
/* author */ (''),
/* organization */ (''),
/* preprocessor_version */ 'ST-DEVELOPER v20',
/* originating_system */ 'ONSHAPE BY PTC INC, 1.220',
/* authorisation */ '  ');

FILE_SCHEMA (('AP242_MANAGED_MODEL_BASED_3D_ENGINEERING_MIM_LF { 1 0 10303 442 3 1 4 }'));
ENDSEC;

DATA;
#10=SHAPE_REPRESENTATION_RELATIONSHIP('','',#511,#11);
#11=ADVANCED_BREP_SHAPE_REPRESENTATION('',(#509),#2847);
#12=OVER_RIDING_STYLED_ITEM('',(#490),#478,#488);
#13=OVER_RIDING_STYLED_ITEM('',(#491),#480,#488);
#14=LINE('',#2729,#54);
#15=LINE('',#2734,#55);
#16=LINE('',#2738,#56);
#17=LINE('',#2739,#57);
#18=LINE('',#2743,#58);
#19=LINE('',#2746,#59);
#20=LINE('',#2748,#60);
#21=LINE('',#2750,#61);
#22=LINE('',#2752,#62);
#23=LINE('',#2754,#63);
#24=LINE('',#2756,#64);
#25=LINE('',#2758,#65);
#26=LINE('',#2760,#66);
#27=LINE('',#2762,#67);
#28=LINE('',#2767,#68);
#29=LINE('',#2771,#69);
#30=LINE('',#2773,#70);
#31=LINE('',#2775,#71);
#32=LINE('',#2777,#72);
#33=LINE('',#2781,#73);
#34=LINE('',#2788,#74);
#35=LINE('',#2792,#75);
#36=LINE('',#2794,#76);
#37=LINE('',#2796,#77);
#38=LINE('',#2798,#78);
#39=LINE('',#2802,#79);
#40=LINE('',#2809,#80);
#41=LINE('',#2810,#81);
#42=LINE('',#2812,#82);
#43=LINE('',#2813,#83);
#44=LINE('',#2819,#84);
#45=LINE('',#2822,#85);
#46=LINE('',#2824,#86);
#47=LINE('',#2828,#87);
#48=LINE('',#2831,#88);
#49=LINE('',#2835,#89);
#50=LINE('',#2837,#90);
#51=LINE('',#2838,#91);
#52=LINE('',#2840,#92);
#53=LINE('',#2842,#93);
#54=VECTOR('',#582,1.);
#55=VECTOR('',#585,1.);
#56=VECTOR('',#590,1.);
#57=VECTOR('',#591,1.);
#58=VECTOR('',#598,1.);
#59=VECTOR('',#599,1.);
#60=VECTOR('',#600,1.);
#61=VECTOR('',#601,1.);
#62=VECTOR('',#604,1.);
#63=VECTOR('',#605,1.);
#64=VECTOR('',#606,1.);
#65=VECTOR('',#609,1.);
#66=VECTOR('',#610,1.);
#67=VECTOR('',#611,1.);
#68=VECTOR('',#616,1.);
#69=VECTOR('',#619,1.);
#70=VECTOR('',#622,1.);
#71=VECTOR('',#623,1.);
#72=VECTOR('',#624,1.);
#73=VECTOR('',#629,1.);
#74=VECTOR('',#636,1.);
#75=VECTOR('',#639,1.);
#76=VECTOR('',#642,1.);
#77=VECTOR('',#643,1.);
#78=VECTOR('',#644,1.);
#79=VECTOR('',#649,1.);
#80=VECTOR('',#658,1.);
#81=VECTOR('',#659,1.);
#82=VECTOR('',#662,1.);
#83=VECTOR('',#663,1.);
#84=VECTOR('',#674,1.);
#85=VECTOR('',#675,1.);
#86=VECTOR('',#676,1.);
#87=VECTOR('',#681,1.);
#88=VECTOR('',#682,1.);
#89=VECTOR('',#685,1.);
#90=VECTOR('',#688,1.);
#91=VECTOR('',#689,1.);
#92=VECTOR('',#692,1.);
#93=VECTOR('',#695,1.);
#94=PLANE('',#520);
#95=PLANE('',#524);
#96=PLANE('',#525);
#97=PLANE('',#526);
#98=PLANE('',#527);
#99=PLANE('',#528);
#100=PLANE('',#529);
#101=PLANE('',#533);
#102=PLANE('',#540);
#103=PLANE('',#546);
#104=PLANE('',#547);
#105=PLANE('',#551);
#106=PLANE('',#552);
#107=PLANE('',#554);
#108=PLANE('',#556);
#109=PLANE('',#558);
#110=PLANE('',#559);
#111=PLANE('',#560);
#112=PLANE('',#561);
#113=TOROIDAL_SURFACE('',#518,0.00589581827801042,0.0025000000000236);
#114=CONICAL_SURFACE('',#516,0.00766358523080437,0.785398163505253);
#115=B_SPLINE_CURVE_WITH_KNOTS('',3,(#1732,#1733,#1734,#1735,#1736,#1737,
#1738,#1739,#1740,#1741,#1742,#1743,#1744,#1745,#1746,#1747,#1748,#1749,
#1750,#1751,#1752,#1753,#1754,#1755,#1756,#1757,#1758,#1759,#1760,#1761,
#1762,#1763,#1764,#1765,#1766,#1767,#1768,#1769,#1770,#1771,#1772,#1773,
#1774,#1775,#1776,#1777,#1778,#1779,#1780,#1781,#1782,#1783,#1784,#1785,
#1786,#1787,#1788,#1789,#1790,#1791,#1792,#1793,#1794,#1795,#1796,#1797,
#1798,#1799,#1800,#1801,#1802,#1803,#1804,#1805,#1806,#1807,#1808,#1809,
#1810,#1811,#1812,#1813,#1814,#1815,#1816,#1817,#1818,#1819,#1820,#1821,
#1822,#1823,#1824,#1825,#1826,#1827,#1828,#1829,#1830,#1831,#1832,#1833,
#1834,#1835,#1836,#1837,#1838,#1839,#1840,#1841,#1842,#1843,#1844,#1845,
#1846,#1847,#1848,#1849,#1850,#1851,#1852,#1853,#1854,#1855,#1856,#1857,
#1858,#1859,#1860,#1861,#1862,#1863,#1864,#1865,#1866,#1867,#1868,#1869,
#1870,#1871,#1872,#1873,#1874,#1875,#1876,#1877,#1878,#1879,#1880,#1881,
#1882,#1883,#1884,#1885,#1886,#1887,#1888,#1889,#1890,#1891,#1892,#1893,
#1894,#1895,#1896,#1897,#1898,#1899,#1900,#1901,#1902,#1903,#1904,#1905,
#1906,#1907,#1908,#1909,#1910,#1911,#1912,#1913,#1914,#1915,#1916,#1917,
#1918,#1919,#1920,#1921,#1922,#1923,#1924,#1925,#1926,#1927,#1928,#1929,
#1930,#1931,#1932,#1933,#1934,#1935,#1936,#1937,#1938,#1939,#1940,#1941,
#1942,#1943,#1944,#1945,#1946,#1947,#1948,#1949,#1950,#1951,#1952,#1953,
#1954,#1955,#1956,#1957,#1958,#1959,#1960,#1961,#1962,#1963,#1964,#1965,
#1966,#1967,#1968,#1969,#1970,#1971,#1972,#1973,#1974,#1975,#1976,#1977,
#1978,#1979,#1980,#1981,#1982,#1983,#1984,#1985,#1986,#1987,#1988,#1989,
#1990,#1991,#1992,#1993,#1994,#1995,#1996,#1997,#1998,#1999,#2000,#2001,
#2002,#2003,#2004,#2005,#2006,#2007,#2008,#2009,#2010,#2011,#2012,#2013,
#2014,#2015,#2016,#2017,#2018,#2019,#2020,#2021,#2022,#2023,#2024,#2025,
#2026,#2027,#2028,#2029,#2030,#2031,#2032,#2033,#2034,#2035,#2036,#2037,
#2038,#2039,#2040,#2041,#2042,#2043,#2044,#2045,#2046,#2047,#2048,#2049,
#2050,#2051,#2052,#2053,#2054,#2055,#2056,#2057,#2058,#2059,#2060,#2061,
#2062,#2063,#2064,#2065,#2066,#2067,#2068,#2069,#2070,#2071,#2072,#2073,
#2074,#2075,#2076,#2077,#2078,#2079,#2080,#2081,#2082,#2083,#2084,#2085,
#2086,#2087,#2088,#2089,#2090,#2091,#2092,#2093,#2094,#2095,#2096,#2097,
#2098,#2099,#2100,#2101,#2102,#2103,#2104,#2105,#2106,#2107,#2108,#2109,
#2110,#2111,#2112,#2113,#2114,#2115,#2116,#2117,#2118,#2119,#2120,#2121,
#2122,#2123,#2124,#2125,#2126,#2127,#2128,#2129,#2130,#2131,#2132,#2133,
#2134,#2135,#2136,#2137,#2138,#2139,#2140,#2141,#2142,#2143,#2144,#2145,
#2146,#2147,#2148,#2149,#2150,#2151,#2152,#2153,#2154,#2155,#2156,#2157,
#2158,#2159,#2160,#2161,#2162,#2163,#2164,#2165,#2166,#2167,#2168,#2169,
#2170,#2171,#2172,#2173,#2174,#2175,#2176,#2177,#2178,#2179,#2180,#2181,
#2182,#2183,#2184,#2185,#2186,#2187,#2188,#2189,#2190,#2191,#2192,#2193,
#2194,#2195,#2196,#2197,#2198,#2199,#2200,#2201,#2202,#2203,#2204,#2205,
#2206,#2207,#2208,#2209,#2210,#2211,#2212,#2213,#2214,#2215,#2216,#2217,
#2218,#2219,#2220,#2221,#2222,#2223,#2224,#2225,#2226,#2227,#2228,#2229,
#2230,#2231,#2232,#2233,#2234,#2235,#2236,#2237,#2238,#2239,#2240,#2241,
#2242,#2243),.UNSPECIFIED.,.T.,.F.,(1,1,1,1,1,1,1,1,1,1,1,1,1,1,1,1,1,1,
1,1,1,1,1,1,1,1,1,1,1,1,1,1,1,1,1,1,1,1,1,1,1,1,1,1,1,1,1,1,1,1,1,1,1,1,
1,1,1,1,1,1,1,1,1,1,1,1,1,1,1,1,1,1,1,1,1,1,1,1,1,1,1,1,1,1,1,1,1,1,1,1,
1,1,1,1,1,1,1,1,1,1,1,1,1,1,1,1,1,1,1,1,1,1,1,1,1,1,1,1,1,1,1,1,1,1,1,1,
1,1,1,1,1,1,1,1,1,1,1,1,1,1,1,1,1,1,1,1,1,1,1,1,1,1,1,1,1,1,1,1,1,1,1,1,
1,1,1,1,1,1,1,1,1,1,1,1,1,1,1,1,1,1,1,1,1,1,1,1,1,1,1,1,1,1,1,1,1,1,1,1,
1,1,1,1,1,1,1,1,1,1,1,1,1,1,1,1,1,1,1,1,1,1,1,1,1,1,1,1,1,1,1,1,1,1,1,1,
1,1,1,1,1,1,1,1,1,1,1,1,1,1,1,1,1,1,1,1,1,1,1,1,1,1,1,1,1,1,1,1,1,1,1,1,
1,1,1,1,1,1,1,1,1,1,1,1,1,1,1,1,1,1,1,1,1,1,1,1,1,1,1,1,1,1,1,1,1,1,1,1,
1,1,1,1,1,1,1,1,1,1,1,1,1,1,1,1,1,1,1,1,1,1,1,1,1,1,1,1,1,1,1,1,1,1,1,1,
1,1,1,1,1,1,1,1,1,1,1,1,1,1,1,1,1,1,1,1,1,1,1,1,1,1,1,1,1,1,1,1,1,1,1,1,
1,1,1,1,1,1,1,1,1,1,1,1,1,1,1,1,1,1,1,1,1,1,1,1,1,1,1,1,1,1,1,1,1,1,1,1,
1,1,1,1,1,1,1,1,1,1,1,1,1,1,1,1,1,1,1,1,1,1,1,1,1,1,1,1,1,1,1,1,1,1,1,1,
1,1,1,1,1,1,1,1,1,1,1,1,1,1,1,1,1,1,1,1,1,1,1,1,1,1,1,1,1,1,1,1,1,1,1,1,
1,1,1,1,1,1,1,1,1,1,1,1,1,1,1,1,1,1,1,1,1,1,1,1,1,1,1,1,1,1),(-0.000235616201725262,
-0.000117808100862628,-5.89040504313174E-5,0.,0.000117808100862628,0.000235616201725256,
0.000471232403450512,0.00058904050431314,0.000706848605175769,0.000824656706038397,
0.000942464806901025,0.00117808100862628,0.00129588910948891,0.00141369721035154,
0.00153150531121416,0.00164931341207679,0.00176712151293942,0.00188492961380205,
0.00200273771466467,0.00212054581552731,0.00223835391638994,0.00235616201725256,
0.00247397011811519,0.00259177821897782,0.00270958631984044,0.00282739442070308,
0.0029452025215657,0.00306301062242833,0.00318081872329096,0.00329862682415359,
0.00341643492501621,0.00353424302587885,0.00365205112674147,0.0037698592276041,
0.00388766732846673,0.00400547542932935,0.00412328353019199,0.00424109163105461,
0.00435889973191724,0.00447670783277987,0.0045945159336425,0.00471232403450512,
0.00483013213536775,0.00494794023623038,0.00506574833709301,0.00518355643795564,
0.00530136453881826,0.00541917263968089,0.00547807669011221,0.00553698074054352,
0.00565478884140615,0.00577259694226878,0.0058904050431314,0.00600821314399403,
0.00612602124485666,0.00624382934571929,0.00636163744658192,0.00659725364830717,
0.0067150617491698,0.00683286985003243,0.00695067795089506,0.00706848605175769,
0.00718629415262031,0.00730410225348294,0.00742191035434557,0.0075397184552082,
0.00765752655607083,0.00777533465693345,0.00789314275779608,0.00801095085865871,
0.00812875895952134,0.00824656706038397,0.00836437516124659,0.00848218326210922,
0.00859999136297185,0.00871779946383448,0.00883560756469711,0.00895341566555974,
0.00907122376642236,0.00918903186728499,0.00930683996814762,0.00942464806901025,
0.00954245616987287,0.0096602642707355,0.00977807237159813,0.00989588047246076,
0.0100136885733234,0.010131496674186,0.0102493047750486,0.0103671128759113,
0.0104849209767739,0.0106027290776365,0.0107205371784992,0.0108383452793618,
0.0109561533802244,0.011073961481087,0.0111917695819497,0.0113095776828123,
0.0114273857836749,0.0115451938845375,0.0116630019854002,0.0117808100862628,
0.0118986181871254,0.0120164262879881,0.0121342343888507,0.0122520424897133,
0.0123698505905759,0.0124876586914386,0.0126054667923012,0.0127232748931638,
0.0128410829940265,0.0129588910948891,0.0130766991957517,0.0131945072966143,
0.013312315397477,0.0134301234983396,0.0135479315992022,0.0136657397000649,
0.0137835478009275,0.0139013559017901,0.0140191640026527,0.0141369721035154,
0.014254780204378,0.0143725883052406,0.0144903964061033,0.0146082045069659,
0.0147260126078285,0.0148438207086911,0.0149616288095538,0.0150794369104164,
0.0153150531121417,0.0154328612130043,0.0155506693138669,0.0156684774147295,
0.0157862855155921,0.0160219017173174,0.0161397098181801,0.0162575179190427,
0.0163753260199053,0.016493134120768,0.0166109422216306,0.0167287503224932,
0.0168465584233558,0.0169643665242184,0.0170821746250811,0.0171999827259437,
0.0173177908268064,0.0174355989276689,0.0175534070285316,0.0176712151293942,
0.0177890232302568,0.0179068313311194,0.0180246394319821,0.0181424475328448,
0.0182602556337074,0.01837806373457,0.0184958718354326,0.0186136799362953,
0.0187314880371579,0.0188492961380205,0.0189671042388831,0.0190849123397457,
0.0192027204406084,0.019320528541471,0.0194383366423337,0.0195561447431962,
0.0196739528440589,0.0197917609449215,0.0199095690457841,0.0200273771466468,
0.0201451852475094,0.020262993348372,0.0203808014492346,0.0204986095500973,
0.0206164176509599,0.0207342257518226,0.0208520338526852,0.0209698419535478,
0.0210876500544105,0.021205458155273,0.0213232662561357,0.0214410743569983,
0.0215588824578609,0.0216766905587236,0.0217944986595862,0.0219123067604488,
0.0221479229621741,0.0222657310630367,0.0223835391638993,0.0225013472647619,
0.0226191553656246,0.0228547715673499,0.0229725796682125,0.0230903877690751,
0.0232081958699378,0.0233260039708004,0.0235616201725256,0.0236794282733883,
0.0237972363742509,0.0239150444751135,0.0240328525759761,0.0241506606768387,
0.0242684687777014,0.024386276878564,0.0245040849794266,0.0246218930802892,
0.0247397011811519,0.0248575092820146,0.0249753173828772,0.0250931254837398,
0.0252109335846024,0.0253287416854651,0.0254465497863277,0.0255643578871903,
0.025682165988053,0.0257999740889155,0.0259177821897782,0.0260355902906408,
0.0261533983915034,0.026271206492366,0.0263890145932287,0.0265068226940913,
0.0266246307949539,0.0267424388958166,0.0268602469966792,0.0269780550975419,
0.0270958631984045,0.0272136712992671,0.0273314794001297,0.0274492875009923,
0.027567095601855,0.0276849037027176,0.0278027118035803,0.0279205199044428,
0.0280383280053055,0.0281561361061681,0.0282739442070308,0.0283917523078933,
0.028509560408756,0.0286273685096186,0.0287451766104812,0.0288629847113439,
0.0289807928122065,0.0290986009130692,0.0292164090139318,0.0293342171147944,
0.029452025215657,0.0295698333165197,0.0296876414173823,0.0298054495182449,
0.0299232576191075,0.0300410657199702,0.0301588738208328,0.0302766819216954,
0.030394490022558,0.0305122981234207,0.0306301062242833,0.030747914325146,
0.0308657224260085,0.0309835305268712,0.0311013386277338,0.0312191467285965,
0.0313369548294591,0.0314547629303217,0.0315725710311843,0.0316903791320469,
0.0318081872329096,0.0319259953337722,0.0320438034346349,0.0321616115354975,
0.0322794196363601,0.0323972277372227,0.0325150358380853,0.032632843938948,
0.0327506520398106,0.0328684601406733,0.0329862682415359,0.0331040763423985,
0.0332218844432611,0.0333396925441238,0.0334575006449864,0.033575308745849,
0.0336931168467116,0.0338109249475742,0.0339287330484369,0.0340465411492995,
0.0341643492501622,0.0342821573510248,0.0343999654518874,0.03451777355275,
0.0346355816536126,0.0347533897544753,0.0348711978553379,0.0349890059562006,
0.0351068140570632,0.0352246221579258,0.0353424302587885,0.0354602383596511,
0.0355780464605137,0.0356958545613763,0.0358136626622389,0.0359314707631016,
0.0360492788639642,0.0361670869648269,0.0362848950656894,0.0364027031665521,
0.0365205112674147,0.0366383193682773,0.0367561274691399,0.0368739355700026,
0.0369917436708652,0.0371095517717279,0.0372273598725905,0.0373451679734531,
0.0374629760743157,0.0375807841751784,0.037698592276041,0.0378164003769036,
0.0379342084777663,0.0380520165786289,0.0381698246794915,0.0382876327803541,
0.0384054408812168,0.0385232489820794,0.038641057082942,0.0388766732846673,
0.0389944813855299,0.0391122894863925,0.0392300975872551,0.0393479056881178,
0.0394657137889804,0.039583521889843,0.0397013299907056,0.039760234041137,
0.0398191380915683,0.039936946192431,0.0400547542932936,0.0401725623941562,
0.0402903704950188,0.0404081785958815,0.0405259866967441,0.0406437947976067,
0.0407616028984693,0.040879410999332,0.0409972191001946,0.0410561231506259,
0.0411150272010572,0.0412328353019199,0.0414684515036451,0.0415862596045077,
0.0417040677053703,0.0418218758062329,0.0419396839070956,0.0420574920079583,
0.0421753001088208,0.0422931082096835,0.0423520122601148,0.0424109163105461,
0.0425287244114088,0.0426465325122714,0.042764340613134,0.0428821487139966,
0.0429999568148593,0.0431177649157219,0.0432355730165845,0.0433533811174471,
0.0434711892183098,0.0435889973191724,0.0436479013696037,0.043706805420035,
0.0438246135208976,0.0439424216217603,0.0440602297226229,0.0441780378234855,
0.0442958459243481,0.0444136540252108,0.0445314621260734,0.0446492702269361,
0.0447670783277987,0.0448848864286613,0.0449437904790926,0.0450026945295239,
0.0451205026303866,0.0452383107312492,0.0453561188321118,0.0454739269329745,
0.0455917350338371,0.0457095431346997,0.0458273512355623,0.045945159336425,
0.0460629674372876,0.0461807755381502,0.0462396795885815,0.0462985836390128,
0.0464163917398755,0.0465341998407381,0.0466520079416007,0.0467698160424634,
0.046887624143326,0.0470054322441886,0.0471232403450512,0.0473588565467765,
0.0474766646476391,0.0475944727485018,0.0477122808493644,0.047830088950227,
0.0479478970510896,0.0480657051519523,0.0481835132528149,0.0483013213536775,
0.0484191294545401,0.0485369375554028,0.0486547456562654,0.048772553757128,
0.0488903618579907,0.0490081699588533,0.0491259780597159,0.0492437861605785,
0.0493615942614412,0.0494794023623038,0.0495972104631664,0.0497150185640291,
0.0498328266648917,0.0499506347657543,0.0500684428666169,0.0501862509674796,
0.0503040590683422,0.0504218671692048,0.0505396752700674,0.0506574833709301,
0.0507752914717927,0.0508930995726553,0.051010907673518,0.0511287157743806,
0.0512465238752432,0.0513643319761059,0.0514821400769685,0.0515999481778311,
0.0517177562786937,0.0518355643795564,0.051953372480419,0.0520711805812816,
0.0521889886821442,0.0523067967830069,0.0524246048838695,0.0525424129847321,
0.0526602210855948,0.0527780291864574,0.05289583728732,0.0530136453881826,
0.0531314534890453,0.0532492615899079,0.0533670696907705,0.0534848777916332,
0.0536026858924958,0.0537204939933584,0.053838302094221,0.0539561101950837,
0.054015014245515,0.0540739182959463,0.0541917263968089,0.0543095344976715,
0.0544273425985342,0.0545451506993968,0.0546629588002594,0.0547807669011221,
0.0548985750019847,0.0550163831028473,0.05513419120371,0.0552519993045726,
0.0553698074054352,0.0554876155062978,0.0556054236071605,0.0557232317080231,
0.0558410398088857,0.0559588479097484,0.056076656010611,0.0563122722123362,
0.0564300803131989,0.0564889843636302,0.0565478884140615,0.0566656965149241,
0.0567835046157867,0.0569013127166494,0.057019120817512,0.0571369289183746,
0.0572547370192373,0.0573725451200999,0.0574903532209625,0.0576081613218251,
0.0577259694226878,0.0578437775235504,0.057961585624413,0.0581972018261383,
0.0583150099270009,0.0584328180278635,0.0585506261287262,0.0586684342295888,
0.0587862423304514,0.058904050431314,0.0590218585321767,0.0591396666330393,
0.0592574747339019,0.0593752828347646,0.0594930909356272,0.0596108990364898,
0.0597287071373524,0.0598465152382151,0.0599643233390777,0.0600821314399403,
0.060199939540803,0.0602588435912343,0.0603177476416656,0.0604355557425282,
0.0605533638433908,0.0607889800451161),.UNSPECIFIED.);
#116=B_SPLINE_CURVE_WITH_KNOTS('',3,(#2245,#2246,#2247,#2248,#2249,#2250,
#2251,#2252,#2253,#2254,#2255,#2256,#2257,#2258,#2259,#2260,#2261,#2262,
#2263,#2264,#2265,#2266,#2267,#2268,#2269,#2270,#2271,#2272,#2273,#2274,
#2275,#2276,#2277,#2278,#2279,#2280,#2281,#2282,#2283,#2284,#2285,#2286,
#2287,#2288,#2289,#2290,#2291,#2292,#2293,#2294,#2295,#2296,#2297,#2298,
#2299,#2300,#2301,#2302,#2303,#2304,#2305,#2306,#2307,#2308,#2309,#2310,
#2311,#2312,#2313,#2314,#2315,#2316,#2317,#2318,#2319,#2320,#2321,#2322,
#2323,#2324,#2325,#2326,#2327,#2328,#2329,#2330,#2331,#2332,#2333,#2334,
#2335,#2336,#2337,#2338,#2339,#2340,#2341,#2342,#2343,#2344,#2345,#2346,
#2347,#2348,#2349,#2350,#2351,#2352,#2353,#2354,#2355,#2356,#2357,#2358,
#2359,#2360,#2361,#2362,#2363,#2364,#2365,#2366,#2367,#2368,#2369,#2370,
#2371,#2372,#2373,#2374,#2375,#2376,#2377,#2378,#2379,#2380,#2381,#2382,
#2383,#2384,#2385,#2386,#2387,#2388,#2389,#2390,#2391,#2392,#2393,#2394,
#2395,#2396,#2397,#2398,#2399,#2400,#2401,#2402,#2403,#2404,#2405,#2406,
#2407,#2408,#2409,#2410,#2411,#2412,#2413,#2414,#2415,#2416,#2417,#2418,
#2419,#2420,#2421,#2422,#2423,#2424,#2425,#2426,#2427,#2428,#2429,#2430,
#2431,#2432,#2433,#2434,#2435,#2436,#2437,#2438,#2439,#2440,#2441,#2442,
#2443,#2444,#2445,#2446,#2447,#2448,#2449,#2450,#2451,#2452,#2453,#2454,
#2455,#2456,#2457,#2458,#2459,#2460,#2461,#2462,#2463,#2464,#2465,#2466,
#2467,#2468,#2469,#2470,#2471,#2472,#2473,#2474,#2475,#2476,#2477,#2478,
#2479,#2480,#2481,#2482,#2483,#2484,#2485,#2486,#2487,#2488,#2489,#2490,
#2491,#2492,#2493,#2494,#2495,#2496,#2497,#2498,#2499,#2500,#2501,#2502,
#2503,#2504,#2505,#2506,#2507,#2508,#2509,#2510,#2511,#2512,#2513,#2514,
#2515,#2516,#2517,#2518,#2519,#2520,#2521,#2522,#2523,#2524,#2525,#2526,
#2527,#2528,#2529,#2530,#2531,#2532,#2533,#2534,#2535,#2536,#2537,#2538,
#2539,#2540,#2541,#2542,#2543,#2544,#2545,#2546,#2547,#2548,#2549,#2550,
#2551,#2552,#2553,#2554,#2555,#2556,#2557,#2558,#2559,#2560,#2561,#2562,
#2563,#2564,#2565,#2566,#2567,#2568,#2569,#2570,#2571,#2572,#2573,#2574,
#2575,#2576,#2577,#2578,#2579,#2580,#2581,#2582,#2583,#2584,#2585,#2586,
#2587,#2588,#2589,#2590,#2591,#2592,#2593,#2594,#2595,#2596,#2597,#2598,
#2599,#2600,#2601,#2602,#2603,#2604,#2605,#2606,#2607,#2608,#2609,#2610,
#2611,#2612,#2613,#2614,#2615,#2616,#2617,#2618,#2619,#2620,#2621,#2622,
#2623,#2624,#2625,#2626,#2627,#2628,#2629,#2630,#2631,#2632,#2633,#2634,
#2635,#2636,#2637,#2638,#2639,#2640,#2641,#2642,#2643,#2644,#2645,#2646,
#2647,#2648,#2649,#2650,#2651,#2652,#2653,#2654,#2655,#2656,#2657,#2658,
#2659,#2660,#2661,#2662,#2663,#2664,#2665,#2666,#2667,#2668,#2669,#2670,
#2671,#2672,#2673,#2674,#2675,#2676,#2677,#2678,#2679,#2680,#2681,#2682,
#2683,#2684,#2685,#2686,#2687,#2688,#2689,#2690,#2691,#2692,#2693,#2694,
#2695,#2696,#2697,#2698,#2699,#2700,#2701,#2702,#2703,#2704,#2705,#2706,
#2707,#2708,#2709,#2710,#2711,#2712,#2713,#2714,#2715,#2716,#2717,#2718,
#2719),.UNSPECIFIED.,.T.,.F.,(1,1,1,1,1,1,1,1,1,1,1,1,1,1,1,1,1,1,1,1,1,
1,1,1,1,1,1,1,1,1,1,1,1,1,1,1,1,1,1,1,1,1,1,1,1,1,1,1,1,1,1,1,1,1,1,1,1,
1,1,1,1,1,1,1,1,1,1,1,1,1,1,1,1,1,1,1,1,1,1,1,1,1,1,1,1,1,1,1,1,1,1,1,1,
1,1,1,1,1,1,1,1,1,1,1,1,1,1,1,1,1,1,1,1,1,1,1,1,1,1,1,1,1,1,1,1,1,1,1,1,
1,1,1,1,1,1,1,1,1,1,1,1,1,1,1,1,1,1,1,1,1,1,1,1,1,1,1,1,1,1,1,1,1,1,1,1,
1,1,1,1,1,1,1,1,1,1,1,1,1,1,1,1,1,1,1,1,1,1,1,1,1,1,1,1,1,1,1,1,1,1,1,1,
1,1,1,1,1,1,1,1,1,1,1,1,1,1,1,1,1,1,1,1,1,1,1,1,1,1,1,1,1,1,1,1,1,1,1,1,
1,1,1,1,1,1,1,1,1,1,1,1,1,1,1,1,1,1,1,1,1,1,1,1,1,1,1,1,1,1,1,1,1,1,1,1,
1,1,1,1,1,1,1,1,1,1,1,1,1,1,1,1,1,1,1,1,1,1,1,1,1,1,1,1,1,1,1,1,1,1,1,1,
1,1,1,1,1,1,1,1,1,1,1,1,1,1,1,1,1,1,1,1,1,1,1,1,1,1,1,1,1,1,1,1,1,1,1,1,
1,1,1,1,1,1,1,1,1,1,1,1,1,1,1,1,1,1,1,1,1,1,1,1,1,1,1,1,1,1,1,1,1,1,1,1,
1,1,1,1,1,1,1,1,1,1,1,1,1,1,1,1,1,1,1,1,1,1,1,1,1,1,1,1,1,1,1,1,1,1,1,1,
1,1,1,1,1,1,1,1,1,1,1,1,1,1,1,1,1,1,1,1,1,1,1,1,1,1,1,1,1,1,1,1,1,1,1,1,
1,1,1,1,1,1,1,1,1,1,1,1,1,1,1,1,1,1,1,1,1,1,1,1,1,1),(-0.000584360517809815,
-0.000292180258904914,-0.00014609012945245,4.33680868994202E-18,0.000146090129452456,
0.000292180258904908,0.000584360517809811,0.000730450647262263,0.000876540776714715,
0.00102263090616717,0.00116872103561962,0.00131481116507207,0.00146090129452452,
0.00160699142397697,0.00175308155342943,0.00189917168288188,0.00204526181233433,
0.00219135194178678,0.00233744207123923,0.00248353220069168,0.00262962233014414,
0.00277571245959659,0.00292180258904904,0.00306789271850149,0.00321398284795394,
0.00336007297740639,0.00350616310685885,0.00379834336576375,0.0039444334952162,
0.00409052362466865,0.0042366137541211,0.00438270388357356,0.00467488414247846,
0.00482097427193091,0.00496706440138336,0.00511315453083582,0.00525924466028827,
0.00555142491919317,0.00569751504864562,0.00584360517809807,0.00598969530755053,
0.00613578543700298,0.00642796569590788,0.00657405582536033,0.00672014595481278,
0.00686623608426524,0.00701232621371769,0.00715841634317014,0.00730450647262259,
0.00745059660207504,0.00759668673152749,0.00774277686097995,0.0078888669904324,
0.00803495711988485,0.0081810472493373,0.00832713737878975,0.00847322750824221,
0.00861931763769466,0.00876540776714711,0.00891149789659956,0.00905758802605201,
0.00920367815550446,0.00934976828495692,0.00964194854386182,0.00978803867331427,
0.00993412880276672,0.0100802189322192,0.0102263090616716,0.0105184893205765,
0.010664579450029,0.0108106695794814,0.0109567597089339,0.0111028498383863,
0.0113950300972912,0.0115411202267437,0.0116872103561961,0.0118333004856486,
0.011979390615101,0.0122715708740059,0.0124176610034584,0.0125637511329109,
0.0127098412623633,0.0128559313918158,0.0131481116507207,0.0132942017801731,
0.0134402919096256,0.013586382039078,0.0137324721685305,0.0138785622979829,
0.0140246524274354,0.0141707425568878,0.0143168326863403,0.0144629228157927,
0.0146090129452452,0.0147551030746976,0.0149011932041501,0.0150472833336025,
0.015193373463055,0.0153394635925074,0.0154855537219599,0.0156316438514123,
0.0157777339808648,0.0159238241103172,0.0160699142397697,0.0163620944986746,
0.0165081846281271,0.0166542747575795,0.016800364887032,0.0169464550164844,
0.0172386352753893,0.0173847254048418,0.0175308155342942,0.0176769056637467,
0.0178229957931991,0.018115176052104,0.0182612661815565,0.0184073563110089,
0.0185534464404614,0.0186995365699138,0.0188456266993663,0.0189917168288187,
0.0191378069582712,0.0192838970877236,0.0194299872171761,0.0195760773466285,
0.019722167476081,0.0198682576055334,0.0200143477349859,0.0201604378644383,
0.0203065279938908,0.0204526181233433,0.0205987082527957,0.0207447983822482,
0.0208908885117006,0.0210369786411531,0.021329158900058,0.0214752490295104,
0.0216213391589629,0.0217674292884153,0.0219135194178678,0.0222056996767727,
0.0223517898062251,0.0224978799356776,0.02264397006513,0.0227900601945825,
0.0229361503240349,0.0230822404534874,0.0232283305829398,0.0233744207123923,
0.0235205108418447,0.0236666009712972,0.0238126911007496,0.0239587812302021,
0.0241048713596545,0.024250961489107,0.0245431417480119,0.0246892318774644,
0.0248353220069168,0.0249814121363693,0.0251275022658217,0.0254196825247266,
0.0255657726541791,0.0257118627836315,0.025857952913084,0.0260040430425364,
0.0261501331719889,0.0262962233014413,0.0264423134308938,0.0265884035603462,
0.0267344936897987,0.0268805838192511,0.0270266739487036,0.027172764078156,
0.0273188542076085,0.0274649443370609,0.0277571245959658,0.0279032147254183,
0.0280493048548707,0.0281953949843232,0.0283414851137756,0.0286336653726805,
0.028779755502133,0.0289258456315854,0.0290719357610379,0.0292180258904903,
0.0293641160199428,0.0295102061493953,0.0296562962788477,0.0298023864083002,
0.0299484765377526,0.0300945666672051,0.0302406567966575,0.03038674692611,
0.0305328370555624,0.0306789271850149,0.0308250173144673,0.0309711074439198,
0.0311171975733722,0.0312632877028247,0.0314093778322771,0.0315554679617296,
0.0318476482206345,0.0319937383500869,0.0321398284795394,0.0322859186089918,
0.0324320087384443,0.0327241889973492,0.0328702791268016,0.0330163692562541,
0.0331624593857065,0.033308549515159,0.0336007297740639,0.0337468199035164,
0.0338929100329688,0.0340390001624213,0.0341850902918737,0.0343311804213262,
0.0344772705507786,0.0346233606802311,0.0347694508096835,0.034915540939136,
0.0350616310685884,0.0352077211980409,0.0353538113274933,0.0354999014569458,
0.0356459915863982,0.0357920817158507,0.0359381718453031,0.0360842619747556,
0.036230352104208,0.0363764422336605,0.0365225323631129,0.0368147126220178,
0.0369608027514703,0.0371068928809227,0.0372529830103752,0.0373990731398276,
0.0376912533987326,0.037837343528185,0.0379834336576375,0.0381295237870899,
0.0382756139165424,0.0385677941754473,0.0387138843048997,0.0388599744343522,
0.0390060645638046,0.0391521546932571,0.039444334952162,0.0395904250816144,
0.0397365152110669,0.0398826053405193,0.0400286954699718,0.0403208757288767,
0.0404669658583291,0.0406130559877816,0.040759146117234,0.0409052362466865,
0.0410513263761389,0.0411974165055914,0.0413435066350438,0.0414895967644963,
0.0416356868939488,0.0417817770234012,0.0419278671528537,0.0420739572823061,
0.0422200474117586,0.042366137541211,0.0425122276706635,0.0426583178001159,
0.0428044079295684,0.0429504980590208,0.0430965881884733,0.0432426783179257,
0.0433887684473782,0.0435348585768306,0.0436809487062831,0.0438270388357355,
0.043973128965188,0.0441192190946404,0.0442653092240929,0.0444113993535453,
0.0445574894829978,0.0447035796124502,0.0448496697419027,0.0449957598713551,
0.0451418500008076,0.04528794013026,0.0454340302597125,0.0455801203891649,
0.0457262105186174,0.0458723006480698,0.0460183907775223,0.0461644809069747,
0.0463105710364272,0.0464566611658797,0.0466027512953321,0.0467488414247846,
0.046894931554237,0.0470410216836895,0.0471871118131419,0.0473332019425944,
0.0474792920720468,0.0476253822014993,0.0477714723309517,0.0479175624604042,
0.0480636525898566,0.0482097427193091,0.0483558328487615,0.048501922978214,
0.0486480131076664,0.0487941032371189,0.0489401933665713,0.0490862834960238,
0.0492323736254762,0.0493784637549287,0.0495245538843811,0.0496706440138336,
0.0498167341432861,0.0499628242727385,0.050108914402191,0.0502550045316434,
0.0504010946610959,0.0505471847905483,0.0506932749200008,0.0508393650494532,
0.0509854551789057,0.0511315453083581,0.051423725567263,0.0515698156967155,
0.0517159058261679,0.0518619959556204,0.0520080860850728,0.0523002663439777,
0.0524463564734302,0.0525924466028826,0.0527385367323351,0.0528846268617875,
0.0531768071206924,0.0533228972501449,0.0534689873795973,0.0536150775090498,
0.0537611676385022,0.0540533478974071,0.0541994380268596,0.054345528156312,
0.0544916182857645,0.054637708415217,0.0549298886741219,0.0550759788035743,
0.0552220689330268,0.0553681590624792,0.0555142491919317,0.0556603393213841,
0.0558064294508366,0.055952519580289,0.0560986097097415,0.0562446998391939,
0.0563907899686464,0.0565368800980988,0.0566829702275513,0.0568290603570037,
0.0569751504864562,0.0571212406159086,0.0572673307453611,0.0574134208748135,
0.057559511004266,0.0577056011337184,0.0578516912631709,0.0579977813926233,
0.0581438715220758,0.0582899616515282,0.0584360517809807,0.0585821419104331,
0.0587282320398856,0.0588743221693381,0.0590204122987905,0.059166502428243,
0.0593125925576954,0.0594586826871479,0.0596047728166003,0.0598969530755052,
0.0600430432049577,0.0601891333344101,0.0603352234638626,0.060481313593315,
0.0607734938522199,0.0609195839816724,0.0610656741111248,0.0612117642405773,
0.0613578543700297,0.0615039444994822,0.0616500346289346,0.0617961247583871,
0.0619422148878395,0.062088305017292,0.0622343951467444,0.0623804852761969,
0.0625265754056493,0.0626726655351018,0.0628187556645542,0.0629648457940067,
0.0631109359234591,0.0632570260529116,0.063403116182364,0.0635492063118165,
0.063695296441269,0.0639874767001739,0.0641335668296263,0.0642796569590788,
0.0644257470885312,0.0645718372179837,0.0648640174768886,0.065010107606341,
0.0651561977357935,0.0653022878652459,0.0654483779946984,0.0655944681241508,
0.0657405582536033,0.0658866483830557,0.0660327385125082,0.0661788286419606,
0.0663249187714131,0.0664710089008655,0.066617099030318,0.0667631891597704,
0.0669092792892229,0.0670553694186754,0.0672014595481278,0.0673475496775803,
0.0674936398070327,0.0676397299364852,0.0677858200659376,0.0680780003248425,
0.068224090454295,0.0683701805837474,0.0685162707131999,0.0686623608426523,
0.0689545411015572,0.0691006312310097,0.0692467213604621,0.0693928114899146,
0.069538901619367,0.0696849917488195,0.0698310818782719,0.0699771720077244,
0.0701232621371768,0.0702693522666293,0.0704154423960817,0.0705615325255342,
0.0707076226549866,0.0708537127844391,0.0709998029138915,0.071145893043344,
0.0712919831727965,0.0714380733022489,0.0715841634317014,0.0717302535611538,
0.0718763436906063,0.0721685239495112,0.0723146140789636,0.0724607042084161,
0.0726067943378685,0.072752884467321,0.0728989745967734,0.0730450647262259,
0.0731911548556783,0.0733372449851308,0.0734833351145832,0.0736294252440357,
0.0737755153734881,0.0739216055029406,0.074067695632393,0.0742137857618455,
0.0745059660207504,0.0746520561502028,0.0747981462796553,0.0749442364091077,
0.0750903265385602,0.0753825067974651),.UNSPECIFIED.);
#117=B_SPLINE_SURFACE_WITH_KNOTS('',3,1,((#708,#709),(#710,#711),(#712,
#713),(#714,#715),(#716,#717),(#718,#719),(#720,#721),(#722,#723),(#724,
#725),(#726,#727),(#728,#729),(#730,#731),(#732,#733),(#734,#735),(#736,
#737),(#738,#739),(#740,#741),(#742,#743),(#744,#745),(#746,#747),(#748,
#749),(#750,#751),(#752,#753),(#754,#755),(#756,#757),(#758,#759),(#760,
#761),(#762,#763),(#764,#765),(#766,#767),(#768,#769),(#770,#771),(#772,
#773),(#774,#775),(#776,#777),(#778,#779),(#780,#781),(#782,#783),(#784,
#785),(#786,#787),(#788,#789),(#790,#791),(#792,#793),(#794,#795),(#796,
#797),(#798,#799),(#800,#801),(#802,#803),(#804,#805),(#806,#807),(#808,
#809),(#810,#811),(#812,#813),(#814,#815),(#816,#817),(#818,#819),(#820,
#821),(#822,#823),(#824,#825),(#826,#827),(#828,#829),(#830,#831),(#832,
#833),(#834,#835),(#836,#837),(#838,#839),(#840,#841),(#842,#843),(#844,
#845),(#846,#847),(#848,#849),(#850,#851),(#852,#853),(#854,#855),(#856,
#857),(#858,#859),(#860,#861),(#862,#863),(#864,#865),(#866,#867),(#868,
#869),(#870,#871),(#872,#873),(#874,#875),(#876,#877),(#878,#879),(#880,
#881),(#882,#883),(#884,#885),(#886,#887),(#888,#889),(#890,#891),(#892,
#893),(#894,#895),(#896,#897),(#898,#899),(#900,#901),(#902,#903),(#904,
#905),(#906,#907),(#908,#909),(#910,#911),(#912,#913),(#914,#915),(#916,
#917),(#918,#919),(#920,#921),(#922,#923),(#924,#925),(#926,#927),(#928,
#929),(#930,#931),(#932,#933),(#934,#935),(#936,#937),(#938,#939),(#940,
#941),(#942,#943),(#944,#945),(#946,#947),(#948,#949),(#950,#951),(#952,
#953),(#954,#955),(#956,#957),(#958,#959),(#960,#961),(#962,#963),(#964,
#965),(#966,#967),(#968,#969),(#970,#971),(#972,#973),(#974,#975),(#976,
#977),(#978,#979),(#980,#981),(#982,#983),(#984,#985),(#986,#987),(#988,
#989),(#990,#991),(#992,#993),(#994,#995),(#996,#997),(#998,#999),(#1000,
#1001),(#1002,#1003),(#1004,#1005),(#1006,#1007),(#1008,#1009),(#1010,#1011),
(#1012,#1013),(#1014,#1015),(#1016,#1017),(#1018,#1019),(#1020,#1021),(#1022,
#1023),(#1024,#1025),(#1026,#1027),(#1028,#1029),(#1030,#1031),(#1032,#1033),
(#1034,#1035),(#1036,#1037),(#1038,#1039),(#1040,#1041),(#1042,#1043),(#1044,
#1045),(#1046,#1047),(#1048,#1049),(#1050,#1051),(#1052,#1053),(#1054,#1055),
(#1056,#1057),(#1058,#1059),(#1060,#1061),(#1062,#1063),(#1064,#1065),(#1066,
#1067),(#1068,#1069),(#1070,#1071),(#1072,#1073),(#1074,#1075),(#1076,#1077),
(#1078,#1079),(#1080,#1081),(#1082,#1083),(#1084,#1085),(#1086,#1087),(#1088,
#1089),(#1090,#1091),(#1092,#1093),(#1094,#1095),(#1096,#1097),(#1098,#1099),
(#1100,#1101),(#1102,#1103),(#1104,#1105),(#1106,#1107),(#1108,#1109),(#1110,
#1111),(#1112,#1113),(#1114,#1115),(#1116,#1117),(#1118,#1119),(#1120,#1121),
(#1122,#1123),(#1124,#1125),(#1126,#1127),(#1128,#1129),(#1130,#1131),(#1132,
#1133),(#1134,#1135),(#1136,#1137),(#1138,#1139),(#1140,#1141),(#1142,#1143),
(#1144,#1145),(#1146,#1147),(#1148,#1149),(#1150,#1151),(#1152,#1153),(#1154,
#1155),(#1156,#1157),(#1158,#1159),(#1160,#1161),(#1162,#1163),(#1164,#1165),
(#1166,#1167),(#1168,#1169),(#1170,#1171),(#1172,#1173),(#1174,#1175),(#1176,
#1177),(#1178,#1179),(#1180,#1181),(#1182,#1183),(#1184,#1185),(#1186,#1187),
(#1188,#1189),(#1190,#1191),(#1192,#1193),(#1194,#1195),(#1196,#1197),(#1198,
#1199),(#1200,#1201),(#1202,#1203),(#1204,#1205),(#1206,#1207),(#1208,#1209),
(#1210,#1211),(#1212,#1213),(#1214,#1215),(#1216,#1217),(#1218,#1219),(#1220,
#1221),(#1222,#1223),(#1224,#1225),(#1226,#1227),(#1228,#1229),(#1230,#1231),
(#1232,#1233),(#1234,#1235),(#1236,#1237),(#1238,#1239),(#1240,#1241),(#1242,
#1243),(#1244,#1245),(#1246,#1247),(#1248,#1249),(#1250,#1251),(#1252,#1253),
(#1254,#1255),(#1256,#1257),(#1258,#1259),(#1260,#1261),(#1262,#1263),(#1264,
#1265),(#1266,#1267),(#1268,#1269),(#1270,#1271),(#1272,#1273),(#1274,#1275),
(#1276,#1277),(#1278,#1279),(#1280,#1281),(#1282,#1283),(#1284,#1285),(#1286,
#1287),(#1288,#1289),(#1290,#1291),(#1292,#1293),(#1294,#1295),(#1296,#1297),
(#1298,#1299),(#1300,#1301),(#1302,#1303),(#1304,#1305),(#1306,#1307),(#1308,
#1309),(#1310,#1311),(#1312,#1313),(#1314,#1315),(#1316,#1317),(#1318,#1319),
(#1320,#1321),(#1322,#1323),(#1324,#1325),(#1326,#1327),(#1328,#1329),(#1330,
#1331),(#1332,#1333),(#1334,#1335),(#1336,#1337),(#1338,#1339),(#1340,#1341),
(#1342,#1343),(#1344,#1345),(#1346,#1347),(#1348,#1349),(#1350,#1351),(#1352,
#1353),(#1354,#1355),(#1356,#1357),(#1358,#1359),(#1360,#1361),(#1362,#1363),
(#1364,#1365),(#1366,#1367),(#1368,#1369),(#1370,#1371),(#1372,#1373),(#1374,
#1375),(#1376,#1377),(#1378,#1379),(#1380,#1381),(#1382,#1383),(#1384,#1385),
(#1386,#1387),(#1388,#1389),(#1390,#1391),(#1392,#1393),(#1394,#1395),(#1396,
#1397),(#1398,#1399),(#1400,#1401),(#1402,#1403),(#1404,#1405),(#1406,#1407),
(#1408,#1409),(#1410,#1411),(#1412,#1413),(#1414,#1415),(#1416,#1417),(#1418,
#1419),(#1420,#1421),(#1422,#1423),(#1424,#1425),(#1426,#1427),(#1428,#1429),
(#1430,#1431),(#1432,#1433),(#1434,#1435),(#1436,#1437),(#1438,#1439),(#1440,
#1441),(#1442,#1443),(#1444,#1445),(#1446,#1447),(#1448,#1449),(#1450,#1451),
(#1452,#1453),(#1454,#1455),(#1456,#1457),(#1458,#1459),(#1460,#1461),(#1462,
#1463),(#1464,#1465),(#1466,#1467),(#1468,#1469),(#1470,#1471),(#1472,#1473),
(#1474,#1475),(#1476,#1477),(#1478,#1479),(#1480,#1481),(#1482,#1483),(#1484,
#1485),(#1486,#1487),(#1488,#1489),(#1490,#1491),(#1492,#1493),(#1494,#1495),
(#1496,#1497),(#1498,#1499),(#1500,#1501),(#1502,#1503),(#1504,#1505),(#1506,
#1507),(#1508,#1509),(#1510,#1511),(#1512,#1513),(#1514,#1515),(#1516,#1517),
(#1518,#1519),(#1520,#1521),(#1522,#1523),(#1524,#1525),(#1526,#1527),(#1528,
#1529),(#1530,#1531),(#1532,#1533),(#1534,#1535),(#1536,#1537),(#1538,#1539),
(#1540,#1541),(#1542,#1543),(#1544,#1545),(#1546,#1547),(#1548,#1549),(#1550,
#1551),(#1552,#1553),(#1554,#1555),(#1556,#1557),(#1558,#1559),(#1560,#1561),
(#1562,#1563),(#1564,#1565),(#1566,#1567),(#1568,#1569),(#1570,#1571),(#1572,
#1573),(#1574,#1575),(#1576,#1577),(#1578,#1579),(#1580,#1581),(#1582,#1583),
(#1584,#1585),(#1586,#1587),(#1588,#1589),(#1590,#1591),(#1592,#1593),(#1594,
#1595),(#1596,#1597),(#1598,#1599),(#1600,#1601),(#1602,#1603),(#1604,#1605),
(#1606,#1607),(#1608,#1609),(#1610,#1611),(#1612,#1613),(#1614,#1615),(#1616,
#1617),(#1618,#1619),(#1620,#1621),(#1622,#1623),(#1624,#1625),(#1626,#1627),
(#1628,#1629),(#1630,#1631),(#1632,#1633),(#1634,#1635),(#1636,#1637),(#1638,
#1639),(#1640,#1641),(#1642,#1643),(#1644,#1645),(#1646,#1647),(#1648,#1649),
(#1650,#1651),(#1652,#1653),(#1654,#1655),(#1656,#1657),(#1658,#1659),(#1660,
#1661),(#1662,#1663),(#1664,#1665),(#1666,#1667),(#1668,#1669),(#1670,#1671),
(#1672,#1673),(#1674,#1675),(#1676,#1677),(#1678,#1679),(#1680,#1681),(#1682,
#1683),(#1684,#1685),(#1686,#1687),(#1688,#1689),(#1690,#1691),(#1692,#1693),
(#1694,#1695),(#1696,#1697),(#1698,#1699),(#1700,#1701),(#1702,#1703),(#1704,
#1705),(#1706,#1707),(#1708,#1709),(#1710,#1711),(#1712,#1713),(#1714,#1715),
(#1716,#1717),(#1718,#1719),(#1720,#1721),(#1722,#1723),(#1724,#1725),(#1726,
#1727),(#1728,#1729),(#1730,#1731)),.SURF_OF_LINEAR_EXTRUSION.,.T.,.F.,
 .F.,(1,1,1,1,1,1,1,1,1,1,1,1,1,1,1,1,1,1,1,1,1,1,1,1,1,1,1,1,1,1,1,1,1,
1,1,1,1,1,1,1,1,1,1,1,1,1,1,1,1,1,1,1,1,1,1,1,1,1,1,1,1,1,1,1,1,1,1,1,1,
1,1,1,1,1,1,1,1,1,1,1,1,1,1,1,1,1,1,1,1,1,1,1,1,1,1,1,1,1,1,1,1,1,1,1,1,
1,1,1,1,1,1,1,1,1,1,1,1,1,1,1,1,1,1,1,1,1,1,1,1,1,1,1,1,1,1,1,1,1,1,1,1,
1,1,1,1,1,1,1,1,1,1,1,1,1,1,1,1,1,1,1,1,1,1,1,1,1,1,1,1,1,1,1,1,1,1,1,1,
1,1,1,1,1,1,1,1,1,1,1,1,1,1,1,1,1,1,1,1,1,1,1,1,1,1,1,1,1,1,1,1,1,1,1,1,
1,1,1,1,1,1,1,1,1,1,1,1,1,1,1,1,1,1,1,1,1,1,1,1,1,1,1,1,1,1,1,1,1,1,1,1,
1,1,1,1,1,1,1,1,1,1,1,1,1,1,1,1,1,1,1,1,1,1,1,1,1,1,1,1,1,1,1,1,1,1,1,1,
1,1,1,1,1,1,1,1,1,1,1,1,1,1,1,1,1,1,1,1,1,1,1,1,1,1,1,1,1,1,1,1,1,1,1,1,
1,1,1,1,1,1,1,1,1,1,1,1,1,1,1,1,1,1,1,1,1,1,1,1,1,1,1,1,1,1,1,1,1,1,1,1,
1,1,1,1,1,1,1,1,1,1,1,1,1,1,1,1,1,1,1,1,1,1,1,1,1,1,1,1,1,1,1,1,1,1,1,1,
1,1,1,1,1,1,1,1,1,1,1,1,1,1,1,1,1,1,1,1,1,1,1,1,1,1,1,1,1,1,1,1,1,1,1,1,
1,1,1,1,1,1,1,1,1,1,1,1,1,1,1,1,1,1,1,1,1,1,1,1,1,1,1,1,1,1,1,1,1,1,1,1,
1,1,1,1,1,1,1,1,1,1,1,1,1,1,1,1,1,1,1,1,1,1,1,1,1,1,1,1,1,1,1,1,1,1,1,1,
1,1,1,1,1,1,1,1,1,1,1,1,1,1,1),(2,2),(-0.000235616201725262,-0.000117808100862628,
-5.89040504313174E-5,0.,0.000117808100862628,0.000235616201725256,0.000471232403450512,
0.00058904050431314,0.000706848605175769,0.000824656706038397,0.000942464806901025,
0.00117808100862628,0.00129588910948891,0.00141369721035154,0.00153150531121416,
0.00164931341207679,0.00176712151293942,0.00188492961380205,0.00200273771466467,
0.00212054581552731,0.00223835391638994,0.00235616201725256,0.00247397011811519,
0.00259177821897782,0.00270958631984044,0.00282739442070308,0.0029452025215657,
0.00306301062242833,0.00318081872329096,0.00329862682415359,0.00341643492501621,
0.00353424302587885,0.00365205112674147,0.0037698592276041,0.00388766732846673,
0.00400547542932935,0.00412328353019199,0.00424109163105461,0.00435889973191724,
0.00447670783277987,0.0045945159336425,0.00471232403450512,0.00483013213536775,
0.00494794023623038,0.00506574833709301,0.00518355643795564,0.00530136453881826,
0.00541917263968089,0.00547807669011221,0.00553698074054352,0.00565478884140615,
0.00577259694226878,0.0058904050431314,0.00600821314399403,0.00612602124485666,
0.00624382934571929,0.00636163744658192,0.00659725364830717,0.0067150617491698,
0.00683286985003243,0.00695067795089506,0.00706848605175769,0.00718629415262031,
0.00730410225348294,0.00742191035434557,0.0075397184552082,0.00765752655607083,
0.00777533465693345,0.00789314275779608,0.00801095085865871,0.00812875895952134,
0.00824656706038397,0.00836437516124659,0.00848218326210922,0.00859999136297185,
0.00871779946383448,0.00883560756469711,0.00895341566555974,0.00907122376642236,
0.00918903186728499,0.00930683996814762,0.00942464806901025,0.00954245616987287,
0.0096602642707355,0.00977807237159813,0.00989588047246076,0.0100136885733234,
0.010131496674186,0.0102493047750486,0.0103671128759113,0.0104849209767739,
0.0106027290776365,0.0107205371784992,0.0108383452793618,0.0109561533802244,
0.011073961481087,0.0111917695819497,0.0113095776828123,0.0114273857836749,
0.0115451938845375,0.0116630019854002,0.0117808100862628,0.0118986181871254,
0.0120164262879881,0.0121342343888507,0.0122520424897133,0.0123698505905759,
0.0124876586914386,0.0126054667923012,0.0127232748931638,0.0128410829940265,
0.0129588910948891,0.0130766991957517,0.0131945072966143,0.013312315397477,
0.0134301234983396,0.0135479315992022,0.0136657397000649,0.0137835478009275,
0.0139013559017901,0.0140191640026527,0.0141369721035154,0.014254780204378,
0.0143725883052406,0.0144903964061033,0.0146082045069659,0.0147260126078285,
0.0148438207086911,0.0149616288095538,0.0150794369104164,0.0153150531121417,
0.0154328612130043,0.0155506693138669,0.0156684774147295,0.0157862855155921,
0.0160219017173174,0.0161397098181801,0.0162575179190427,0.0163753260199053,
0.016493134120768,0.0166109422216306,0.0167287503224932,0.0168465584233558,
0.0169643665242184,0.0170821746250811,0.0171999827259437,0.0173177908268064,
0.0174355989276689,0.0175534070285316,0.0176712151293942,0.0177890232302568,
0.0179068313311194,0.0180246394319821,0.0181424475328448,0.0182602556337074,
0.01837806373457,0.0184958718354326,0.0186136799362953,0.0187314880371579,
0.0188492961380205,0.0189671042388831,0.0190849123397457,0.0192027204406084,
0.019320528541471,0.0194383366423337,0.0195561447431962,0.0196739528440589,
0.0197917609449215,0.0199095690457841,0.0200273771466468,0.0201451852475094,
0.020262993348372,0.0203808014492346,0.0204986095500973,0.0206164176509599,
0.0207342257518226,0.0208520338526852,0.0209698419535478,0.0210876500544105,
0.021205458155273,0.0213232662561357,0.0214410743569983,0.0215588824578609,
0.0216766905587236,0.0217944986595862,0.0219123067604488,0.0221479229621741,
0.0222657310630367,0.0223835391638993,0.0225013472647619,0.0226191553656246,
0.0228547715673499,0.0229725796682125,0.0230903877690751,0.0232081958699378,
0.0233260039708004,0.0235616201725256,0.0236794282733883,0.0237972363742509,
0.0239150444751135,0.0240328525759761,0.0241506606768387,0.0242684687777014,
0.024386276878564,0.0245040849794266,0.0246218930802892,0.0247397011811519,
0.0248575092820146,0.0249753173828772,0.0250931254837398,0.0252109335846024,
0.0253287416854651,0.0254465497863277,0.0255643578871903,0.025682165988053,
0.0257999740889155,0.0259177821897782,0.0260355902906408,0.0261533983915034,
0.026271206492366,0.0263890145932287,0.0265068226940913,0.0266246307949539,
0.0267424388958166,0.0268602469966792,0.0269780550975419,0.0270958631984045,
0.0272136712992671,0.0273314794001297,0.0274492875009923,0.027567095601855,
0.0276849037027176,0.0278027118035803,0.0279205199044428,0.0280383280053055,
0.0281561361061681,0.0282739442070308,0.0283917523078933,0.028509560408756,
0.0286273685096186,0.0287451766104812,0.0288629847113439,0.0289807928122065,
0.0290986009130692,0.0292164090139318,0.0293342171147944,0.029452025215657,
0.0295698333165197,0.0296876414173823,0.0298054495182449,0.0299232576191075,
0.0300410657199702,0.0301588738208328,0.0302766819216954,0.030394490022558,
0.0305122981234207,0.0306301062242833,0.030747914325146,0.0308657224260085,
0.0309835305268712,0.0311013386277338,0.0312191467285965,0.0313369548294591,
0.0314547629303217,0.0315725710311843,0.0316903791320469,0.0318081872329096,
0.0319259953337722,0.0320438034346349,0.0321616115354975,0.0322794196363601,
0.0323972277372227,0.0325150358380853,0.032632843938948,0.0327506520398106,
0.0328684601406733,0.0329862682415359,0.0331040763423985,0.0332218844432611,
0.0333396925441238,0.0334575006449864,0.033575308745849,0.0336931168467116,
0.0338109249475742,0.0339287330484369,0.0340465411492995,0.0341643492501622,
0.0342821573510248,0.0343999654518874,0.03451777355275,0.0346355816536126,
0.0347533897544753,0.0348711978553379,0.0349890059562006,0.0351068140570632,
0.0352246221579258,0.0353424302587885,0.0354602383596511,0.0355780464605137,
0.0356958545613763,0.0358136626622389,0.0359314707631016,0.0360492788639642,
0.0361670869648269,0.0362848950656894,0.0364027031665521,0.0365205112674147,
0.0366383193682773,0.0367561274691399,0.0368739355700026,0.0369917436708652,
0.0371095517717279,0.0372273598725905,0.0373451679734531,0.0374629760743157,
0.0375807841751784,0.037698592276041,0.0378164003769036,0.0379342084777663,
0.0380520165786289,0.0381698246794915,0.0382876327803541,0.0384054408812168,
0.0385232489820794,0.038641057082942,0.0388766732846673,0.0389944813855299,
0.0391122894863925,0.0392300975872551,0.0393479056881178,0.0394657137889804,
0.039583521889843,0.0397013299907056,0.039760234041137,0.0398191380915683,
0.039936946192431,0.0400547542932936,0.0401725623941562,0.0402903704950188,
0.0404081785958815,0.0405259866967441,0.0406437947976067,0.0407616028984693,
0.040879410999332,0.0409972191001946,0.0410561231506259,0.0411150272010572,
0.0412328353019199,0.0414684515036451,0.0415862596045077,0.0417040677053703,
0.0418218758062329,0.0419396839070956,0.0420574920079583,0.0421753001088208,
0.0422931082096835,0.0423520122601148,0.0424109163105461,0.0425287244114088,
0.0426465325122714,0.042764340613134,0.0428821487139966,0.0429999568148593,
0.0431177649157219,0.0432355730165845,0.0433533811174471,0.0434711892183098,
0.0435889973191724,0.0436479013696037,0.043706805420035,0.0438246135208976,
0.0439424216217603,0.0440602297226229,0.0441780378234855,0.0442958459243481,
0.0444136540252108,0.0445314621260734,0.0446492702269361,0.0447670783277987,
0.0448848864286613,0.0449437904790926,0.0450026945295239,0.0451205026303866,
0.0452383107312492,0.0453561188321118,0.0454739269329745,0.0455917350338371,
0.0457095431346997,0.0458273512355623,0.045945159336425,0.0460629674372876,
0.0461807755381502,0.0462396795885815,0.0462985836390128,0.0464163917398755,
0.0465341998407381,0.0466520079416007,0.0467698160424634,0.046887624143326,
0.0470054322441886,0.0471232403450512,0.0473588565467765,0.0474766646476391,
0.0475944727485018,0.0477122808493644,0.047830088950227,0.0479478970510896,
0.0480657051519523,0.0481835132528149,0.0483013213536775,0.0484191294545401,
0.0485369375554028,0.0486547456562654,0.048772553757128,0.0488903618579907,
0.0490081699588533,0.0491259780597159,0.0492437861605785,0.0493615942614412,
0.0494794023623038,0.0495972104631664,0.0497150185640291,0.0498328266648917,
0.0499506347657543,0.0500684428666169,0.0501862509674796,0.0503040590683422,
0.0504218671692048,0.0505396752700674,0.0506574833709301,0.0507752914717927,
0.0508930995726553,0.051010907673518,0.0511287157743806,0.0512465238752432,
0.0513643319761059,0.0514821400769685,0.0515999481778311,0.0517177562786937,
0.0518355643795564,0.051953372480419,0.0520711805812816,0.0521889886821442,
0.0523067967830069,0.0524246048838695,0.0525424129847321,0.0526602210855948,
0.0527780291864574,0.05289583728732,0.0530136453881826,0.0531314534890453,
0.0532492615899079,0.0533670696907705,0.0534848777916332,0.0536026858924958,
0.0537204939933584,0.053838302094221,0.0539561101950837,0.054015014245515,
0.0540739182959463,0.0541917263968089,0.0543095344976715,0.0544273425985342,
0.0545451506993968,0.0546629588002594,0.0547807669011221,0.0548985750019847,
0.0550163831028473,0.05513419120371,0.0552519993045726,0.0553698074054352,
0.0554876155062978,0.0556054236071605,0.0557232317080231,0.0558410398088857,
0.0559588479097484,0.056076656010611,0.0563122722123362,0.0564300803131989,
0.0564889843636302,0.0565478884140615,0.0566656965149241,0.0567835046157867,
0.0569013127166494,0.057019120817512,0.0571369289183746,0.0572547370192373,
0.0573725451200999,0.0574903532209625,0.0576081613218251,0.0577259694226878,
0.0578437775235504,0.057961585624413,0.0581972018261383,0.0583150099270009,
0.0584328180278635,0.0585506261287262,0.0586684342295888,0.0587862423304514,
0.058904050431314,0.0590218585321767,0.0591396666330393,0.0592574747339019,
0.0593752828347646,0.0594930909356272,0.0596108990364898,0.0597287071373524,
0.0598465152382151,0.0599643233390777,0.0600821314399403,0.060199939540803,
0.0602588435912343,0.0603177476416656,0.0604355557425282,0.0605533638433908,
0.0607889800451161),(0.,1.),.UNSPECIFIED.);
#118=ORIENTED_EDGE('',*,*,#240,.F.);
#119=ORIENTED_EDGE('',*,*,#241,.F.);
#120=ORIENTED_EDGE('',*,*,#242,.T.);
#121=ORIENTED_EDGE('',*,*,#243,.F.);
#122=ORIENTED_EDGE('',*,*,#244,.T.);
#123=ORIENTED_EDGE('',*,*,#243,.T.);
#124=ORIENTED_EDGE('',*,*,#244,.F.);
#125=ORIENTED_EDGE('',*,*,#245,.T.);
#126=ORIENTED_EDGE('',*,*,#242,.F.);
#127=ORIENTED_EDGE('',*,*,#240,.T.);
#128=ORIENTED_EDGE('',*,*,#246,.F.);
#129=ORIENTED_EDGE('',*,*,#247,.F.);
#130=ORIENTED_EDGE('',*,*,#248,.F.);
#131=ORIENTED_EDGE('',*,*,#249,.F.);
#132=ORIENTED_EDGE('',*,*,#250,.F.);
#133=ORIENTED_EDGE('',*,*,#248,.T.);
#134=ORIENTED_EDGE('',*,*,#251,.F.);
#135=ORIENTED_EDGE('',*,*,#246,.T.);
#136=ORIENTED_EDGE('',*,*,#241,.T.);
#137=ORIENTED_EDGE('',*,*,#249,.T.);
#138=ORIENTED_EDGE('',*,*,#250,.T.);
#139=ORIENTED_EDGE('',*,*,#247,.T.);
#140=ORIENTED_EDGE('',*,*,#251,.T.);
#141=ORIENTED_EDGE('',*,*,#252,.F.);
#142=ORIENTED_EDGE('',*,*,#253,.F.);
#143=ORIENTED_EDGE('',*,*,#254,.T.);
#144=ORIENTED_EDGE('',*,*,#255,.T.);
#145=ORIENTED_EDGE('',*,*,#253,.T.);
#146=ORIENTED_EDGE('',*,*,#256,.T.);
#147=ORIENTED_EDGE('',*,*,#257,.F.);
#148=ORIENTED_EDGE('',*,*,#258,.F.);
#149=ORIENTED_EDGE('',*,*,#257,.T.);
#150=ORIENTED_EDGE('',*,*,#259,.T.);
#151=ORIENTED_EDGE('',*,*,#260,.F.);
#152=ORIENTED_EDGE('',*,*,#261,.F.);
#153=ORIENTED_EDGE('',*,*,#262,.F.);
#154=ORIENTED_EDGE('',*,*,#263,.F.);
#155=ORIENTED_EDGE('',*,*,#264,.T.);
#156=ORIENTED_EDGE('',*,*,#265,.T.);
#157=ORIENTED_EDGE('',*,*,#266,.F.);
#158=ORIENTED_EDGE('',*,*,#267,.F.);
#159=ORIENTED_EDGE('',*,*,#268,.T.);
#160=ORIENTED_EDGE('',*,*,#263,.T.);
#161=ORIENTED_EDGE('',*,*,#269,.F.);
#162=ORIENTED_EDGE('',*,*,#270,.F.);
#163=ORIENTED_EDGE('',*,*,#271,.T.);
#164=ORIENTED_EDGE('',*,*,#267,.T.);
#165=ORIENTED_EDGE('',*,*,#272,.F.);
#166=ORIENTED_EDGE('',*,*,#273,.F.);
#167=ORIENTED_EDGE('',*,*,#274,.T.);
#168=ORIENTED_EDGE('',*,*,#275,.T.);
#169=ORIENTED_EDGE('',*,*,#276,.F.);
#170=ORIENTED_EDGE('',*,*,#277,.F.);
#171=ORIENTED_EDGE('',*,*,#278,.T.);
#172=ORIENTED_EDGE('',*,*,#273,.T.);
#173=ORIENTED_EDGE('',*,*,#279,.F.);
#174=ORIENTED_EDGE('',*,*,#280,.F.);
#175=ORIENTED_EDGE('',*,*,#281,.T.);
#176=ORIENTED_EDGE('',*,*,#277,.T.);
#177=ORIENTED_EDGE('',*,*,#282,.T.);
#178=ORIENTED_EDGE('',*,*,#245,.F.);
#179=ORIENTED_EDGE('',*,*,#283,.F.);
#180=ORIENTED_EDGE('',*,*,#265,.F.);
#181=ORIENTED_EDGE('',*,*,#284,.T.);
#182=ORIENTED_EDGE('',*,*,#270,.T.);
#183=ORIENTED_EDGE('',*,*,#285,.F.);
#184=ORIENTED_EDGE('',*,*,#275,.F.);
#185=ORIENTED_EDGE('',*,*,#286,.T.);
#186=ORIENTED_EDGE('',*,*,#280,.T.);
#187=ORIENTED_EDGE('',*,*,#287,.F.);
#188=ORIENTED_EDGE('',*,*,#255,.F.);
#189=ORIENTED_EDGE('',*,*,#288,.T.);
#190=ORIENTED_EDGE('',*,*,#260,.T.);
#191=ORIENTED_EDGE('',*,*,#274,.F.);
#192=ORIENTED_EDGE('',*,*,#278,.F.);
#193=ORIENTED_EDGE('',*,*,#281,.F.);
#194=ORIENTED_EDGE('',*,*,#286,.F.);
#195=ORIENTED_EDGE('',*,*,#264,.F.);
#196=ORIENTED_EDGE('',*,*,#268,.F.);
#197=ORIENTED_EDGE('',*,*,#271,.F.);
#198=ORIENTED_EDGE('',*,*,#284,.F.);
#199=ORIENTED_EDGE('',*,*,#282,.F.);
#200=ORIENTED_EDGE('',*,*,#254,.F.);
#201=ORIENTED_EDGE('',*,*,#258,.T.);
#202=ORIENTED_EDGE('',*,*,#261,.T.);
#203=ORIENTED_EDGE('',*,*,#288,.F.);
#204=ORIENTED_EDGE('',*,*,#256,.F.);
#205=ORIENTED_EDGE('',*,*,#252,.T.);
#206=ORIENTED_EDGE('',*,*,#287,.T.);
#207=ORIENTED_EDGE('',*,*,#259,.F.);
#208=ORIENTED_EDGE('',*,*,#289,.F.);
#209=ORIENTED_EDGE('',*,*,#290,.T.);
#210=ORIENTED_EDGE('',*,*,#291,.T.);
#211=ORIENTED_EDGE('',*,*,#292,.F.);
#212=ORIENTED_EDGE('',*,*,#293,.F.);
#213=ORIENTED_EDGE('',*,*,#294,.T.);
#214=ORIENTED_EDGE('',*,*,#295,.T.);
#215=ORIENTED_EDGE('',*,*,#296,.F.);
#216=ORIENTED_EDGE('',*,*,#291,.F.);
#217=ORIENTED_EDGE('',*,*,#297,.F.);
#218=ORIENTED_EDGE('',*,*,#296,.T.);
#219=ORIENTED_EDGE('',*,*,#298,.T.);
#220=ORIENTED_EDGE('',*,*,#299,.T.);
#221=ORIENTED_EDGE('',*,*,#292,.T.);
#222=ORIENTED_EDGE('',*,*,#298,.F.);
#223=ORIENTED_EDGE('',*,*,#295,.F.);
#224=ORIENTED_EDGE('',*,*,#300,.T.);
#225=ORIENTED_EDGE('',*,*,#289,.T.);
#226=ORIENTED_EDGE('',*,*,#299,.F.);
#227=ORIENTED_EDGE('',*,*,#294,.F.);
#228=ORIENTED_EDGE('',*,*,#290,.F.);
#229=ORIENTED_EDGE('',*,*,#300,.F.);
#230=ORIENTED_EDGE('',*,*,#293,.T.);
#231=ORIENTED_EDGE('',*,*,#297,.T.);
#232=ORIENTED_EDGE('',*,*,#276,.T.);
#233=ORIENTED_EDGE('',*,*,#272,.T.);
#234=ORIENTED_EDGE('',*,*,#285,.T.);
#235=ORIENTED_EDGE('',*,*,#279,.T.);
#236=ORIENTED_EDGE('',*,*,#266,.T.);
#237=ORIENTED_EDGE('',*,*,#262,.T.);
#238=ORIENTED_EDGE('',*,*,#283,.T.);
#239=ORIENTED_EDGE('',*,*,#269,.T.);
#240=EDGE_CURVE('',#301,#301,#344,.F.);
#241=EDGE_CURVE('',#302,#302,#345,.T.);
#242=EDGE_CURVE('',#303,#303,#115,.F.);
#243=EDGE_CURVE('',#304,#304,#116,.T.);
#244=EDGE_CURVE('',#305,#305,#346,.T.);
#245=EDGE_CURVE('',#306,#306,#347,.F.);
#246=EDGE_CURVE('',#307,#308,#14,.F.);
#247=EDGE_CURVE('',#309,#307,#348,.T.);
#248=EDGE_CURVE('',#310,#309,#15,.T.);
#249=EDGE_CURVE('',#308,#310,#349,.F.);
#250=EDGE_CURVE('',#310,#308,#16,.T.);
#251=EDGE_CURVE('',#307,#309,#17,.F.);
#252=EDGE_CURVE('',#311,#312,#18,.T.);
#253=EDGE_CURVE('',#313,#311,#19,.T.);
#254=EDGE_CURVE('',#313,#314,#20,.T.);
#255=EDGE_CURVE('',#314,#312,#21,.T.);
#256=EDGE_CURVE('',#311,#315,#22,.T.);
#257=EDGE_CURVE('',#316,#315,#23,.T.);
#258=EDGE_CURVE('',#313,#316,#24,.T.);
#259=EDGE_CURVE('',#315,#317,#25,.T.);
#260=EDGE_CURVE('',#318,#317,#26,.T.);
#261=EDGE_CURVE('',#316,#318,#27,.T.);
#262=EDGE_CURVE('',#319,#320,#350,.T.);
#263=EDGE_CURVE('',#321,#319,#28,.T.);
#264=EDGE_CURVE('',#321,#322,#351,.T.);
#265=EDGE_CURVE('',#322,#320,#29,.T.);
#266=EDGE_CURVE('',#323,#319,#30,.T.);
#267=EDGE_CURVE('',#324,#323,#31,.T.);
#268=EDGE_CURVE('',#324,#321,#32,.T.);
#269=EDGE_CURVE('',#325,#323,#352,.T.);
#270=EDGE_CURVE('',#326,#325,#33,.T.);
#271=EDGE_CURVE('',#326,#324,#353,.T.);
#272=EDGE_CURVE('',#327,#328,#354,.T.);
#273=EDGE_CURVE('',#329,#327,#34,.T.);
#274=EDGE_CURVE('',#329,#330,#355,.T.);
#275=EDGE_CURVE('',#330,#328,#35,.T.);
#276=EDGE_CURVE('',#331,#327,#36,.T.);
#277=EDGE_CURVE('',#332,#331,#37,.T.);
#278=EDGE_CURVE('',#332,#329,#38,.T.);
#279=EDGE_CURVE('',#333,#331,#356,.T.);
#280=EDGE_CURVE('',#334,#333,#39,.T.);
#281=EDGE_CURVE('',#334,#332,#357,.T.);
#282=EDGE_CURVE('',#335,#335,#358,.F.);
#283=EDGE_CURVE('',#320,#325,#40,.T.);
#284=EDGE_CURVE('',#322,#326,#41,.T.);
#285=EDGE_CURVE('',#328,#333,#42,.T.);
#286=EDGE_CURVE('',#330,#334,#43,.T.);
#287=EDGE_CURVE('',#312,#317,#359,.T.);
#288=EDGE_CURVE('',#314,#318,#360,.T.);
#289=EDGE_CURVE('',#336,#337,#44,.T.);
#290=EDGE_CURVE('',#336,#338,#45,.T.);
#291=EDGE_CURVE('',#338,#339,#46,.T.);
#292=EDGE_CURVE('',#337,#339,#361,.T.);
#293=EDGE_CURVE('',#340,#341,#47,.T.);
#294=EDGE_CURVE('',#340,#342,#48,.T.);
#295=EDGE_CURVE('',#342,#343,#362,.T.);
#296=EDGE_CURVE('',#341,#343,#49,.T.);
#297=EDGE_CURVE('',#341,#338,#50,.T.);
#298=EDGE_CURVE('',#343,#339,#51,.T.);
#299=EDGE_CURVE('',#342,#337,#52,.T.);
#300=EDGE_CURVE('',#340,#336,#53,.T.);
#301=VERTEX_POINT('',#705);
#302=VERTEX_POINT('',#707);
#303=VERTEX_POINT('',#2244);
#304=VERTEX_POINT('',#2720);
#305=VERTEX_POINT('',#2723);
#306=VERTEX_POINT('',#2726);
#307=VERTEX_POINT('',#2730);
#308=VERTEX_POINT('',#2731);
#309=VERTEX_POINT('',#2733);
#310=VERTEX_POINT('',#2735);
#311=VERTEX_POINT('',#2744);
#312=VERTEX_POINT('',#2745);
#313=VERTEX_POINT('',#2747);
#314=VERTEX_POINT('',#2749);
#315=VERTEX_POINT('',#2753);
#316=VERTEX_POINT('',#2755);
#317=VERTEX_POINT('',#2759);
#318=VERTEX_POINT('',#2761);
#319=VERTEX_POINT('',#2765);
#320=VERTEX_POINT('',#2766);
#321=VERTEX_POINT('',#2768);
#322=VERTEX_POINT('',#2770);
#323=VERTEX_POINT('',#2774);
#324=VERTEX_POINT('',#2776);
#325=VERTEX_POINT('',#2780);
#326=VERTEX_POINT('',#2782);
#327=VERTEX_POINT('',#2786);
#328=VERTEX_POINT('',#2787);
#329=VERTEX_POINT('',#2789);
#330=VERTEX_POINT('',#2791);
#331=VERTEX_POINT('',#2795);
#332=VERTEX_POINT('',#2797);
#333=VERTEX_POINT('',#2801);
#334=VERTEX_POINT('',#2803);
#335=VERTEX_POINT('',#2807);
#336=VERTEX_POINT('',#2820);
#337=VERTEX_POINT('',#2821);
#338=VERTEX_POINT('',#2823);
#339=VERTEX_POINT('',#2825);
#340=VERTEX_POINT('',#2829);
#341=VERTEX_POINT('',#2830);
#342=VERTEX_POINT('',#2832);
#343=VERTEX_POINT('',#2834);
#344=CIRCLE('',#514,0.003875);
#345=CIRCLE('',#515,0.003875);
#346=CIRCLE('',#517,0.00766358523080439);
#347=CIRCLE('',#519,0.00589581827803113);
#348=CIRCLE('',#522,0.0031);
#349=CIRCLE('',#523,0.0031);
#350=CIRCLE('',#531,0.000276509672403336);
#351=CIRCLE('',#532,0.000276509672403336);
#352=CIRCLE('',#535,0.000276509672403336);
#353=CIRCLE('',#536,0.000276509672403336);
#354=CIRCLE('',#538,0.000331811606884003);
#355=CIRCLE('',#539,0.000331811606884003);
#356=CIRCLE('',#542,0.000331811606883996);
#357=CIRCLE('',#543,0.000331811606883996);
#358=CIRCLE('',#545,0.00589581827803113);
#359=CIRCLE('',#549,0.00309492802113128);
#360=CIRCLE('',#550,0.00309492802113128);
#361=CIRCLE('',#553,0.00228634438358001);
#362=CIRCLE('',#555,0.00228634438358001);
#363=EDGE_LOOP('',(#118));
#364=EDGE_LOOP('',(#119));
#365=EDGE_LOOP('',(#120));
#366=EDGE_LOOP('',(#121));
#367=EDGE_LOOP('',(#122));
#368=EDGE_LOOP('',(#123));
#369=EDGE_LOOP('',(#124));
#370=EDGE_LOOP('',(#125));
#371=EDGE_LOOP('',(#126));
#372=EDGE_LOOP('',(#127));
#373=EDGE_LOOP('',(#128,#129,#130,#131));
#374=EDGE_LOOP('',(#132,#133,#134,#135));
#375=EDGE_LOOP('',(#136));
#376=EDGE_LOOP('',(#137,#138));
#377=EDGE_LOOP('',(#139,#140));
#378=EDGE_LOOP('',(#141,#142,#143,#144));
#379=EDGE_LOOP('',(#145,#146,#147,#148));
#380=EDGE_LOOP('',(#149,#150,#151,#152));
#381=EDGE_LOOP('',(#153,#154,#155,#156));
#382=EDGE_LOOP('',(#157,#158,#159,#160));
#383=EDGE_LOOP('',(#161,#162,#163,#164));
#384=EDGE_LOOP('',(#165,#166,#167,#168));
#385=EDGE_LOOP('',(#169,#170,#171,#172));
#386=EDGE_LOOP('',(#173,#174,#175,#176));
#387=EDGE_LOOP('',(#177));
#388=EDGE_LOOP('',(#178));
#389=EDGE_LOOP('',(#179,#180,#181,#182));
#390=EDGE_LOOP('',(#183,#184,#185,#186));
#391=EDGE_LOOP('',(#187,#188,#189,#190));
#392=EDGE_LOOP('',(#191,#192,#193,#194));
#393=EDGE_LOOP('',(#195,#196,#197,#198));
#394=EDGE_LOOP('',(#199));
#395=EDGE_LOOP('',(#200,#201,#202,#203));
#396=EDGE_LOOP('',(#204,#205,#206,#207));
#397=EDGE_LOOP('',(#208,#209,#210,#211));
#398=EDGE_LOOP('',(#212,#213,#214,#215));
#399=EDGE_LOOP('',(#216,#217,#218,#219));
#400=EDGE_LOOP('',(#220,#221,#222,#223));
#401=EDGE_LOOP('',(#224,#225,#226,#227));
#402=EDGE_LOOP('',(#228,#229,#230,#231));
#403=EDGE_LOOP('',(#232,#233,#234,#235));
#404=EDGE_LOOP('',(#236,#237,#238,#239));
#405=FACE_BOUND('',#363,.T.);
#406=FACE_BOUND('',#364,.T.);
#407=FACE_BOUND('',#365,.T.);
#408=FACE_BOUND('',#366,.T.);
#409=FACE_BOUND('',#367,.T.);
#410=FACE_BOUND('',#368,.T.);
#411=FACE_BOUND('',#369,.T.);
#412=FACE_BOUND('',#370,.T.);
#413=FACE_BOUND('',#371,.T.);
#414=FACE_BOUND('',#372,.T.);
#415=FACE_BOUND('',#373,.T.);
#416=FACE_BOUND('',#374,.T.);
#417=FACE_BOUND('',#375,.T.);
#418=FACE_BOUND('',#376,.T.);
#419=FACE_BOUND('',#377,.T.);
#420=FACE_BOUND('',#378,.T.);
#421=FACE_BOUND('',#379,.T.);
#422=FACE_BOUND('',#380,.T.);
#423=FACE_BOUND('',#381,.T.);
#424=FACE_BOUND('',#382,.T.);
#425=FACE_BOUND('',#383,.T.);
#426=FACE_BOUND('',#384,.T.);
#427=FACE_BOUND('',#385,.T.);
#428=FACE_BOUND('',#386,.T.);
#429=FACE_BOUND('',#387,.T.);
#430=FACE_BOUND('',#388,.T.);
#431=FACE_BOUND('',#389,.T.);
#432=FACE_BOUND('',#390,.T.);
#433=FACE_BOUND('',#391,.T.);
#434=FACE_BOUND('',#392,.T.);
#435=FACE_BOUND('',#393,.T.);
#436=FACE_BOUND('',#394,.T.);
#437=FACE_BOUND('',#395,.T.);
#438=FACE_BOUND('',#396,.T.);
#439=FACE_BOUND('',#397,.T.);
#440=FACE_BOUND('',#398,.T.);
#441=FACE_BOUND('',#399,.T.);
#442=FACE_BOUND('',#400,.T.);
#443=FACE_BOUND('',#401,.T.);
#444=FACE_BOUND('',#402,.T.);
#445=FACE_BOUND('',#403,.T.);
#446=FACE_BOUND('',#404,.T.);
#447=CYLINDRICAL_SURFACE('',#513,0.003875);
#448=CYLINDRICAL_SURFACE('',#521,0.0031);
#449=CYLINDRICAL_SURFACE('',#530,0.000276509672403336);
#450=CYLINDRICAL_SURFACE('',#534,0.000276509672403336);
#451=CYLINDRICAL_SURFACE('',#537,0.000331811606884003);
#452=CYLINDRICAL_SURFACE('',#541,0.000331811606883996);
#453=CYLINDRICAL_SURFACE('',#544,0.00589581827803113);
#454=CYLINDRICAL_SURFACE('',#548,0.00309492802113128);
#455=CYLINDRICAL_SURFACE('',#557,0.00228634438358001);
#456=ADVANCED_FACE('',(#405,#406),#447,.F.);
#457=ADVANCED_FACE('',(#407,#408),#117,.T.);
#458=ADVANCED_FACE('',(#409,#410),#114,.T.);
#459=ADVANCED_FACE('',(#411,#412),#113,.T.);
#460=ADVANCED_FACE('',(#413,#414),#94,.T.);
#461=ADVANCED_FACE('',(#415),#448,.F.);
#462=ADVANCED_FACE('',(#416),#95,.T.);
#463=ADVANCED_FACE('',(#417,#418),#96,.T.);
#464=ADVANCED_FACE('',(#419),#97,.T.);
#465=ADVANCED_FACE('',(#420),#98,.T.);
#466=ADVANCED_FACE('',(#421),#99,.F.);
#467=ADVANCED_FACE('',(#422),#100,.F.);
#468=ADVANCED_FACE('',(#423),#449,.F.);
#469=ADVANCED_FACE('',(#424),#101,.T.);
#470=ADVANCED_FACE('',(#425),#450,.F.);
#471=ADVANCED_FACE('',(#426),#451,.F.);
#472=ADVANCED_FACE('',(#427),#102,.T.);
#473=ADVANCED_FACE('',(#428),#452,.F.);
#474=ADVANCED_FACE('',(#429,#430),#453,.T.);
#475=ADVANCED_FACE('',(#431),#103,.T.);
#476=ADVANCED_FACE('',(#432),#104,.T.);
#477=ADVANCED_FACE('',(#433),#454,.F.);
#478=ADVANCED_FACE('Face appearance 1',(#434,#435,#436,#437),#105,.T.);
#479=ADVANCED_FACE('',(#438,#439),#106,.T.);
#480=ADVANCED_FACE('Face appearance 1',(#440),#107,.T.);
#481=ADVANCED_FACE('',(#441),#108,.T.);
#482=ADVANCED_FACE('',(#442),#455,.T.);
#483=ADVANCED_FACE('',(#443),#109,.F.);
#484=ADVANCED_FACE('',(#444),#110,.T.);
#485=ADVANCED_FACE('',(#445),#111,.T.);
#486=ADVANCED_FACE('',(#446),#112,.T.);
#487=CLOSED_SHELL('',(#456,#457,#458,#459,#460,#461,#462,#463,#464,#465,
#466,#467,#468,#469,#470,#471,#472,#473,#474,#475,#476,#477,#478,#479,#480,
#481,#482,#483,#484,#485,#486));
#488=STYLED_ITEM('',(#489),#509);
#489=PRESENTATION_STYLE_ASSIGNMENT((#492));
#490=PRESENTATION_STYLE_ASSIGNMENT((#493));
#491=PRESENTATION_STYLE_ASSIGNMENT((#494));
#492=SURFACE_STYLE_USAGE(.BOTH.,#495);
#493=SURFACE_STYLE_USAGE(.BOTH.,#496);
#494=SURFACE_STYLE_USAGE(.BOTH.,#497);
#495=SURFACE_SIDE_STYLE('',(#498));
#496=SURFACE_SIDE_STYLE('',(#499));
#497=SURFACE_SIDE_STYLE('',(#500));
#498=SURFACE_STYLE_FILL_AREA(#501);
#499=SURFACE_STYLE_FILL_AREA(#502);
#500=SURFACE_STYLE_FILL_AREA(#503);
#501=FILL_AREA_STYLE('',(#504));
#502=FILL_AREA_STYLE('',(#505));
#503=FILL_AREA_STYLE('',(#506));
#504=FILL_AREA_STYLE_COLOUR('',#507);
#505=FILL_AREA_STYLE_COLOUR('',#508);
#506=FILL_AREA_STYLE_COLOUR('',#508);
#507=DRAUGHTING_PRE_DEFINED_COLOUR('white');
#508=DRAUGHTING_PRE_DEFINED_COLOUR('black');
#509=MANIFOLD_SOLID_BREP('brep_1',#487);
#510=SHAPE_DEFINITION_REPRESENTATION(#2852,#511);
#511=SHAPE_REPRESENTATION('brep_1',(#512),#2847);
#512=AXIS2_PLACEMENT_3D('',#702,#562,#563);
#513=AXIS2_PLACEMENT_3D('',#703,#564,#565);
#514=AXIS2_PLACEMENT_3D('',#704,#566,#567);
#515=AXIS2_PLACEMENT_3D('',#706,#568,#569);
#516=AXIS2_PLACEMENT_3D('',#2721,#570,#571);
#517=AXIS2_PLACEMENT_3D('',#2722,#572,#573);
#518=AXIS2_PLACEMENT_3D('',#2724,#574,#575);
#519=AXIS2_PLACEMENT_3D('',#2725,#576,#577);
#520=AXIS2_PLACEMENT_3D('',#2727,#578,#579);
#521=AXIS2_PLACEMENT_3D('',#2728,#580,#581);
#522=AXIS2_PLACEMENT_3D('',#2732,#583,#584);
#523=AXIS2_PLACEMENT_3D('',#2736,#586,#587);
#524=AXIS2_PLACEMENT_3D('',#2737,#588,#589);
#525=AXIS2_PLACEMENT_3D('',#2740,#592,#593);
#526=AXIS2_PLACEMENT_3D('',#2741,#594,#595);
#527=AXIS2_PLACEMENT_3D('',#2742,#596,#597);
#528=AXIS2_PLACEMENT_3D('',#2751,#602,#603);
#529=AXIS2_PLACEMENT_3D('',#2757,#607,#608);
#530=AXIS2_PLACEMENT_3D('',#2763,#612,#613);
#531=AXIS2_PLACEMENT_3D('',#2764,#614,#615);
#532=AXIS2_PLACEMENT_3D('',#2769,#617,#618);
#533=AXIS2_PLACEMENT_3D('',#2772,#620,#621);
#534=AXIS2_PLACEMENT_3D('',#2778,#625,#626);
#535=AXIS2_PLACEMENT_3D('',#2779,#627,#628);
#536=AXIS2_PLACEMENT_3D('',#2783,#630,#631);
#537=AXIS2_PLACEMENT_3D('',#2784,#632,#633);
#538=AXIS2_PLACEMENT_3D('',#2785,#634,#635);
#539=AXIS2_PLACEMENT_3D('',#2790,#637,#638);
#540=AXIS2_PLACEMENT_3D('',#2793,#640,#641);
#541=AXIS2_PLACEMENT_3D('',#2799,#645,#646);
#542=AXIS2_PLACEMENT_3D('',#2800,#647,#648);
#543=AXIS2_PLACEMENT_3D('',#2804,#650,#651);
#544=AXIS2_PLACEMENT_3D('',#2805,#652,#653);
#545=AXIS2_PLACEMENT_3D('',#2806,#654,#655);
#546=AXIS2_PLACEMENT_3D('',#2808,#656,#657);
#547=AXIS2_PLACEMENT_3D('',#2811,#660,#661);
#548=AXIS2_PLACEMENT_3D('',#2814,#664,#665);
#549=AXIS2_PLACEMENT_3D('',#2815,#666,#667);
#550=AXIS2_PLACEMENT_3D('',#2816,#668,#669);
#551=AXIS2_PLACEMENT_3D('',#2817,#670,#671);
#552=AXIS2_PLACEMENT_3D('',#2818,#672,#673);
#553=AXIS2_PLACEMENT_3D('',#2826,#677,#678);
#554=AXIS2_PLACEMENT_3D('',#2827,#679,#680);
#555=AXIS2_PLACEMENT_3D('',#2833,#683,#684);
#556=AXIS2_PLACEMENT_3D('',#2836,#686,#687);
#557=AXIS2_PLACEMENT_3D('',#2839,#690,#691);
#558=AXIS2_PLACEMENT_3D('',#2841,#693,#694);
#559=AXIS2_PLACEMENT_3D('',#2843,#696,#697);
#560=AXIS2_PLACEMENT_3D('',#2844,#698,#699);
#561=AXIS2_PLACEMENT_3D('',#2845,#700,#701);
#562=DIRECTION('',(0.,0.,1.));
#563=DIRECTION('',(1.,0.,0.));
#564=DIRECTION('',(0.,0.,-1.));
#565=DIRECTION('',(1.,0.,0.));
#566=DIRECTION('',(0.,0.,-1.));
#567=DIRECTION('',(-1.,0.,0.));
#568=DIRECTION('',(0.,0.,-1.));
#569=DIRECTION('',(-1.,0.,0.));
#570=DIRECTION('',(3.63328829935774E-15,1.1568677493799E-14,-1.));
#571=DIRECTION('',(0.,1.,1.1568677493799E-14));
#572=DIRECTION('',(3.63328829935774E-15,1.1568677493799E-14,-1.));
#573=DIRECTION('',(0.,1.,1.1568677493799E-14));
#574=DIRECTION('',(8.36390088717131E-16,3.04708022948579E-16,1.));
#575=DIRECTION('',(1.,0.,-8.36390088717131E-16));
#576=DIRECTION('',(8.36390088717131E-16,3.04708022948579E-16,1.));
#577=DIRECTION('',(1.,0.,-8.36390088717131E-16));
#578=DIRECTION('',(0.,0.,-1.));
#579=DIRECTION('',(1.,0.,0.));
#580=DIRECTION('',(0.,0.,-1.));
#581=DIRECTION('',(1.,0.,0.));
#582=DIRECTION('',(0.,0.,1.));
#583=DIRECTION('',(0.,0.,-1.));
#584=DIRECTION('',(-1.,0.,0.));
#585=DIRECTION('',(0.,0.,1.));
#586=DIRECTION('',(0.,0.,-1.));
#587=DIRECTION('',(-1.,0.,0.));
#588=DIRECTION('',(1.,0.,0.));
#589=DIRECTION('',(0.,1.,0.));
#590=DIRECTION('',(0.,-1.,0.));
#591=DIRECTION('',(0.,-1.,0.));
#592=DIRECTION('',(0.,0.,-1.));
#593=DIRECTION('',(1.,0.,0.));
#594=DIRECTION('',(0.,0.,-1.));
#595=DIRECTION('',(1.,0.,0.));
#596=DIRECTION('',(1.,0.,0.));
#597=DIRECTION('',(0.,0.,-1.));
#598=DIRECTION('',(0.,-1.,0.));
#599=DIRECTION('',(0.,0.,-1.));
#600=DIRECTION('',(0.,-1.,0.));
#601=DIRECTION('',(0.,0.,-1.));
#602=DIRECTION('',(0.,1.,0.));
#603=DIRECTION('',(0.,0.,1.));
#604=DIRECTION('',(1.,0.,0.));
#605=DIRECTION('',(0.,0.,-1.));
#606=DIRECTION('',(1.,0.,0.));
#607=DIRECTION('',(1.,0.,0.));
#608=DIRECTION('',(0.,0.,-1.));
#609=DIRECTION('',(0.,-1.,0.));
#610=DIRECTION('',(0.,0.,-1.));
#611=DIRECTION('',(0.,-1.,0.));
#612=DIRECTION('',(0.,0.,-1.));
#613=DIRECTION('',(-1.,0.,0.));
#614=DIRECTION('',(0.,0.,1.));
#615=DIRECTION('',(1.,0.,0.));
#616=DIRECTION('',(0.,0.,-1.));
#617=DIRECTION('',(0.,0.,1.));
#618=DIRECTION('',(1.,0.,0.));
#619=DIRECTION('',(0.,0.,-1.));
#620=DIRECTION('',(-1.,0.,0.));
#621=DIRECTION('',(0.,0.,1.));
#622=DIRECTION('',(0.,1.,0.));
#623=DIRECTION('',(0.,0.,-1.));
#624=DIRECTION('',(0.,1.,0.));
#625=DIRECTION('',(0.,0.,-1.));
#626=DIRECTION('',(-1.,0.,0.));
#627=DIRECTION('',(0.,0.,1.));
#628=DIRECTION('',(1.,0.,0.));
#629=DIRECTION('',(0.,0.,-1.));
#630=DIRECTION('',(0.,0.,1.));
#631=DIRECTION('',(1.,0.,0.));
#632=DIRECTION('',(0.,0.,-1.));
#633=DIRECTION('',(-1.,0.,0.));
#634=DIRECTION('',(0.,0.,1.));
#635=DIRECTION('',(1.,0.,0.));
#636=DIRECTION('',(0.,0.,-1.));
#637=DIRECTION('',(0.,0.,1.));
#638=DIRECTION('',(1.,0.,0.));
#639=DIRECTION('',(0.,0.,-1.));
#640=DIRECTION('',(1.,0.,0.));
#641=DIRECTION('',(0.,0.,-1.));
#642=DIRECTION('',(0.,-1.,0.));
#643=DIRECTION('',(0.,0.,-1.));
#644=DIRECTION('',(0.,-1.,0.));
#645=DIRECTION('',(0.,0.,-1.));
#646=DIRECTION('',(-1.,0.,0.));
#647=DIRECTION('',(0.,0.,1.));
#648=DIRECTION('',(1.,0.,0.));
#649=DIRECTION('',(0.,0.,-1.));
#650=DIRECTION('',(0.,0.,1.));
#651=DIRECTION('',(1.,0.,0.));
#652=DIRECTION('',(0.,0.,-1.));
#653=DIRECTION('',(-1.,0.,0.));
#654=DIRECTION('',(8.36390088717131E-16,3.04708022948579E-16,1.));
#655=DIRECTION('',(1.,0.,-8.36390088717131E-16));
#656=DIRECTION('',(1.,0.,0.));
#657=DIRECTION('',(0.,0.,-1.));
#658=DIRECTION('',(0.,-1.,0.));
#659=DIRECTION('',(0.,-1.,0.));
#660=DIRECTION('',(-1.,0.,0.));
#661=DIRECTION('',(0.,0.,1.));
#662=DIRECTION('',(0.,1.,0.));
#663=DIRECTION('',(0.,1.,0.));
#664=DIRECTION('',(0.,0.,-1.));
#665=DIRECTION('',(-1.,0.,0.));
#666=DIRECTION('',(0.,0.,1.));
#667=DIRECTION('',(1.,0.,0.));
#668=DIRECTION('',(0.,0.,1.));
#669=DIRECTION('',(1.,0.,0.));
#670=DIRECTION('',(0.,0.,1.));
#671=DIRECTION('',(1.,0.,0.));
#672=DIRECTION('',(0.,0.,1.));
#673=DIRECTION('',(1.,0.,0.));
#674=DIRECTION('',(0.,-1.,0.));
#675=DIRECTION('',(1.,0.,0.));
#676=DIRECTION('',(0.,-1.,0.));
#677=DIRECTION('',(0.,0.,1.));
#678=DIRECTION('',(1.,0.,0.));
#679=DIRECTION('',(0.,0.,1.));
#680=DIRECTION('',(1.,0.,0.));
#681=DIRECTION('',(1.,0.,0.));
#682=DIRECTION('',(0.,-1.,0.));
#683=DIRECTION('',(0.,0.,1.));
#684=DIRECTION('',(1.,0.,0.));
#685=DIRECTION('',(0.,-1.,0.));
#686=DIRECTION('',(1.,0.,0.));
#687=DIRECTION('',(0.,0.,-1.));
#688=DIRECTION('',(0.,0.,-1.));
#689=DIRECTION('',(0.,0.,-1.));
#690=DIRECTION('',(0.,0.,-1.));
#691=DIRECTION('',(-1.,0.,0.));
#692=DIRECTION('',(0.,0.,-1.));
#693=DIRECTION('',(1.,0.,0.));
#694=DIRECTION('',(0.,0.,-1.));
#695=DIRECTION('',(0.,0.,-1.));
#696=DIRECTION('',(0.,1.,0.));
#697=DIRECTION('',(0.,0.,1.));
#698=DIRECTION('',(0.,0.,1.));
#699=DIRECTION('',(1.,0.,0.));
#700=DIRECTION('',(0.,0.,1.));
#701=DIRECTION('',(1.,0.,0.));
#702=CARTESIAN_POINT('',(0.,0.,0.));
#703=CARTESIAN_POINT('',(-0.0357942098131046,-7.105427357601E-18,0.00821881510188841));
#704=CARTESIAN_POINT('',(-0.0357942098131046,-7.105427357601E-18,0.00472813900991862));
#705=CARTESIAN_POINT('',(-0.0396692098131046,-7.105427357601E-18,0.00472813900991862));
#706=CARTESIAN_POINT('',(-0.0357942098131046,-7.105427357601E-18,0.0117094911938582));
#707=CARTESIAN_POINT('',(-0.0396692098131046,-7.105427357601E-18,0.0117094911938582));
#708=CARTESIAN_POINT('',(-0.0429337034660632,-0.00302286245285172,0.0195169788659784));
#709=CARTESIAN_POINT('',(-0.0429337034660633,-0.00302286245285171,0.00472813900995189));
#710=CARTESIAN_POINT('',(-0.0429500744579476,-0.00293319363207401,0.0195169788659782));
#711=CARTESIAN_POINT('',(-0.0429500744579476,-0.00293319363207401,0.00472813900995169));
#712=CARTESIAN_POINT('',(-0.0430240332257998,-0.00286685090567502,0.019516978865979));
#713=CARTESIAN_POINT('',(-0.0430240332257999,-0.00286685090567501,0.00472813900995249));
#714=CARTESIAN_POINT('',(-0.0431676990709155,-0.00279977869043256,0.0195169788659779));
#715=CARTESIAN_POINT('',(-0.0431676990709156,-0.00279977869043255,0.00472813900995139));
#716=CARTESIAN_POINT('',(-0.0433176838487726,-0.00275046749133583,0.0195169788659784));
#717=CARTESIAN_POINT('',(-0.0433176838487726,-0.00275046749133582,0.00472813900995189));
#718=CARTESIAN_POINT('',(-0.0434563367996666,-0.00267626907861883,0.0195169788659782));
#719=CARTESIAN_POINT('',(-0.0434563367996666,-0.00267626907861882,0.00472813900995173));
#720=CARTESIAN_POINT('',(-0.0435347417682513,-0.00257902807911443,0.0195169788659786));
#721=CARTESIAN_POINT('',(-0.0435347417682513,-0.00257902807911443,0.00472813900995209));
#722=CARTESIAN_POINT('',(-0.0435224544518548,-0.00245461649749944,0.0195169788659773));
#723=CARTESIAN_POINT('',(-0.0435224544518548,-0.00245461649749944,0.00472813900995079));
#724=CARTESIAN_POINT('',(-0.0434537719333347,-0.00231325676890072,0.0195169788659769));
#725=CARTESIAN_POINT('',(-0.0434537719333348,-0.00231325676890071,0.00472813900995045));
#726=CARTESIAN_POINT('',(-0.0433641961210965,-0.0021824945302455,0.0195169788659836));
#727=CARTESIAN_POINT('',(-0.0433641961210965,-0.0021824945302455,0.00472813900995711));
#728=CARTESIAN_POINT('',(-0.0432907687108668,-0.00204573193511994,0.0195169788659776));
#729=CARTESIAN_POINT('',(-0.0432907687108668,-0.00204573193511994,0.00472813900995115));
#730=CARTESIAN_POINT('',(-0.0432792997874656,-0.00191764095152071,0.0195169788659786));
#731=CARTESIAN_POINT('',(-0.0432792997874657,-0.0019176409515207,0.00472813900995207));
#732=CARTESIAN_POINT('',(-0.0433656860911077,-0.00182368832634388,0.0195169788659781));
#733=CARTESIAN_POINT('',(-0.0433656860911078,-0.00182368832634387,0.00472813900995165));
#734=CARTESIAN_POINT('',(-0.04346655937137,-0.00176195219646289,0.0195169788659786));
#735=CARTESIAN_POINT('',(-0.0434665593713701,-0.00176195219646289,0.00472813900995211));
#736=CARTESIAN_POINT('',(-0.0435723540095694,-0.00170515303918796,0.0195169788659782));
#737=CARTESIAN_POINT('',(-0.0435723540095694,-0.00170515303918795,0.00472813900995171));
#738=CARTESIAN_POINT('',(-0.0436745748075309,-0.00164511627873674,0.0195169788659783));
#739=CARTESIAN_POINT('',(-0.043674574807531,-0.00164511627873674,0.00472813900995183));
#740=CARTESIAN_POINT('',(-0.0437702749895334,-0.00157109592576381,0.0195169788659783));
#741=CARTESIAN_POINT('',(-0.0437702749895335,-0.0015710959257638,0.00472813900995177));
#742=CARTESIAN_POINT('',(-0.0438205400815527,-0.00145221174626212,0.0195169788659784));
#743=CARTESIAN_POINT('',(-0.0438205400815527,-0.00145221174626212,0.00472813900995195));
#744=CARTESIAN_POINT('',(-0.0437750400321063,-0.0013327302042618,0.0195169788659778));
#745=CARTESIAN_POINT('',(-0.0437750400321063,-0.0013327302042618,0.00472813900995133));
#746=CARTESIAN_POINT('',(-0.043705026481741,-0.00123572020463269,0.0195169788659784));
#747=CARTESIAN_POINT('',(-0.043705026481741,-0.00123572020463269,0.00472813900995193));
#748=CARTESIAN_POINT('',(-0.0436256651366998,-0.00114300604046754,0.0195169788659783));
#749=CARTESIAN_POINT('',(-0.0436256651366998,-0.00114300604046754,0.00472813900995177));
#750=CARTESIAN_POINT('',(-0.0435494552855033,-0.00105016599950648,0.0195169788659783));
#751=CARTESIAN_POINT('',(-0.0435494552855034,-0.00105016599950648,0.00472813900995183));
#752=CARTESIAN_POINT('',(-0.043482020321567,-0.000945223348684351,0.0195169788659783));
#753=CARTESIAN_POINT('',(-0.043482020321567,-0.000945223348684349,0.00472813900995179));
#754=CARTESIAN_POINT('',(-0.0434908547466516,-0.000816459652180993,0.0195169788659783));
#755=CARTESIAN_POINT('',(-0.0434908547466516,-0.000816459652180991,0.00472813900995179));
#756=CARTESIAN_POINT('',(-0.043578283033745,-0.000725887621978571,0.0195169788659784));
#757=CARTESIAN_POINT('',(-0.0435782830337451,-0.000725887621978569,0.00472813900995189));
#758=CARTESIAN_POINT('',(-0.0436728737572868,-0.000652100227022745,0.0195169788659782));
#759=CARTESIAN_POINT('',(-0.0436728737572869,-0.000652100227022743,0.00472813900995175));
#760=CARTESIAN_POINT('',(-0.0437711458745105,-0.000580043744499137,0.0195169788659784));
#761=CARTESIAN_POINT('',(-0.0437711458745106,-0.000580043744499135,0.00472813900995191));
#762=CARTESIAN_POINT('',(-0.0438623178999117,-0.000501991204828131,0.0195169788659779));
#763=CARTESIAN_POINT('',(-0.0438623178999118,-0.000501991204828129,0.00472813900995141));
#764=CARTESIAN_POINT('',(-0.0439375280160244,-0.000400320192531443,0.0195169788659798));
#765=CARTESIAN_POINT('',(-0.0439375280160245,-0.000400320192531441,0.00472813900995327));
#766=CARTESIAN_POINT('',(-0.0439262525593653,-0.000272198732897023,0.0195169788659728));
#767=CARTESIAN_POINT('',(-0.0439262525593654,-0.000272198732897021,0.00472813900994635));
#768=CARTESIAN_POINT('',(-0.0438503301675155,-0.000174429527355294,0.0195169788659796));
#769=CARTESIAN_POINT('',(-0.0438503301675155,-0.000174429527355292,0.00472813900995313));
#770=CARTESIAN_POINT('',(-0.0437634234654057,-9.11838298721561E-5,0.0195169788659784));
#771=CARTESIAN_POINT('',(-0.0437634234654057,-9.11838298721545E-5,0.00472813900995195));
#772=CARTESIAN_POINT('',(-0.0436717062163455,-1.0910160057698E-5,0.0195169788659764));
#773=CARTESIAN_POINT('',(-0.0436717062163455,-1.09101600576963E-5,0.00472813900994993));
#774=CARTESIAN_POINT('',(-0.0435866962376966,7.14239702073507E-5,0.0195169788659857));
#775=CARTESIAN_POINT('',(-0.0435866962376967,7.14239702073523E-5,0.00472813900995919));
#776=CARTESIAN_POINT('',(-0.0435191497035138,0.000183024505010456,0.0195169788659763));
#777=CARTESIAN_POINT('',(-0.0435191497035139,0.000183024505010457,0.00472813900994981));
#778=CARTESIAN_POINT('',(-0.0435576922359871,0.000308982976947801,0.0195169788659788));
#779=CARTESIAN_POINT('',(-0.0435576922359872,0.000308982976947803,0.00472813900995235));
#780=CARTESIAN_POINT('',(-0.0436394930037829,0.000401136433929585,0.0195169788659781));
#781=CARTESIAN_POINT('',(-0.0436394930037829,0.000401136433929587,0.00472813900995165));
#782=CARTESIAN_POINT('',(-0.0437268317660924,0.00048718082288821,0.0195169788659783));
#783=CARTESIAN_POINT('',(-0.0437268317660924,0.000487180822888212,0.00472813900995183));
#784=CARTESIAN_POINT('',(-0.0438123535379475,0.000574827735707145,0.0195169788659784));
#785=CARTESIAN_POINT('',(-0.0438123535379475,0.000574827735707147,0.00472813900995191));
#786=CARTESIAN_POINT('',(-0.0438876830397535,0.000671053996833216,0.0195169788659778));
#787=CARTESIAN_POINT('',(-0.0438876830397536,0.000671053996833218,0.00472813900995135));
#788=CARTESIAN_POINT('',(-0.0439147561703045,0.000801897332654153,0.0195169788659784));
#789=CARTESIAN_POINT('',(-0.0439147561703045,0.000801897332654155,0.00472813900995191));
#790=CARTESIAN_POINT('',(-0.043839162987228,0.000910920757509896,0.0195169788659783));
#791=CARTESIAN_POINT('',(-0.0438391629872281,0.000910920757509898,0.00472813900995179));
#792=CARTESIAN_POINT('',(-0.0437426481860236,0.000987108384293093,0.0195169788659782));
#793=CARTESIAN_POINT('',(-0.0437426481860237,0.000987108384293095,0.00472813900995171));
#794=CARTESIAN_POINT('',(-0.0436380894107088,0.00105646034166415,0.0195169788659786));
#795=CARTESIAN_POINT('',(-0.0436380894107089,0.00105646034166416,0.00472813900995211));
#796=CARTESIAN_POINT('',(-0.0435354669314418,0.00112650684127383,0.0195169788659773));
#797=CARTESIAN_POINT('',(-0.0435354669314418,0.00112650684127383,0.00472813900995079));
#798=CARTESIAN_POINT('',(-0.0434576829044438,0.00119889439068617,0.0195169788659812));
#799=CARTESIAN_POINT('',(-0.0434576829044438,0.00119889439068617,0.00472813900995475));
#800=CARTESIAN_POINT('',(-0.0434269316554838,0.00127820470686932,0.0195169788659776));
#801=CARTESIAN_POINT('',(-0.0434269316554838,0.00127820470686932,0.00472813900995109));
#802=CARTESIAN_POINT('',(-0.0434333891751922,0.00136302434185613,0.0195169788659795));
#803=CARTESIAN_POINT('',(-0.0434333891751922,0.00136302434185613,0.00472813900995305));
#804=CARTESIAN_POINT('',(-0.0434838968097056,0.001454968857977,0.0195169788659814));
#805=CARTESIAN_POINT('',(-0.0434838968097057,0.001454968857977,0.00472813900995495));
#806=CARTESIAN_POINT('',(-0.0435579692885468,0.00155409676638465,0.0195169788659775));
#807=CARTESIAN_POINT('',(-0.0435579692885469,0.00155409676638465,0.00472813900995099));
#808=CARTESIAN_POINT('',(-0.0436336123533552,0.001653016994402,0.0195169788659786));
#809=CARTESIAN_POINT('',(-0.0436336123533553,0.001653016994402,0.00472813900995207));
#810=CARTESIAN_POINT('',(-0.0436999613270992,0.00175745322519416,0.019516978865978));
#811=CARTESIAN_POINT('',(-0.0436999613270993,0.00175745322519417,0.00472813900995155));
#812=CARTESIAN_POINT('',(-0.0437333752616804,0.0018837921739484,0.019516978865979));
#813=CARTESIAN_POINT('',(-0.0437333752616804,0.00188379217394841,0.00472813900995255));
#814=CARTESIAN_POINT('',(-0.0436652764959131,0.00199689293152428,0.0195169788659756));
#815=CARTESIAN_POINT('',(-0.0436652764959132,0.00199689293152429,0.00472813900994907));
#816=CARTESIAN_POINT('',(-0.0435262062828774,0.00208673060554389,0.0195169788659799));
#817=CARTESIAN_POINT('',(-0.0435262062828775,0.00208673060554389,0.00472813900995339));
#818=CARTESIAN_POINT('',(-0.0433764293278659,0.00215173390567474,0.0195169788659781));
#819=CARTESIAN_POINT('',(-0.0433764293278659,0.00215173390567475,0.00472813900995161));
#820=CARTESIAN_POINT('',(-0.0432341157916824,0.00223290917417385,0.0195169788659783));
#821=CARTESIAN_POINT('',(-0.0432341157916825,0.00223290917417386,0.00472813900995183));
#822=CARTESIAN_POINT('',(-0.0431588092528626,0.00233882099815324,0.0195169788659783));
#823=CARTESIAN_POINT('',(-0.0431588092528626,0.00233882099815324,0.00472813900995179));
#824=CARTESIAN_POINT('',(-0.0431859484957353,0.00246520233953306,0.0195169788659783));
#825=CARTESIAN_POINT('',(-0.0431859484957353,0.00246520233953306,0.00472813900995181));
#826=CARTESIAN_POINT('',(-0.043240784327249,0.00257303880873387,0.0195169788659786));
#827=CARTESIAN_POINT('',(-0.0432407843272491,0.00257303880873387,0.00472813900995207));
#828=CARTESIAN_POINT('',(-0.0433018138735822,0.00267938672313993,0.0195169788659772));
#829=CARTESIAN_POINT('',(-0.0433018138735822,0.00267938672313994,0.00472813900995071));
#830=CARTESIAN_POINT('',(-0.0433567168253623,0.00278682042048276,0.0195169788659823));
#831=CARTESIAN_POINT('',(-0.0433567168253623,0.00278682042048276,0.00472813900995585));
#832=CARTESIAN_POINT('',(-0.0433963590810621,0.0029056525166237,0.0195169788659631));
#833=CARTESIAN_POINT('',(-0.0433963590810622,0.0029056525166237,0.00472813900993663));
#834=CARTESIAN_POINT('',(-0.0433599277498951,0.00303141114428096,0.0195169788659824));
#835=CARTESIAN_POINT('',(-0.0433599277498951,0.00303141114428096,0.00472813900995587));
#836=CARTESIAN_POINT('',(-0.0432522678974006,0.00310099128067222,0.0195169788659772));
#837=CARTESIAN_POINT('',(-0.0432522678974006,0.00310099128067223,0.00472813900995071));
#838=CARTESIAN_POINT('',(-0.0431383561662655,0.00314477177676898,0.0195169788659786));
#839=CARTESIAN_POINT('',(-0.0431383561662656,0.00314477177676898,0.00472813900995211));
#840=CARTESIAN_POINT('',(-0.0430201483791061,0.00318125652780536,0.0195169788659782));
#841=CARTESIAN_POINT('',(-0.0430201483791061,0.00318125652780536,0.00472813900995173));
#842=CARTESIAN_POINT('',(-0.0429061501740185,0.00322115972946292,0.0195169788659783));
#843=CARTESIAN_POINT('',(-0.0429061501740185,0.00322115972946292,0.00472813900995183));
#844=CARTESIAN_POINT('',(-0.0427929323184511,0.00328515359160783,0.0195169788659783));
#845=CARTESIAN_POINT('',(-0.0427929323184512,0.00328515359160784,0.00472813900995179));
#846=CARTESIAN_POINT('',(-0.0427575164773754,0.00341340814924387,0.0195169788659783));
#847=CARTESIAN_POINT('',(-0.0427575164773755,0.00341340814924388,0.00472813900995185));
#848=CARTESIAN_POINT('',(-0.0427927997602147,0.00353446677735556,0.0195169788659781));
#849=CARTESIAN_POINT('',(-0.0427927997602148,0.00353446677735557,0.00472813900995163));
#850=CARTESIAN_POINT('',(-0.0428372811522419,0.0036502080704563,0.019516978865979));
#851=CARTESIAN_POINT('',(-0.0428372811522419,0.0036502080704563,0.00472813900995255));
#852=CARTESIAN_POINT('',(-0.0428818408415455,0.00376688854386457,0.0195169788659763));
#853=CARTESIAN_POINT('',(-0.0428818408415456,0.00376688854386458,0.00472813900994983));
#854=CARTESIAN_POINT('',(-0.0429140347708367,0.00388615071564347,0.0195169788659787));
#855=CARTESIAN_POINT('',(-0.0429140347708367,0.00388615071564347,0.00472813900995221));
#856=CARTESIAN_POINT('',(-0.0428962726695061,0.00401770194627658,0.0195169788659786));
#857=CARTESIAN_POINT('',(-0.0428962726695061,0.00401770194627659,0.00472813900995211));
#858=CARTESIAN_POINT('',(-0.0427882725812819,0.0040944573758621,0.0195169788659766));
#859=CARTESIAN_POINT('',(-0.0427882725812819,0.0040944573758621,0.00472813900995011));
#860=CARTESIAN_POINT('',(-0.0426683351426439,0.0041269239533645,0.0195169788659778));
#861=CARTESIAN_POINT('',(-0.042668335142644,0.0041269239533645,0.00472813900995129));
#862=CARTESIAN_POINT('',(-0.0425452539089282,0.00414813035423024,0.0195169788659784));
#863=CARTESIAN_POINT('',(-0.0425452539089282,0.00414813035423024,0.00472813900995195));
#864=CARTESIAN_POINT('',(-0.0424235666846701,0.00417007746084001,0.0195169788659782));
#865=CARTESIAN_POINT('',(-0.0424235666846701,0.00417007746084002,0.00472813900995171));
#866=CARTESIAN_POINT('',(-0.0423009234037803,0.0042052321366758,0.0195169788659785));
#867=CARTESIAN_POINT('',(-0.0423009234037804,0.00420523213667581,0.00472813900995203));
#868=CARTESIAN_POINT('',(-0.0422181916938751,0.00430825528561052,0.0195169788659775));
#869=CARTESIAN_POINT('',(-0.0422181916938751,0.00430825528561052,0.00472813900995097));
#870=CARTESIAN_POINT('',(-0.0422261807362646,0.00443749971063145,0.0195169788659814));
#871=CARTESIAN_POINT('',(-0.0422261807362646,0.00443749971063145,0.00472813900995491));
#872=CARTESIAN_POINT('',(-0.0422516767727476,0.00455656645844503,0.0195169788659775));
#873=CARTESIAN_POINT('',(-0.0422516767727476,0.00455656645844503,0.00472813900995097));
#874=CARTESIAN_POINT('',(-0.0422811106806037,0.00467705199609518,0.0195169788659785));
#875=CARTESIAN_POINT('',(-0.0422811106806038,0.00467705199609518,0.00472813900995205));
#876=CARTESIAN_POINT('',(-0.0423009854161149,0.00479767406127387,0.0195169788659782));
#877=CARTESIAN_POINT('',(-0.0423009854161149,0.00479767406127387,0.00472813900995167));
#878=CARTESIAN_POINT('',(-0.0422906015848083,0.00492635199886232,0.0195169788659786));
#879=CARTESIAN_POINT('',(-0.0422906015848083,0.00492635199886232,0.00472813900995211));
#880=CARTESIAN_POINT('',(-0.0421937847758502,0.00501396899023175,0.0195169788659772));
#881=CARTESIAN_POINT('',(-0.0421937847758502,0.00501396899023175,0.00472813900995069));
#882=CARTESIAN_POINT('',(-0.0420716288965927,0.00503775358802997,0.0195169788659785));
#883=CARTESIAN_POINT('',(-0.0420716288965928,0.00503775358802997,0.00472813900995199));
#884=CARTESIAN_POINT('',(-0.0419501976778773,0.00504486096105486,0.0195169788659786));
#885=CARTESIAN_POINT('',(-0.0419501976778774,0.00504486096105486,0.00472813900995215));
#886=CARTESIAN_POINT('',(-0.0418269415934649,0.00504766691673969,0.0195169788659767));
#887=CARTESIAN_POINT('',(-0.0418269415934649,0.00504766691673969,0.00472813900995021));
#888=CARTESIAN_POINT('',(-0.0417070418519805,0.00505709478277524,0.0195169788659843));
#889=CARTESIAN_POINT('',(-0.0417070418519805,0.00505709478277524,0.00472813900995785));
#890=CARTESIAN_POINT('',(-0.0415857316164315,0.00510829194516574,0.0195169788659767));
#891=CARTESIAN_POINT('',(-0.0415857316164316,0.00510829194516574,0.00472813900995017));
#892=CARTESIAN_POINT('',(-0.0415450647216609,0.00523400076092444,0.0195169788659788));
#893=CARTESIAN_POINT('',(-0.0415450647216609,0.00523400076092444,0.00472813900995231));
#894=CARTESIAN_POINT('',(-0.0415501928130174,0.00535739399680393,0.0195169788659782));
#895=CARTESIAN_POINT('',(-0.0415501928130174,0.00535739399680393,0.00472813900995167));
#896=CARTESIAN_POINT('',(-0.0415624580328843,0.00548076049107305,0.0195169788659783));
#897=CARTESIAN_POINT('',(-0.0415624580328844,0.00548076049107305,0.00472813900995181));
#898=CARTESIAN_POINT('',(-0.0415704806058458,0.00560385248149806,0.0195169788659784));
#899=CARTESIAN_POINT('',(-0.0415704806058459,0.00560385248149806,0.00472813900995189));
#900=CARTESIAN_POINT('',(-0.0415616502169326,0.0057293251804322,0.019516978865978));
#901=CARTESIAN_POINT('',(-0.0415616502169327,0.0057293251804322,0.00472813900995147));
#902=CARTESIAN_POINT('',(-0.0414852831646659,0.00583599421258458,0.0195169788659784));
#903=CARTESIAN_POINT('',(-0.041485283164666,0.00583599421258458,0.00472813900995189));
#904=CARTESIAN_POINT('',(-0.0413584127134874,0.00586120747051124,0.0195169788659783));
#905=CARTESIAN_POINT('',(-0.0413584127134874,0.00586120747051124,0.00472813900995179));
#906=CARTESIAN_POINT('',(-0.0412365482559745,0.00585601554702676,0.0195169788659783));
#907=CARTESIAN_POINT('',(-0.0412365482559745,0.00585601554702676,0.00472813900995181));
#908=CARTESIAN_POINT('',(-0.0411141249693702,0.00584152673052738,0.0195169788659783));
#909=CARTESIAN_POINT('',(-0.0411141249693703,0.00584152673052738,0.00472813900995181));
#910=CARTESIAN_POINT('',(-0.0409929125631585,0.00583087481928212,0.0195169788659783));
#911=CARTESIAN_POINT('',(-0.0409929125631586,0.00583087481928212,0.00472813900995181));
#912=CARTESIAN_POINT('',(-0.0408660598372482,0.00583854353337422,0.0195169788659783));
#913=CARTESIAN_POINT('',(-0.0408660598372483,0.00583854353337422,0.00472813900995181));
#914=CARTESIAN_POINT('',(-0.0407735669478234,0.00593022937725205,0.0195169788659783));
#915=CARTESIAN_POINT('',(-0.0407735669478235,0.00593022937725205,0.00472813900995179));
#916=CARTESIAN_POINT('',(-0.0407526826379026,0.00605372820045571,0.0195169788659783));
#917=CARTESIAN_POINT('',(-0.0407526826379027,0.00605372820045571,0.00472813900995181));
#918=CARTESIAN_POINT('',(-0.0407453964145955,0.00617480881750987,0.0195169788659783));
#919=CARTESIAN_POINT('',(-0.0407453964145956,0.00617480881750987,0.00472813900995181));
#920=CARTESIAN_POINT('',(-0.0407398511258066,0.00629751838968867,0.0195169788659782));
#921=CARTESIAN_POINT('',(-0.0407398511258066,0.00629751838968867,0.00472813900995175));
#922=CARTESIAN_POINT('',(-0.0407241643116795,0.00641648721812569,0.0195169788659783));
#923=CARTESIAN_POINT('',(-0.0407241643116796,0.00641648721812569,0.00472813900995181));
#924=CARTESIAN_POINT('',(-0.0406706523375046,0.00653558398103913,0.0195169788659783));
#925=CARTESIAN_POINT('',(-0.0406706523375047,0.00653558398103913,0.00472813900995179));
#926=CARTESIAN_POINT('',(-0.0405470774414018,0.00658103924441424,0.0195169788659783));
#927=CARTESIAN_POINT('',(-0.0405470774414018,0.00658103924441424,0.00472813900995181));
#928=CARTESIAN_POINT('',(-0.0404235707100185,0.0065664308350261,0.0195169788659782));
#929=CARTESIAN_POINT('',(-0.0404235707100186,0.0065664308350261,0.00472813900995175));
#930=CARTESIAN_POINT('',(-0.040303658534664,0.00653797848857633,0.0195169788659782));
#931=CARTESIAN_POINT('',(-0.0403036585346641,0.00653797848857633,0.00472813900995169));
#932=CARTESIAN_POINT('',(-0.0401842128159617,0.00650727623458476,0.0195169788659788));
#933=CARTESIAN_POINT('',(-0.0401842128159618,0.00650727623458476,0.00472813900995229));
#934=CARTESIAN_POINT('',(-0.0400626545859196,0.00648463313472042,0.0195169788659782));
#935=CARTESIAN_POINT('',(-0.0400626545859197,0.00648463313472042,0.00472813900995169));
#936=CARTESIAN_POINT('',(-0.0399349912058717,0.00651725869890061,0.0195169788659783));
#937=CARTESIAN_POINT('',(-0.0399349912058717,0.00651725869890061,0.00472813900995181));
#938=CARTESIAN_POINT('',(-0.0398744093906923,0.0066332046844625,0.0195169788659784));
#939=CARTESIAN_POINT('',(-0.0398744093906923,0.0066332046844625,0.00472813900995189));
#940=CARTESIAN_POINT('',(-0.0398472256393136,0.0067516746560118,0.0195169788659779));
#941=CARTESIAN_POINT('',(-0.0398472256393136,0.0067516746560118,0.00472813900995143));
#942=CARTESIAN_POINT('',(-0.039825513071126,0.00687309300630519,0.0195169788659797));
#943=CARTESIAN_POINT('',(-0.0398255130711261,0.00687309300630519,0.00472813900995319));
#944=CARTESIAN_POINT('',(-0.039797938066556,0.00699175503794632,0.0195169788659731));
#945=CARTESIAN_POINT('',(-0.039797938066556,0.00699175503794632,0.00472813900994663));
#946=CARTESIAN_POINT('',(-0.0397507134354529,0.00710793896670238,0.0195169788659795));
#947=CARTESIAN_POINT('',(-0.039750713435453,0.00710793896670238,0.00472813900995301));
#948=CARTESIAN_POINT('',(-0.0396398661630718,0.00717786860979989,0.019516978865978));
#949=CARTESIAN_POINT('',(-0.0396398661630719,0.00717786860979989,0.00472813900995147));
#950=CARTESIAN_POINT('',(-0.0395135147568873,0.00716033911864695,0.0195169788659784));
#951=CARTESIAN_POINT('',(-0.0395135147568874,0.00716033911864695,0.00472813900995189));
#952=CARTESIAN_POINT('',(-0.0393987326936081,0.00712056049299077,0.0195169788659783));
#953=CARTESIAN_POINT('',(-0.0393987326936081,0.00712056049299077,0.00472813900995179));
#954=CARTESIAN_POINT('',(-0.0392846935065078,0.00707245668421318,0.0195169788659783));
#955=CARTESIAN_POINT('',(-0.0392846935065079,0.00707245668421318,0.00472813900995179));
#956=CARTESIAN_POINT('',(-0.0391715851910219,0.00702997509000501,0.0195169788659783));
#957=CARTESIAN_POINT('',(-0.0391715851910219,0.00702997509000501,0.00472813900995183));
#958=CARTESIAN_POINT('',(-0.0390441173144743,0.00700770477990095,0.0195169788659782));
#959=CARTESIAN_POINT('',(-0.0390441173144743,0.00700770477990095,0.00472813900995169));
#960=CARTESIAN_POINT('',(-0.0389362498200759,0.0070846387788669,0.0195169788659788));
#961=CARTESIAN_POINT('',(-0.038936249820076,0.0070846387788669,0.00472813900995231));
#962=CARTESIAN_POINT('',(-0.0388693979916693,0.0072370770868596,0.0195169788659779));
#963=CARTESIAN_POINT('',(-0.0388693979916693,0.0072370770868596,0.00472813900995143));
#964=CARTESIAN_POINT('',(-0.0388233823627033,0.00739352949833697,0.0195169788659788));
#965=CARTESIAN_POINT('',(-0.0388233823627034,0.00739352949833697,0.00472813900995231));
#966=CARTESIAN_POINT('',(-0.0387549831060124,0.00754193311832826,0.0195169788659773));
#967=CARTESIAN_POINT('',(-0.0387549831060124,0.00754193311832826,0.00472813900995085));
#968=CARTESIAN_POINT('',(-0.0386613253668496,0.00763190433524648,0.0195169788659785));
#969=CARTESIAN_POINT('',(-0.0386613253668497,0.00763190433524648,0.00472813900995203));
#970=CARTESIAN_POINT('',(-0.0385315368636243,0.00762680259921251,0.0195169788659782));
#971=CARTESIAN_POINT('',(-0.0385315368636244,0.00762680259921251,0.00472813900995175));
#972=CARTESIAN_POINT('',(-0.0383839066833542,0.00756093419090091,0.0195169788659783));
#973=CARTESIAN_POINT('',(-0.0383839066833543,0.00756093419090091,0.00472813900995179));
#974=CARTESIAN_POINT('',(-0.038246558551343,0.00747315544013408,0.0195169788659785));
#975=CARTESIAN_POINT('',(-0.038246558551343,0.00747315544013408,0.00472813900995197));
#976=CARTESIAN_POINT('',(-0.0380982880933781,0.00740236329602675,0.0195169788659783));
#977=CARTESIAN_POINT('',(-0.0380982880933781,0.00740236329602675,0.00472813900995179));
#978=CARTESIAN_POINT('',(-0.0379688328110696,0.00740845964754977,0.0195169788659783));
#979=CARTESIAN_POINT('',(-0.0379688328110697,0.00740845964754977,0.00472813900995179));
#980=CARTESIAN_POINT('',(-0.0378841916192011,0.00750486211530932,0.0195169788659783));
#981=CARTESIAN_POINT('',(-0.0378841916192011,0.00750486211530932,0.00472813900995183));
#982=CARTESIAN_POINT('',(-0.0378261375582435,0.00761078271208849,0.0195169788659785));
#983=CARTESIAN_POINT('',(-0.0378261375582435,0.00761078271208849,0.00472813900995203));
#984=CARTESIAN_POINT('',(-0.0377722078859711,0.00772080879228087,0.0195169788659773));
#985=CARTESIAN_POINT('',(-0.0377722078859712,0.00772080879228087,0.00472813900995079));
#986=CARTESIAN_POINT('',(-0.0377127389748739,0.00782651921603013,0.019516978865982));
#987=CARTESIAN_POINT('',(-0.037712738974874,0.00782651921603013,0.00472813900995555));
#988=CARTESIAN_POINT('',(-0.0376330775242232,0.00792410628720769,0.0195169788659643));
#989=CARTESIAN_POINT('',(-0.0376330775242232,0.00792410628720769,0.00472813900993779));
#990=CARTESIAN_POINT('',(-0.0375072348724126,0.00795500369979559,0.019516978865982));
#991=CARTESIAN_POINT('',(-0.0375072348724127,0.00795500369979559,0.00472813900995555));
#992=CARTESIAN_POINT('',(-0.0373927371023369,0.00790241858643276,0.0195169788659773));
#993=CARTESIAN_POINT('',(-0.0373927371023369,0.00790241858643276,0.00472813900995079));
#994=CARTESIAN_POINT('',(-0.0372941775106959,0.00783269288181907,0.0195169788659786));
#995=CARTESIAN_POINT('',(-0.037294177510696,0.00783269288181907,0.00472813900995213));
#996=CARTESIAN_POINT('',(-0.0371988332257643,0.00775576304777004,0.019516978865978));
#997=CARTESIAN_POINT('',(-0.0371988332257643,0.00775576304777004,0.00472813900995149));
#998=CARTESIAN_POINT('',(-0.0371015211243148,0.00768389491665509,0.0195169788659791));
#999=CARTESIAN_POINT('',(-0.0371015211243148,0.00768389491665509,0.00472813900995263));
#1000=CARTESIAN_POINT('',(-0.0369870565091674,0.00762914986543566,0.0195169788659781));
#1001=CARTESIAN_POINT('',(-0.0369870565091675,0.00762914986543566,0.00472813900995159));
#1002=CARTESIAN_POINT('',(-0.0368638835674289,0.00767174977266201,0.0195169788659783));
#1003=CARTESIAN_POINT('',(-0.0368638835674289,0.00767174977266201,0.00472813900995185));
#1004=CARTESIAN_POINT('',(-0.0367845336862851,0.00776629522809582,0.0195169788659783));
#1005=CARTESIAN_POINT('',(-0.0367845336862852,0.00776629522809582,0.00472813900995179));
#1006=CARTESIAN_POINT('',(-0.036714606544553,0.00786583724279317,0.0195169788659783));
#1007=CARTESIAN_POINT('',(-0.0367146065445531,0.00786583724279317,0.00472813900995179));
#1008=CARTESIAN_POINT('',(-0.0366446589130283,0.0079660851568989,0.0195169788659783));
#1009=CARTESIAN_POINT('',(-0.0366446589130284,0.0079660851568989,0.00472813900995179));
#1010=CARTESIAN_POINT('',(-0.0365657571142285,0.00805850573642142,0.0195169788659783));
#1011=CARTESIAN_POINT('',(-0.0365657571142286,0.00805850573642142,0.00472813900995179));
#1012=CARTESIAN_POINT('',(-0.0364535762388559,0.00812216399895629,0.0195169788659783));
#1013=CARTESIAN_POINT('',(-0.0364535762388559,0.00812216399895629,0.00472813900995179));
#1014=CARTESIAN_POINT('',(-0.03632975090956,0.0080863396633586,0.0195169788659783));
#1015=CARTESIAN_POINT('',(-0.0363297509095601,0.0080863396633586,0.00472813900995179));
#1016=CARTESIAN_POINT('',(-0.0362361746539654,0.0080093912682579,0.0195169788659783));
#1017=CARTESIAN_POINT('',(-0.0362361746539655,0.0080093912682579,0.00472813900995179));
#1018=CARTESIAN_POINT('',(-0.036151696432771,0.00792316415975782,0.0195169788659783));
#1019=CARTESIAN_POINT('',(-0.036151696432771,0.00792316415975782,0.00472813900995181));
#1020=CARTESIAN_POINT('',(-0.0360680691587239,0.00783557182794661,0.0195169788659782));
#1021=CARTESIAN_POINT('',(-0.0360680691587239,0.00783557182794661,0.00472813900995173));
#1022=CARTESIAN_POINT('',(-0.0359785376452973,0.0077544106981891,0.0195169788659785));
#1023=CARTESIAN_POINT('',(-0.0359785376452973,0.0077544106981891,0.00472813900995199));
#1024=CARTESIAN_POINT('',(-0.0358561531694539,0.00771500184016021,0.0195169788659776));
#1025=CARTESIAN_POINT('',(-0.0358561531694539,0.00771500184016021,0.00472813900995109));
#1026=CARTESIAN_POINT('',(-0.0357445482852126,0.00777811308350301,0.019516978865981));
#1027=CARTESIAN_POINT('',(-0.0357445482852126,0.00777811308350301,0.00472813900995449));
#1028=CARTESIAN_POINT('',(-0.0356593744144941,0.00786266191494464,0.0195169788659776));
#1029=CARTESIAN_POINT('',(-0.0356593744144941,0.00786266191494464,0.00472813900995109));
#1030=CARTESIAN_POINT('',(-0.0355776710441931,0.00795282475693146,0.0195169788659784));
#1031=CARTESIAN_POINT('',(-0.0355776710441931,0.00795282475693146,0.00472813900995191));
#1032=CARTESIAN_POINT('',(-0.0354929118344975,0.00803850420202067,0.0195169788659785));
#1033=CARTESIAN_POINT('',(-0.0354929118344975,0.00803850420202067,0.00472813900995201));
#1034=CARTESIAN_POINT('',(-0.0353936199100556,0.00811314895232571,0.0195169788659773));
#1035=CARTESIAN_POINT('',(-0.0353936199100556,0.00811314895232571,0.00472813900995081));
#1036=CARTESIAN_POINT('',(-0.0352656947376253,0.00812299062981366,0.0195169788659801));
#1037=CARTESIAN_POINT('',(-0.0352656947376254,0.00812299062981366,0.00472813900995365));
#1038=CARTESIAN_POINT('',(-0.0351649091750674,0.00804638009450341,0.0195169788659718));
#1039=CARTESIAN_POINT('',(-0.0351649091750675,0.00804638009450341,0.00472813900994531));
#1040=CARTESIAN_POINT('',(-0.0350886211706813,0.00795424164607411,0.0195169788659801));
#1041=CARTESIAN_POINT('',(-0.0350886211706814,0.00795424164607411,0.00472813900995363));
#1042=CARTESIAN_POINT('',(-0.0350183267382131,0.0078548507410266,0.0195169788659775));
#1043=CARTESIAN_POINT('',(-0.0350183267382131,0.0078548507410266,0.00472813900995097));
#1044=CARTESIAN_POINT('',(-0.034946173012779,0.00775884897276573,0.0195169788659804));
#1045=CARTESIAN_POINT('',(-0.0349461730127791,0.00775884897276573,0.00472813900995395));
#1046=CARTESIAN_POINT('',(-0.0348583073493068,0.00767019479159687,0.0195169788659778));
#1047=CARTESIAN_POINT('',(-0.0348583073493069,0.00767019479159687,0.00472813900995131));
#1048=CARTESIAN_POINT('',(-0.0347305276284552,0.00765671255242535,0.0195169788659781));
#1049=CARTESIAN_POINT('',(-0.0347305276284553,0.00765671255242535,0.00472813900995159));
#1050=CARTESIAN_POINT('',(-0.0346243378991452,0.00772123740260764,0.0195169788659796));
#1051=CARTESIAN_POINT('',(-0.0346243378991452,0.00772123740260764,0.00472813900995307));
#1052=CARTESIAN_POINT('',(-0.0345306182307739,0.00779511904731259,0.0195169788659778));
#1053=CARTESIAN_POINT('',(-0.034530618230774,0.00779511904731259,0.00472813900995129));
#1054=CARTESIAN_POINT('',(-0.0344375631606599,0.00787226744060651,0.0195169788659791));
#1055=CARTESIAN_POINT('',(-0.03443756316066,0.00787226744060651,0.00472813900995259));
#1056=CARTESIAN_POINT('',(-0.0343397503368523,0.00794089650367084,0.0195169788659746));
#1057=CARTESIAN_POINT('',(-0.0343397503368523,0.00794089650367084,0.00472813900994809));
#1058=CARTESIAN_POINT('',(-0.0342227732222702,0.00798639986385649,0.0195169788659793));
#1059=CARTESIAN_POINT('',(-0.0342227732222702,0.00798639986385649,0.00472813900995279));
#1060=CARTESIAN_POINT('',(-0.0341035472939524,0.00794118361060889,0.019516978865978));
#1061=CARTESIAN_POINT('',(-0.0341035472939524,0.00794118361060889,0.00472813900995153));
#1062=CARTESIAN_POINT('',(-0.0340287449628582,0.00784472326258127,0.0195169788659783));
#1063=CARTESIAN_POINT('',(-0.0340287449628582,0.00784472326258127,0.00472813900995179));
#1064=CARTESIAN_POINT('',(-0.033969890883654,0.00774167358874816,0.0195169788659784));
#1065=CARTESIAN_POINT('',(-0.033969890883654,0.00774167358874816,0.00472813900995187));
#1066=CARTESIAN_POINT('',(-0.0339151834004004,0.007635014214242,0.019516978865978));
#1067=CARTESIAN_POINT('',(-0.0339151834004004,0.007635014214242,0.00472813900995149));
#1068=CARTESIAN_POINT('',(-0.0338558116613823,0.00753301893620454,0.0195169788659832));
#1069=CARTESIAN_POINT('',(-0.0338558116613823,0.00753301893620454,0.00472813900995669));
#1070=CARTESIAN_POINT('',(-0.0337684851337786,0.00744285726830361,0.0195169788659771));
#1071=CARTESIAN_POINT('',(-0.0337684851337787,0.00744285726830361,0.00472813900995065));
#1072=CARTESIAN_POINT('',(-0.0336420228108825,0.00744283772051624,0.019516978865978));
#1073=CARTESIAN_POINT('',(-0.0336420228108826,0.00744283772051624,0.00472813900995151));
#1074=CARTESIAN_POINT('',(-0.0334994780114829,0.00751359744333771,0.0195169788659815));
#1075=CARTESIAN_POINT('',(-0.0334994780114829,0.00751359744333771,0.00472813900995503));
#1076=CARTESIAN_POINT('',(-0.0333669475909716,0.00760145819059594,0.0195169788659773));
#1077=CARTESIAN_POINT('',(-0.0333669475909717,0.00760145819059594,0.00472813900995083));
#1078=CARTESIAN_POINT('',(-0.0332254567493697,0.0076689940780818,0.0195169788659785));
#1079=CARTESIAN_POINT('',(-0.0332254567493698,0.0076689940780818,0.00472813900995199));
#1080=CARTESIAN_POINT('',(-0.0330998133433071,0.00768416595990721,0.0195169788659782));
#1081=CARTESIAN_POINT('',(-0.0330998133433072,0.00768416595990721,0.00472813900995171));
#1082=CARTESIAN_POINT('',(-0.032999514244939,0.00760575407812511,0.0195169788659784));
#1083=CARTESIAN_POINT('',(-0.0329995142449391,0.00760575407812511,0.00472813900995195));
#1084=CARTESIAN_POINT('',(-0.0329261503550677,0.00746326280984125,0.0195169788659775));
#1085=CARTESIAN_POINT('',(-0.0329261503550678,0.00746326280984125,0.00472813900995101));
#1086=CARTESIAN_POINT('',(-0.0328777058963225,0.00731042300093654,0.0195169788659799));
#1087=CARTESIAN_POINT('',(-0.0328777058963226,0.00731042300093654,0.00472813900995341));
#1088=CARTESIAN_POINT('',(-0.0328156195052487,0.00716521881002404,0.019516978865978));
#1089=CARTESIAN_POINT('',(-0.0328156195052488,0.00716521881002404,0.00472813900995149));
#1090=CARTESIAN_POINT('',(-0.0327261972462418,0.00707206924018284,0.0195169788659784));
#1091=CARTESIAN_POINT('',(-0.0327261972462419,0.00707206924018284,0.00472813900995187));
#1092=CARTESIAN_POINT('',(-0.0325976192483823,0.00707676664956162,0.0195169788659783));
#1093=CARTESIAN_POINT('',(-0.0325976192483823,0.00707676664956162,0.00472813900995177));
#1094=CARTESIAN_POINT('',(-0.032447070065403,0.0071324636872371,0.0195169788659783));
#1095=CARTESIAN_POINT('',(-0.032447070065403,0.0071324636872371,0.00472813900995183));
#1096=CARTESIAN_POINT('',(-0.0323009373131513,0.0072020238116582,0.0195169788659782));
#1097=CARTESIAN_POINT('',(-0.0323009373131514,0.0072020238116582,0.00472813900995169));
#1098=CARTESIAN_POINT('',(-0.0321422877744382,0.00724271911331587,0.0195169788659783));
#1099=CARTESIAN_POINT('',(-0.0321422877744382,0.00724271911331587,0.00472813900995181));
#1100=CARTESIAN_POINT('',(-0.0320175312780643,0.00720928609139926,0.0195169788659783));
#1101=CARTESIAN_POINT('',(-0.0320175312780644,0.00720928609139926,0.00472813900995181));
#1102=CARTESIAN_POINT('',(-0.0319512017245787,0.00709985127588721,0.0195169788659781));
#1103=CARTESIAN_POINT('',(-0.0319512017245787,0.00709985127588721,0.00472813900995165));
#1104=CARTESIAN_POINT('',(-0.0319179416033489,0.00698536362004799,0.0195169788659788));
#1105=CARTESIAN_POINT('',(-0.0319179416033489,0.00698536362004799,0.00472813900995229));
#1106=CARTESIAN_POINT('',(-0.031893763065587,0.00686608541597239,0.0195169788659764));
#1107=CARTESIAN_POINT('',(-0.0318937630655871,0.00686608541597239,0.00472813900994995));
#1108=CARTESIAN_POINT('',(-0.0318676100210245,0.00674895489976764,0.0195169788659851));
#1109=CARTESIAN_POINT('',(-0.0318676100210246,0.00674895489976764,0.00472813900995863));
#1110=CARTESIAN_POINT('',(-0.0318268798227023,0.00663167035224393,0.0195169788659765));
#1111=CARTESIAN_POINT('',(-0.0318268798227024,0.00663167035224393,0.00472813900994997));
#1112=CARTESIAN_POINT('',(-0.0317215008328387,0.00655828544244588,0.0195169788659787));
#1113=CARTESIAN_POINT('',(-0.0317215008328388,0.00655828544244588,0.00472813900995225));
#1114=CARTESIAN_POINT('',(-0.0315966048274692,0.00657046359223531,0.0195169788659782));
#1115=CARTESIAN_POINT('',(-0.0315966048274693,0.00657046359223531,0.00472813900995175));
#1116=CARTESIAN_POINT('',(-0.0314808915898225,0.0065991833968416,0.0195169788659782));
#1117=CARTESIAN_POINT('',(-0.0314808915898226,0.0065991833968416,0.00472813900995175));
#1118=CARTESIAN_POINT('',(-0.0313644715786703,0.00663212659784728,0.0195169788659784));
#1119=CARTESIAN_POINT('',(-0.0313644715786704,0.00663212659784728,0.00472813900995195));
#1120=CARTESIAN_POINT('',(-0.0312472339519902,0.0066562272548232,0.0195169788659776));
#1121=CARTESIAN_POINT('',(-0.0312472339519903,0.0066562272548232,0.00472813900995115));
#1122=CARTESIAN_POINT('',(-0.0311224886437577,0.00665519540203741,0.0195169788659784));
#1123=CARTESIAN_POINT('',(-0.0311224886437578,0.00665519540203741,0.00472813900995195));
#1124=CARTESIAN_POINT('',(-0.0310254722536041,0.00657217350284738,0.0195169788659783));
#1125=CARTESIAN_POINT('',(-0.0310254722536041,0.00657217350284738,0.00472813900995177));
#1126=CARTESIAN_POINT('',(-0.0309932895103513,0.00645344474268806,0.0195169788659783));
#1127=CARTESIAN_POINT('',(-0.0309932895103514,0.00645344474268806,0.00472813900995177));
#1128=CARTESIAN_POINT('',(-0.0309804848951131,0.00633542842409527,0.0195169788659784));
#1129=CARTESIAN_POINT('',(-0.0309804848951131,0.00633542842409527,0.00472813900995191));
#1130=CARTESIAN_POINT('',(-0.0309739834812309,0.00621558730361245,0.0195169788659778));
#1131=CARTESIAN_POINT('',(-0.0309739834812309,0.00621558730361245,0.00472813900995131));
#1132=CARTESIAN_POINT('',(-0.0309619324432861,0.00609793330409823,0.01951697886598));
#1133=CARTESIAN_POINT('',(-0.0309619324432861,0.00609793330409823,0.00472813900995353));
#1134=CARTESIAN_POINT('',(-0.030923940789103,0.00597891983157817,0.0195169788659778));
#1135=CARTESIAN_POINT('',(-0.0309239407891031,0.00597891983157817,0.00472813900995133));
#1136=CARTESIAN_POINT('',(-0.030812036686157,0.005919650355285,0.0195169788659783));
#1137=CARTESIAN_POINT('',(-0.030812036686157,0.005919650355285,0.00472813900995181));
#1138=CARTESIAN_POINT('',(-0.0306918053399927,0.00592314159132468,0.0195169788659786));
#1139=CARTESIAN_POINT('',(-0.0306918053399928,0.00592314159132468,0.00472813900995213));
#1140=CARTESIAN_POINT('',(-0.0305741957297214,0.00593720311753209,0.0195169788659782));
#1141=CARTESIAN_POINT('',(-0.0305741957297215,0.00593720311753209,0.00472813900995173));
#1142=CARTESIAN_POINT('',(-0.0304557304106172,0.00595223924534638,0.0195169788659782));
#1143=CARTESIAN_POINT('',(-0.0304557304106172,0.00595223924534638,0.00472813900995169));
#1144=CARTESIAN_POINT('',(-0.0303390097881183,0.005956489397208,0.0195169788659783));
#1145=CARTESIAN_POINT('',(-0.0303390097881183,0.005956489397208,0.00472813900995181));
#1146=CARTESIAN_POINT('',(-0.0302161951305136,0.00592470604860996,0.0195169788659783));
#1147=CARTESIAN_POINT('',(-0.0302161951305136,0.00592470604860996,0.00472813900995179));
#1148=CARTESIAN_POINT('',(-0.0301501404931825,0.00581500828070057,0.0195169788659783));
#1149=CARTESIAN_POINT('',(-0.0301501404931825,0.00581500828070057,0.00472813900995179));
#1150=CARTESIAN_POINT('',(-0.0301417668133011,0.00569403466500818,0.0195169788659783));
#1151=CARTESIAN_POINT('',(-0.0301417668133012,0.00569403466500818,0.00472813900995179));
#1152=CARTESIAN_POINT('',(-0.0301480380403915,0.00557417352198673,0.0195169788659783));
#1153=CARTESIAN_POINT('',(-0.0301480380403916,0.00557417352198673,0.00472813900995179));
#1154=CARTESIAN_POINT('',(-0.0301577700042971,0.00545411224307122,0.0195169788659783));
#1155=CARTESIAN_POINT('',(-0.0301577700042972,0.00545411224307122,0.00472813900995181));
#1156=CARTESIAN_POINT('',(-0.0301600516596007,0.00533460608087725,0.0195169788659783));
#1157=CARTESIAN_POINT('',(-0.0301600516596007,0.00533460608087725,0.00472813900995179));
#1158=CARTESIAN_POINT('',(-0.0301206491,0.0052131527090799,0.0195169788659783));
#1159=CARTESIAN_POINT('',(-0.0301206491000001,0.0052131527090799,0.00472813900995179));
#1160=CARTESIAN_POINT('',(-0.0300046533507431,0.00516092711436552,0.0195169788659783));
#1161=CARTESIAN_POINT('',(-0.0300046533507431,0.00516092711436552,0.00472813900995181));
#1162=CARTESIAN_POINT('',(-0.0298859923578511,0.00515225800014723,0.0195169788659782));
#1163=CARTESIAN_POINT('',(-0.0298859923578512,0.00515225800014723,0.00472813900995169));
#1164=CARTESIAN_POINT('',(-0.0297667895547991,0.00515129772070931,0.0195169788659787));
#1165=CARTESIAN_POINT('',(-0.0297667895547991,0.00515129772070931,0.00472813900995219));
#1166=CARTESIAN_POINT('',(-0.0296478779996953,0.00514768961584373,0.0195169788659769));
#1167=CARTESIAN_POINT('',(-0.0296478779996953,0.00514768961584373,0.00472813900995037));
#1168=CARTESIAN_POINT('',(-0.0295297419551911,0.00513035709738359,0.0195169788659787));
#1169=CARTESIAN_POINT('',(-0.0295297419551911,0.00513035709738359,0.00472813900995219));
#1170=CARTESIAN_POINT('',(-0.0294237309890501,0.00506252320997232,0.0195169788659781));
#1171=CARTESIAN_POINT('',(-0.0294237309890502,0.00506252320997232,0.00472813900995161));
#1172=CARTESIAN_POINT('',(-0.0293959310728516,0.00494008371130635,0.0195169788659783));
#1173=CARTESIAN_POINT('',(-0.0293959310728517,0.00494008371130635,0.00472813900995183));
#1174=CARTESIAN_POINT('',(-0.0294086695409186,0.00482369320577477,0.0195169788659782));
#1175=CARTESIAN_POINT('',(-0.0294086695409187,0.00482369320577477,0.00472813900995175));
#1176=CARTESIAN_POINT('',(-0.0294331331878523,0.00470755912047033,0.0195169788659783));
#1177=CARTESIAN_POINT('',(-0.0294331331878524,0.00470755912047033,0.00472813900995181));
#1178=CARTESIAN_POINT('',(-0.0294580349602734,0.00459203574495081,0.0195169788659782));
#1179=CARTESIAN_POINT('',(-0.0294580349602734,0.00459203574495081,0.00472813900995175));
#1180=CARTESIAN_POINT('',(-0.0294738432714021,0.0044742601465353,0.0195169788659784));
#1181=CARTESIAN_POINT('',(-0.0294738432714022,0.00447426014653531,0.00472813900995189));
#1182=CARTESIAN_POINT('',(-0.0294366942577221,0.00435462940357913,0.0195169788659782));
#1183=CARTESIAN_POINT('',(-0.0294366942577221,0.00435462940357914,0.00472813900995175));
#1184=CARTESIAN_POINT('',(-0.0293254719273362,0.00429878944203791,0.0195169788659783));
#1185=CARTESIAN_POINT('',(-0.0293254719273363,0.00429878944203792,0.00472813900995181));
#1186=CARTESIAN_POINT('',(-0.0292107079183585,0.00427537083875395,0.0195169788659783));
#1187=CARTESIAN_POINT('',(-0.0292107079183585,0.00427537083875395,0.00472813900995179));
#1188=CARTESIAN_POINT('',(-0.0290939116875656,0.00425853354740625,0.0195169788659783));
#1189=CARTESIAN_POINT('',(-0.0290939116875657,0.00425853354740625,0.00472813900995177));
#1190=CARTESIAN_POINT('',(-0.0289776936741401,0.00423719664709414,0.0195169788659783));
#1191=CARTESIAN_POINT('',(-0.0289776936741402,0.00423719664709414,0.00472813900995185));
#1192=CARTESIAN_POINT('',(-0.0288660425247957,0.00420200319379396,0.019516978865978));
#1193=CARTESIAN_POINT('',(-0.0288660425247957,0.00420200319379397,0.00472813900995149));
#1194=CARTESIAN_POINT('',(-0.0287760271753006,0.00411296817457618,0.0195169788659783));
#1195=CARTESIAN_POINT('',(-0.0287760271753007,0.00411296817457619,0.00472813900995179));
#1196=CARTESIAN_POINT('',(-0.0287730117253824,0.00398774167830143,0.0195169788659783));
#1197=CARTESIAN_POINT('',(-0.0287730117253824,0.00398774167830143,0.00472813900995179));
#1198=CARTESIAN_POINT('',(-0.0288033044422619,0.00387484011845136,0.0195169788659782));
#1199=CARTESIAN_POINT('',(-0.028803304442262,0.00387484011845136,0.00472813900995171));
#1200=CARTESIAN_POINT('',(-0.0288443689994068,0.0037634631227406,0.0195169788659783));
#1201=CARTESIAN_POINT('',(-0.0288443689994068,0.00376346312274061,0.00472813900995181));
#1202=CARTESIAN_POINT('',(-0.0288843722728011,0.00365265988180852,0.0195169788659783));
#1203=CARTESIAN_POINT('',(-0.0288843722728012,0.00365265988180853,0.00472813900995179));
#1204=CARTESIAN_POINT('',(-0.0289148790647018,0.0035366271580475,0.0195169788659783));
#1205=CARTESIAN_POINT('',(-0.0289148790647018,0.00353662715804751,0.00472813900995179));
#1206=CARTESIAN_POINT('',(-0.0288841938271489,0.00341462718546289,0.0195169788659783));
#1207=CARTESIAN_POINT('',(-0.0288841938271489,0.00341462718546289,0.00472813900995179));
#1208=CARTESIAN_POINT('',(-0.0287775965648571,0.00334985196217466,0.0195169788659783));
#1209=CARTESIAN_POINT('',(-0.0287775965648572,0.00334985196217467,0.00472813900995179));
#1210=CARTESIAN_POINT('',(-0.0286677219583971,0.00331204358678797,0.0195169788659782));
#1211=CARTESIAN_POINT('',(-0.0286677219583971,0.00331204358678797,0.00472813900995171));
#1212=CARTESIAN_POINT('',(-0.0285541297605016,0.00327914349820186,0.0195169788659785));
#1213=CARTESIAN_POINT('',(-0.0285541297605017,0.00327914349820186,0.00472813900995205));
#1214=CARTESIAN_POINT('',(-0.0284436215299432,0.00324143038296682,0.0195169788659773));
#1215=CARTESIAN_POINT('',(-0.0284436215299433,0.00324143038296683,0.00472813900995081));
#1216=CARTESIAN_POINT('',(-0.0283368078005329,0.00318666815791167,0.0195169788659786));
#1217=CARTESIAN_POINT('',(-0.028336807800533,0.00318666815791168,0.00472813900995209));
#1218=CARTESIAN_POINT('',(-0.0282703871676695,0.00308208883883985,0.0195169788659781));
#1219=CARTESIAN_POINT('',(-0.0282703871676695,0.00308208883883986,0.00472813900995159));
#1220=CARTESIAN_POINT('',(-0.0282899895095613,0.0029602877160508,0.0195169788659783));
#1221=CARTESIAN_POINT('',(-0.0282899895095614,0.0029602877160508,0.00472813900995183));
#1222=CARTESIAN_POINT('',(-0.0283362010068375,0.00285446424648207,0.0195169788659783));
#1223=CARTESIAN_POINT('',(-0.0283362010068376,0.00285446424648207,0.00472813900995177));
#1224=CARTESIAN_POINT('',(-0.0283916645375841,0.00275198668641475,0.0195169788659783));
#1225=CARTESIAN_POINT('',(-0.0283916645375842,0.00275198668641476,0.00472813900995179));
#1226=CARTESIAN_POINT('',(-0.028445532363641,0.00264897427580141,0.0195169788659786));
#1227=CARTESIAN_POINT('',(-0.028445532363641,0.00264897427580142,0.00472813900995213));
#1228=CARTESIAN_POINT('',(-0.0284897130603576,0.00254193080621742,0.0195169788659777));
#1229=CARTESIAN_POINT('',(-0.0284897130603577,0.00254193080621742,0.00472813900995117));
#1230=CARTESIAN_POINT('',(-0.0284758849106554,0.00241770338809169,0.0195169788659814));
#1231=CARTESIAN_POINT('',(-0.0284758849106555,0.00241770338809169,0.00472813900995495));
#1232=CARTESIAN_POINT('',(-0.0283808073395408,0.00233971028742655,0.0195169788659774));
#1233=CARTESIAN_POINT('',(-0.0283808073395409,0.00233971028742655,0.00472813900995093));
#1234=CARTESIAN_POINT('',(-0.028277268993645,0.0022866887256785,0.0195169788659785));
#1235=CARTESIAN_POINT('',(-0.0282772689936451,0.00228668872567851,0.00472813900995201));
#1236=CARTESIAN_POINT('',(-0.0281699527075757,0.00223863314919248,0.0195169788659782));
#1237=CARTESIAN_POINT('',(-0.0281699527075757,0.00223863314919248,0.00472813900995173));
#1238=CARTESIAN_POINT('',(-0.0280655006605583,0.00218583019823557,0.0195169788659783));
#1239=CARTESIAN_POINT('',(-0.0280655006605584,0.00218583019823558,0.00472813900995179));
#1240=CARTESIAN_POINT('',(-0.0279682131525219,0.00211812917029602,0.0195169788659782));
#1241=CARTESIAN_POINT('',(-0.0279682131525219,0.00211812917029603,0.00472813900995169));
#1242=CARTESIAN_POINT('',(-0.0279148262176644,0.00200601523431602,0.0195169788659787));
#1243=CARTESIAN_POINT('',(-0.0279148262176644,0.00200601523431603,0.00472813900995219));
#1244=CARTESIAN_POINT('',(-0.0279496408175067,0.00188828973596491,0.0195169788659767));
#1245=CARTESIAN_POINT('',(-0.0279496408175067,0.00188828973596492,0.00472813900995025));
#1246=CARTESIAN_POINT('',(-0.0280104525831783,0.00178862770409355,0.0195169788659787));
#1247=CARTESIAN_POINT('',(-0.0280104525831783,0.00178862770409355,0.00472813900995219));
#1248=CARTESIAN_POINT('',(-0.0280801415625845,0.00169409653387373,0.0195169788659782));
#1249=CARTESIAN_POINT('',(-0.0280801415625846,0.00169409653387374,0.00472813900995169));
#1250=CARTESIAN_POINT('',(-0.0281482137852761,0.00159938183544732,0.0195169788659783));
#1251=CARTESIAN_POINT('',(-0.0281482137852761,0.00159938183544733,0.00472813900995181));
#1252=CARTESIAN_POINT('',(-0.0282080480981606,0.00149684458390851,0.0195169788659783));
#1253=CARTESIAN_POINT('',(-0.0282080480981606,0.00149684458390851,0.00472813900995177));
#1254=CARTESIAN_POINT('',(-0.0282100449589394,0.00137286572309053,0.0195169788659783));
#1255=CARTESIAN_POINT('',(-0.0282100449589395,0.00137286572309053,0.00472813900995185));
#1256=CARTESIAN_POINT('',(-0.0281265642553969,0.0012827813093279,0.0195169788659783));
#1257=CARTESIAN_POINT('',(-0.028126564255397,0.0012827813093279,0.00472813900995177));
#1258=CARTESIAN_POINT('',(-0.0280325339576576,0.00121673244669892,0.0195169788659783));
#1259=CARTESIAN_POINT('',(-0.0280325339576577,0.00121673244669892,0.00472813900995179));
#1260=CARTESIAN_POINT('',(-0.0279338180588821,0.00115468579509579,0.0195169788659783));
#1261=CARTESIAN_POINT('',(-0.0279338180588822,0.00115468579509579,0.00472813900995179));
#1262=CARTESIAN_POINT('',(-0.0278386688173934,0.00108872283416023,0.0195169788659783));
#1263=CARTESIAN_POINT('',(-0.0278386688173935,0.00108872283416023,0.00472813900995179));
#1264=CARTESIAN_POINT('',(-0.0277524165525767,0.00100956091221834,0.0195169788659783));
#1265=CARTESIAN_POINT('',(-0.0277524165525767,0.00100956091221834,0.00472813900995179));
#1266=CARTESIAN_POINT('',(-0.0277121580211284,0.000893698050721684,0.0195169788659783));
#1267=CARTESIAN_POINT('',(-0.0277121580211285,0.000893698050721686,0.00472813900995179));
#1268=CARTESIAN_POINT('',(-0.0277598064425513,0.000781715792481769,0.0195169788659783));
#1269=CARTESIAN_POINT('',(-0.0277598064425513,0.000781715792481771,0.00472813900995177));
#1270=CARTESIAN_POINT('',(-0.0278312907962526,0.000692980704608348,0.0195169788659783));
#1271=CARTESIAN_POINT('',(-0.0278312907962526,0.00069298070460835,0.00472813900995179));
#1272=CARTESIAN_POINT('',(-0.0279118785467914,0.000609943108320918,0.0195169788659782));
#1273=CARTESIAN_POINT('',(-0.0279118785467915,0.00060994310832092,0.00472813900995175));
#1274=CARTESIAN_POINT('',(-0.0279921611032667,0.000526670540277859,0.0195169788659783));
#1275=CARTESIAN_POINT('',(-0.0279921611032667,0.000526670540277861,0.00472813900995181));
#1276=CARTESIAN_POINT('',(-0.0280646616421207,0.000438594065246067,0.0195169788659783));
#1277=CARTESIAN_POINT('',(-0.0280646616421207,0.000438594065246068,0.00472813900995181));
#1278=CARTESIAN_POINT('',(-0.0280970183600883,0.000318466098334345,0.0195169788659783));
#1279=CARTESIAN_POINT('',(-0.0280970183600884,0.000318466098334346,0.00472813900995185));
#1280=CARTESIAN_POINT('',(-0.0280338432577178,0.000212955365694147,0.0195169788659783));
#1281=CARTESIAN_POINT('',(-0.0280338432577179,0.000212955365694148,0.00472813900995177));
#1282=CARTESIAN_POINT('',(-0.0279503065029114,0.000132966954671216,0.0195169788659783));
#1283=CARTESIAN_POINT('',(-0.0279503065029115,0.000132966954671217,0.00472813900995179));
#1284=CARTESIAN_POINT('',(-0.0278614530360105,5.76778393213246E-5,0.0195169788659783));
#1285=CARTESIAN_POINT('',(-0.0278614530360106,5.76778393213263E-5,0.00472813900995179));
#1286=CARTESIAN_POINT('',(-0.027775135842762,-2.02707207540104E-5,0.0195169788659783));
#1287=CARTESIAN_POINT('',(-0.0277751358427621,-2.02707207540087E-5,0.00472813900995179));
#1288=CARTESIAN_POINT('',(-0.0276988584191667,-0.000107970912691413,0.0195169788659783));
#1289=CARTESIAN_POINT('',(-0.0276988584191667,-0.000107970912691411,0.00472813900995183));
#1290=CARTESIAN_POINT('',(-0.0276637479817397,-0.000225497066077299,0.0195169788659781));
#1291=CARTESIAN_POINT('',(-0.0276637479817397,-0.000225497066077298,0.00472813900995161));
#1292=CARTESIAN_POINT('',(-0.027719210060456,-0.000334727964445749,0.0195169788659789));
#1293=CARTESIAN_POINT('',(-0.027719210060456,-0.000334727964445747,0.00472813900995241));
#1294=CARTESIAN_POINT('',(-0.0278024810665662,-0.000415317919020627,0.0195169788659759));
#1295=CARTESIAN_POINT('',(-0.0278024810665663,-0.000415317919020625,0.00472813900994945));
#1296=CARTESIAN_POINT('',(-0.0278935381478709,-0.000487044790133881,0.0195169788659789));
#1297=CARTESIAN_POINT('',(-0.027893538147871,-0.000487044790133879,0.00472813900995241));
#1298=CARTESIAN_POINT('',(-0.0279853995465514,-0.000558119899217568,0.0195169788659781));
#1299=CARTESIAN_POINT('',(-0.0279853995465514,-0.000558119899217566,0.00472813900995159));
#1300=CARTESIAN_POINT('',(-0.028071008327215,-0.000634488782036434,0.0195169788659784));
#1301=CARTESIAN_POINT('',(-0.028071008327215,-0.000634488782036432,0.00472813900995189));
#1302=CARTESIAN_POINT('',(-0.0281279857801836,-0.000745926240286147,0.0195169788659782));
#1303=CARTESIAN_POINT('',(-0.0281279857801837,-0.000745926240286145,0.00472813900995175));
#1304=CARTESIAN_POINT('',(-0.0280854372881006,-0.000863078911125037,0.0195169788659783));
#1305=CARTESIAN_POINT('',(-0.0280854372881007,-0.000863078911125035,0.00472813900995181));
#1306=CARTESIAN_POINT('',(-0.0280145983854657,-0.000954211561810268,0.0195169788659783));
#1307=CARTESIAN_POINT('',(-0.0280145983854657,-0.000954211561810266,0.00472813900995179));
#1308=CARTESIAN_POINT('',(-0.0279364675276136,-0.00104227550895049,0.0195169788659783));
#1309=CARTESIAN_POINT('',(-0.0279364675276137,-0.00104227550895049,0.00472813900995179));
#1310=CARTESIAN_POINT('',(-0.027861094144989,-0.00113147208448037,0.0195169788659783));
#1311=CARTESIAN_POINT('',(-0.0278610941449891,-0.00113147208448037,0.00472813900995183));
#1312=CARTESIAN_POINT('',(-0.0277952451431368,-0.00122914120259798,0.0195169788659782));
#1313=CARTESIAN_POINT('',(-0.0277952451431368,-0.00122914120259798,0.00472813900995169));
#1314=CARTESIAN_POINT('',(-0.0277728126212653,-0.00135488928114674,0.0195169788659786));
#1315=CARTESIAN_POINT('',(-0.0277728126212654,-0.00135488928114674,0.00472813900995211));
#1316=CARTESIAN_POINT('',(-0.0278456312751761,-0.00145860958990796,0.019516978865977));
#1317=CARTESIAN_POINT('',(-0.0278456312751762,-0.00145860958990796,0.00472813900995055));
#1318=CARTESIAN_POINT('',(-0.0279427577693906,-0.00152823619183034,0.0195169788659786));
#1319=CARTESIAN_POINT('',(-0.0279427577693907,-0.00152823619183033,0.00472813900995211));
#1320=CARTESIAN_POINT('',(-0.0280461786938853,-0.00158794448400894,0.0195169788659782));
#1321=CARTESIAN_POINT('',(-0.0280461786938853,-0.00158794448400893,0.00472813900995169));
#1322=CARTESIAN_POINT('',(-0.0281494767041361,-0.00164740595282619,0.0195169788659783));
#1323=CARTESIAN_POINT('',(-0.0281494767041361,-0.00164740595282619,0.00472813900995185));
#1324=CARTESIAN_POINT('',(-0.0282483164934714,-0.00171565891385167,0.0195169788659783));
#1325=CARTESIAN_POINT('',(-0.0282483164934714,-0.00171565891385167,0.00472813900995179));
#1326=CARTESIAN_POINT('',(-0.0283088438199987,-0.00182644364843743,0.0195169788659782));
#1327=CARTESIAN_POINT('',(-0.0283088438199987,-0.00182644364843743,0.00472813900995171));
#1328=CARTESIAN_POINT('',(-0.0282721568698154,-0.00194614406941093,0.0195169788659786));
#1329=CARTESIAN_POINT('',(-0.0282721568698154,-0.00194614406941093,0.00472813900995211));
#1330=CARTESIAN_POINT('',(-0.028211662831461,-0.00204764122916403,0.0195169788659782));
#1331=CARTESIAN_POINT('',(-0.028211662831461,-0.00204764122916403,0.00472813900995169));
#1332=CARTESIAN_POINT('',(-0.0281445239337445,-0.00214760648514172,0.0195169788659783));
#1333=CARTESIAN_POINT('',(-0.0281445239337446,-0.00214760648514172,0.00472813900995179));
#1334=CARTESIAN_POINT('',(-0.0280833813809874,-0.00224898797553965,0.0195169788659783));
#1335=CARTESIAN_POINT('',(-0.0280833813809874,-0.00224898797553965,0.00472813900995181));
#1336=CARTESIAN_POINT('',(-0.0280341417802803,-0.00236172825457547,0.0195169788659782));
#1337=CARTESIAN_POINT('',(-0.0280341417802804,-0.00236172825457546,0.00472813900995167));
#1338=CARTESIAN_POINT('',(-0.0280572599581833,-0.00249434651681401,0.0195169788659787));
#1339=CARTESIAN_POINT('',(-0.0280572599581834,-0.00249434651681401,0.00472813900995221));
#1340=CARTESIAN_POINT('',(-0.0281617182196648,-0.00257348415647134,0.0195169788659767));
#1341=CARTESIAN_POINT('',(-0.0281617182196648,-0.00257348415647133,0.00472813900995019));
#1342=CARTESIAN_POINT('',(-0.028273217152816,-0.00262556053758557,0.0195169788659787));
#1343=CARTESIAN_POINT('',(-0.0282732171528161,-0.00262556053758556,0.00472813900995221));
#1344=CARTESIAN_POINT('',(-0.0283906960640578,-0.00267102522932175,0.0195169788659782));
#1345=CARTESIAN_POINT('',(-0.0283906960640578,-0.00267102522932174,0.00472813900995169));
#1346=CARTESIAN_POINT('',(-0.0285036869173866,-0.00271970452911442,0.0195169788659783));
#1347=CARTESIAN_POINT('',(-0.0285036869173867,-0.00271970452911441,0.00472813900995179));
#1348=CARTESIAN_POINT('',(-0.028612325422267,-0.00279433716076,0.0195169788659783));
#1349=CARTESIAN_POINT('',(-0.028612325422267,-0.00279433716075999,0.00472813900995179));
#1350=CARTESIAN_POINT('',(-0.0286332825265727,-0.00292683930237623,0.0195169788659783));
#1351=CARTESIAN_POINT('',(-0.0286332825265728,-0.00292683930237623,0.00472813900995179));
#1352=CARTESIAN_POINT('',(-0.0285737257471521,-0.00308342889379392,0.0195169788659783));
#1353=CARTESIAN_POINT('',(-0.0285737257471521,-0.00308342889379392,0.00472813900995181));
#1354=CARTESIAN_POINT('',(-0.0284969108266205,-0.0032312070275736,0.0195169788659783));
#1355=CARTESIAN_POINT('',(-0.0284969108266205,-0.0032312070275736,0.00472813900995179));
#1356=CARTESIAN_POINT('',(-0.0284427925750921,-0.00339022747098341,0.0195169788659783));
#1357=CARTESIAN_POINT('',(-0.0284427925750921,-0.00339022747098341,0.00472813900995179));
#1358=CARTESIAN_POINT('',(-0.0284607689696866,-0.00352633623159105,0.0195169788659783));
#1359=CARTESIAN_POINT('',(-0.0284607689696866,-0.00352633623159105,0.00472813900995179));
#1360=CARTESIAN_POINT('',(-0.028571749109627,-0.00360425256369903,0.0195169788659783));
#1361=CARTESIAN_POINT('',(-0.028571749109627,-0.00360425256369902,0.00472813900995179));
#1362=CARTESIAN_POINT('',(-0.0286924510678409,-0.00364336420405835,0.0195169788659783));
#1363=CARTESIAN_POINT('',(-0.028692451067841,-0.00364336420405835,0.00472813900995179));
#1364=CARTESIAN_POINT('',(-0.0288166695113193,-0.00367299473711166,0.0195169788659783));
#1365=CARTESIAN_POINT('',(-0.0288166695113193,-0.00367299473711165,0.00472813900995179));
#1366=CARTESIAN_POINT('',(-0.0289394268929571,-0.00370491981075029,0.0195169788659783));
#1367=CARTESIAN_POINT('',(-0.0289394268929571,-0.00370491981075029,0.00472813900995179));
#1368=CARTESIAN_POINT('',(-0.0290382195384539,-0.00374990264479947,0.0195169788659783));
#1369=CARTESIAN_POINT('',(-0.0290382195384539,-0.00374990264479947,0.00472813900995179));
#1370=CARTESIAN_POINT('',(-0.0290894257121355,-0.00382010742575582,0.0195169788659783));
#1371=CARTESIAN_POINT('',(-0.0290894257121356,-0.00382010742575581,0.00472813900995179));
#1372=CARTESIAN_POINT('',(-0.0291055151025926,-0.00390525015435572,0.0195169788659782));
#1373=CARTESIAN_POINT('',(-0.0291055151025927,-0.00390525015435572,0.00472813900995175));
#1374=CARTESIAN_POINT('',(-0.029085705862756,-0.00401004539565166,0.0195169788659786));
#1375=CARTESIAN_POINT('',(-0.029085705862756,-0.00401004539565165,0.00472813900995213));
#1376=CARTESIAN_POINT('',(-0.0290479967617501,-0.00413084042017648,0.0195169788659785));
#1377=CARTESIAN_POINT('',(-0.0290479967617502,-0.00413084042017648,0.00472813900995199));
#1378=CARTESIAN_POINT('',(-0.0290113787166447,-0.00425237240110884,0.0195169788659772));
#1379=CARTESIAN_POINT('',(-0.0290113787166447,-0.00425237240110883,0.00472813900995073));
#1380=CARTESIAN_POINT('',(-0.0289868721728424,-0.00437551600507281,0.0195169788659784));
#1381=CARTESIAN_POINT('',(-0.0289868721728425,-0.00437551600507281,0.00472813900995189));
#1382=CARTESIAN_POINT('',(-0.0290185528387394,-0.00450935204847132,0.0195169788659781));
#1383=CARTESIAN_POINT('',(-0.0290185528387395,-0.00450935204847132,0.00472813900995161));
#1384=CARTESIAN_POINT('',(-0.0291385536234734,-0.00457493139828015,0.0195169788659789));
#1385=CARTESIAN_POINT('',(-0.0291385536234735,-0.00457493139828015,0.00472813900995239));
#1386=CARTESIAN_POINT('',(-0.0292643267311233,-0.00459746500319827,0.0195169788659761));
#1387=CARTESIAN_POINT('',(-0.0292643267311233,-0.00459746500319827,0.00472813900994959));
#1388=CARTESIAN_POINT('',(-0.0293925427906304,-0.00460979702796874,0.0195169788659807));
#1389=CARTESIAN_POINT('',(-0.0293925427906304,-0.00460979702796874,0.00472813900995421));
#1390=CARTESIAN_POINT('',(-0.0295195015109883,-0.00462417243165388,0.0195169788659779));
#1391=CARTESIAN_POINT('',(-0.0295195015109883,-0.00462417243165388,0.00472813900995145));
#1392=CARTESIAN_POINT('',(-0.0296247527726054,-0.00465461028437014,0.0195169788659783));
#1393=CARTESIAN_POINT('',(-0.0296247527726055,-0.00465461028437014,0.00472813900995179));
#1394=CARTESIAN_POINT('',(-0.0296862351556475,-0.00471724234412925,0.0195169788659783));
#1395=CARTESIAN_POINT('',(-0.0296862351556476,-0.00471724234412925,0.00472813900995185));
#1396=CARTESIAN_POINT('',(-0.0297143741201633,-0.00480002771106586,0.0195169788659779));
#1397=CARTESIAN_POINT('',(-0.0297143741201633,-0.00480002771106586,0.00472813900995145));
#1398=CARTESIAN_POINT('',(-0.0297068002312757,-0.00495010247183802,0.0195169788659847));
#1399=CARTESIAN_POINT('',(-0.0297068002312758,-0.00495010247183802,0.00472813900995821));
#1400=CARTESIAN_POINT('',(-0.0296709398444053,-0.00511697522914014,0.0195169788659773));
#1401=CARTESIAN_POINT('',(-0.0296709398444054,-0.00511697522914014,0.00472813900995079));
#1402=CARTESIAN_POINT('',(-0.0296624037031696,-0.00528668996888287,0.0195169788659784));
#1403=CARTESIAN_POINT('',(-0.0296624037031697,-0.00528668996888287,0.00472813900995195));
#1404=CARTESIAN_POINT('',(-0.0297156051648694,-0.00541305466215052,0.0195169788659783));
#1405=CARTESIAN_POINT('',(-0.0297156051648694,-0.00541305466215052,0.00472813900995177));
#1406=CARTESIAN_POINT('',(-0.0298436175826587,-0.00545872297175058,0.0195169788659782));
#1407=CARTESIAN_POINT('',(-0.0298436175826587,-0.00545872297175058,0.00472813900995169));
#1408=CARTESIAN_POINT('',(-0.0299708323690092,-0.00546321098741193,0.0195169788659785));
#1409=CARTESIAN_POINT('',(-0.0299708323690092,-0.00546321098741193,0.00472813900995201));
#1410=CARTESIAN_POINT('',(-0.0300991186177007,-0.00545747800800084,0.0195169788659775));
#1411=CARTESIAN_POINT('',(-0.0300991186177007,-0.00545747800800084,0.00472813900995099));
#1412=CARTESIAN_POINT('',(-0.0302264139462465,-0.00545422401885658,0.0195169788659813));
#1413=CARTESIAN_POINT('',(-0.0302264139462465,-0.00545422401885658,0.00472813900995479));
#1414=CARTESIAN_POINT('',(-0.0303347841760576,-0.0054703756912925,0.0195169788659779));
#1415=CARTESIAN_POINT('',(-0.0303347841760577,-0.0054703756912925,0.00472813900995139));
#1416=CARTESIAN_POINT('',(-0.0304034682820257,-0.00552464716708979,0.0195169788659784));
#1417=CARTESIAN_POINT('',(-0.0304034682820258,-0.00552464716708979,0.00472813900995189));
#1418=CARTESIAN_POINT('',(-0.0304419920160657,-0.00560293551565171,0.0195169788659781));
#1419=CARTESIAN_POINT('',(-0.0304419920160658,-0.00560293551565171,0.00472813900995163));
#1420=CARTESIAN_POINT('',(-0.0304514104280195,-0.005709604999302,0.0195169788659794));
#1421=CARTESIAN_POINT('',(-0.0304514104280196,-0.005709604999302,0.00472813900995293));
#1422=CARTESIAN_POINT('',(-0.0304483431550322,-0.00583698566076546,0.019516978865978));
#1423=CARTESIAN_POINT('',(-0.0304483431550323,-0.00583698566076546,0.00472813900995147));
#1424=CARTESIAN_POINT('',(-0.0304466721898798,-0.00596444441098082,0.0195169788659784));
#1425=CARTESIAN_POINT('',(-0.0304466721898798,-0.00596444441098082,0.00472813900995187));
#1426=CARTESIAN_POINT('',(-0.0304585627284751,-0.00609269324472418,0.0195169788659782));
#1427=CARTESIAN_POINT('',(-0.0304585627284751,-0.00609269324472418,0.00472813900995175));
#1428=CARTESIAN_POINT('',(-0.0305290081779385,-0.00620819106351081,0.0195169788659783));
#1429=CARTESIAN_POINT('',(-0.0305290081779386,-0.00620819106351081,0.00472813900995181));
#1430=CARTESIAN_POINT('',(-0.0306616107476186,-0.00623548635228146,0.0195169788659782));
#1431=CARTESIAN_POINT('',(-0.0306616107476186,-0.00623548635228146,0.00472813900995169));
#1432=CARTESIAN_POINT('',(-0.0307876607693847,-0.00622225908024243,0.0195169788659783));
#1433=CARTESIAN_POINT('',(-0.0307876607693848,-0.00622225908024243,0.00472813900995179));
#1434=CARTESIAN_POINT('',(-0.0309133752220107,-0.00619888224557355,0.0195169788659784));
#1435=CARTESIAN_POINT('',(-0.0309133752220107,-0.00619888224557355,0.00472813900995189));
#1436=CARTESIAN_POINT('',(-0.0310382246654947,-0.00617795532089911,0.0195169788659778));
#1437=CARTESIAN_POINT('',(-0.0310382246654947,-0.00617795532089911,0.00472813900995135));
#1438=CARTESIAN_POINT('',(-0.0311478187139739,-0.00617848375894816,0.0195169788659797));
#1439=CARTESIAN_POINT('',(-0.031147818713974,-0.00617848375894816,0.00472813900995323));
#1440=CARTESIAN_POINT('',(-0.031223460088154,-0.00622155645302903,0.0195169788659783));
#1441=CARTESIAN_POINT('',(-0.031223460088154,-0.00622155645302903,0.00472813900995181));
#1442=CARTESIAN_POINT('',(-0.0312730234592157,-0.00629253064599687,0.0195169788659784));
#1443=CARTESIAN_POINT('',(-0.0312730234592158,-0.00629253064599687,0.00472813900995193));
#1444=CARTESIAN_POINT('',(-0.0312977543858247,-0.00639669027285524,0.0195169788659781));
#1445=CARTESIAN_POINT('',(-0.0312977543858248,-0.00639669027285524,0.00472813900995159));
#1446=CARTESIAN_POINT('',(-0.0313123819056192,-0.00652177464956339,0.0195169788659788));
#1447=CARTESIAN_POINT('',(-0.0313123819056193,-0.00652177464956339,0.00472813900995231));
#1448=CARTESIAN_POINT('',(-0.0313282574313546,-0.00664738718972272,0.0195169788659763));
#1449=CARTESIAN_POINT('',(-0.0313282574313547,-0.00664738718972272,0.00472813900994981));
#1450=CARTESIAN_POINT('',(-0.0313557134693487,-0.0067696774738445,0.0195169788659785));
#1451=CARTESIAN_POINT('',(-0.0313557134693487,-0.0067696774738445,0.00472813900995199));
#1452=CARTESIAN_POINT('',(-0.0314380472400892,-0.00687975812543408,0.0195169788659783));
#1453=CARTESIAN_POINT('',(-0.0314380472400893,-0.00687975812543408,0.00472813900995179));
#1454=CARTESIAN_POINT('',(-0.0315745153476411,-0.00689178629352314,0.0195169788659781));
#1455=CARTESIAN_POINT('',(-0.0315745153476411,-0.00689178629352314,0.00472813900995165));
#1456=CARTESIAN_POINT('',(-0.0316975267088961,-0.0068617058710214,0.0195169788659788));
#1457=CARTESIAN_POINT('',(-0.0316975267088961,-0.0068617058710214,0.00472813900995231));
#1458=CARTESIAN_POINT('',(-0.0318199487309422,-0.00682088503315524,0.0195169788659763));
#1459=CARTESIAN_POINT('',(-0.0318199487309422,-0.00682088503315524,0.00472813900994983));
#1460=CARTESIAN_POINT('',(-0.0319412673939259,-0.00678231482611667,0.0195169788659856));
#1461=CARTESIAN_POINT('',(-0.0319412673939259,-0.00678231482611667,0.00472813900995911));
#1462=CARTESIAN_POINT('',(-0.0320500666894653,-0.0067665721101922,0.0195169788659774));
#1463=CARTESIAN_POINT('',(-0.0320500666894654,-0.0067665721101922,0.00472813900995089));
#1464=CARTESIAN_POINT('',(-0.0321320911352369,-0.00679750107746592,0.0195169788659785));
#1465=CARTESIAN_POINT('',(-0.032132091135237,-0.00679750107746592,0.00472813900995199));
#1466=CARTESIAN_POINT('',(-0.0321921362470759,-0.00686061725248881,0.0195169788659782));
#1467=CARTESIAN_POINT('',(-0.0321921362470759,-0.00686061725248881,0.00472813900995169));
#1468=CARTESIAN_POINT('',(-0.0322316045904925,-0.00696095486033406,0.0195169788659783));
#1469=CARTESIAN_POINT('',(-0.0322316045904926,-0.00696095486033406,0.00472813900995185));
#1470=CARTESIAN_POINT('',(-0.032263729546373,-0.0070835268534187,0.0195169788659782));
#1471=CARTESIAN_POINT('',(-0.0322637295463731,-0.0070835268534187,0.00472813900995169));
#1472=CARTESIAN_POINT('',(-0.0322970415997804,-0.007206540534576,0.0195169788659786));
#1473=CARTESIAN_POINT('',(-0.0322970415997805,-0.007206540534576,0.00472813900995209));
#1474=CARTESIAN_POINT('',(-0.0323422316421756,-0.00732501862723616,0.0195169788659771));
#1475=CARTESIAN_POINT('',(-0.0323422316421757,-0.00732501862723616,0.00472813900995061));
#1476=CARTESIAN_POINT('',(-0.0324383711149012,-0.00742042230322861,0.0195169788659786));
#1477=CARTESIAN_POINT('',(-0.0324383711149013,-0.00742042230322861,0.00472813900995209));
#1478=CARTESIAN_POINT('',(-0.0325736371706921,-0.00741392223723197,0.0195169788659782));
#1479=CARTESIAN_POINT('',(-0.0325736371706921,-0.00741392223723197,0.00472813900995169));
#1480=CARTESIAN_POINT('',(-0.032689828264221,-0.0073679830321571,0.0195169788659783));
#1481=CARTESIAN_POINT('',(-0.0326898282642211,-0.0073679830321571,0.00472813900995181));
#1482=CARTESIAN_POINT('',(-0.0328028870449062,-0.00731197463134997,0.0195169788659783));
#1483=CARTESIAN_POINT('',(-0.0328028870449063,-0.00731197463134997,0.00472813900995179));
#1484=CARTESIAN_POINT('',(-0.0329157408470425,-0.00725746900801082,0.0195169788659783));
#1485=CARTESIAN_POINT('',(-0.0329157408470425,-0.00725746900801082,0.00472813900995179));
#1486=CARTESIAN_POINT('',(-0.0330176096916759,-0.0072255589068316,0.0195169788659783));
#1487=CARTESIAN_POINT('',(-0.033017609691676,-0.0072255589068316,0.00472813900995181));
#1488=CARTESIAN_POINT('',(-0.0331025556274229,-0.00723793829848143,0.0195169788659783));
#1489=CARTESIAN_POINT('',(-0.0331025556274229,-0.00723793829848143,0.00472813900995179));
#1490=CARTESIAN_POINT('',(-0.0331734510511785,-0.00728582705465954,0.0195169788659783));
#1491=CARTESIAN_POINT('',(-0.0331734510511786,-0.00728582705465954,0.00472813900995177));
#1492=CARTESIAN_POINT('',(-0.033228424583545,-0.00737660203029909,0.0195169788659784));
#1493=CARTESIAN_POINT('',(-0.033228424583545,-0.00737660203029909,0.00472813900995189));
#1494=CARTESIAN_POINT('',(-0.0332770120555149,-0.00748999265056451,0.0195169788659779));
#1495=CARTESIAN_POINT('',(-0.033277012055515,-0.00748999265056451,0.00472813900995143));
#1496=CARTESIAN_POINT('',(-0.0333249354705566,-0.0076050492927471,0.0195169788659796));
#1497=CARTESIAN_POINT('',(-0.0333249354705566,-0.0076050492927471,0.00472813900995311));
#1498=CARTESIAN_POINT('',(-0.0333819760802404,-0.00771425448007529,0.0195169788659733));
#1499=CARTESIAN_POINT('',(-0.0333819760802404,-0.00771425448007529,0.00472813900994683));
#1500=CARTESIAN_POINT('',(-0.0334745271836437,-0.00780648438071556,0.0195169788659795));
#1501=CARTESIAN_POINT('',(-0.0334745271836438,-0.00780648438071556,0.00472813900995299));
#1502=CARTESIAN_POINT('',(-0.0336065509284917,-0.00780423322188846,0.0195169788659784));
#1503=CARTESIAN_POINT('',(-0.0336065509284918,-0.00780423322188846,0.00472813900995193));
#1504=CARTESIAN_POINT('',(-0.0337535440708411,-0.00772899698007287,0.0195169788659758));
#1505=CARTESIAN_POINT('',(-0.0337535440708412,-0.00772899698007287,0.00472813900994929));
#1506=CARTESIAN_POINT('',(-0.033886608133876,-0.0076308158553597,0.0195169788659787));
#1507=CARTESIAN_POINT('',(-0.0338866081338761,-0.0076308158553597,0.00472813900995219));
#1508=CARTESIAN_POINT('',(-0.0340272516560302,-0.00754814451862783,0.0195169788659782));
#1509=CARTESIAN_POINT('',(-0.0340272516560302,-0.00754814451862783,0.00472813900995171));
#1510=CARTESIAN_POINT('',(-0.0341602239594721,-0.00753724704970662,0.0195169788659784));
#1511=CARTESIAN_POINT('',(-0.0341602239594721,-0.00753724704970662,0.00472813900995187));
#1512=CARTESIAN_POINT('',(-0.0342560923196907,-0.00762853054982781,0.0195169788659783));
#1513=CARTESIAN_POINT('',(-0.0342560923196907,-0.00762853054982781,0.00472813900995179));
#1514=CARTESIAN_POINT('',(-0.0343224941622527,-0.00773214832526313,0.0195169788659782));
#1515=CARTESIAN_POINT('',(-0.0343224941622528,-0.00773214832526313,0.00472813900995173));
#1516=CARTESIAN_POINT('',(-0.0343852665605046,-0.00784029601275605,0.0195169788659785));
#1517=CARTESIAN_POINT('',(-0.0343852665605046,-0.00784029601275605,0.00472813900995201));
#1518=CARTESIAN_POINT('',(-0.0344532761744409,-0.00794334546736687,0.0195169788659775));
#1519=CARTESIAN_POINT('',(-0.0344532761744409,-0.00794334546736687,0.00472813900995103));
#1520=CARTESIAN_POINT('',(-0.034542288289048,-0.00803587126102752,0.0195169788659785));
#1521=CARTESIAN_POINT('',(-0.034542288289048,-0.00803587126102752,0.00472813900995199));
#1522=CARTESIAN_POINT('',(-0.0346729988436653,-0.00805247510145856,0.0195169788659782));
#1523=CARTESIAN_POINT('',(-0.0346729988436654,-0.00805247510145856,0.00472813900995173));
#1524=CARTESIAN_POINT('',(-0.0347838174646665,-0.00798805723800493,0.0195169788659783));
#1525=CARTESIAN_POINT('',(-0.0347838174646666,-0.00798805723800493,0.00472813900995177));
#1526=CARTESIAN_POINT('',(-0.0348781789674595,-0.00790924900879477,0.0195169788659784));
#1527=CARTESIAN_POINT('',(-0.0348781789674596,-0.00790924900879477,0.00472813900995191));
#1528=CARTESIAN_POINT('',(-0.0349696852989803,-0.00782442383876792,0.0195169788659778));
#1529=CARTESIAN_POINT('',(-0.0349696852989804,-0.00782442383876792,0.00472813900995129));
#1530=CARTESIAN_POINT('',(-0.0350624678747321,-0.00774598297598773,0.0195169788659802));
#1531=CARTESIAN_POINT('',(-0.0350624678747322,-0.00774598297598773,0.00472813900995371));
#1532=CARTESIAN_POINT('',(-0.0351829747531753,-0.00768862159532513,0.0195169788659778));
#1533=CARTESIAN_POINT('',(-0.0351829747531753,-0.00768862159532513,0.00472813900995129));
#1534=CARTESIAN_POINT('',(-0.0353059689527884,-0.0077424071928299,0.0195169788659784));
#1535=CARTESIAN_POINT('',(-0.0353059689527884,-0.0077424071928299,0.00472813900995193));
#1536=CARTESIAN_POINT('',(-0.03538920587847,-0.00783456367506358,0.0195169788659782));
#1537=CARTESIAN_POINT('',(-0.0353892058784701,-0.00783456367506358,0.00472813900995175));
#1538=CARTESIAN_POINT('',(-0.035467472479299,-0.00793293596132899,0.0195169788659783));
#1539=CARTESIAN_POINT('',(-0.035467472479299,-0.00793293596132899,0.00472813900995177));
#1540=CARTESIAN_POINT('',(-0.0355471976008785,-0.00802822722475353,0.0195169788659784));
#1541=CARTESIAN_POINT('',(-0.0355471976008786,-0.00802822722475353,0.00472813900995193));
#1542=CARTESIAN_POINT('',(-0.0356407936174206,-0.00811599085950848,0.0195169788659778));
#1543=CARTESIAN_POINT('',(-0.0356407936174206,-0.00811599085950848,0.00472813900995129));
#1544=CARTESIAN_POINT('',(-0.0357740751655459,-0.00814444689797828,0.0195169788659784));
#1545=CARTESIAN_POINT('',(-0.0357740751655459,-0.00814444689797828,0.00472813900995191));
#1546=CARTESIAN_POINT('',(-0.0358867250194541,-0.00807137004132103,0.0195169788659783));
#1547=CARTESIAN_POINT('',(-0.0358867250194542,-0.00807137004132103,0.00472813900995177));
#1548=CARTESIAN_POINT('',(-0.0359730181995859,-0.00797937482214516,0.0195169788659783));
#1549=CARTESIAN_POINT('',(-0.0359730181995859,-0.00797937482214516,0.00472813900995179));
#1550=CARTESIAN_POINT('',(-0.0360545370689692,-0.00787952331953133,0.0195169788659783));
#1551=CARTESIAN_POINT('',(-0.0360545370689693,-0.00787952331953133,0.00472813900995179));
#1552=CARTESIAN_POINT('',(-0.0361365407497703,-0.00778547320455086,0.0195169788659783));
#1553=CARTESIAN_POINT('',(-0.0361365407497703,-0.00778547320455086,0.00472813900995179));
#1554=CARTESIAN_POINT('',(-0.0362473733727841,-0.00770185134592586,0.0195169788659783));
#1555=CARTESIAN_POINT('',(-0.0362473733727841,-0.00770185134592586,0.00472813900995179));
#1556=CARTESIAN_POINT('',(-0.0363856320382518,-0.00773316782999027,0.0195169788659783));
#1557=CARTESIAN_POINT('',(-0.0363856320382519,-0.00773316782999027,0.00472813900995179));
#1558=CARTESIAN_POINT('',(-0.036485617592779,-0.00781834055017057,0.0195169788659783));
#1559=CARTESIAN_POINT('',(-0.0364856175927791,-0.00781834055017057,0.00472813900995179));
#1560=CARTESIAN_POINT('',(-0.036580253515582,-0.00790817159413449,0.0195169788659783));
#1561=CARTESIAN_POINT('',(-0.0365802535155821,-0.00790817159413449,0.00472813900995181));
#1562=CARTESIAN_POINT('',(-0.0366768789805461,-0.00799460796779944,0.0195169788659783));
#1563=CARTESIAN_POINT('',(-0.0366768789805461,-0.00799460796779944,0.00472813900995177));
#1564=CARTESIAN_POINT('',(-0.0367885342883328,-0.00806838902082388,0.0195169788659783));
#1565=CARTESIAN_POINT('',(-0.0367885342883329,-0.00806838902082388,0.00472813900995183));
#1566=CARTESIAN_POINT('',(-0.0369272096434676,-0.00806060694094704,0.0195169788659782));
#1567=CARTESIAN_POINT('',(-0.0369272096434677,-0.00806060694094704,0.00472813900995169));
#1568=CARTESIAN_POINT('',(-0.0370225241266359,-0.007964721173321,0.0195169788659787));
#1569=CARTESIAN_POINT('',(-0.037022524126636,-0.007964721173321,0.00472813900995221));
#1570=CARTESIAN_POINT('',(-0.0370943398947299,-0.00785867410008269,0.0195169788659768));
#1571=CARTESIAN_POINT('',(-0.0370943398947299,-0.00785867410008269,0.00472813900995027));
#1572=CARTESIAN_POINT('',(-0.0371618803941613,-0.00774716592770895,0.019516978865984));
#1573=CARTESIAN_POINT('',(-0.0371618803941613,-0.00774716592770895,0.00472813900995749));
#1574=CARTESIAN_POINT('',(-0.0372337066996547,-0.00764003944830319,0.0195169788659768));
#1575=CARTESIAN_POINT('',(-0.0372337066996548,-0.00764003944830319,0.00472813900995033));
#1576=CARTESIAN_POINT('',(-0.0373436712965548,-0.00755669478787195,0.0195169788659787));
#1577=CARTESIAN_POINT('',(-0.0373436712965549,-0.00755669478787195,0.00472813900995219));
#1578=CARTESIAN_POINT('',(-0.0374787233544889,-0.00759033510195884,0.0195169788659782));
#1579=CARTESIAN_POINT('',(-0.0374787233544889,-0.00759033510195884,0.00472813900995171));
#1580=CARTESIAN_POINT('',(-0.0375852325462126,-0.00766012352833514,0.0195169788659783));
#1581=CARTESIAN_POINT('',(-0.0375852325462127,-0.00766012352833514,0.00472813900995185));
#1582=CARTESIAN_POINT('',(-0.0376906195597188,-0.00773604636809017,0.0195169788659781));
#1583=CARTESIAN_POINT('',(-0.0376906195597188,-0.00773604636809017,0.00472813900995163));
#1584=CARTESIAN_POINT('',(-0.0377984725170502,-0.00780587390552051,0.0195169788659783));
#1585=CARTESIAN_POINT('',(-0.0377984725170503,-0.00780587390552051,0.00472813900995177));
#1586=CARTESIAN_POINT('',(-0.0379216033624172,-0.00785694865525031,0.0195169788659782));
#1587=CARTESIAN_POINT('',(-0.0379216033624173,-0.00785694865525031,0.00472813900995171));
#1588=CARTESIAN_POINT('',(-0.0380527350255263,-0.0078132023175238,0.0195169788659783));
#1589=CARTESIAN_POINT('',(-0.0380527350255264,-0.0078132023175238,0.00472813900995181));
#1590=CARTESIAN_POINT('',(-0.0381273884940618,-0.00770280455646634,0.0195169788659783));
#1591=CARTESIAN_POINT('',(-0.0381273884940618,-0.00770280455646634,0.00472813900995179));
#1592=CARTESIAN_POINT('',(-0.0381824162709179,-0.0075870189574126,0.0195169788659783));
#1593=CARTESIAN_POINT('',(-0.0381824162709179,-0.0075870189574126,0.00472813900995181));
#1594=CARTESIAN_POINT('',(-0.0382336755274054,-0.00746825569347683,0.0195169788659783));
#1595=CARTESIAN_POINT('',(-0.0382336755274055,-0.00746825569347683,0.00472813900995179));
#1596=CARTESIAN_POINT('',(-0.0382913463987732,-0.00735255825419868,0.0195169788659795));
#1597=CARTESIAN_POINT('',(-0.0382913463987732,-0.00735255825419868,0.00472813900995299));
#1598=CARTESIAN_POINT('',(-0.0383973968567353,-0.00726469246792895,0.0195169788659781));
#1599=CARTESIAN_POINT('',(-0.0383973968567354,-0.00726469246792895,0.00472813900995165));
#1600=CARTESIAN_POINT('',(-0.0385324775053161,-0.00728976776375888,0.0195169788659784));
#1601=CARTESIAN_POINT('',(-0.0385324775053161,-0.00728976776375888,0.00472813900995189));
#1602=CARTESIAN_POINT('',(-0.0386466801064297,-0.00734446910591441,0.0195169788659782));
#1603=CARTESIAN_POINT('',(-0.0386466801064297,-0.00734446910591441,0.00472813900995175));
#1604=CARTESIAN_POINT('',(-0.0387616047046351,-0.00740501876177759,0.0195169788659784));
#1605=CARTESIAN_POINT('',(-0.0387616047046352,-0.00740501876177759,0.00472813900995189));
#1606=CARTESIAN_POINT('',(-0.0388764514978729,-0.00745725614698641,0.019516978865978));
#1607=CARTESIAN_POINT('',(-0.0388764514978729,-0.00745725614698641,0.00472813900995153));
#1608=CARTESIAN_POINT('',(-0.0390117438772627,-0.00748616946381027,0.0195169788659783));
#1609=CARTESIAN_POINT('',(-0.0390117438772627,-0.00748616946381027,0.00472813900995185));
#1610=CARTESIAN_POINT('',(-0.0391296112151401,-0.00740927812247621,0.0195169788659783));
#1611=CARTESIAN_POINT('',(-0.0391296112151401,-0.00740927812247621,0.00472813900995181));
#1612=CARTESIAN_POINT('',(-0.0391834684372766,-0.00728639909151887,0.0195169788659782));
#1613=CARTESIAN_POINT('',(-0.0391834684372767,-0.00728639909151887,0.00472813900995171));
#1614=CARTESIAN_POINT('',(-0.0392210970749084,-0.00716103197148606,0.0195169788659783));
#1615=CARTESIAN_POINT('',(-0.0392210970749084,-0.00716103197148606,0.00472813900995183));
#1616=CARTESIAN_POINT('',(-0.0392560995598223,-0.00703413408830575,0.0195169788659782));
#1617=CARTESIAN_POINT('',(-0.0392560995598224,-0.00703413408830575,0.00472813900995175));
#1618=CARTESIAN_POINT('',(-0.0392954064776774,-0.00693209529304171,0.0195169788659784));
#1619=CARTESIAN_POINT('',(-0.0392954064776775,-0.00693209529304171,0.00472813900995189));
#1620=CARTESIAN_POINT('',(-0.0393565265883646,-0.00686389984377175,0.0195169788659783));
#1621=CARTESIAN_POINT('',(-0.0393565265883646,-0.00686389984377175,0.00472813900995179));
#1622=CARTESIAN_POINT('',(-0.0394416423578041,-0.00683031974539296,0.0195169788659783));
#1623=CARTESIAN_POINT('',(-0.0394416423578042,-0.00683031974539296,0.00472813900995181));
#1624=CARTESIAN_POINT('',(-0.0395548123969644,-0.00684892095424176,0.0195169788659783));
#1625=CARTESIAN_POINT('',(-0.0395548123969644,-0.00684892095424176,0.00472813900995179));
#1626=CARTESIAN_POINT('',(-0.039680235204491,-0.00689185428817913,0.0195169788659783));
#1627=CARTESIAN_POINT('',(-0.0396802352044911,-0.00689185428817913,0.00472813900995181));
#1628=CARTESIAN_POINT('',(-0.0398067003517782,-0.00693579791717353,0.0195169788659783));
#1629=CARTESIAN_POINT('',(-0.0398067003517783,-0.00693579791717353,0.00472813900995179));
#1630=CARTESIAN_POINT('',(-0.0399360041014209,-0.00696907729273367,0.0195169788659783));
#1631=CARTESIAN_POINT('',(-0.039936004101421,-0.00696907729273367,0.00472813900995179));
#1632=CARTESIAN_POINT('',(-0.0400800997768128,-0.00694130708771196,0.0195169788659783));
#1633=CARTESIAN_POINT('',(-0.0400800997768128,-0.00694130708771196,0.00472813900995179));
#1634=CARTESIAN_POINT('',(-0.0401498303412688,-0.00681390545496746,0.0195169788659783));
#1635=CARTESIAN_POINT('',(-0.0401498303412688,-0.00681390545496746,0.00472813900995179));
#1636=CARTESIAN_POINT('',(-0.0401755611871316,-0.00668254882999932,0.0195169788659783));
#1637=CARTESIAN_POINT('',(-0.0401755611871317,-0.00668254882999932,0.00472813900995181));
#1638=CARTESIAN_POINT('',(-0.0401928887665639,-0.00654792495317344,0.0195169788659783));
#1639=CARTESIAN_POINT('',(-0.040192888766564,-0.00654792495317344,0.00472813900995179));
#1640=CARTESIAN_POINT('',(-0.0402135586683061,-0.00641615358230271,0.0195169788659783));
#1641=CARTESIAN_POINT('',(-0.0402135586683062,-0.00641615358230271,0.00472813900995181));
#1642=CARTESIAN_POINT('',(-0.0402732320984341,-0.00628523730319788,0.0195169788659783));
#1643=CARTESIAN_POINT('',(-0.0402732320984341,-0.00628523730319788,0.00472813900995179));
#1644=CARTESIAN_POINT('',(-0.0404145484853713,-0.00625238372723658,0.0195169788659783));
#1645=CARTESIAN_POINT('',(-0.0404145484853713,-0.00625238372723658,0.00472813900995181));
#1646=CARTESIAN_POINT('',(-0.0405463965309758,-0.00627444588237199,0.0195169788659783));
#1647=CARTESIAN_POINT('',(-0.0405463965309759,-0.00627444588237199,0.00472813900995179));
#1648=CARTESIAN_POINT('',(-0.040678132946144,-0.00630170814092361,0.0195169788659783));
#1649=CARTESIAN_POINT('',(-0.0406781329461441,-0.00630170814092361,0.00472813900995183));
#1650=CARTESIAN_POINT('',(-0.0408093042890977,-0.00632218275319045,0.0195169788659782));
#1651=CARTESIAN_POINT('',(-0.0408093042890978,-0.00632218275319045,0.00472813900995169));
#1652=CARTESIAN_POINT('',(-0.0409492620494696,-0.00631398770459761,0.0195169788659787));
#1653=CARTESIAN_POINT('',(-0.0409492620494697,-0.00631398770459761,0.00472813900995223));
#1654=CARTESIAN_POINT('',(-0.0410436797651604,-0.00620617995406708,0.019516978865975));
#1655=CARTESIAN_POINT('',(-0.0410436797651605,-0.00620617995406708,0.00472813900994853));
#1656=CARTESIAN_POINT('',(-0.0410671962507679,-0.00602664156796532,0.0195169788659802));
#1657=CARTESIAN_POINT('',(-0.0410671962507679,-0.00602664156796532,0.00472813900995371));
#1658=CARTESIAN_POINT('',(-0.0410569894429189,-0.00585097246389485,0.019516978865978));
#1659=CARTESIAN_POINT('',(-0.0410569894429189,-0.00585097246389485,0.00472813900995149));
#1660=CARTESIAN_POINT('',(-0.0410725070365181,-0.00569407402323843,0.0195169788659783));
#1661=CARTESIAN_POINT('',(-0.0410725070365181,-0.00569407402323843,0.00472813900995183));
#1662=CARTESIAN_POINT('',(-0.0411157088199596,-0.00561378414245666,0.0195169788659783));
#1663=CARTESIAN_POINT('',(-0.0411157088199597,-0.00561378414245666,0.00472813900995179));
#1664=CARTESIAN_POINT('',(-0.0411912311311374,-0.00556164344267501,0.0195169788659783));
#1665=CARTESIAN_POINT('',(-0.0411912311311375,-0.00556164344267501,0.00472813900995181));
#1666=CARTESIAN_POINT('',(-0.0413046555178777,-0.00555066766230994,0.0195169788659783));
#1667=CARTESIAN_POINT('',(-0.0413046555178778,-0.00555066766230994,0.00472813900995183));
#1668=CARTESIAN_POINT('',(-0.0414363067382518,-0.00555761778251208,0.0195169788659782));
#1669=CARTESIAN_POINT('',(-0.0414363067382518,-0.00555761778251208,0.00472813900995169));
#1670=CARTESIAN_POINT('',(-0.0415691562251761,-0.00556480179489241,0.0195169788659787));
#1671=CARTESIAN_POINT('',(-0.0415691562251762,-0.00556480179489241,0.00472813900995221));
#1672=CARTESIAN_POINT('',(-0.0417014609872289,-0.00555964324783647,0.0195169788659767));
#1673=CARTESIAN_POINT('',(-0.0417014609872289,-0.00555964324783647,0.00472813900995019));
#1674=CARTESIAN_POINT('',(-0.0418270390661364,-0.00549378442958016,0.0195169788659787));
#1675=CARTESIAN_POINT('',(-0.0418270390661364,-0.00549378442958016,0.00472813900995221));
#1676=CARTESIAN_POINT('',(-0.0418594064494762,-0.00535574844963986,0.0195169788659782));
#1677=CARTESIAN_POINT('',(-0.0418594064494762,-0.00535574844963986,0.00472813900995169));
#1678=CARTESIAN_POINT('',(-0.0418491672583,-0.00522645269391684,0.0195169788659783));
#1679=CARTESIAN_POINT('',(-0.0418491672583,-0.00522645269391684,0.00472813900995181));
#1680=CARTESIAN_POINT('',(-0.0418293428301885,-0.00509582897404771,0.0195169788659783));
#1681=CARTESIAN_POINT('',(-0.0418293428301885,-0.00509582897404771,0.00472813900995179));
#1682=CARTESIAN_POINT('',(-0.0418131500368538,-0.00496726931504727,0.0195169788659783));
#1683=CARTESIAN_POINT('',(-0.0418131500368538,-0.00496726931504727,0.00472813900995179));
#1684=CARTESIAN_POINT('',(-0.0418242375450538,-0.00482864109437028,0.0195169788659783));
#1685=CARTESIAN_POINT('',(-0.0418242375450538,-0.00482864109437028,0.00472813900995181));
#1686=CARTESIAN_POINT('',(-0.0419370212205736,-0.00474552298177655,0.0195169788659783));
#1687=CARTESIAN_POINT('',(-0.0419370212205736,-0.00474552298177655,0.00472813900995181));
#1688=CARTESIAN_POINT('',(-0.0421097720986503,-0.00472121916088687,0.0195169788659783));
#1689=CARTESIAN_POINT('',(-0.0421097720986503,-0.00472121916088687,0.00472813900995179));
#1690=CARTESIAN_POINT('',(-0.0422813654414135,-0.00471379284413582,0.0195169788659783));
#1691=CARTESIAN_POINT('',(-0.0422813654414135,-0.00471379284413582,0.00472813900995181));
#1692=CARTESIAN_POINT('',(-0.042451252513237,-0.00467278638764242,0.0195169788659782));
#1693=CARTESIAN_POINT('',(-0.0424512525132371,-0.00467278638764242,0.00472813900995175));
#1694=CARTESIAN_POINT('',(-0.0425444809489385,-0.00457026884360703,0.0195169788659783));
#1695=CARTESIAN_POINT('',(-0.0425444809489386,-0.00457026884360703,0.00472813900995181));
#1696=CARTESIAN_POINT('',(-0.0425407594970695,-0.00443432299181251,0.0195169788659783));
#1697=CARTESIAN_POINT('',(-0.0425407594970696,-0.00443432299181251,0.00472813900995177));
#1698=CARTESIAN_POINT('',(-0.0425113127688709,-0.00431155906118164,0.0195169788659783));
#1699=CARTESIAN_POINT('',(-0.042511312768871,-0.00431155906118164,0.00472813900995181));
#1700=CARTESIAN_POINT('',(-0.0424739913835909,-0.00418801782687178,0.0195169788659783));
#1701=CARTESIAN_POINT('',(-0.042473991383591,-0.00418801782687177,0.00472813900995179));
#1702=CARTESIAN_POINT('',(-0.0424421978799888,-0.00406530261501025,0.0195169788659783));
#1703=CARTESIAN_POINT('',(-0.0424421978799888,-0.00406530261501025,0.00472813900995181));
#1704=CARTESIAN_POINT('',(-0.0424440928599689,-0.00392882582001529,0.0195169788659783));
#1705=CARTESIAN_POINT('',(-0.042444092859969,-0.00392882582001528,0.00472813900995181));
#1706=CARTESIAN_POINT('',(-0.0425495694349933,-0.00384239075524797,0.0195169788659783));
#1707=CARTESIAN_POINT('',(-0.0425495694349933,-0.00384239075524796,0.00472813900995179));
#1708=CARTESIAN_POINT('',(-0.0426721455825656,-0.00380799599047278,0.0195169788659783));
#1709=CARTESIAN_POINT('',(-0.0426721455825657,-0.00380799599047278,0.00472813900995181));
#1710=CARTESIAN_POINT('',(-0.0427973549978524,-0.00378050839553726,0.0195169788659783));
#1711=CARTESIAN_POINT('',(-0.0427973549978525,-0.00378050839553726,0.00472813900995179));
#1712=CARTESIAN_POINT('',(-0.0429197387005631,-0.00374938373643144,0.0195169788659783));
#1713=CARTESIAN_POINT('',(-0.0429197387005632,-0.00374938373643144,0.00472813900995179));
#1714=CARTESIAN_POINT('',(-0.0430424938423911,-0.0036991996698341,0.0195169788659783));
#1715=CARTESIAN_POINT('',(-0.0430424938423911,-0.00369919966983409,0.00472813900995185));
#1716=CARTESIAN_POINT('',(-0.0431157158797773,-0.00358120545770756,0.0195169788659781));
#1717=CARTESIAN_POINT('',(-0.0431157158797774,-0.00358120545770755,0.00472813900995157));
#1718=CARTESIAN_POINT('',(-0.0430902642230147,-0.00344749190187213,0.0195169788659784));
#1719=CARTESIAN_POINT('',(-0.0430902642230148,-0.00344749190187212,0.00472813900995187));
#1720=CARTESIAN_POINT('',(-0.0430423479225423,-0.0033278441814398,0.0195169788659783));
#1721=CARTESIAN_POINT('',(-0.0430423479225424,-0.00332784418143979,0.00472813900995179));
#1722=CARTESIAN_POINT('',(-0.0429873106724386,-0.0032097604911508,0.0195169788659783));
#1723=CARTESIAN_POINT('',(-0.0429873106724386,-0.0032097604911508,0.00472813900995185));
#1724=CARTESIAN_POINT('',(-0.0429474584760437,-0.00310856202511833,0.0195169788659782));
#1725=CARTESIAN_POINT('',(-0.0429474584760438,-0.00310856202511833,0.00472813900995175));
#1726=CARTESIAN_POINT('',(-0.0429337034660632,-0.00302286245285172,0.0195169788659784));
#1727=CARTESIAN_POINT('',(-0.0429337034660633,-0.00302286245285171,0.00472813900995189));
#1728=CARTESIAN_POINT('',(-0.0429500744579476,-0.00293319363207401,0.0195169788659782));
#1729=CARTESIAN_POINT('',(-0.0429500744579476,-0.00293319363207401,0.00472813900995169));
#1730=CARTESIAN_POINT('',(-0.0430240332257998,-0.00286685090567502,0.019516978865979));
#1731=CARTESIAN_POINT('',(-0.0430240332257999,-0.00286685090567501,0.00472813900995249));
#1732=CARTESIAN_POINT('',(-0.0429337034660633,-0.00302286245285171,0.00472813900991862));
#1733=CARTESIAN_POINT('',(-0.0429500744579476,-0.00293319363207401,0.00472813900991862));
#1734=CARTESIAN_POINT('',(-0.0430240332257998,-0.00286685090567502,0.00472813900991862));
#1735=CARTESIAN_POINT('',(-0.0431676990709155,-0.00279977869043256,0.00472813900991862));
#1736=CARTESIAN_POINT('',(-0.0433176838487726,-0.00275046749133583,0.00472813900991862));
#1737=CARTESIAN_POINT('',(-0.0434563367996666,-0.00267626907861882,0.00472813900991862));
#1738=CARTESIAN_POINT('',(-0.0435347417682513,-0.00257902807911443,0.00472813900991862));
#1739=CARTESIAN_POINT('',(-0.0435224544518548,-0.00245461649749944,0.00472813900991862));
#1740=CARTESIAN_POINT('',(-0.0434537719333348,-0.00231325676890071,0.00472813900991862));
#1741=CARTESIAN_POINT('',(-0.0433641961210965,-0.0021824945302455,0.00472813900991862));
#1742=CARTESIAN_POINT('',(-0.0432907687108669,-0.00204573193511994,0.00472813900991862));
#1743=CARTESIAN_POINT('',(-0.0432792997874657,-0.00191764095152071,0.00472813900991862));
#1744=CARTESIAN_POINT('',(-0.0433656860911078,-0.00182368832634388,0.00472813900991862));
#1745=CARTESIAN_POINT('',(-0.04346655937137,-0.00176195219646289,0.00472813900991862));
#1746=CARTESIAN_POINT('',(-0.0435723540095694,-0.00170515303918795,0.00472813900991862));
#1747=CARTESIAN_POINT('',(-0.0436745748075309,-0.00164511627873674,0.00472813900991862));
#1748=CARTESIAN_POINT('',(-0.0437702749895335,-0.00157109592576381,0.00472813900991862));
#1749=CARTESIAN_POINT('',(-0.0438205400815527,-0.00145221174626212,0.00472813900991862));
#1750=CARTESIAN_POINT('',(-0.0437750400321064,-0.0013327302042618,0.00472813900991862));
#1751=CARTESIAN_POINT('',(-0.043705026481741,-0.00123572020463268,0.00472813900991862));
#1752=CARTESIAN_POINT('',(-0.0436256651366999,-0.00114300604046754,0.00472813900991862));
#1753=CARTESIAN_POINT('',(-0.0435494552855033,-0.00105016599950648,0.00472813900991862));
#1754=CARTESIAN_POINT('',(-0.043482020321567,-0.000945223348684349,0.00472813900991862));
#1755=CARTESIAN_POINT('',(-0.0434908547466516,-0.000816459652180991,0.00472813900991862));
#1756=CARTESIAN_POINT('',(-0.0435782830337451,-0.000725887621978569,0.00472813900991862));
#1757=CARTESIAN_POINT('',(-0.0436728737572869,-0.000652100227022743,0.00472813900991862));
#1758=CARTESIAN_POINT('',(-0.0437711458745106,-0.000580043744499135,0.00472813900991862));
#1759=CARTESIAN_POINT('',(-0.0438623178999118,-0.000501991204828129,0.00472813900991862));
#1760=CARTESIAN_POINT('',(-0.0439375280160244,-0.000400320192531441,0.00472813900991862));
#1761=CARTESIAN_POINT('',(-0.0439262525593654,-0.000272198732897021,0.00472813900991862));
#1762=CARTESIAN_POINT('',(-0.0438503301675155,-0.000174429527355292,0.00472813900991862));
#1763=CARTESIAN_POINT('',(-0.0437634234654058,-9.11838298721545E-5,0.00472813900991862));
#1764=CARTESIAN_POINT('',(-0.0436717062163455,-1.09101600576963E-5,0.00472813900991862));
#1765=CARTESIAN_POINT('',(-0.0435866962376966,7.14239702073524E-5,0.00472813900991862));
#1766=CARTESIAN_POINT('',(-0.0435191497035139,0.000183024505010457,0.00472813900991862));
#1767=CARTESIAN_POINT('',(-0.0435576922359871,0.000308982976947803,0.00472813900991862));
#1768=CARTESIAN_POINT('',(-0.0436394930037829,0.000401136433929587,0.00472813900991862));
#1769=CARTESIAN_POINT('',(-0.0437268317660924,0.000487180822888212,0.00472813900991862));
#1770=CARTESIAN_POINT('',(-0.0438123535379475,0.000574827735707146,0.00472813900991862));
#1771=CARTESIAN_POINT('',(-0.0438876830397535,0.000671053996833218,0.00472813900991862));
#1772=CARTESIAN_POINT('',(-0.0439147561703045,0.000801897332654155,0.00472813900991862));
#1773=CARTESIAN_POINT('',(-0.0438391629872281,0.000910920757509898,0.00472813900991862));
#1774=CARTESIAN_POINT('',(-0.0437426481860236,0.000987108384293095,0.00472813900991862));
#1775=CARTESIAN_POINT('',(-0.0436380894107089,0.00105646034166415,0.00472813900991862));
#1776=CARTESIAN_POINT('',(-0.0435354669314418,0.00112650684127384,0.00472813900991862));
#1777=CARTESIAN_POINT('',(-0.0434576829044438,0.00119889439068617,0.00472813900991862));
#1778=CARTESIAN_POINT('',(-0.0434269316554838,0.00127820470686932,0.00472813900991862));
#1779=CARTESIAN_POINT('',(-0.0434333891751922,0.00136302434185614,0.00472813900991862));
#1780=CARTESIAN_POINT('',(-0.0434838968097057,0.001454968857977,0.00472813900991862));
#1781=CARTESIAN_POINT('',(-0.0435579692885468,0.00155409676638465,0.00472813900991862));
#1782=CARTESIAN_POINT('',(-0.0436336123533553,0.001653016994402,0.00472813900991862));
#1783=CARTESIAN_POINT('',(-0.0436999613270993,0.00175745322519416,0.00472813900991862));
#1784=CARTESIAN_POINT('',(-0.0437333752616805,0.00188379217394841,0.00472813900991862));
#1785=CARTESIAN_POINT('',(-0.0436652764959132,0.00199689293152428,0.00472813900991862));
#1786=CARTESIAN_POINT('',(-0.0435262062828774,0.00208673060554389,0.00472813900991862));
#1787=CARTESIAN_POINT('',(-0.0433764293278659,0.00215173390567475,0.00472813900991862));
#1788=CARTESIAN_POINT('',(-0.0432341157916825,0.00223290917417385,0.00472813900991862));
#1789=CARTESIAN_POINT('',(-0.0431588092528626,0.00233882099815325,0.00472813900991862));
#1790=CARTESIAN_POINT('',(-0.0431859484957353,0.00246520233953306,0.00472813900991862));
#1791=CARTESIAN_POINT('',(-0.0432407843272491,0.00257303880873387,0.00472813900991862));
#1792=CARTESIAN_POINT('',(-0.0433018138735822,0.00267938672313993,0.00472813900991862));
#1793=CARTESIAN_POINT('',(-0.0433567168253623,0.00278682042048276,0.00472813900991862));
#1794=CARTESIAN_POINT('',(-0.0433963590810622,0.0029056525166237,0.00472813900991862));
#1795=CARTESIAN_POINT('',(-0.0433599277498952,0.00303141114428096,0.00472813900991862));
#1796=CARTESIAN_POINT('',(-0.0432522678974006,0.00310099128067223,0.00472813900991862));
#1797=CARTESIAN_POINT('',(-0.0431383561662655,0.00314477177676898,0.00472813900991862));
#1798=CARTESIAN_POINT('',(-0.0430201483791061,0.00318125652780536,0.00472813900991862));
#1799=CARTESIAN_POINT('',(-0.0429061501740185,0.00322115972946292,0.00472813900991862));
#1800=CARTESIAN_POINT('',(-0.0427929323184512,0.00328515359160784,0.00472813900991862));
#1801=CARTESIAN_POINT('',(-0.0427575164773755,0.00341340814924388,0.00472813900991862));
#1802=CARTESIAN_POINT('',(-0.0427927997602148,0.00353446677735556,0.00472813900991862));
#1803=CARTESIAN_POINT('',(-0.0428372811522419,0.0036502080704563,0.00472813900991862));
#1804=CARTESIAN_POINT('',(-0.0428818408415456,0.00376688854386457,0.00472813900991862));
#1805=CARTESIAN_POINT('',(-0.0429140347708367,0.00388615071564347,0.00472813900991862));
#1806=CARTESIAN_POINT('',(-0.0428962726695061,0.00401770194627659,0.00472813900991862));
#1807=CARTESIAN_POINT('',(-0.0427882725812819,0.00409445737586211,0.00472813900991862));
#1808=CARTESIAN_POINT('',(-0.042668335142644,0.0041269239533645,0.00472813900991862));
#1809=CARTESIAN_POINT('',(-0.0425452539089282,0.00414813035423024,0.00472813900991862));
#1810=CARTESIAN_POINT('',(-0.0424235666846701,0.00417007746084001,0.00472813900991862));
#1811=CARTESIAN_POINT('',(-0.0423009234037804,0.0042052321366758,0.00472813900991862));
#1812=CARTESIAN_POINT('',(-0.0422181916938751,0.00430825528561052,0.00472813900991862));
#1813=CARTESIAN_POINT('',(-0.0422261807362646,0.00443749971063145,0.00472813900991862));
#1814=CARTESIAN_POINT('',(-0.0422516767727476,0.00455656645844504,0.00472813900991862));
#1815=CARTESIAN_POINT('',(-0.0422811106806038,0.00467705199609518,0.00472813900991862));
#1816=CARTESIAN_POINT('',(-0.0423009854161149,0.00479767406127387,0.00472813900991862));
#1817=CARTESIAN_POINT('',(-0.0422906015848083,0.00492635199886232,0.00472813900991862));
#1818=CARTESIAN_POINT('',(-0.0421937847758502,0.00501396899023175,0.00472813900991862));
#1819=CARTESIAN_POINT('',(-0.0420716288965928,0.00503775358802998,0.00472813900991862));
#1820=CARTESIAN_POINT('',(-0.0419501976778774,0.00504486096105486,0.00472813900991862));
#1821=CARTESIAN_POINT('',(-0.0418269415934649,0.00504766691673969,0.00472813900991862));
#1822=CARTESIAN_POINT('',(-0.0417070418519805,0.00505709478277524,0.00472813900991862));
#1823=CARTESIAN_POINT('',(-0.0415857316164316,0.00510829194516574,0.00472813900991862));
#1824=CARTESIAN_POINT('',(-0.0415450647216609,0.00523400076092444,0.00472813900991862));
#1825=CARTESIAN_POINT('',(-0.0415501928130174,0.00535739399680393,0.00472813900991862));
#1826=CARTESIAN_POINT('',(-0.0415624580328843,0.00548076049107305,0.00472813900991862));
#1827=CARTESIAN_POINT('',(-0.0415704806058459,0.00560385248149806,0.00472813900991862));
#1828=CARTESIAN_POINT('',(-0.0415616502169327,0.0057293251804322,0.00472813900991862));
#1829=CARTESIAN_POINT('',(-0.041485283164666,0.00583599421258459,0.00472813900991862));
#1830=CARTESIAN_POINT('',(-0.0413584127134874,0.00586120747051124,0.00472813900991862));
#1831=CARTESIAN_POINT('',(-0.0412365482559745,0.00585601554702676,0.00472813900991862));
#1832=CARTESIAN_POINT('',(-0.0411141249693703,0.00584152673052738,0.00472813900991862));
#1833=CARTESIAN_POINT('',(-0.0409929125631585,0.00583087481928212,0.00472813900991862));
#1834=CARTESIAN_POINT('',(-0.0408660598372483,0.00583854353337422,0.00472813900991862));
#1835=CARTESIAN_POINT('',(-0.0407735669478234,0.00593022937725205,0.00472813900991862));
#1836=CARTESIAN_POINT('',(-0.0407526826379027,0.00605372820045571,0.00472813900991862));
#1837=CARTESIAN_POINT('',(-0.0407453964145955,0.00617480881750987,0.00472813900991862));
#1838=CARTESIAN_POINT('',(-0.0407398511258066,0.00629751838968867,0.00472813900991862));
#1839=CARTESIAN_POINT('',(-0.0407241643116796,0.00641648721812569,0.00472813900991862));
#1840=CARTESIAN_POINT('',(-0.0406706523375047,0.00653558398103913,0.00472813900991862));
#1841=CARTESIAN_POINT('',(-0.0405470774414018,0.00658103924441424,0.00472813900991862));
#1842=CARTESIAN_POINT('',(-0.0404235707100186,0.00656643083502611,0.00472813900991862));
#1843=CARTESIAN_POINT('',(-0.040303658534664,0.00653797848857633,0.00472813900991862));
#1844=CARTESIAN_POINT('',(-0.0401842128159618,0.00650727623458477,0.00472813900991862));
#1845=CARTESIAN_POINT('',(-0.0400626545859197,0.00648463313472042,0.00472813900991862));
#1846=CARTESIAN_POINT('',(-0.0399349912058717,0.00651725869890061,0.00472813900991862));
#1847=CARTESIAN_POINT('',(-0.0398744093906923,0.0066332046844625,0.00472813900991862));
#1848=CARTESIAN_POINT('',(-0.0398472256393136,0.0067516746560118,0.00472813900991862));
#1849=CARTESIAN_POINT('',(-0.039825513071126,0.00687309300630519,0.00472813900991862));
#1850=CARTESIAN_POINT('',(-0.0397979380665561,0.00699175503794632,0.00472813900991862));
#1851=CARTESIAN_POINT('',(-0.039750713435453,0.00710793896670238,0.00472813900991862));
#1852=CARTESIAN_POINT('',(-0.0396398661630719,0.00717786860979989,0.00472813900991862));
#1853=CARTESIAN_POINT('',(-0.0395135147568874,0.00716033911864696,0.00472813900991862));
#1854=CARTESIAN_POINT('',(-0.0393987326936081,0.00712056049299077,0.00472813900991862));
#1855=CARTESIAN_POINT('',(-0.0392846935065079,0.00707245668421318,0.00472813900991862));
#1856=CARTESIAN_POINT('',(-0.0391715851910219,0.00702997509000502,0.00472813900991862));
#1857=CARTESIAN_POINT('',(-0.0390441173144743,0.00700770477990095,0.00472813900991862));
#1858=CARTESIAN_POINT('',(-0.038936249820076,0.0070846387788669,0.00472813900991862));
#1859=CARTESIAN_POINT('',(-0.0388693979916693,0.0072370770868596,0.00472813900991862));
#1860=CARTESIAN_POINT('',(-0.0388233823627034,0.00739352949833697,0.00472813900991862));
#1861=CARTESIAN_POINT('',(-0.0387549831060124,0.00754193311832827,0.00472813900991862));
#1862=CARTESIAN_POINT('',(-0.0386613253668497,0.00763190433524648,0.00472813900991862));
#1863=CARTESIAN_POINT('',(-0.0385315368636244,0.00762680259921251,0.00472813900991862));
#1864=CARTESIAN_POINT('',(-0.0383839066833543,0.00756093419090091,0.00472813900991862));
#1865=CARTESIAN_POINT('',(-0.038246558551343,0.00747315544013408,0.00472813900991862));
#1866=CARTESIAN_POINT('',(-0.0380982880933781,0.00740236329602675,0.00472813900991862));
#1867=CARTESIAN_POINT('',(-0.0379688328110696,0.00740845964754977,0.00472813900991862));
#1868=CARTESIAN_POINT('',(-0.0378841916192011,0.00750486211530932,0.00472813900991862));
#1869=CARTESIAN_POINT('',(-0.0378261375582435,0.00761078271208849,0.00472813900991862));
#1870=CARTESIAN_POINT('',(-0.0377722078859711,0.00772080879228087,0.00472813900991862));
#1871=CARTESIAN_POINT('',(-0.0377127389748739,0.00782651921603013,0.00472813900991862));
#1872=CARTESIAN_POINT('',(-0.0376330775242232,0.00792410628720769,0.00472813900991862));
#1873=CARTESIAN_POINT('',(-0.0375072348724126,0.00795500369979559,0.00472813900991862));
#1874=CARTESIAN_POINT('',(-0.0373927371023369,0.00790241858643276,0.00472813900991862));
#1875=CARTESIAN_POINT('',(-0.0372941775106959,0.00783269288181907,0.00472813900991862));
#1876=CARTESIAN_POINT('',(-0.0371988332257643,0.00775576304777004,0.00472813900991862));
#1877=CARTESIAN_POINT('',(-0.0371015211243148,0.0076838949166551,0.00472813900991862));
#1878=CARTESIAN_POINT('',(-0.0369870565091674,0.00762914986543566,0.00472813900991862));
#1879=CARTESIAN_POINT('',(-0.0368638835674289,0.00767174977266201,0.00472813900991862));
#1880=CARTESIAN_POINT('',(-0.0367845336862852,0.00776629522809582,0.00472813900991862));
#1881=CARTESIAN_POINT('',(-0.036714606544553,0.00786583724279317,0.00472813900991862));
#1882=CARTESIAN_POINT('',(-0.0366446589130284,0.0079660851568989,0.00472813900991862));
#1883=CARTESIAN_POINT('',(-0.0365657571142285,0.00805850573642142,0.00472813900991862));
#1884=CARTESIAN_POINT('',(-0.0364535762388559,0.00812216399895629,0.00472813900991862));
#1885=CARTESIAN_POINT('',(-0.0363297509095601,0.0080863396633586,0.00472813900991862));
#1886=CARTESIAN_POINT('',(-0.0362361746539654,0.0080093912682579,0.00472813900991862));
#1887=CARTESIAN_POINT('',(-0.036151696432771,0.00792316415975782,0.00472813900991862));
#1888=CARTESIAN_POINT('',(-0.0360680691587239,0.00783557182794661,0.00472813900991862));
#1889=CARTESIAN_POINT('',(-0.0359785376452973,0.0077544106981891,0.00472813900991862));
#1890=CARTESIAN_POINT('',(-0.0358561531694539,0.00771500184016021,0.00472813900991862));
#1891=CARTESIAN_POINT('',(-0.0357445482852126,0.00777811308350301,0.00472813900991862));
#1892=CARTESIAN_POINT('',(-0.0356593744144941,0.00786266191494464,0.00472813900991862));
#1893=CARTESIAN_POINT('',(-0.0355776710441931,0.00795282475693146,0.00472813900991862));
#1894=CARTESIAN_POINT('',(-0.0354929118344975,0.00803850420202067,0.00472813900991862));
#1895=CARTESIAN_POINT('',(-0.0353936199100556,0.00811314895232571,0.00472813900991862));
#1896=CARTESIAN_POINT('',(-0.0352656947376253,0.00812299062981366,0.00472813900991862));
#1897=CARTESIAN_POINT('',(-0.0351649091750675,0.00804638009450341,0.00472813900991862));
#1898=CARTESIAN_POINT('',(-0.0350886211706814,0.00795424164607411,0.00472813900991862));
#1899=CARTESIAN_POINT('',(-0.0350183267382131,0.0078548507410266,0.00472813900991862));
#1900=CARTESIAN_POINT('',(-0.034946173012779,0.00775884897276573,0.00472813900991862));
#1901=CARTESIAN_POINT('',(-0.0348583073493069,0.00767019479159687,0.00472813900991862));
#1902=CARTESIAN_POINT('',(-0.0347305276284553,0.00765671255242536,0.00472813900991862));
#1903=CARTESIAN_POINT('',(-0.0346243378991452,0.00772123740260764,0.00472813900991862));
#1904=CARTESIAN_POINT('',(-0.034530618230774,0.00779511904731259,0.00472813900991862));
#1905=CARTESIAN_POINT('',(-0.0344375631606599,0.00787226744060651,0.00472813900991862));
#1906=CARTESIAN_POINT('',(-0.0343397503368523,0.00794089650367084,0.00472813900991862));
#1907=CARTESIAN_POINT('',(-0.0342227732222702,0.00798639986385649,0.00472813900991862));
#1908=CARTESIAN_POINT('',(-0.0341035472939524,0.00794118361060889,0.00472813900991862));
#1909=CARTESIAN_POINT('',(-0.0340287449628582,0.00784472326258127,0.00472813900991862));
#1910=CARTESIAN_POINT('',(-0.033969890883654,0.00774167358874816,0.00472813900991862));
#1911=CARTESIAN_POINT('',(-0.0339151834004004,0.007635014214242,0.00472813900991862));
#1912=CARTESIAN_POINT('',(-0.0338558116613823,0.00753301893620455,0.00472813900991862));
#1913=CARTESIAN_POINT('',(-0.0337684851337786,0.00744285726830361,0.00472813900991862));
#1914=CARTESIAN_POINT('',(-0.0336420228108825,0.00744283772051624,0.00472813900991862));
#1915=CARTESIAN_POINT('',(-0.0334994780114829,0.00751359744333771,0.00472813900991862));
#1916=CARTESIAN_POINT('',(-0.0333669475909716,0.00760145819059594,0.00472813900991862));
#1917=CARTESIAN_POINT('',(-0.0332254567493698,0.00766899407808181,0.00472813900991862));
#1918=CARTESIAN_POINT('',(-0.0330998133433072,0.00768416595990721,0.00472813900991862));
#1919=CARTESIAN_POINT('',(-0.0329995142449391,0.00760575407812511,0.00472813900991862));
#1920=CARTESIAN_POINT('',(-0.0329261503550677,0.00746326280984125,0.00472813900991862));
#1921=CARTESIAN_POINT('',(-0.0328777058963225,0.00731042300093654,0.00472813900991862));
#1922=CARTESIAN_POINT('',(-0.0328156195052487,0.00716521881002404,0.00472813900991862));
#1923=CARTESIAN_POINT('',(-0.0327261972462419,0.00707206924018285,0.00472813900991862));
#1924=CARTESIAN_POINT('',(-0.0325976192483823,0.00707676664956162,0.00472813900991862));
#1925=CARTESIAN_POINT('',(-0.032447070065403,0.0071324636872371,0.00472813900991862));
#1926=CARTESIAN_POINT('',(-0.0323009373131514,0.0072020238116582,0.00472813900991862));
#1927=CARTESIAN_POINT('',(-0.0321422877744382,0.00724271911331587,0.00472813900991862));
#1928=CARTESIAN_POINT('',(-0.0320175312780643,0.00720928609139927,0.00472813900991862));
#1929=CARTESIAN_POINT('',(-0.0319512017245787,0.00709985127588721,0.00472813900991862));
#1930=CARTESIAN_POINT('',(-0.0319179416033489,0.00698536362004799,0.00472813900991862));
#1931=CARTESIAN_POINT('',(-0.031893763065587,0.00686608541597239,0.00472813900991862));
#1932=CARTESIAN_POINT('',(-0.0318676100210245,0.00674895489976764,0.00472813900991862));
#1933=CARTESIAN_POINT('',(-0.0318268798227023,0.00663167035224393,0.00472813900991862));
#1934=CARTESIAN_POINT('',(-0.0317215008328388,0.00655828544244588,0.00472813900991862));
#1935=CARTESIAN_POINT('',(-0.0315966048274692,0.00657046359223531,0.00472813900991862));
#1936=CARTESIAN_POINT('',(-0.0314808915898226,0.0065991833968416,0.00472813900991862));
#1937=CARTESIAN_POINT('',(-0.0313644715786703,0.00663212659784728,0.00472813900991862));
#1938=CARTESIAN_POINT('',(-0.0312472339519902,0.0066562272548232,0.00472813900991862));
#1939=CARTESIAN_POINT('',(-0.0311224886437578,0.00665519540203741,0.00472813900991862));
#1940=CARTESIAN_POINT('',(-0.0310254722536041,0.00657217350284738,0.00472813900991862));
#1941=CARTESIAN_POINT('',(-0.0309932895103514,0.00645344474268806,0.00472813900991862));
#1942=CARTESIAN_POINT('',(-0.0309804848951131,0.00633542842409527,0.00472813900991862));
#1943=CARTESIAN_POINT('',(-0.0309739834812309,0.00621558730361245,0.00472813900991862));
#1944=CARTESIAN_POINT('',(-0.0309619324432861,0.00609793330409824,0.00472813900991862));
#1945=CARTESIAN_POINT('',(-0.0309239407891031,0.00597891983157817,0.00472813900991862));
#1946=CARTESIAN_POINT('',(-0.030812036686157,0.005919650355285,0.00472813900991862));
#1947=CARTESIAN_POINT('',(-0.0306918053399927,0.00592314159132468,0.00472813900991862));
#1948=CARTESIAN_POINT('',(-0.0305741957297215,0.00593720311753209,0.00472813900991862));
#1949=CARTESIAN_POINT('',(-0.0304557304106172,0.00595223924534638,0.00472813900991862));
#1950=CARTESIAN_POINT('',(-0.0303390097881183,0.005956489397208,0.00472813900991862));
#1951=CARTESIAN_POINT('',(-0.0302161951305136,0.00592470604860996,0.00472813900991862));
#1952=CARTESIAN_POINT('',(-0.0301501404931825,0.00581500828070057,0.00472813900991862));
#1953=CARTESIAN_POINT('',(-0.0301417668133012,0.00569403466500818,0.00472813900991862));
#1954=CARTESIAN_POINT('',(-0.0301480380403915,0.00557417352198673,0.00472813900991862));
#1955=CARTESIAN_POINT('',(-0.0301577700042971,0.00545411224307122,0.00472813900991862));
#1956=CARTESIAN_POINT('',(-0.0301600516596007,0.00533460608087725,0.00472813900991862));
#1957=CARTESIAN_POINT('',(-0.0301206491,0.0052131527090799,0.00472813900991862));
#1958=CARTESIAN_POINT('',(-0.0300046533507431,0.00516092711436552,0.00472813900991862));
#1959=CARTESIAN_POINT('',(-0.0298859923578512,0.00515225800014723,0.00472813900991862));
#1960=CARTESIAN_POINT('',(-0.0297667895547992,0.00515129772070931,0.00472813900991862));
#1961=CARTESIAN_POINT('',(-0.0296478779996953,0.00514768961584373,0.00472813900991862));
#1962=CARTESIAN_POINT('',(-0.0295297419551911,0.00513035709738359,0.00472813900991862));
#1963=CARTESIAN_POINT('',(-0.0294237309890501,0.00506252320997232,0.00472813900991862));
#1964=CARTESIAN_POINT('',(-0.0293959310728516,0.00494008371130635,0.00472813900991862));
#1965=CARTESIAN_POINT('',(-0.0294086695409187,0.00482369320577477,0.00472813900991862));
#1966=CARTESIAN_POINT('',(-0.0294331331878524,0.00470755912047033,0.00472813900991862));
#1967=CARTESIAN_POINT('',(-0.0294580349602734,0.00459203574495081,0.00472813900991862));
#1968=CARTESIAN_POINT('',(-0.0294738432714022,0.00447426014653531,0.00472813900991862));
#1969=CARTESIAN_POINT('',(-0.0294366942577221,0.00435462940357914,0.00472813900991862));
#1970=CARTESIAN_POINT('',(-0.0293254719273363,0.00429878944203791,0.00472813900991862));
#1971=CARTESIAN_POINT('',(-0.0292107079183585,0.00427537083875395,0.00472813900991862));
#1972=CARTESIAN_POINT('',(-0.0290939116875657,0.00425853354740625,0.00472813900991862));
#1973=CARTESIAN_POINT('',(-0.0289776936741401,0.00423719664709414,0.00472813900991862));
#1974=CARTESIAN_POINT('',(-0.0288660425247957,0.00420200319379397,0.00472813900991862));
#1975=CARTESIAN_POINT('',(-0.0287760271753007,0.00411296817457618,0.00472813900991862));
#1976=CARTESIAN_POINT('',(-0.0287730117253824,0.00398774167830143,0.00472813900991862));
#1977=CARTESIAN_POINT('',(-0.028803304442262,0.00387484011845136,0.00472813900991862));
#1978=CARTESIAN_POINT('',(-0.0288443689994068,0.00376346312274061,0.00472813900991862));
#1979=CARTESIAN_POINT('',(-0.0288843722728012,0.00365265988180853,0.00472813900991862));
#1980=CARTESIAN_POINT('',(-0.0289148790647018,0.0035366271580475,0.00472813900991862));
#1981=CARTESIAN_POINT('',(-0.0288841938271489,0.00341462718546289,0.00472813900991862));
#1982=CARTESIAN_POINT('',(-0.0287775965648571,0.00334985196217467,0.00472813900991862));
#1983=CARTESIAN_POINT('',(-0.0286677219583971,0.00331204358678797,0.00472813900991862));
#1984=CARTESIAN_POINT('',(-0.0285541297605017,0.00327914349820186,0.00472813900991862));
#1985=CARTESIAN_POINT('',(-0.0284436215299432,0.00324143038296682,0.00472813900991862));
#1986=CARTESIAN_POINT('',(-0.0283368078005329,0.00318666815791167,0.00472813900991862));
#1987=CARTESIAN_POINT('',(-0.0282703871676695,0.00308208883883985,0.00472813900991862));
#1988=CARTESIAN_POINT('',(-0.0282899895095614,0.0029602877160508,0.00472813900991862));
#1989=CARTESIAN_POINT('',(-0.0283362010068376,0.00285446424648207,0.00472813900991862));
#1990=CARTESIAN_POINT('',(-0.0283916645375842,0.00275198668641476,0.00472813900991862));
#1991=CARTESIAN_POINT('',(-0.028445532363641,0.00264897427580141,0.00472813900991862));
#1992=CARTESIAN_POINT('',(-0.0284897130603576,0.00254193080621742,0.00472813900991862));
#1993=CARTESIAN_POINT('',(-0.0284758849106555,0.00241770338809169,0.00472813900991862));
#1994=CARTESIAN_POINT('',(-0.0283808073395409,0.00233971028742655,0.00472813900991862));
#1995=CARTESIAN_POINT('',(-0.028277268993645,0.00228668872567851,0.00472813900991862));
#1996=CARTESIAN_POINT('',(-0.0281699527075757,0.00223863314919248,0.00472813900991862));
#1997=CARTESIAN_POINT('',(-0.0280655006605584,0.00218583019823557,0.00472813900991862));
#1998=CARTESIAN_POINT('',(-0.0279682131525219,0.00211812917029602,0.00472813900991862));
#1999=CARTESIAN_POINT('',(-0.0279148262176644,0.00200601523431602,0.00472813900991862));
#2000=CARTESIAN_POINT('',(-0.0279496408175067,0.00188828973596491,0.00472813900991862));
#2001=CARTESIAN_POINT('',(-0.0280104525831783,0.00178862770409355,0.00472813900991862));
#2002=CARTESIAN_POINT('',(-0.0280801415625845,0.00169409653387373,0.00472813900991862));
#2003=CARTESIAN_POINT('',(-0.0281482137852761,0.00159938183544732,0.00472813900991862));
#2004=CARTESIAN_POINT('',(-0.0282080480981606,0.00149684458390852,0.00472813900991862));
#2005=CARTESIAN_POINT('',(-0.0282100449589395,0.00137286572309053,0.00472813900991862));
#2006=CARTESIAN_POINT('',(-0.028126564255397,0.0012827813093279,0.00472813900991862));
#2007=CARTESIAN_POINT('',(-0.0280325339576577,0.00121673244669893,0.00472813900991862));
#2008=CARTESIAN_POINT('',(-0.0279338180588821,0.00115468579509579,0.00472813900991862));
#2009=CARTESIAN_POINT('',(-0.0278386688173935,0.00108872283416023,0.00472813900991862));
#2010=CARTESIAN_POINT('',(-0.0277524165525767,0.00100956091221834,0.00472813900991862));
#2011=CARTESIAN_POINT('',(-0.0277121580211285,0.000893698050721685,0.00472813900991862));
#2012=CARTESIAN_POINT('',(-0.0277598064425513,0.000781715792481771,0.00472813900991862));
#2013=CARTESIAN_POINT('',(-0.0278312907962526,0.00069298070460835,0.00472813900991862));
#2014=CARTESIAN_POINT('',(-0.0279118785467915,0.00060994310832092,0.00472813900991862));
#2015=CARTESIAN_POINT('',(-0.0279921611032668,0.00052667054027786,0.00472813900991862));
#2016=CARTESIAN_POINT('',(-0.0280646616421207,0.000438594065246068,0.00472813900991862));
#2017=CARTESIAN_POINT('',(-0.0280970183600883,0.000318466098334346,0.00472813900991862));
#2018=CARTESIAN_POINT('',(-0.0280338432577178,0.000212955365694149,0.00472813900991862));
#2019=CARTESIAN_POINT('',(-0.0279503065029114,0.000132966954671217,0.00472813900991862));
#2020=CARTESIAN_POINT('',(-0.0278614530360106,5.76778393213263E-5,0.00472813900991862));
#2021=CARTESIAN_POINT('',(-0.0277751358427621,-2.02707207540087E-5,0.00472813900991862));
#2022=CARTESIAN_POINT('',(-0.0276988584191668,-0.000107970912691411,0.00472813900991862));
#2023=CARTESIAN_POINT('',(-0.0276637479817397,-0.000225497066077297,0.00472813900991862));
#2024=CARTESIAN_POINT('',(-0.027719210060456,-0.000334727964445747,0.00472813900991862));
#2025=CARTESIAN_POINT('',(-0.0278024810665662,-0.000415317919020626,0.00472813900991862));
#2026=CARTESIAN_POINT('',(-0.027893538147871,-0.000487044790133879,0.00472813900991862));
#2027=CARTESIAN_POINT('',(-0.0279853995465514,-0.000558119899217566,0.00472813900991862));
#2028=CARTESIAN_POINT('',(-0.028071008327215,-0.000634488782036433,0.00472813900991862));
#2029=CARTESIAN_POINT('',(-0.0281279857801837,-0.000745926240286145,0.00472813900991862));
#2030=CARTESIAN_POINT('',(-0.0280854372881006,-0.000863078911125035,0.00472813900991862));
#2031=CARTESIAN_POINT('',(-0.0280145983854657,-0.000954211561810266,0.00472813900991862));
#2032=CARTESIAN_POINT('',(-0.0279364675276137,-0.00104227550895049,0.00472813900991862));
#2033=CARTESIAN_POINT('',(-0.0278610941449891,-0.00113147208448037,0.00472813900991862));
#2034=CARTESIAN_POINT('',(-0.0277952451431368,-0.00122914120259798,0.00472813900991862));
#2035=CARTESIAN_POINT('',(-0.0277728126212653,-0.00135488928114674,0.00472813900991862));
#2036=CARTESIAN_POINT('',(-0.0278456312751761,-0.00145860958990796,0.00472813900991862));
#2037=CARTESIAN_POINT('',(-0.0279427577693907,-0.00152823619183033,0.00472813900991862));
#2038=CARTESIAN_POINT('',(-0.0280461786938853,-0.00158794448400893,0.00472813900991862));
#2039=CARTESIAN_POINT('',(-0.0281494767041361,-0.00164740595282619,0.00472813900991862));
#2040=CARTESIAN_POINT('',(-0.0282483164934715,-0.00171565891385167,0.00472813900991862));
#2041=CARTESIAN_POINT('',(-0.0283088438199987,-0.00182644364843743,0.00472813900991862));
#2042=CARTESIAN_POINT('',(-0.0282721568698154,-0.00194614406941093,0.00472813900991862));
#2043=CARTESIAN_POINT('',(-0.028211662831461,-0.00204764122916403,0.00472813900991862));
#2044=CARTESIAN_POINT('',(-0.0281445239337446,-0.00214760648514172,0.00472813900991862));
#2045=CARTESIAN_POINT('',(-0.0280833813809874,-0.00224898797553965,0.00472813900991862));
#2046=CARTESIAN_POINT('',(-0.0280341417802803,-0.00236172825457546,0.00472813900991862));
#2047=CARTESIAN_POINT('',(-0.0280572599581833,-0.00249434651681401,0.00472813900991862));
#2048=CARTESIAN_POINT('',(-0.0281617182196648,-0.00257348415647134,0.00472813900991862));
#2049=CARTESIAN_POINT('',(-0.0282732171528161,-0.00262556053758556,0.00472813900991862));
#2050=CARTESIAN_POINT('',(-0.0283906960640578,-0.00267102522932175,0.00472813900991862));
#2051=CARTESIAN_POINT('',(-0.0285036869173867,-0.00271970452911441,0.00472813900991862));
#2052=CARTESIAN_POINT('',(-0.028612325422267,-0.00279433716075999,0.00472813900991862));
#2053=CARTESIAN_POINT('',(-0.0286332825265728,-0.00292683930237623,0.00472813900991862));
#2054=CARTESIAN_POINT('',(-0.0285737257471522,-0.00308342889379392,0.00472813900991862));
#2055=CARTESIAN_POINT('',(-0.0284969108266205,-0.0032312070275736,0.00472813900991862));
#2056=CARTESIAN_POINT('',(-0.0284427925750921,-0.00339022747098341,0.00472813900991862));
#2057=CARTESIAN_POINT('',(-0.0284607689696866,-0.00352633623159105,0.00472813900991862));
#2058=CARTESIAN_POINT('',(-0.028571749109627,-0.00360425256369903,0.00472813900991862));
#2059=CARTESIAN_POINT('',(-0.028692451067841,-0.00364336420405835,0.00472813900991862));
#2060=CARTESIAN_POINT('',(-0.0288166695113193,-0.00367299473711165,0.00472813900991862));
#2061=CARTESIAN_POINT('',(-0.0289394268929571,-0.00370491981075029,0.00472813900991862));
#2062=CARTESIAN_POINT('',(-0.0290382195384539,-0.00374990264479946,0.00472813900991862));
#2063=CARTESIAN_POINT('',(-0.0290894257121356,-0.00382010742575582,0.00472813900991862));
#2064=CARTESIAN_POINT('',(-0.0291055151025926,-0.00390525015435572,0.00472813900991862));
#2065=CARTESIAN_POINT('',(-0.029085705862756,-0.00401004539565165,0.00472813900991862));
#2066=CARTESIAN_POINT('',(-0.0290479967617501,-0.00413084042017648,0.00472813900991862));
#2067=CARTESIAN_POINT('',(-0.0290113787166448,-0.00425237240110884,0.00472813900991862));
#2068=CARTESIAN_POINT('',(-0.0289868721728425,-0.00437551600507281,0.00472813900991862));
#2069=CARTESIAN_POINT('',(-0.0290185528387394,-0.00450935204847132,0.00472813900991862));
#2070=CARTESIAN_POINT('',(-0.0291385536234734,-0.00457493139828015,0.00472813900991862));
#2071=CARTESIAN_POINT('',(-0.0292643267311233,-0.00459746500319827,0.00472813900991862));
#2072=CARTESIAN_POINT('',(-0.0293925427906305,-0.00460979702796874,0.00472813900991862));
#2073=CARTESIAN_POINT('',(-0.0295195015109883,-0.00462417243165388,0.00472813900991862));
#2074=CARTESIAN_POINT('',(-0.0296247527726054,-0.00465461028437014,0.00472813900991862));
#2075=CARTESIAN_POINT('',(-0.0296862351556475,-0.00471724234412925,0.00472813900991862));
#2076=CARTESIAN_POINT('',(-0.0297143741201633,-0.00480002771106586,0.00472813900991862));
#2077=CARTESIAN_POINT('',(-0.0297068002312758,-0.00495010247183802,0.00472813900991862));
#2078=CARTESIAN_POINT('',(-0.0296709398444054,-0.00511697522914014,0.00472813900991862));
#2079=CARTESIAN_POINT('',(-0.0296624037031696,-0.00528668996888287,0.00472813900991862));
#2080=CARTESIAN_POINT('',(-0.0297156051648694,-0.00541305466215052,0.00472813900991862));
#2081=CARTESIAN_POINT('',(-0.0298436175826588,-0.00545872297175058,0.00472813900991862));
#2082=CARTESIAN_POINT('',(-0.0299708323690092,-0.00546321098741193,0.00472813900991862));
#2083=CARTESIAN_POINT('',(-0.0300991186177007,-0.00545747800800084,0.00472813900991862));
#2084=CARTESIAN_POINT('',(-0.0302264139462466,-0.00545422401885658,0.00472813900991862));
#2085=CARTESIAN_POINT('',(-0.0303347841760577,-0.0054703756912925,0.00472813900991862));
#2086=CARTESIAN_POINT('',(-0.0304034682820257,-0.00552464716708979,0.00472813900991862));
#2087=CARTESIAN_POINT('',(-0.0304419920160658,-0.00560293551565171,0.00472813900991862));
#2088=CARTESIAN_POINT('',(-0.0304514104280195,-0.005709604999302,0.00472813900991862));
#2089=CARTESIAN_POINT('',(-0.0304483431550323,-0.00583698566076546,0.00472813900991862));
#2090=CARTESIAN_POINT('',(-0.0304466721898798,-0.00596444441098081,0.00472813900991862));
#2091=CARTESIAN_POINT('',(-0.0304585627284751,-0.00609269324472418,0.00472813900991862));
#2092=CARTESIAN_POINT('',(-0.0305290081779386,-0.00620819106351081,0.00472813900991862));
#2093=CARTESIAN_POINT('',(-0.0306616107476186,-0.00623548635228146,0.00472813900991862));
#2094=CARTESIAN_POINT('',(-0.0307876607693848,-0.00622225908024243,0.00472813900991862));
#2095=CARTESIAN_POINT('',(-0.0309133752220107,-0.00619888224557355,0.00472813900991862));
#2096=CARTESIAN_POINT('',(-0.0310382246654947,-0.00617795532089911,0.00472813900991862));
#2097=CARTESIAN_POINT('',(-0.031147818713974,-0.00617848375894816,0.00472813900991862));
#2098=CARTESIAN_POINT('',(-0.031223460088154,-0.00622155645302903,0.00472813900991862));
#2099=CARTESIAN_POINT('',(-0.0312730234592158,-0.00629253064599687,0.00472813900991862));
#2100=CARTESIAN_POINT('',(-0.0312977543858248,-0.00639669027285524,0.00472813900991862));
#2101=CARTESIAN_POINT('',(-0.0313123819056192,-0.00652177464956339,0.00472813900991862));
#2102=CARTESIAN_POINT('',(-0.0313282574313546,-0.00664738718972272,0.00472813900991862));
#2103=CARTESIAN_POINT('',(-0.0313557134693487,-0.0067696774738445,0.00472813900991862));
#2104=CARTESIAN_POINT('',(-0.0314380472400893,-0.00687975812543407,0.00472813900991862));
#2105=CARTESIAN_POINT('',(-0.0315745153476411,-0.00689178629352314,0.00472813900991862));
#2106=CARTESIAN_POINT('',(-0.0316975267088961,-0.0068617058710214,0.00472813900991862));
#2107=CARTESIAN_POINT('',(-0.0318199487309422,-0.00682088503315524,0.00472813900991862));
#2108=CARTESIAN_POINT('',(-0.0319412673939259,-0.00678231482611667,0.00472813900991862));
#2109=CARTESIAN_POINT('',(-0.0320500666894654,-0.0067665721101922,0.00472813900991862));
#2110=CARTESIAN_POINT('',(-0.032132091135237,-0.00679750107746592,0.00472813900991862));
#2111=CARTESIAN_POINT('',(-0.0321921362470759,-0.00686061725248881,0.00472813900991862));
#2112=CARTESIAN_POINT('',(-0.0322316045904926,-0.00696095486033406,0.00472813900991862));
#2113=CARTESIAN_POINT('',(-0.032263729546373,-0.0070835268534187,0.00472813900991862));
#2114=CARTESIAN_POINT('',(-0.0322970415997804,-0.007206540534576,0.00472813900991862));
#2115=CARTESIAN_POINT('',(-0.0323422316421757,-0.00732501862723616,0.00472813900991862));
#2116=CARTESIAN_POINT('',(-0.0324383711149012,-0.00742042230322861,0.00472813900991862));
#2117=CARTESIAN_POINT('',(-0.0325736371706921,-0.00741392223723197,0.00472813900991862));
#2118=CARTESIAN_POINT('',(-0.0326898282642211,-0.0073679830321571,0.00472813900991862));
#2119=CARTESIAN_POINT('',(-0.0328028870449063,-0.00731197463134997,0.00472813900991862));
#2120=CARTESIAN_POINT('',(-0.0329157408470425,-0.00725746900801082,0.00472813900991862));
#2121=CARTESIAN_POINT('',(-0.0330176096916759,-0.0072255589068316,0.00472813900991862));
#2122=CARTESIAN_POINT('',(-0.0331025556274229,-0.00723793829848143,0.00472813900991862));
#2123=CARTESIAN_POINT('',(-0.0331734510511785,-0.00728582705465954,0.00472813900991862));
#2124=CARTESIAN_POINT('',(-0.033228424583545,-0.00737660203029909,0.00472813900991862));
#2125=CARTESIAN_POINT('',(-0.0332770120555149,-0.00748999265056451,0.00472813900991862));
#2126=CARTESIAN_POINT('',(-0.0333249354705566,-0.0076050492927471,0.00472813900991862));
#2127=CARTESIAN_POINT('',(-0.0333819760802404,-0.00771425448007529,0.00472813900991862));
#2128=CARTESIAN_POINT('',(-0.0334745271836437,-0.00780648438071556,0.00472813900991862));
#2129=CARTESIAN_POINT('',(-0.0336065509284917,-0.00780423322188846,0.00472813900991862));
#2130=CARTESIAN_POINT('',(-0.0337535440708412,-0.00772899698007287,0.00472813900991862));
#2131=CARTESIAN_POINT('',(-0.033886608133876,-0.0076308158553597,0.00472813900991862));
#2132=CARTESIAN_POINT('',(-0.0340272516560302,-0.00754814451862783,0.00472813900991862));
#2133=CARTESIAN_POINT('',(-0.0341602239594721,-0.00753724704970662,0.00472813900991862));
#2134=CARTESIAN_POINT('',(-0.0342560923196907,-0.00762853054982781,0.00472813900991862));
#2135=CARTESIAN_POINT('',(-0.0343224941622528,-0.00773214832526313,0.00472813900991862));
#2136=CARTESIAN_POINT('',(-0.0343852665605046,-0.00784029601275605,0.00472813900991862));
#2137=CARTESIAN_POINT('',(-0.0344532761744409,-0.00794334546736687,0.00472813900991862));
#2138=CARTESIAN_POINT('',(-0.034542288289048,-0.00803587126102752,0.00472813900991862));
#2139=CARTESIAN_POINT('',(-0.0346729988436653,-0.00805247510145856,0.00472813900991862));
#2140=CARTESIAN_POINT('',(-0.0347838174646665,-0.00798805723800493,0.00472813900991862));
#2141=CARTESIAN_POINT('',(-0.0348781789674596,-0.00790924900879477,0.00472813900991862));
#2142=CARTESIAN_POINT('',(-0.0349696852989804,-0.00782442383876792,0.00472813900991862));
#2143=CARTESIAN_POINT('',(-0.0350624678747322,-0.00774598297598773,0.00472813900991862));
#2144=CARTESIAN_POINT('',(-0.0351829747531754,-0.00768862159532513,0.00472813900991862));
#2145=CARTESIAN_POINT('',(-0.0353059689527884,-0.0077424071928299,0.00472813900991862));
#2146=CARTESIAN_POINT('',(-0.03538920587847,-0.00783456367506358,0.00472813900991862));
#2147=CARTESIAN_POINT('',(-0.035467472479299,-0.00793293596132899,0.00472813900991862));
#2148=CARTESIAN_POINT('',(-0.0355471976008785,-0.00802822722475353,0.00472813900991862));
#2149=CARTESIAN_POINT('',(-0.0356407936174206,-0.00811599085950848,0.00472813900991862));
#2150=CARTESIAN_POINT('',(-0.0357740751655459,-0.00814444689797828,0.00472813900991862));
#2151=CARTESIAN_POINT('',(-0.0358867250194541,-0.00807137004132103,0.00472813900991862));
#2152=CARTESIAN_POINT('',(-0.0359730181995859,-0.00797937482214516,0.00472813900991862));
#2153=CARTESIAN_POINT('',(-0.0360545370689693,-0.00787952331953133,0.00472813900991862));
#2154=CARTESIAN_POINT('',(-0.0361365407497703,-0.00778547320455086,0.00472813900991862));
#2155=CARTESIAN_POINT('',(-0.0362473733727841,-0.00770185134592586,0.00472813900991862));
#2156=CARTESIAN_POINT('',(-0.0363856320382519,-0.00773316782999027,0.00472813900991862));
#2157=CARTESIAN_POINT('',(-0.036485617592779,-0.00781834055017057,0.00472813900991862));
#2158=CARTESIAN_POINT('',(-0.036580253515582,-0.00790817159413449,0.00472813900991862));
#2159=CARTESIAN_POINT('',(-0.0366768789805461,-0.00799460796779944,0.00472813900991862));
#2160=CARTESIAN_POINT('',(-0.0367885342883328,-0.00806838902082388,0.00472813900991862));
#2161=CARTESIAN_POINT('',(-0.0369272096434676,-0.00806060694094704,0.00472813900991862));
#2162=CARTESIAN_POINT('',(-0.037022524126636,-0.007964721173321,0.00472813900991862));
#2163=CARTESIAN_POINT('',(-0.0370943398947299,-0.00785867410008269,0.00472813900991862));
#2164=CARTESIAN_POINT('',(-0.0371618803941613,-0.00774716592770895,0.00472813900991862));
#2165=CARTESIAN_POINT('',(-0.0372337066996547,-0.00764003944830319,0.00472813900991862));
#2166=CARTESIAN_POINT('',(-0.0373436712965548,-0.00755669478787195,0.00472813900991862));
#2167=CARTESIAN_POINT('',(-0.0374787233544889,-0.00759033510195884,0.00472813900991862));
#2168=CARTESIAN_POINT('',(-0.0375852325462127,-0.00766012352833514,0.00472813900991862));
#2169=CARTESIAN_POINT('',(-0.0376906195597188,-0.00773604636809017,0.00472813900991862));
#2170=CARTESIAN_POINT('',(-0.0377984725170502,-0.00780587390552051,0.00472813900991862));
#2171=CARTESIAN_POINT('',(-0.0379216033624173,-0.00785694865525031,0.00472813900991862));
#2172=CARTESIAN_POINT('',(-0.0380527350255263,-0.0078132023175238,0.00472813900991862));
#2173=CARTESIAN_POINT('',(-0.0381273884940618,-0.00770280455646634,0.00472813900991862));
#2174=CARTESIAN_POINT('',(-0.0381824162709179,-0.0075870189574126,0.00472813900991862));
#2175=CARTESIAN_POINT('',(-0.0382336755274055,-0.00746825569347683,0.00472813900991862));
#2176=CARTESIAN_POINT('',(-0.0382913463987732,-0.00735255825419868,0.00472813900991862));
#2177=CARTESIAN_POINT('',(-0.0383973968567354,-0.00726469246792895,0.00472813900991862));
#2178=CARTESIAN_POINT('',(-0.0385324775053162,-0.00728976776375887,0.00472813900991862));
#2179=CARTESIAN_POINT('',(-0.0386466801064297,-0.00734446910591441,0.00472813900991862));
#2180=CARTESIAN_POINT('',(-0.0387616047046352,-0.00740501876177759,0.00472813900991862));
#2181=CARTESIAN_POINT('',(-0.0388764514978729,-0.00745725614698641,0.00472813900991862));
#2182=CARTESIAN_POINT('',(-0.0390117438772628,-0.00748616946381027,0.00472813900991862));
#2183=CARTESIAN_POINT('',(-0.0391296112151401,-0.00740927812247621,0.00472813900991862));
#2184=CARTESIAN_POINT('',(-0.0391834684372767,-0.00728639909151887,0.00472813900991862));
#2185=CARTESIAN_POINT('',(-0.0392210970749084,-0.00716103197148606,0.00472813900991862));
#2186=CARTESIAN_POINT('',(-0.0392560995598224,-0.00703413408830575,0.00472813900991862));
#2187=CARTESIAN_POINT('',(-0.0392954064776775,-0.00693209529304171,0.00472813900991862));
#2188=CARTESIAN_POINT('',(-0.0393565265883646,-0.00686389984377175,0.00472813900991862));
#2189=CARTESIAN_POINT('',(-0.0394416423578042,-0.00683031974539296,0.00472813900991862));
#2190=CARTESIAN_POINT('',(-0.0395548123969644,-0.00684892095424176,0.00472813900991862));
#2191=CARTESIAN_POINT('',(-0.0396802352044911,-0.00689185428817913,0.00472813900991862));
#2192=CARTESIAN_POINT('',(-0.0398067003517782,-0.00693579791717353,0.00472813900991862));
#2193=CARTESIAN_POINT('',(-0.0399360041014209,-0.00696907729273367,0.00472813900991862));
#2194=CARTESIAN_POINT('',(-0.0400800997768129,-0.00694130708771196,0.00472813900991862));
#2195=CARTESIAN_POINT('',(-0.0401498303412688,-0.00681390545496746,0.00472813900991862));
#2196=CARTESIAN_POINT('',(-0.0401755611871317,-0.00668254882999932,0.00472813900991862));
#2197=CARTESIAN_POINT('',(-0.0401928887665639,-0.00654792495317343,0.00472813900991862));
#2198=CARTESIAN_POINT('',(-0.0402135586683062,-0.00641615358230271,0.00472813900991862));
#2199=CARTESIAN_POINT('',(-0.0402732320984341,-0.00628523730319788,0.00472813900991862));
#2200=CARTESIAN_POINT('',(-0.0404145484853713,-0.00625238372723658,0.00472813900991862));
#2201=CARTESIAN_POINT('',(-0.0405463965309759,-0.00627444588237199,0.00472813900991862));
#2202=CARTESIAN_POINT('',(-0.040678132946144,-0.00630170814092361,0.00472813900991862));
#2203=CARTESIAN_POINT('',(-0.0408093042890978,-0.00632218275319045,0.00472813900991862));
#2204=CARTESIAN_POINT('',(-0.0409492620494697,-0.00631398770459761,0.00472813900991862));
#2205=CARTESIAN_POINT('',(-0.0410436797651605,-0.00620617995406708,0.00472813900991862));
#2206=CARTESIAN_POINT('',(-0.0410671962507679,-0.00602664156796532,0.00472813900991862));
#2207=CARTESIAN_POINT('',(-0.0410569894429189,-0.00585097246389485,0.00472813900991862));
#2208=CARTESIAN_POINT('',(-0.0410725070365181,-0.00569407402323843,0.00472813900991862));
#2209=CARTESIAN_POINT('',(-0.0411157088199596,-0.00561378414245666,0.00472813900991862));
#2210=CARTESIAN_POINT('',(-0.0411912311311375,-0.00556164344267501,0.00472813900991862));
#2211=CARTESIAN_POINT('',(-0.0413046555178778,-0.00555066766230994,0.00472813900991862));
#2212=CARTESIAN_POINT('',(-0.0414363067382518,-0.00555761778251208,0.00472813900991862));
#2213=CARTESIAN_POINT('',(-0.0415691562251762,-0.00556480179489241,0.00472813900991862));
#2214=CARTESIAN_POINT('',(-0.0417014609872289,-0.00555964324783647,0.00472813900991862));
#2215=CARTESIAN_POINT('',(-0.0418270390661364,-0.00549378442958016,0.00472813900991862));
#2216=CARTESIAN_POINT('',(-0.0418594064494762,-0.00535574844963985,0.00472813900991862));
#2217=CARTESIAN_POINT('',(-0.0418491672583,-0.00522645269391684,0.00472813900991862));
#2218=CARTESIAN_POINT('',(-0.0418293428301885,-0.00509582897404771,0.00472813900991862));
#2219=CARTESIAN_POINT('',(-0.0418131500368538,-0.00496726931504726,0.00472813900991862));
#2220=CARTESIAN_POINT('',(-0.0418242375450538,-0.00482864109437028,0.00472813900991862));
#2221=CARTESIAN_POINT('',(-0.0419370212205736,-0.00474552298177655,0.00472813900991862));
#2222=CARTESIAN_POINT('',(-0.0421097720986503,-0.00472121916088687,0.00472813900991862));
#2223=CARTESIAN_POINT('',(-0.0422813654414135,-0.00471379284413582,0.00472813900991862));
#2224=CARTESIAN_POINT('',(-0.0424512525132371,-0.00467278638764242,0.00472813900991862));
#2225=CARTESIAN_POINT('',(-0.0425444809489385,-0.00457026884360703,0.00472813900991862));
#2226=CARTESIAN_POINT('',(-0.0425407594970695,-0.00443432299181251,0.00472813900991862));
#2227=CARTESIAN_POINT('',(-0.0425113127688709,-0.00431155906118164,0.00472813900991862));
#2228=CARTESIAN_POINT('',(-0.0424739913835909,-0.00418801782687177,0.00472813900991862));
#2229=CARTESIAN_POINT('',(-0.0424421978799888,-0.00406530261501025,0.00472813900991862));
#2230=CARTESIAN_POINT('',(-0.042444092859969,-0.00392882582001528,0.00472813900991862));
#2231=CARTESIAN_POINT('',(-0.0425495694349933,-0.00384239075524796,0.00472813900991862));
#2232=CARTESIAN_POINT('',(-0.0426721455825657,-0.00380799599047278,0.00472813900991862));
#2233=CARTESIAN_POINT('',(-0.0427973549978524,-0.00378050839553726,0.00472813900991862));
#2234=CARTESIAN_POINT('',(-0.0429197387005631,-0.00374938373643144,0.00472813900991862));
#2235=CARTESIAN_POINT('',(-0.0430424938423912,-0.0036991996698341,0.00472813900991862));
#2236=CARTESIAN_POINT('',(-0.0431157158797774,-0.00358120545770756,0.00472813900991862));
#2237=CARTESIAN_POINT('',(-0.0430902642230148,-0.00344749190187212,0.00472813900991862));
#2238=CARTESIAN_POINT('',(-0.0430423479225423,-0.00332784418143979,0.00472813900991862));
#2239=CARTESIAN_POINT('',(-0.0429873106724386,-0.0032097604911508,0.00472813900991862));
#2240=CARTESIAN_POINT('',(-0.0429474584760437,-0.00310856202511833,0.00472813900991862));
#2241=CARTESIAN_POINT('',(-0.0429337034660633,-0.00302286245285171,0.00472813900991862));
#2242=CARTESIAN_POINT('',(-0.0429500744579476,-0.00293319363207401,0.00472813900991862));
#2243=CARTESIAN_POINT('',(-0.0430240332257998,-0.00286685090567502,0.00472813900991862));
#2244=CARTESIAN_POINT('',(-0.0429495480451763,-0.00295866039057331,0.00472813900991862));
#2245=CARTESIAN_POINT('',(-0.0430463926272172,-0.00285160665127328,0.0193786981207043));
#2246=CARTESIAN_POINT('',(-0.042927239280864,-0.00295014659598739,0.0194524705937751));
#2247=CARTESIAN_POINT('',(-0.042941938520575,-0.00309976930773522,0.0193802535638859));
#2248=CARTESIAN_POINT('',(-0.0430011235280451,-0.00323987921395731,0.019269471126768));
#2249=CARTESIAN_POINT('',(-0.0430645841783026,-0.00338090132748328,0.0191530137575738));
#2250=CARTESIAN_POINT('',(-0.0431186322799551,-0.00353473177770468,0.0190383799034667));
#2251=CARTESIAN_POINT('',(-0.0430614950318203,-0.00368903207195211,0.0190210885756499));
#2252=CARTESIAN_POINT('',(-0.0429381182477738,-0.00374311318443047,0.0191055526987692));
#2253=CARTESIAN_POINT('',(-0.0428256211876591,-0.00377386751734481,0.0191904896495079));
#2254=CARTESIAN_POINT('',(-0.0427092417900672,-0.00380009095931438,0.0192801616695872));
#2255=CARTESIAN_POINT('',(-0.0425975593465219,-0.00382628550463857,0.0193650466309437));
#2256=CARTESIAN_POINT('',(-0.0424672706555689,-0.00388879689037826,0.0194472459518603));
#2257=CARTESIAN_POINT('',(-0.0424350737529721,-0.00404121888532831,0.0193966377211735));
#2258=CARTESIAN_POINT('',(-0.0424653311853011,-0.00415461260918768,0.0193111344784437));
#2259=CARTESIAN_POINT('',(-0.0424981527513318,-0.00426697065561155,0.0192234922495662));
#2260=CARTESIAN_POINT('',(-0.0425275680132833,-0.00438003382337407,0.0191374487404155));
#2261=CARTESIAN_POINT('',(-0.0425534868315819,-0.0044983333173268,0.0190509277814136));
#2262=CARTESIAN_POINT('',(-0.0424985740516593,-0.00464496471221106,0.0190139718324399));
#2263=CARTESIAN_POINT('',(-0.0423674992969238,-0.00469724608481201,0.0190906982642114));
#2264=CARTESIAN_POINT('',(-0.0422550440627497,-0.00471127314380006,0.0191735483749997));
#2265=CARTESIAN_POINT('',(-0.0421384837852294,-0.00472198993899602,0.0192609807234895));
#2266=CARTESIAN_POINT('',(-0.0420254248119381,-0.00473148473881924,0.0193455465400172));
#2267=CARTESIAN_POINT('',(-0.0418984086626359,-0.00475754957720932,0.0194305556385299));
#2268=CARTESIAN_POINT('',(-0.041806505628858,-0.00488610022910517,0.0194222001856413));
#2269=CARTESIAN_POINT('',(-0.0418234542633958,-0.00504961420723945,0.0193047861018257));
#2270=CARTESIAN_POINT('',(-0.0418468367596915,-0.00519863142988361,0.0191905194173248));
#2271=CARTESIAN_POINT('',(-0.0418586087613631,-0.00535189145205451,0.0190808128317844));
#2272=CARTESIAN_POINT('',(-0.0418300416982455,-0.00549352820227797,0.0190076639842772));
#2273=CARTESIAN_POINT('',(-0.0416924310912942,-0.00556169484042045,0.0190619784514659));
#2274=CARTESIAN_POINT('',(-0.0415375184824028,-0.0055645135742619,0.0191718695218618));
#2275=CARTESIAN_POINT('',(-0.0413848311495615,-0.00555499209551486,0.0192873892167644));
#2276=CARTESIAN_POINT('',(-0.0412304574857839,-0.0055494539782458,0.0194000551853457));
#2277=CARTESIAN_POINT('',(-0.0410927847158649,-0.00561663518849018,0.0194470051197947));
#2278=CARTESIAN_POINT('',(-0.0410641431980205,-0.0057527625198628,0.0193663918957428));
#2279=CARTESIAN_POINT('',(-0.0410606467664877,-0.00590046220579436,0.0192591628575711));
#2280=CARTESIAN_POINT('',(-0.0410642846147425,-0.00605048939675396,0.0191440882540601));
#2281=CARTESIAN_POINT('',(-0.0410432441164873,-0.00621012184113734,0.0190366220126968));
#2282=CARTESIAN_POINT('',(-0.0409328194023318,-0.00632167029158488,0.0190210590576508));
#2283=CARTESIAN_POINT('',(-0.04080423049102,-0.00631925660209819,0.0191030481087885));
#2284=CARTESIAN_POINT('',(-0.0406558564452073,-0.00629981359371545,0.019209808363633));
#2285=CARTESIAN_POINT('',(-0.0405166595364961,-0.00626470623752216,0.0193220215716934));
#2286=CARTESIAN_POINT('',(-0.04034668364205,-0.00625291452287804,0.0194326645804894));
#2287=CARTESIAN_POINT('',(-0.0402273468056923,-0.0063540006885624,0.0194193648037365));
#2288=CARTESIAN_POINT('',(-0.0402050467606182,-0.00647447279921108,0.019332435636627));
#2289=CARTESIAN_POINT('',(-0.0401876238561453,-0.00658713991083705,0.0192486978439537));
#2290=CARTESIAN_POINT('',(-0.0401723283225134,-0.00670189518493329,0.0191612214497021));
#2291=CARTESIAN_POINT('',(-0.0401485759721319,-0.00681326692989513,0.0190805567569316));
#2292=CARTESIAN_POINT('',(-0.0400821631970118,-0.00694111423694806,0.0190077062297316));
#2293=CARTESIAN_POINT('',(-0.039932066691447,-0.0069682547049856,0.0190619216188176));
#2294=CARTESIAN_POINT('',(-0.0398201076710158,-0.00693927547763067,0.0191432906071768));
#2295=CARTESIAN_POINT('',(-0.0397119699541532,-0.00690289890275675,0.0192286130794421));
#2296=CARTESIAN_POINT('',(-0.0396032118653909,-0.00686629457858471,0.0193135916040895));
#2297=CARTESIAN_POINT('',(-0.0394957028511346,-0.00683078961512172,0.0193965114381093));
#2298=CARTESIAN_POINT('',(-0.0393437605247962,-0.00685261222839242,0.0194483173065757));
#2299=CARTESIAN_POINT('',(-0.039275436583794,-0.00697588918687325,0.0193689563117928));
#2300=CARTESIAN_POINT('',(-0.0392426428681933,-0.00708271637083764,0.0192874643902944));
#2301=CARTESIAN_POINT('',(-0.03921182074969,-0.00719412360327373,0.0192003433701757));
#2302=CARTESIAN_POINT('',(-0.0391764112128606,-0.00730254499435811,0.019117069662003));
#2303=CARTESIAN_POINT('',(-0.0391273532997211,-0.007416245958866,0.019034156813593));
#2304=CARTESIAN_POINT('',(-0.0389844689754628,-0.00749018111872776,0.0190234988398624));
#2305=CARTESIAN_POINT('',(-0.0388214605866895,-0.00743615517946896,0.0191357347660339));
#2306=CARTESIAN_POINT('',(-0.0386891848241544,-0.00736529927933962,0.0192505139811116));
#2307=CARTESIAN_POINT('',(-0.0385529017970791,-0.00730009787078458,0.0193600851013055));
#2308=CARTESIAN_POINT('',(-0.0384224278071967,-0.0072582284629052,0.0194447535723292));
#2309=CARTESIAN_POINT('',(-0.038293646187006,-0.00734570459557084,0.0194045452640322));
#2310=CARTESIAN_POINT('',(-0.0382261097865422,-0.00748476750361563,0.0192936173060512));
#2311=CARTESIAN_POINT('',(-0.0381663200699525,-0.00762285083176184,0.0191800355611331));
#2312=CARTESIAN_POINT('',(-0.0380980431918749,-0.00775826031904739,0.0190701634029193));
#2313=CARTESIAN_POINT('',(-0.0379872446419272,-0.00785210367910327,0.0190106746926733));
#2314=CARTESIAN_POINT('',(-0.0378426369103277,-0.00783215432053332,0.0190672793764326));
#2315=CARTESIAN_POINT('',(-0.0377140526550562,-0.00775232068759568,0.0191762197723202));
#2316=CARTESIAN_POINT('',(-0.0375919977077734,-0.00766408801180893,0.019290436740083));
#2317=CARTESIAN_POINT('',(-0.0374640691994869,-0.00758149221053652,0.0193992473054788));
#2318=CARTESIAN_POINT('',(-0.037315045161984,-0.00756418844210831,0.0194468057863462));
#2319=CARTESIAN_POINT('',(-0.0372185153242708,-0.00766220306356097,0.0193684674557704));
#2320=CARTESIAN_POINT('',(-0.0371377628584162,-0.00778527152456805,0.0192615164294368));
#2321=CARTESIAN_POINT('',(-0.0370597227563498,-0.00791246261409931,0.0191486519583539));
#2322=CARTESIAN_POINT('',(-0.0369627996766311,-0.00803850871761843,0.0190386165910864));
#2323=CARTESIAN_POINT('',(-0.0368118699220506,-0.00807704101378308,0.0190205554055039));
#2324=CARTESIAN_POINT('',(-0.036699288200644,-0.00801165982486432,0.01909839433802));
#2325=CARTESIAN_POINT('',(-0.0365844111739632,-0.00791443226752612,0.0192072139940872));
#2326=CARTESIAN_POINT('',(-0.0364822804405788,-0.00780964164940995,0.0193209466442858));
#2327=CARTESIAN_POINT('',(-0.0363479302080697,-0.00771193132510946,0.0194289936394954));
#2328=CARTESIAN_POINT('',(-0.0361943072504185,-0.00772590917156996,0.0194242352451074));
#2329=CARTESIAN_POINT('',(-0.0361120478260355,-0.00781550662552025,0.0193381093546382));
#2330=CARTESIAN_POINT('',(-0.0360384754552303,-0.00789850988320811,0.0192577105785826));
#2331=CARTESIAN_POINT('',(-0.0359669382533239,-0.00798640107151855,0.0191715929926747));
#2332=CARTESIAN_POINT('',(-0.0358908621532287,-0.00806549444548034,0.019093702242568));
#2333=CARTESIAN_POINT('',(-0.0357800383264664,-0.00814719604517111,0.0190126865182758));
#2334=CARTESIAN_POINT('',(-0.035624830324677,-0.00810860403436673,0.019049187736773));
#2335=CARTESIAN_POINT('',(-0.0355427071996335,-0.00802105063596535,0.0191341828173452));
#2336=CARTESIAN_POINT('',(-0.0354669611532708,-0.00793236925610667,0.0192200001700264));
#2337=CARTESIAN_POINT('',(-0.035393505454412,-0.00784126575223462,0.019307430961386));
#2338=CARTESIAN_POINT('',(-0.0353197310334016,-0.00775222636983006,0.0193922730140462));
#2339=CARTESIAN_POINT('',(-0.0351804179390512,-0.00768452701761735,0.019449932248747));
#2340=CARTESIAN_POINT('',(-0.035054218464147,-0.00775262521396355,0.019370617515054));
#2341=CARTESIAN_POINT('',(-0.034967819236551,-0.00782617224548027,0.0192885948908786));
#2342=CARTESIAN_POINT('',(-0.034882502834504,-0.00790571306987725,0.0192000796099404));
#2343=CARTESIAN_POINT('',(-0.034793066729639,-0.00797867729873649,0.0191167791179108));
#2344=CARTESIAN_POINT('',(-0.0346907979744278,-0.00805155109539124,0.0190313724564993));
#2345=CARTESIAN_POINT('',(-0.034529495237447,-0.00803335396716705,0.0190256486301397));
#2346=CARTESIAN_POINT('',(-0.0344212721244484,-0.00790130755802265,0.0191379053958735));
#2347=CARTESIAN_POINT('',(-0.0343469004675268,-0.00777128168068755,0.019252567097569));
#2348=CARTESIAN_POINT('',(-0.034265189181807,-0.00764323055037869,0.0193625103957339));
#2349=CARTESIAN_POINT('',(-0.0341749663607547,-0.00753936822449601,0.0194460022022266));
#2350=CARTESIAN_POINT('',(-0.0340191678013357,-0.00754868139108583,0.019402366348413));
#2351=CARTESIAN_POINT('',(-0.0338896086365593,-0.00763216331754593,0.0192904447868434));
#2352=CARTESIAN_POINT('',(-0.0337632377764459,-0.00771845923858233,0.019175333618205));
#2353=CARTESIAN_POINT('',(-0.0336342343226183,-0.00779545057853323,0.0190672403880506));
#2354=CARTESIAN_POINT('',(-0.0334803420680604,-0.00781437365736067,0.0190066337224602));
#2355=CARTESIAN_POINT('',(-0.0333775605828078,-0.00770860025991079,0.0190774211260667));
#2356=CARTESIAN_POINT('',(-0.0333081769482311,-0.00756978906400247,0.0191882922522774));
#2357=CARTESIAN_POINT('',(-0.0332508745325142,-0.00742787702265685,0.0193044198833834));
#2358=CARTESIAN_POINT('',(-0.0331796737694555,-0.00727870956978686,0.0194216049535385));
#2359=CARTESIAN_POINT('',(-0.0330337873015172,-0.00721279219753868,0.0194324673668389));
#2360=CARTESIAN_POINT('',(-0.0329124150548235,-0.00726104389496371,0.0193429649124422));
#2361=CARTESIAN_POINT('',(-0.0328080285681071,-0.00730895594302045,0.0192594435259391));
#2362=CARTESIAN_POINT('',(-0.032702715715909,-0.00736175474297702,0.0191702238440676));
#2363=CARTESIAN_POINT('',(-0.0325966938546891,-0.00740594647693608,0.0190879757954883));
#2364=CARTESIAN_POINT('',(-0.0324555686442547,-0.00742968407292753,0.0190094451809718));
#2365=CARTESIAN_POINT('',(-0.0323398151022582,-0.00732488093800178,0.0190558955486555));
#2366=CARTESIAN_POINT('',(-0.032300524764685,-0.00721429826658062,0.0191383924697308));
#2367=CARTESIAN_POINT('',(-0.0322690118452222,-0.00710364825470733,0.0192238218517441));
#2368=CARTESIAN_POINT('',(-0.0322389517339881,-0.00699214740315742,0.0193097989901631));
#2369=CARTESIAN_POINT('',(-0.0322076166213311,-0.00688171999188342,0.0193937219733355));
#2370=CARTESIAN_POINT('',(-0.0321085202283733,-0.00676621545926592,0.019449010162012));
#2371=CARTESIAN_POINT('',(-0.031966968206665,-0.00677577604249757,0.0193715574322786));
#2372=CARTESIAN_POINT('',(-0.0318592637654203,-0.00680787998658214,0.0192900655604264));
#2373=CARTESIAN_POINT('',(-0.0317490609149656,-0.00684515463643518,0.019202198510682));
#2374=CARTESIAN_POINT('',(-0.0316401985780513,-0.00687622929414628,0.0191195372905918));
#2375=CARTESIAN_POINT('',(-0.0315150759820232,-0.00690156508472525,0.0190327996569515));
#2376=CARTESIAN_POINT('',(-0.0313727843050218,-0.00681881739272861,0.0190262885818974));
#2377=CARTESIAN_POINT('',(-0.031324131979817,-0.00664718385622837,0.0191424131135395));
#2378=CARTESIAN_POINT('',(-0.0313097345796584,-0.00649235451091081,0.0192620460696675));
#2379=CARTESIAN_POINT('',(-0.0312888658570044,-0.00633642591272359,0.01937762023534));
#2380=CARTESIAN_POINT('',(-0.0312248544148686,-0.00619776182964666,0.0194524562513205));
#2381=CARTESIAN_POINT('',(-0.0310721303174187,-0.00617230718139909,0.0193806936319098));
#2382=CARTESIAN_POINT('',(-0.0309177041054141,-0.00619799052456919,0.0192655844855628));
#2383=CARTESIAN_POINT('',(-0.0307652411216201,-0.0062278944291043,0.01914710615294));
#2384=CARTESIAN_POINT('',(-0.030588567967642,-0.00623627942678767,0.0190284720532123));
#2385=CARTESIAN_POINT('',(-0.0304646080282287,-0.00612880969746762,0.0190297024510964));
#2386=CARTESIAN_POINT('',(-0.030448470502162,-0.00599700677273011,0.0191175338960369));
#2387=CARTESIAN_POINT('',(-0.0304473361677454,-0.00587889891571955,0.0192044944252892));
#2388=CARTESIAN_POINT('',(-0.030449879143303,-0.00575802773783571,0.0192950818995693));
#2389=CARTESIAN_POINT('',(-0.0304512614724802,-0.00564083309521447,0.0193815817088562));
#2390=CARTESIAN_POINT('',(-0.0304011852688925,-0.00549435939388509,0.0194523253920507));
#2391=CARTESIAN_POINT('',(-0.0302540784775691,-0.00545369054494933,0.0193767637811592));
#2392=CARTESIAN_POINT('',(-0.0301378970826696,-0.00545628969797723,0.0192915249455874));
#2393=CARTESIAN_POINT('',(-0.0300175054619898,-0.00546163202987339,0.0192007234220646));
#2394=CARTESIAN_POINT('',(-0.0298998100934034,-0.00546135350455861,0.0191148622831414));
#2395=CARTESIAN_POINT('',(-0.0297670998964429,-0.00544794406532664,0.0190262174164523));
#2396=CARTESIAN_POINT('',(-0.0296634043588209,-0.00532189799820109,0.0190319949825152));
#2397=CARTESIAN_POINT('',(-0.029666999190301,-0.00514886996794853,0.0191468557191207));
#2398=CARTESIAN_POINT('',(-0.0296952888077496,-0.00499667777821346,0.0192656624893983));
#2399=CARTESIAN_POINT('',(-0.0297175518108835,-0.00484340659995254,0.0193792145285714));
#2400=CARTESIAN_POINT('',(-0.0296921785023569,-0.00469290343965642,0.0194521138838244));
#2401=CARTESIAN_POINT('',(-0.0295542072126786,-0.00462846587434874,0.0193804978841663));
#2402=CARTESIAN_POINT('',(-0.0293993711230319,-0.00461030452751072,0.0192661365494889));
#2403=CARTESIAN_POINT('',(-0.0292450712051477,-0.00459671749811257,0.0191482117489231));
#2404=CARTESIAN_POINT('',(-0.0290787168246544,-0.00455898548958726,0.019032754979723));
#2405=CARTESIAN_POINT('',(-0.0289831782563394,-0.00442707407312229,0.0190260685289765));
#2406=CARTESIAN_POINT('',(-0.029001229189911,-0.00429418184176475,0.0191125844123937));
#2407=CARTESIAN_POINT('',(-0.0290322852449636,-0.00418134852678615,0.019198696130298));
#2408=CARTESIAN_POINT('',(-0.0290680312664458,-0.00406659150190697,0.019288961957392));
#2409=CARTESIAN_POINT('',(-0.0291006988720028,-0.00395535024146383,0.0193741172521761));
#2410=CARTESIAN_POINT('',(-0.0291033975313012,-0.00380531780535456,0.0194518566771918));
#2411=CARTESIAN_POINT('',(-0.0289770530860463,-0.00371460474401051,0.0193852812350142));
#2412=CARTESIAN_POINT('',(-0.0288646718509301,-0.00368551261688978,0.0192998844287145));
#2413=CARTESIAN_POINT('',(-0.0287483588919402,-0.00365714742983675,0.0192101097387968));
#2414=CARTESIAN_POINT('',(-0.0286355200497984,-0.00362549687770632,0.019124032087093));
#2415=CARTESIAN_POINT('',(-0.0285140002722044,-0.00358129640767389,0.0190352736326493));
#2416=CARTESIAN_POINT('',(-0.0284337885918413,-0.00344071304985426,0.0190236719991217));
#2417=CARTESIAN_POINT('',(-0.0284792830765653,-0.00326755930331887,0.0191368518074331));
#2418=CARTESIAN_POINT('',(-0.0285482537486719,-0.00313021974941825,0.0192550821153175));
#2419=CARTESIAN_POINT('',(-0.028614296564739,-0.00298962194169541,0.0193706834506183));
#2420=CARTESIAN_POINT('',(-0.0286383679608018,-0.00284488965041721,0.0194477259980005));
#2421=CARTESIAN_POINT('',(-0.0285345239548721,-0.00273096018559804,0.0193917061276577));
#2422=CARTESIAN_POINT('',(-0.0283889373018415,-0.00267142345061178,0.0192755704905603));
#2423=CARTESIAN_POINT('',(-0.0282456950898647,-0.00261362385333621,0.0191597342930218));
#2424=CARTESIAN_POINT('',(-0.0280979715032272,-0.00254078813355842,0.019043178481545));
#2425=CARTESIAN_POINT('',(-0.0280255561967043,-0.00239732382704322,0.019017850737988));
#2426=CARTESIAN_POINT('',(-0.0280722353987344,-0.0022684870100331,0.0190993511866991));
#2427=CARTESIAN_POINT('',(-0.0281310946494471,-0.00216877111205738,0.0191834870752718));
#2428=CARTESIAN_POINT('',(-0.028196694960324,-0.00207038856326362,0.0192729960824632));
#2429=CARTESIAN_POINT('',(-0.0282566426611533,-0.00197255630512537,0.0193561330660975));
#2430=CARTESIAN_POINT('',(-0.0283151829715927,-0.00184810985462318,0.0194438223311924));
#2431=CARTESIAN_POINT('',(-0.0282429204427291,-0.0017045938409634,0.0194063578210444));
#2432=CARTESIAN_POINT('',(-0.028141030937438,-0.00164399260744708,0.0193195844151681));
#2433=CARTESIAN_POINT('',(-0.0280412308872935,-0.00158496203192976,0.0192340620032727));
#2434=CARTESIAN_POINT('',(-0.0279407651248113,-0.00152614969824748,0.0191469569138391));
#2435=CARTESIAN_POINT('',(-0.027843931502582,-0.00146048532232592,0.0190641545249487));
#2436=CARTESIAN_POINT('',(-0.027763866514204,-0.00133116129850156,0.0190076693016201));
#2437=CARTESIAN_POINT('',(-0.0278142601202555,-0.00119348005764336,0.0190786338040331));
#2438=CARTESIAN_POINT('',(-0.0278845750719278,-0.00110319608394726,0.0191610157024152));
#2439=CARTESIAN_POINT('',(-0.0279607617940156,-0.00101531022074506,0.0192482622930387));
#2440=CARTESIAN_POINT('',(-0.0280349893641603,-0.000928228118800617,0.0193326226760109));
#2441=CARTESIAN_POINT('',(-0.0281109992696479,-0.000831402702526025,0.0194193790490617));
#2442=CARTESIAN_POINT('',(-0.0281097298727543,-0.000674910486151056,0.0194333923113581));
#2443=CARTESIAN_POINT('',(-0.0279858105221979,-0.000554345081128297,0.0193192592440624));
#2444=CARTESIAN_POINT('',(-0.0278637838905777,-0.000466788844032005,0.01920312770311));
#2445=CARTESIAN_POINT('',(-0.0277485355203501,-0.000366599246446383,0.0190931477169356));
#2446=CARTESIAN_POINT('',(-0.0276617958937472,-0.000253240725799253,0.0190110869796052));
#2447=CARTESIAN_POINT('',(-0.0276995492639556,-9.84939191112358E-5,0.0190520560473049));
#2448=CARTESIAN_POINT('',(-0.027811754716556,1.49671311193144E-5,0.0191647577631758));
#2449=CARTESIAN_POINT('',(-0.0279292657211247,0.00011519920524158,0.0192814342874947));
#2450=CARTESIAN_POINT('',(-0.0280452807051319,0.000219650040986757,0.0193952433809359));
#2451=CARTESIAN_POINT('',(-0.0281029490389465,0.000361934390490599,0.0194476837762137));
#2452=CARTESIAN_POINT('',(-0.0280306418093516,0.000485818326685822,0.0193684430392345));
#2453=CARTESIAN_POINT('',(-0.0279254759495175,0.000596346271794108,0.0192559827195317));
#2454=CARTESIAN_POINT('',(-0.0278180923564176,0.000704132068545224,0.019140184390313));
#2455=CARTESIAN_POINT('',(-0.0277176003540425,0.000843159773569918,0.0190269553529111));
#2456=CARTESIAN_POINT('',(-0.0277391634431728,0.00100205561748553,0.0190303495232517));
#2457=CARTESIAN_POINT('',(-0.0278360780135361,0.00108560465192927,0.0191153730139177));
#2458=CARTESIAN_POINT('',(-0.0279294445503995,0.00115210198036028,0.0191985545221224));
#2459=CARTESIAN_POINT('',(-0.0280281993354798,0.00121402749053548,0.0192869236148947));
#2460=CARTESIAN_POINT('',(-0.0281215473127149,0.00127846559266736,0.0193688883360442));
#2461=CARTESIAN_POINT('',(-0.0282196434770696,0.00137988895167518,0.0194484103610504));
#2462=CARTESIAN_POINT('',(-0.0281951399270892,0.00153339433601959,0.0193952965893773));
#2463=CARTESIAN_POINT('',(-0.0281282223262239,0.00162586686123299,0.0193108380813927));
#2464=CARTESIAN_POINT('',(-0.0280607712343346,0.00172003616387612,0.0192250243851614));
#2465=CARTESIAN_POINT('',(-0.0279943259154917,0.00181430299221713,0.0191392910933911));
#2466=CARTESIAN_POINT('',(-0.0279327608333349,0.00191408073197447,0.0190565292395925));
#2467=CARTESIAN_POINT('',(-0.027924362446801,0.00206726751618091,0.0190109982675331));
#2468=CARTESIAN_POINT('',(-0.0280275727317502,0.00216503284684484,0.0190848783945449));
#2469=CARTESIAN_POINT('',(-0.0281283118875966,0.00221838567097607,0.0191671621557431));
#2470=CARTESIAN_POINT('',(-0.0282335550251169,0.00226668775378304,0.0192545331340697));
#2471=CARTESIAN_POINT('',(-0.028335691121482,0.00231709429556707,0.0193374938249972));
#2472=CARTESIAN_POINT('',(-0.0284461132616994,0.0023750643470001,0.0194255878219649));
#2473=CARTESIAN_POINT('',(-0.0284986684915563,0.00252354866048677,0.0194284170878727));
#2474=CARTESIAN_POINT('',(-0.0284339231182649,0.002677034082144,0.0193159774274644));
#2475=CARTESIAN_POINT('',(-0.0283599467139958,0.00280459909294061,0.0192023866740443));
#2476=CARTESIAN_POINT('',(-0.0282972841311808,0.00294244722079779,0.0190943070228765));
#2477=CARTESIAN_POINT('',(-0.0282629869328741,0.00307201623378146,0.0190146638527151));
#2478=CARTESIAN_POINT('',(-0.0283514015159264,0.00320261296795941,0.0190457444479666));
#2479=CARTESIAN_POINT('',(-0.0284987988807758,0.0032621047002974,0.0191567842026938));
#2480=CARTESIAN_POINT('',(-0.028643956528691,0.00330458536841754,0.0192714413159063));
#2481=CARTESIAN_POINT('',(-0.0287874408733175,0.0033521133791068,0.019381090160197));
#2482=CARTESIAN_POINT('',(-0.0289039572779224,0.00343604280221679,0.0194492642532226));
#2483=CARTESIAN_POINT('',(-0.0289082528167568,0.00358470336949441,0.0193854892863144));
#2484=CARTESIAN_POINT('',(-0.0288579290252384,0.00372515196444213,0.0192754011081452));
#2485=CARTESIAN_POINT('',(-0.0288047643012349,0.00386742782760859,0.0191607221863172));
#2486=CARTESIAN_POINT('',(-0.0287645199773698,0.00401872833375694,0.0190516042611749));
#2487=CARTESIAN_POINT('',(-0.0288046276492696,0.00416439442543765,0.0190130486680443));
#2488=CARTESIAN_POINT('',(-0.0289280938741972,0.00422584044803582,0.0190866709178506));
#2489=CARTESIAN_POINT('',(-0.0290738533190318,0.00425617456788656,0.0191944288871952));
#2490=CARTESIAN_POINT('',(-0.0292200165457978,0.00427678592617854,0.019306339190445));
#2491=CARTESIAN_POINT('',(-0.0293765230371754,0.00430984041990024,0.0194189151487939));
#2492=CARTESIAN_POINT('',(-0.029474895364505,0.00442719948619419,0.0194338365524096));
#2493=CARTESIAN_POINT('',(-0.0294645988749146,0.00455379622096117,0.019351953873755));
#2494=CARTESIAN_POINT('',(-0.0294360574536595,0.00469948583313753,0.0192432957665161));
#2495=CARTESIAN_POINT('',(-0.0294019795027595,0.00484079479421679,0.0191314655645294));
#2496=CARTESIAN_POINT('',(-0.0293969673881058,0.00500943019207627,0.0190248096358307));
#2497=CARTESIAN_POINT('',(-0.0294981292131699,0.00512384753821321,0.0190326142478201));
#2498=CARTESIAN_POINT('',(-0.0296193941446227,0.00514453434361762,0.0191129099687596));
#2499=CARTESIAN_POINT('',(-0.0297297111268751,0.00515091243481227,0.0191933201460902));
#2500=CARTESIAN_POINT('',(-0.0298419321821912,0.00515162744987101,0.0192781164198755));
#2501=CARTESIAN_POINT('',(-0.0299507614541568,0.00515572025726888,0.0193574636011358));
#2502=CARTESIAN_POINT('',(-0.0300792187936132,0.00517774466409121,0.0194389360545655));
#2503=CARTESIAN_POINT('',(-0.0301605096814902,0.00530423232147148,0.0194129249612478));
#2504=CARTESIAN_POINT('',(-0.0301586506989271,0.00542123271087183,0.0193307612904322));
#2505=CARTESIAN_POINT('',(-0.0301517151708106,0.00553158953509396,0.0192490267475312));
#2506=CARTESIAN_POINT('',(-0.0301439338050755,0.00564320014092268,0.0191650517357324));
#2507=CARTESIAN_POINT('',(-0.0301422219526511,0.00575350306715755,0.0190856685116334));
#2508=CARTESIAN_POINT('',(-0.0301738163334758,0.00588445921957259,0.0190139498239417));
#2509=CARTESIAN_POINT('',(-0.0303030011777904,0.00595664060578422,0.0190497666472771));
#2510=CARTESIAN_POINT('',(-0.0304178712763206,0.00595427039615734,0.0191288316380688));
#2511=CARTESIAN_POINT('',(-0.030526800638661,0.0059436810122278,0.0192094705364813));
#2512=CARTESIAN_POINT('',(-0.0306364888568378,0.00592973897900684,0.0192923808676613));
#2513=CARTESIAN_POINT('',(-0.0307438531189719,0.00591784909763175,0.0193716199250664));
#2514=CARTESIAN_POINT('',(-0.0308769684923864,0.00593594974508846,0.0194438239461431));
#2515=CARTESIAN_POINT('',(-0.0309579722868947,0.0060563128874321,0.0194015962311374));
#2516=CARTESIAN_POINT('',(-0.0309688856938766,0.00616705871323398,0.0193213880756095));
#2517=CARTESIAN_POINT('',(-0.030977409214498,0.00627631917326708,0.0192403771343059));
#2518=CARTESIAN_POINT('',(-0.0309853241993873,0.00638594986035273,0.0191579587995355));
#2519=CARTESIAN_POINT('',(-0.0309996783513567,0.00649430373757834,0.01907984079067));
#2520=CARTESIAN_POINT('',(-0.031054583495631,0.00661699667549249,0.019013271985114));
#2521=CARTESIAN_POINT('',(-0.0311918527153046,0.00666492994087435,0.0190530849432391));
#2522=CARTESIAN_POINT('',(-0.031302779398091,0.00664499278292964,0.0191320448114874));
#2523=CARTESIAN_POINT('',(-0.0314091777003516,0.00661995974139756,0.0192121493956517));
#2524=CARTESIAN_POINT('',(-0.0315145342218549,0.00659041294205535,0.0192947140866502));
#2525=CARTESIAN_POINT('',(-0.0316196564228958,0.00656535403884421,0.0193727811219594));
#2526=CARTESIAN_POINT('',(-0.0317513948078223,0.00656414995306171,0.0194440946773506));
#2527=CARTESIAN_POINT('',(-0.0318494506968399,0.00667316136670863,0.0194014805793027));
#2528=CARTESIAN_POINT('',(-0.031873400718065,0.00677991487624848,0.0193213188639349));
#2529=CARTESIAN_POINT('',(-0.0318981418345226,0.00688625321437134,0.01924144545728));
#2530=CARTESIAN_POINT('',(-0.0319198762136941,0.00699297463744623,0.01915901955004));
#2531=CARTESIAN_POINT('',(-0.0319508567654199,0.00709654876164509,0.019083226880878));
#2532=CARTESIAN_POINT('',(-0.0320154885627789,0.00721153364624921,0.0190125088812589));
#2533=CARTESIAN_POINT('',(-0.032158405253267,0.00724265238824091,0.0190501389855466));
#2534=CARTESIAN_POINT('',(-0.0322648343746555,0.00720947438403398,0.019127055901422));
#2535=CARTESIAN_POINT('',(-0.0323655355006854,0.00717102565758845,0.0192056591134181));
#2536=CARTESIAN_POINT('',(-0.0324642337333479,0.00712733936853197,0.0192874213144954));
#2537=CARTESIAN_POINT('',(-0.0325631490949933,0.00708902885455519,0.0193637873580235));
#2538=CARTESIAN_POINT('',(-0.0326872933583552,0.00706070317141582,0.0194407857870194));
#2539=CARTESIAN_POINT('',(-0.0328058334843629,0.00714441321938654,0.0194107383672193));
#2540=CARTESIAN_POINT('',(-0.0328509843965887,0.00724683520338241,0.0193331482361938));
#2541=CARTESIAN_POINT('',(-0.0328884549789023,0.00734794735189764,0.0192533752002538));
#2542=CARTESIAN_POINT('',(-0.0329254718574249,0.00745034840049679,0.0191715262646556));
#2543=CARTESIAN_POINT('',(-0.0329668243016661,0.00754760924882227,0.0190954190366683));
#2544=CARTESIAN_POINT('',(-0.0330398287577199,0.00765719108916129,0.0190181348340386));
#2545=CARTESIAN_POINT('',(-0.0331896324105731,0.00768450961405245,0.0190418932613248));
#2546=CARTESIAN_POINT('',(-0.0332982605055601,0.0076350982598288,0.0191229781286756));
#2547=CARTESIAN_POINT('',(-0.0333962959292046,0.00758030013420131,0.0192053122302439));
#2548=CARTESIAN_POINT('',(-0.03349309442456,0.00752135141391133,0.0192904412003148));
#2549=CARTESIAN_POINT('',(-0.0335880336598238,0.00746556787178282,0.0193713896515597));
#2550=CARTESIAN_POINT('',(-0.0337211287597061,0.00742665460943782,0.0194459770437944));
#2551=CARTESIAN_POINT('',(-0.0338434852051901,0.00750950737328546,0.0193978780432486));
#2552=CARTESIAN_POINT('',(-0.0338995804645679,0.00760816399120056,0.0193160234054357));
#2553=CARTESIAN_POINT('',(-0.0339518757283746,0.00770670060473856,0.0192328579348191));
#2554=CARTESIAN_POINT('',(-0.0340062710817495,0.00780533381139132,0.019149283945446));
#2555=CARTESIAN_POINT('',(-0.0340629505709085,0.0078996039498248,0.0190699519141294));
#2556=CARTESIAN_POINT('',(-0.0341829573409954,0.00798803339476707,0.0190085288268492));
#2557=CARTESIAN_POINT('',(-0.0343243467172452,0.00795204358924573,0.0190706913567064));
#2558=CARTESIAN_POINT('',(-0.0344181985138271,0.00788645877703243,0.019151830183477));
#2559=CARTESIAN_POINT('',(-0.0345070482638039,0.00781443219514292,0.0192378605484266));
#2560=CARTESIAN_POINT('',(-0.0345971391841926,0.00774414675337237,0.0193215290136429));
#2561=CARTESIAN_POINT('',(-0.0346878328046744,0.00767134757763383,0.0194073073957684));
#2562=CARTESIAN_POINT('',(-0.0348428558550203,0.0076574110720604,0.0194420917892147));
#2563=CARTESIAN_POINT('',(-0.0349389831338666,0.00775027837030224,0.0193609247467896));
#2564=CARTESIAN_POINT('',(-0.0350066931900423,0.00783863001175803,0.0192802567591811));
#2565=CARTESIAN_POINT('',(-0.0350723046962167,0.00793219821904218,0.0191934961233044));
#2566=CARTESIAN_POINT('',(-0.0351431606167615,0.00801980416809724,0.0191123864972896));
#2567=CARTESIAN_POINT('',(-0.0352302434702985,0.0081110698265788,0.0190283449872376));
#2568=CARTESIAN_POINT('',(-0.0353873415367752,0.00812058259750082,0.0190284740757765));
#2569=CARTESIAN_POINT('',(-0.0355188849345831,0.00801795529313765,0.0191366356752153));
#2570=CARTESIAN_POINT('',(-0.0356166015597637,0.00790741973811502,0.0192500582681121));
#2571=CARTESIAN_POINT('',(-0.0357205776812158,0.00780169598430061,0.019357450387646));
#2572=CARTESIAN_POINT('',(-0.0358242934173995,0.00771816657438862,0.0194417241170824));
#2573=CARTESIAN_POINT('',(-0.0359755480371212,0.00774831884924521,0.0194096669182659));
#2574=CARTESIAN_POINT('',(-0.0360872661617004,0.00785469974513775,0.0192999832851872));
#2575=CARTESIAN_POINT('',(-0.0361884861664906,0.00796354333000895,0.019187062528279));
#2576=CARTESIAN_POINT('',(-0.0362977877053903,0.00806393103229014,0.0190808005390388));
#2577=CARTESIAN_POINT('',(-0.0364222705716094,0.00812649782184314,0.0190101251951427));
#2578=CARTESIAN_POINT('',(-0.0365588870968412,0.00806771449694131,0.0190570601368733));
#2579=CARTESIAN_POINT('',(-0.0366572203231071,0.00795102865195955,0.0191633432461134));
#2580=CARTESIAN_POINT('',(-0.036742025799198,0.00782718156782408,0.0192768448882273));
#2581=CARTESIAN_POINT('',(-0.0368276928827291,0.00770638421722034,0.0193859929223018));
#2582=CARTESIAN_POINT('',(-0.0369483874270584,0.0076272319227037,0.0194477161150214));
#2583=CARTESIAN_POINT('',(-0.0370837683071354,0.00766998234806402,0.0193841305436337));
#2584=CARTESIAN_POINT('',(-0.037201588924229,0.00775822667848449,0.0192771057823293));
#2585=CARTESIAN_POINT('',(-0.0373189398675961,0.00785089244704069,0.0191644873823985));
#2586=CARTESIAN_POINT('',(-0.0374431333432808,0.00793614843333932,0.0190566724511446));
#2587=CARTESIAN_POINT('',(-0.0375976632989465,0.00794934109200132,0.0190113413602818));
#2588=CARTESIAN_POINT('',(-0.0376982795247716,0.00785058522828064,0.0190844151002622));
#2589=CARTESIAN_POINT('',(-0.0377746497976189,0.00771795163633553,0.0191948690615043));
#2590=CARTESIAN_POINT('',(-0.0378405224135208,0.00758320505818241,0.0193085186024047));
#2591=CARTESIAN_POINT('',(-0.0379231687201579,0.00743969520371561,0.0194249886581514));
#2592=CARTESIAN_POINT('',(-0.0380723814665363,0.00739168698105602,0.019428774514679));
#2593=CARTESIAN_POINT('',(-0.0381872443642712,0.00744402753406254,0.0193441885338459));
#2594=CARTESIAN_POINT('',(-0.0382846961667148,0.00749887466786755,0.0192619263293592));
#2595=CARTESIAN_POINT('',(-0.038383554178861,0.00755670938807971,0.0191756242205063));
#2596=CARTESIAN_POINT('',(-0.0384835066644816,0.0076077142747608,0.0190947376264383));
#2597=CARTESIAN_POINT('',(-0.0386126914143728,0.00764528447704728,0.0190159530552839));
#2598=CARTESIAN_POINT('',(-0.038744314998442,0.00756460608773505,0.0190448517025304));
#2599=CARTESIAN_POINT('',(-0.03879494791614,0.00745653663289256,0.0191265563382867));
#2600=CARTESIAN_POINT('',(-0.03883468634859,0.00735018309290617,0.0192101736935663));
#2601=CARTESIAN_POINT('',(-0.0388719266190736,0.00724194844524979,0.0192956578468339));
#2602=CARTESIAN_POINT('',(-0.0389080200252129,0.00713636850076651,0.0193785738126902));
#2603=CARTESIAN_POINT('',(-0.0389955869111283,0.00702258587095247,0.0194472345053764));
#2604=CARTESIAN_POINT('',(-0.0391414343981853,0.00701771077772001,0.019390011403935));
#2605=CARTESIAN_POINT('',(-0.0392470294158061,0.00705833017844844,0.0193074589665089));
#2606=CARTESIAN_POINT('',(-0.0393518446920704,0.00710105094783932,0.0192228195478916));
#2607=CARTESIAN_POINT('',(-0.0394576666864135,0.00714117063420325,0.0191392457905956));
#2608=CARTESIAN_POINT('',(-0.0395676049004078,0.00717700485017493,0.019057065153965));
#2609=CARTESIAN_POINT('',(-0.0397136868810917,0.00715026072331106,0.0190118619579261));
#2610=CARTESIAN_POINT('',(-0.0397871899124601,0.00703157112671195,0.0190796259373173));
#2611=CARTESIAN_POINT('',(-0.0398139882035158,0.00692469863280533,0.0191589818825647));
#2612=CARTESIAN_POINT('',(-0.0398358887819449,0.00681470038154086,0.019242903649369));
#2613=CARTESIAN_POINT('',(-0.0398577789762157,0.0067056719466015,0.0193252135187161));
#2614=CARTESIAN_POINT('',(-0.0398838126965839,0.00659365157181106,0.0194074476864784));
#2615=CARTESIAN_POINT('',(-0.039988836370132,0.00648723249053179,0.0194414624955225));
#2616=CARTESIAN_POINT('',(-0.0401216732668625,0.00649328576066513,0.0193633732787658));
#2617=CARTESIAN_POINT('',(-0.0402284911477892,0.00651862470717732,0.0192827592998456));
#2618=CARTESIAN_POINT('',(-0.0403382986321541,0.00654689795501028,0.0191973869720246));
#2619=CARTESIAN_POINT('',(-0.0404468056039472,0.00656945845919075,0.0191166740931583));
#2620=CARTESIAN_POINT('',(-0.0405698128472135,0.00658437554188005,0.0190333271317876));
#2621=CARTESIAN_POINT('',(-0.0407073610322345,0.00649265965615085,0.01902535854108));
#2622=CARTESIAN_POINT('',(-0.0407401984131905,0.00631933205908796,0.0191427237208899));
#2623=CARTESIAN_POINT('',(-0.0407465846475733,0.00616525786027918,0.0192595582825962));
#2624=CARTESIAN_POINT('',(-0.0407540738028417,0.0060088286405806,0.0193762429103404));
#2625=CARTESIAN_POINT('',(-0.0408083482972653,0.00586921314216385,0.0194486704616222));
#2626=CARTESIAN_POINT('',(-0.0409546719028912,0.00582552600010758,0.0193855432472615));
#2627=CARTESIAN_POINT('',(-0.0411109242426873,0.00584230828058201,0.0192687652807474));
#2628=CARTESIAN_POINT('',(-0.0412644535712091,0.00585891618838965,0.0191526427041538));
#2629=CARTESIAN_POINT('',(-0.0414369942060802,0.00586012191631132,0.0190333213844583));
#2630=CARTESIAN_POINT('',(-0.0415607194698407,0.00575079247938403,0.0190248052623002));
#2631=CARTESIAN_POINT('',(-0.0415699539032185,0.0056171559304465,0.0191117830804689));
#2632=CARTESIAN_POINT('',(-0.0415642673864209,0.00550090245895922,0.0191966312151253));
#2633=CARTESIAN_POINT('',(-0.0415528297147522,0.00538163985010359,0.0192868664817789));
#2634=CARTESIAN_POINT('',(-0.0415440543135895,0.0052667343626959,0.0193715249785429));
#2635=CARTESIAN_POINT('',(-0.0415697285947802,0.00511996043146835,0.0194511029633142));
#2636=CARTESIAN_POINT('',(-0.0417099973199808,0.00505431775985791,0.0193883502357249));
#2637=CARTESIAN_POINT('',(-0.0418261489789139,0.00504836250042315,0.0193033992807536));
#2638=CARTESIAN_POINT('',(-0.0419446830359838,0.00504514519643468,0.019214317689784));
#2639=CARTESIAN_POINT('',(-0.04206210050867,0.00503720832892455,0.0191281813149317));
#2640=CARTESIAN_POINT('',(-0.0421851780828196,0.0050222403562331,0.0190415076675052));
#2641=CARTESIAN_POINT('',(-0.0423030790904023,0.00490930968344083,0.0190171946811524));
#2642=CARTESIAN_POINT('',(-0.0422968374373811,0.00477228170951573,0.0191037900746984));
#2643=CARTESIAN_POINT('',(-0.0422770182971493,0.00465852882366355,0.0191867440787635));
#2644=CARTESIAN_POINT('',(-0.0422485368733134,0.00454353269981629,0.0192766700870218));
#2645=CARTESIAN_POINT('',(-0.042225239027316,0.00443079432029017,0.0193603151147766));
#2646=CARTESIAN_POINT('',(-0.0422179162884386,0.00429229473700893,0.0194445515513623));
#2647=CARTESIAN_POINT('',(-0.0423368959822074,0.00418594438151259,0.0194031816918522));
#2648=CARTESIAN_POINT('',(-0.0424911885354637,0.00415907682642087,0.0192869363659892));
#2649=CARTESIAN_POINT('',(-0.0426431197168547,0.00413274773103228,0.0191712541609922));
#2650=CARTESIAN_POINT('',(-0.0427959817198276,0.00409380184691791,0.0190598240176983));
#2651=CARTESIAN_POINT('',(-0.0429122748381354,0.00399436919712908,0.0190086076158521));
#2652=CARTESIAN_POINT('',(-0.0429072561262209,0.0038491439478268,0.0190829497317533));
#2653=CARTESIAN_POINT('',(-0.0428594561341109,0.00370317950019405,0.0191939090360701));
#2654=CARTESIAN_POINT('',(-0.0428019212134405,0.0035622261320588,0.0193097227063504));
#2655=CARTESIAN_POINT('',(-0.0427526692356092,0.00340450529093833,0.0194244608573177));
#2656=CARTESIAN_POINT('',(-0.0428177408554205,0.00325645555689788,0.0194295095541367));
#2657=CARTESIAN_POINT('',(-0.0429371418256271,0.0032116281054114,0.0193392486910963));
#2658=CARTESIAN_POINT('',(-0.0430447837889877,0.00317320903713509,0.019256531647678));
#2659=CARTESIAN_POINT('',(-0.0431561883173826,0.00313852906960856,0.0191680328966189));
#2660=CARTESIAN_POINT('',(-0.0432632046320764,0.00309634962476624,0.0190858426286526));
#2661=CARTESIAN_POINT('',(-0.0433783290292353,0.00301391664449033,0.0190105103016468));
#2662=CARTESIAN_POINT('',(-0.0433895657354987,0.00285705616472657,0.0190565584516149));
#2663=CARTESIAN_POINT('',(-0.0433381199658646,0.00275128805973891,0.0191413657495227));
#2664=CARTESIAN_POINT('',(-0.0432840484267217,0.00264800109533975,0.0192272692314823));
#2665=CARTESIAN_POINT('',(-0.0432274851613255,0.00254680147626952,0.019313934172798));
#2666=CARTESIAN_POINT('',(-0.0431727735324137,0.00244280370799108,0.0193992448173439));
#2667=CARTESIAN_POINT('',(-0.0431732320981566,0.0022893992614081,0.0194458578851198));
#2668=CARTESIAN_POINT('',(-0.0432834197218295,0.00220130279045582,0.0193656267923357));
#2669=CARTESIAN_POINT('',(-0.0433847426826334,0.00215114785962582,0.0192821665480325));
#2670=CARTESIAN_POINT('',(-0.0434903883679297,0.00210027903151433,0.0191940676334445));
#2671=CARTESIAN_POINT('',(-0.043591345205273,0.00204663008413792,0.0191104289538104));
#2672=CARTESIAN_POINT('',(-0.0436981753994106,0.00197002649049014,0.0190262560556913));
#2673=CARTESIAN_POINT('',(-0.0437297308043481,0.00181378215682503,0.0190318929574382));
#2674=CARTESIAN_POINT('',(-0.0436460426474987,0.0016672957319837,0.0191450830455521));
#2675=CARTESIAN_POINT('',(-0.0435520039194863,0.00154741207515008,0.0192613883556487));
#2676=CARTESIAN_POINT('',(-0.0434623048346167,0.00142388581846763,0.0193728029053493));
#2677=CARTESIAN_POINT('',(-0.0434075831549301,0.00128874302625499,0.0194505909008967));
#2678=CARTESIAN_POINT('',(-0.0434898543040597,0.00115867486129788,0.0193897427841875));
#2679=CARTESIAN_POINT('',(-0.0436174873288852,0.00107047846223672,0.0192759270143745));
#2680=CARTESIAN_POINT('',(-0.0437461187499682,0.000985621317716314,0.0191593873381772));
#2681=CARTESIAN_POINT('',(-0.04387558611201,0.000880917127502465,0.0190430334278861));
#2682=CARTESIAN_POINT('',(-0.0439163992524788,0.000724064821168622,0.0190179934805319));
#2683=CARTESIAN_POINT('',(-0.0438406791918269,0.000606456952952037,0.0191028036452869));
#2684=CARTESIAN_POINT('',(-0.043761252350791,0.000521852238054077,0.0191879816022909));
#2685=CARTESIAN_POINT('',(-0.0436760781866094,0.000436915355878041,0.0192781227775989));
#2686=CARTESIAN_POINT('',(-0.0435947479233819,0.000355404603188959,0.0193635193622129));
#2687=CARTESIAN_POINT('',(-0.0435161655788706,0.000233549434806576,0.0194469650597556));
#2688=CARTESIAN_POINT('',(-0.0435689469380133,8.51152071236438E-5,0.0193971049079751));
#2689=CARTESIAN_POINT('',(-0.0436566646907248,3.97738789736322E-6,0.0193096208142903));
#2690=CARTESIAN_POINT('',(-0.0437450569091692,-7.47812642515241E-5,0.0192209490998434));
#2691=CARTESIAN_POINT('',(-0.0438308809886902,-0.000156863664215266,0.0191338717866607));
#2692=CARTESIAN_POINT('',(-0.0439161109265898,-0.000244199878061011,0.0190467774071353));
#2693=CARTESIAN_POINT('',(-0.0439425085330145,-0.00040685425392346,0.0190139818792049));
#2694=CARTESIAN_POINT('',(-0.0438500135322758,-0.000512756566352002,0.0191000037148453));
#2695=CARTESIAN_POINT('',(-0.0437609116181918,-0.000587890911014649,0.0191837261336824));
#2696=CARTESIAN_POINT('',(-0.0436637230680815,-0.000658987854612243,0.0192750167295805));
#2697=CARTESIAN_POINT('',(-0.0435725214112069,-0.000730391001804592,0.0193595617644424));
#2698=CARTESIAN_POINT('',(-0.0434756142090314,-0.000834982011712889,0.0194457449702715));
#2699=CARTESIAN_POINT('',(-0.0435022104287334,-0.000995919624842895,0.0194001516742363));
#2700=CARTESIAN_POINT('',(-0.0436070282968604,-0.00111752820986815,0.0192797310816906));
#2701=CARTESIAN_POINT('',(-0.0437076205354913,-0.00123878877016809,0.0191623161856316));
#2702=CARTESIAN_POINT('',(-0.0438059799108391,-0.00137576751800237,0.0190431457662263));
#2703=CARTESIAN_POINT('',(-0.0438019359145457,-0.00154009126438403,0.0190177452813618));
#2704=CARTESIAN_POINT('',(-0.0436951287560931,-0.00163201488729061,0.0191041594687765));
#2705=CARTESIAN_POINT('',(-0.0435944897234772,-0.00169276473947403,0.0191899993493789));
#2706=CARTESIAN_POINT('',(-0.0434875702159424,-0.00175072642082715,0.0192817535540798));
#2707=CARTESIAN_POINT('',(-0.043386257579639,-0.00180913596201452,0.0193672156169834));
#2708=CARTESIAN_POINT('',(-0.0432752784007255,-0.00190839201289838,0.0194514402087232));
#2709=CARTESIAN_POINT('',(-0.0432965304933303,-0.00206870131668164,0.0193895380958936));
#2710=CARTESIAN_POINT('',(-0.0433602001533964,-0.00216958439990501,0.0193006804257776));
#2711=CARTESIAN_POINT('',(-0.0434248958922608,-0.00227284291210483,0.019209645073815));
#2712=CARTESIAN_POINT('',(-0.0434852461523957,-0.00237608353183274,0.0191218288054553));
#2713=CARTESIAN_POINT('',(-0.0435419163774783,-0.00249562166232595,0.0190320827584356));
#2714=CARTESIAN_POINT('',(-0.043495281114567,-0.00265368380315736,0.0190262737114053));
#2715=CARTESIAN_POINT('',(-0.0433391263789054,-0.00274139658404451,0.0191440344170507));
#2716=CARTESIAN_POINT('',(-0.0431927181937083,-0.0027930216921501,0.0192632677767991));
#2717=CARTESIAN_POINT('',(-0.0430463926272172,-0.00285160665127328,0.0193786981207043));
#2718=CARTESIAN_POINT('',(-0.042927239280864,-0.00295014659598739,0.0194524705937751));
#2719=CARTESIAN_POINT('',(-0.042941938520575,-0.00309976930773522,0.0193802535638859));
#2720=CARTESIAN_POINT('',(-0.042949548045208,-0.00295866039049301,0.0194281390099484));
#2721=CARTESIAN_POINT('',(-0.0358067100037985,-3.37122068102712E-16,0.0194959059630672));
#2722=CARTESIAN_POINT('',(-0.0358067100037985,-3.37122068102711E-16,0.0194959059630672));
#2723=CARTESIAN_POINT('',(-0.0358067100037985,0.00766358523080405,0.0194959059630672));
#2724=CARTESIAN_POINT('',(-0.0358067100037984,-2.46150661473126E-16,0.017728139009895));
#2725=CARTESIAN_POINT('',(-0.0358067100037984,-2.45388891415747E-16,0.0202281390099186));
#2726=CARTESIAN_POINT('',(-0.0299108917257673,-2.45388891415747E-16,0.0202281390099186));
#2727=CARTESIAN_POINT('',(-0.0275155666617572,-0.00829352380058993,0.00472813900991862));
#2728=CARTESIAN_POINT('',(-0.0357942098131045,-6.93483861780933E-17,0.0152094911938582));
#2729=CARTESIAN_POINT('',(-0.0373942098131046,-0.00265518360961369,0.0187094911938582));
#2730=CARTESIAN_POINT('',(-0.0373942098130525,-0.00265518360957341,0.0187094911938582));
#2731=CARTESIAN_POINT('',(-0.0373942098130525,-0.00265518360957341,0.0117094911938582));
#2732=CARTESIAN_POINT('',(-0.0357942098131045,-6.93483861780933E-17,0.0187094911938582));
#2733=CARTESIAN_POINT('',(-0.0373942098130525,0.00265518360957333,0.0187094911938582));
#2734=CARTESIAN_POINT('',(-0.0373942098131046,0.00265518360961357,0.0187094911938582));
#2735=CARTESIAN_POINT('',(-0.0373942098130525,0.00265518360957332,0.0117094911938582));
#2736=CARTESIAN_POINT('',(-0.0357942098131045,-6.93483861780933E-17,0.0117094911938582));
#2737=CARTESIAN_POINT('',(-0.0373942098131046,-0.00265518360963144,0.0187094911938582));
#2738=CARTESIAN_POINT('',(-0.0373942098130004,0.0039525,0.0117094911938582));
#2739=CARTESIAN_POINT('',(-0.0373942098130004,0.00316199999999994,0.0187094911938582));
#2740=CARTESIAN_POINT('',(-0.0397467098131046,0.0039525,0.0117094911938582));
#2741=CARTESIAN_POINT('',(-0.0374412098131046,0.00316199999999994,0.0187094911938582));
#2742=CARTESIAN_POINT('',(-0.0390684010648728,-0.000540302236046947,0.0232281390099186));
#2743=CARTESIAN_POINT('',(-0.0390684010648728,-0.000540302236046947,0.0222281390099186));
#2744=CARTESIAN_POINT('',(-0.0390684010648728,0.000903997892356798,0.0222281390099186));
#2745=CARTESIAN_POINT('',(-0.0390684010648728,-0.00198460236445069,0.0222281390099186));
#2746=CARTESIAN_POINT('',(-0.0390684010648728,0.000903997892356798,0.0232281390099186));
#2747=CARTESIAN_POINT('',(-0.0390684010648728,0.000903997892356798,0.0232281390099186));
#2748=CARTESIAN_POINT('',(-0.0390684010648728,-0.000540302236046947,0.0232281390099186));
#2749=CARTESIAN_POINT('',(-0.0390684010648728,-0.00198460236445069,0.0232281390099186));
#2750=CARTESIAN_POINT('',(-0.0390684010648728,-0.00198460236445069,0.0232281390099186));
#2751=CARTESIAN_POINT('',(-0.0359734730437414,0.000903997892356798,0.0232281390099186));
#2752=CARTESIAN_POINT('',(-0.0359734730437414,0.000903997892356798,0.0222281390099186));
#2753=CARTESIAN_POINT('',(-0.0328785450226102,0.000903997892356798,0.0222281390099186));
#2754=CARTESIAN_POINT('',(-0.0328785450226102,0.000903997892356798,0.0232281390099186));
#2755=CARTESIAN_POINT('',(-0.0328785450226102,0.000903997892356798,0.0232281390099186));
#2756=CARTESIAN_POINT('',(-0.0359734730437414,0.000903997892356798,0.0232281390099186));
#2757=CARTESIAN_POINT('',(-0.0328785450226102,-0.000540302236046947,0.0232281390099186));
#2758=CARTESIAN_POINT('',(-0.0328785450226102,-0.000540302236046947,0.0222281390099186));
#2759=CARTESIAN_POINT('',(-0.0328785450226102,-0.00198460236445069,0.0222281390099186));
#2760=CARTESIAN_POINT('',(-0.0328785450226102,-0.00198460236445069,0.0232281390099186));
#2761=CARTESIAN_POINT('',(-0.0328785450226102,-0.00198460236445069,0.0232281390099186));
#2762=CARTESIAN_POINT('',(-0.0328785450226102,-0.000540302236046947,0.0232281390099186));
#2763=CARTESIAN_POINT('',(-0.036902368068695,0.00463555145390332,0.0232281390099186));
#2764=CARTESIAN_POINT('',(-0.036902368068695,0.00463555145390332,0.0222281390099186));
#2765=CARTESIAN_POINT('',(-0.0366258583962918,0.00463555145390332,0.0222281390099186));
#2766=CARTESIAN_POINT('',(-0.0371788777410984,0.00463555145390332,0.0222281390099186));
#2767=CARTESIAN_POINT('',(-0.0366258583962918,0.00463555145390332,0.0232281390099186));
#2768=CARTESIAN_POINT('',(-0.0366258583962918,0.00463555145390332,0.0232281390099186));
#2769=CARTESIAN_POINT('',(-0.036902368068695,0.00463555145390332,0.0232281390099186));
#2770=CARTESIAN_POINT('',(-0.0371788777410984,0.00463555145390332,0.0232281390099186));
#2771=CARTESIAN_POINT('',(-0.0371788777410984,0.00463555145390332,0.0232281390099186));
#2772=CARTESIAN_POINT('',(-0.0366258583962918,0.00306497543781065,0.0232281390099186));
#2773=CARTESIAN_POINT('',(-0.0366258583962918,0.00306497543781065,0.0222281390099186));
#2774=CARTESIAN_POINT('',(-0.0366258583962918,0.00149439942171797,0.0222281390099186));
#2775=CARTESIAN_POINT('',(-0.0366258583962918,0.00149439942171797,0.0232281390099186));
#2776=CARTESIAN_POINT('',(-0.0366258583962918,0.00149439942171797,0.0232281390099186));
#2777=CARTESIAN_POINT('',(-0.0366258583962918,0.00306497543781065,0.0232281390099186));
#2778=CARTESIAN_POINT('',(-0.036902368068695,0.00149439942171797,0.0232281390099186));
#2779=CARTESIAN_POINT('',(-0.036902368068695,0.00149439942171797,0.0222281390099186));
#2780=CARTESIAN_POINT('',(-0.0371788777410984,0.00149439942171797,0.0222281390099186));
#2781=CARTESIAN_POINT('',(-0.0371788777410984,0.00149439942171797,0.0232281390099186));
#2782=CARTESIAN_POINT('',(-0.0371788777410984,0.00149439942171797,0.0232281390099186));
#2783=CARTESIAN_POINT('',(-0.036902368068695,0.00149439942171797,0.0232281390099186));
#2784=CARTESIAN_POINT('',(-0.0350995250046253,0.00149439942171797,0.0232281390099186));
#2785=CARTESIAN_POINT('',(-0.0350995250046253,0.00149439942171797,0.0222281390099186));
#2786=CARTESIAN_POINT('',(-0.0354313366115094,0.00149439942171797,0.0222281390099186));
#2787=CARTESIAN_POINT('',(-0.0347677133977413,0.00149439942171797,0.0222281390099186));
#2788=CARTESIAN_POINT('',(-0.0354313366115094,0.00149439942171797,0.0232281390099186));
#2789=CARTESIAN_POINT('',(-0.0354313366115094,0.00149439942171797,0.0232281390099186));
#2790=CARTESIAN_POINT('',(-0.0350995250046253,0.00149439942171797,0.0232281390099186));
#2791=CARTESIAN_POINT('',(-0.0347677133977413,0.00149439942171797,0.0232281390099186));
#2792=CARTESIAN_POINT('',(-0.0347677133977413,0.00149439942171797,0.0232281390099186));
#2793=CARTESIAN_POINT('',(-0.0354313366115094,0.00323088135766797,0.0232281390099186));
#2794=CARTESIAN_POINT('',(-0.0354313366115094,0.00323088135766797,0.0222281390099186));
#2795=CARTESIAN_POINT('',(-0.0354313366115094,0.00496736329361797,0.0222281390099186));
#2796=CARTESIAN_POINT('',(-0.0354313366115094,0.00496736329361797,0.0232281390099186));
#2797=CARTESIAN_POINT('',(-0.0354313366115094,0.00496736329361797,0.0232281390099186));
#2798=CARTESIAN_POINT('',(-0.0354313366115094,0.00323088135766797,0.0232281390099186));
#2799=CARTESIAN_POINT('',(-0.0350995250046253,0.00496736329361797,0.0232281390099186));
#2800=CARTESIAN_POINT('',(-0.0350995250046253,0.00496736329361797,0.0222281390099186));
#2801=CARTESIAN_POINT('',(-0.0347677133977414,0.00496736329361797,0.0222281390099186));
#2802=CARTESIAN_POINT('',(-0.0347677133977414,0.00496736329361797,0.0232281390099186));
#2803=CARTESIAN_POINT('',(-0.0347677133977414,0.00496736329361797,0.0232281390099186));
#2804=CARTESIAN_POINT('',(-0.0350995250046253,0.00496736329361797,0.0232281390099186));
#2805=CARTESIAN_POINT('',(-0.0358067100037984,-2.45388891415747E-16,0.0232281390099186));
#2806=CARTESIAN_POINT('',(-0.0358067100037984,-2.45388891415747E-16,0.0232281390099186));
#2807=CARTESIAN_POINT('',(-0.0299108917257673,-2.45388891415747E-16,0.0232281390099186));
#2808=CARTESIAN_POINT('',(-0.0371788777410984,0.00306497543781065,0.0232281390099186));
#2809=CARTESIAN_POINT('',(-0.0371788777410984,0.00306497543781065,0.0222281390099186));
#2810=CARTESIAN_POINT('',(-0.0371788777410984,0.00306497543781065,0.0232281390099186));
#2811=CARTESIAN_POINT('',(-0.0347677133977413,0.00323088135766797,0.0232281390099186));
#2812=CARTESIAN_POINT('',(-0.0347677133977413,0.00323088135766797,0.0222281390099186));
#2813=CARTESIAN_POINT('',(-0.0347677133977413,0.00323088135766797,0.0232281390099186));
#2814=CARTESIAN_POINT('',(-0.0359734730437414,-0.00198460236445069,0.0232281390099186));
#2815=CARTESIAN_POINT('',(-0.0359734730437414,-0.00198460236445069,0.0222281390099186));
#2816=CARTESIAN_POINT('',(-0.0359734730437414,-0.00198460236445069,0.0232281390099186));
#2817=CARTESIAN_POINT('',(-0.0358067100037984,-2.46330733588707E-16,0.0232281390099186));
#2818=CARTESIAN_POINT('',(-0.0358067100037984,-2.46330733588707E-16,0.0222281390099186));
#2819=CARTESIAN_POINT('',(-0.0383657695352341,-0.000936230057351046,0.0222281390099186));
#2820=CARTESIAN_POINT('',(-0.0383657695352341,0.0001121422497486,0.0222281390099186));
#2821=CARTESIAN_POINT('',(-0.0383657695352341,-0.0019846023644507,0.0222281390099186));
#2822=CARTESIAN_POINT('',(-0.0360794251516542,0.0001121422497486,0.0222281390099186));
#2823=CARTESIAN_POINT('',(-0.0337930807680741,0.0001121422497486,0.0222281390099186));
#2824=CARTESIAN_POINT('',(-0.0337930807680741,-0.000936230057351046,0.0222281390099186));
#2825=CARTESIAN_POINT('',(-0.0337930807680741,-0.00198460236445069,0.0222281390099186));
#2826=CARTESIAN_POINT('',(-0.0360794251516542,-0.0019846023644507,0.0222281390099186));
#2827=CARTESIAN_POINT('',(-0.0358067100037984,-2.46330733588707E-16,0.0232281390099186));
#2828=CARTESIAN_POINT('',(-0.0360794251516542,0.0001121422497486,0.0232281390099186));
#2829=CARTESIAN_POINT('',(-0.0383657695352341,0.0001121422497486,0.0232281390099186));
#2830=CARTESIAN_POINT('',(-0.0337930807680741,0.0001121422497486,0.0232281390099186));
#2831=CARTESIAN_POINT('',(-0.0383657695352341,-0.000936230057351046,0.0232281390099186));
#2832=CARTESIAN_POINT('',(-0.0383657695352341,-0.0019846023644507,0.0232281390099186));
#2833=CARTESIAN_POINT('',(-0.0360794251516542,-0.0019846023644507,0.0232281390099186));
#2834=CARTESIAN_POINT('',(-0.0337930807680741,-0.00198460236445069,0.0232281390099186));
#2835=CARTESIAN_POINT('',(-0.0337930807680741,-0.000936230057351046,0.0232281390099186));
#2836=CARTESIAN_POINT('',(-0.0337930807680741,-0.000936230057351046,0.0232281390099186));
#2837=CARTESIAN_POINT('',(-0.0337930807680741,0.0001121422497486,0.0232281390099186));
#2838=CARTESIAN_POINT('',(-0.0337930807680741,-0.00198460236445069,0.0232281390099186));
#2839=CARTESIAN_POINT('',(-0.0360794251516542,-0.0019846023644507,0.0232281390099186));
#2840=CARTESIAN_POINT('',(-0.0383657695352341,-0.0019846023644507,0.0232281390099186));
#2841=CARTESIAN_POINT('',(-0.0383657695352341,-0.000936230057351046,0.0232281390099186));
#2842=CARTESIAN_POINT('',(-0.0383657695352341,0.0001121422497486,0.0232281390099186));
#2843=CARTESIAN_POINT('',(-0.0360794251516542,0.0001121422497486,0.0232281390099186));
#2844=CARTESIAN_POINT('',(-0.0358067100037984,-2.46330733588707E-16,0.0222281390099186));
#2845=CARTESIAN_POINT('',(-0.0358067100037984,-2.46330733588707E-16,0.0222281390099186));
#2846=MECHANICAL_DESIGN_GEOMETRIC_PRESENTATION_REPRESENTATION('',(#488,
#12,#13),#2847);
#2847=(
GEOMETRIC_REPRESENTATION_CONTEXT(3)
GLOBAL_UNCERTAINTY_ASSIGNED_CONTEXT((#2848))
GLOBAL_UNIT_ASSIGNED_CONTEXT((#2851,#2850,#2849))
REPRESENTATION_CONTEXT('brep_1','TOP_LEVEL_ASSEMBLY_PART')
);
#2848=UNCERTAINTY_MEASURE_WITH_UNIT(LENGTH_MEASURE(2.E-5),#2851,
'DISTANCE_ACCURACY_VALUE','Maximum Tolerance applied to model');
#2849=(
NAMED_UNIT(*)
SI_UNIT($,.STERADIAN.)
SOLID_ANGLE_UNIT()
);
#2850=(
NAMED_UNIT(*)
PLANE_ANGLE_UNIT()
SI_UNIT($,.RADIAN.)
);
#2851=(
LENGTH_UNIT()
NAMED_UNIT(*)
SI_UNIT($,.METRE.)
);
#2852=PRODUCT_DEFINITION_SHAPE('','',#2853);
#2853=PRODUCT_DEFINITION('','',#2855,#2854);
#2854=PRODUCT_DEFINITION_CONTEXT('',#2861,'design');
#2855=PRODUCT_DEFINITION_FORMATION_WITH_SPECIFIED_SOURCE('','',#2857,
 .NOT_KNOWN.);
#2856=PRODUCT_RELATED_PRODUCT_CATEGORY('','',(#2857));
#2857=PRODUCT('brep_1','brep_1','brep_1',(#2859));
#2858=PRODUCT_CATEGORY('','');
#2859=PRODUCT_CONTEXT('',#2861,'mechanical');
#2860=APPLICATION_PROTOCOL_DEFINITION('international standard',
'ap242_managed_model_based_3d_engineering',2020,#2861);
#2861=APPLICATION_CONTEXT('managed model based 3d engineering');
ENDSEC;
END-ISO-10303-21;
